TimeQuest Timing Analyzer report for bt3
Tue Apr 07 15:31:16 2026
Quartus II 64-Bit Version 13.0.1 Build 232 06/12/2013 Service Pack 1 SJ Web Edition


---------------------
; Table of Contents ;
---------------------
  1. Legal Notice
  2. TimeQuest Timing Analyzer Summary
  3. Parallel Compilation
  4. Clocks
  5. Slow Model Fmax Summary
  6. Slow Model Setup Summary
  7. Slow Model Hold Summary
  8. Slow Model Recovery Summary
  9. Slow Model Removal Summary
 10. Slow Model Minimum Pulse Width Summary
 11. Propagation Delay
 12. Minimum Propagation Delay
 13. Fast Model Setup Summary
 14. Fast Model Hold Summary
 15. Fast Model Recovery Summary
 16. Fast Model Removal Summary
 17. Fast Model Minimum Pulse Width Summary
 18. Propagation Delay
 19. Minimum Propagation Delay
 20. Multicorner Timing Analysis Summary
 21. Progagation Delay
 22. Minimum Progagation Delay
 23. Clock Transfers
 24. Report TCCS
 25. Report RSKM
 26. Unconstrained Paths
 27. TimeQuest Timing Analyzer Messages



----------------
; Legal Notice ;
----------------
Copyright (C) 1991-2013 Altera Corporation
Your use of Altera Corporation's design tools, logic functions 
and other software and tools, and its AMPP partner logic 
functions, and any output files from any of the foregoing 
(including device programming or simulation files), and any 
associated documentation or information are expressly subject 
to the terms and conditions of the Altera Program License 
Subscription Agreement, Altera MegaCore Function License 
Agreement, or other applicable license agreement, including, 
without limitation, that your use is for the sole purpose of 
programming logic devices manufactured by Altera and sold by 
Altera or its authorized distributors.  Please refer to the 
applicable agreement for further details.



+----------------------------------------------------------------------------------------+
; TimeQuest Timing Analyzer Summary                                                      ;
+--------------------+-------------------------------------------------------------------+
; Quartus II Version ; Version 13.0.1 Build 232 06/12/2013 Service Pack 1 SJ Web Edition ;
; Revision Name      ; bt3                                                               ;
; Device Family      ; Cyclone II                                                        ;
; Device Name        ; EP2C35F672C6                                                      ;
; Timing Models      ; Final                                                             ;
; Delay Model        ; Combined                                                          ;
; Rise/Fall Delays   ; Unavailable                                                       ;
+--------------------+-------------------------------------------------------------------+


Parallel compilation was disabled, but you have multiple processors available. Enable parallel compilation to reduce compilation time.
+-------------------------------------+
; Parallel Compilation                ;
+----------------------------+--------+
; Processors                 ; Number ;
+----------------------------+--------+
; Number detected on machine ; 16     ;
; Maximum allowed            ; 1      ;
+----------------------------+--------+


----------
; Clocks ;
----------
No clocks to report.


---------------------------
; Slow Model Fmax Summary ;
---------------------------
No paths to report.


----------------------------
; Slow Model Setup Summary ;
----------------------------
No paths to report.


---------------------------
; Slow Model Hold Summary ;
---------------------------
No paths to report.


-------------------------------
; Slow Model Recovery Summary ;
-------------------------------
No paths to report.


------------------------------
; Slow Model Removal Summary ;
------------------------------
No paths to report.


------------------------------------------
; Slow Model Minimum Pulse Width Summary ;
------------------------------------------
No paths to report.


+--------------------------------------------------------------+
; Propagation Delay                                            ;
+------------+-------------+--------+--------+--------+--------+
; Input Port ; Output Port ; RR     ; RF     ; FR     ; FF     ;
+------------+-------------+--------+--------+--------+--------+
; SW[0]      ; HEX0[0]     ; 8.745  ;        ;        ; 8.745  ;
; SW[0]      ; HEX0[3]     ; 11.303 ;        ;        ; 11.303 ;
; SW[0]      ; HEX0[4]     ; 12.947 ;        ;        ; 12.947 ;
; SW[0]      ; HEX0[5]     ; 12.937 ;        ;        ; 12.937 ;
; SW[0]      ; HEX0[6]     ; 10.426 ; 10.426 ; 10.426 ; 10.426 ;
; SW[0]      ; HEX1[0]     ;        ; 9.267  ; 9.267  ;        ;
; SW[0]      ; HEX1[1]     ; 9.261  ; 9.261  ; 9.261  ; 9.261  ;
; SW[0]      ; HEX1[2]     ; 9.088  ; 9.088  ; 9.088  ; 9.088  ;
; SW[0]      ; HEX1[3]     ; 9.076  ; 9.076  ; 9.076  ; 9.076  ;
; SW[0]      ; HEX1[4]     ; 9.327  ;        ;        ; 9.327  ;
; SW[0]      ; HEX1[5]     ; 9.612  ;        ;        ; 9.612  ;
; SW[0]      ; HEX2[0]     ; 9.078  ;        ;        ; 9.078  ;
; SW[0]      ; HEX2[3]     ; 8.823  ;        ;        ; 8.823  ;
; SW[0]      ; HEX2[4]     ; 9.624  ;        ;        ; 9.624  ;
; SW[0]      ; HEX2[5]     ; 9.624  ;        ;        ; 9.624  ;
; SW[0]      ; HEX2[6]     ; 8.830  ; 8.830  ; 8.830  ; 8.830  ;
; SW[0]      ; HEX3[0]     ; 8.791  ; 8.791  ; 8.791  ; 8.791  ;
; SW[0]      ; HEX3[1]     ; 9.118  ; 9.118  ; 9.118  ; 9.118  ;
; SW[0]      ; HEX3[2]     ; 9.118  ; 9.118  ; 9.118  ; 9.118  ;
; SW[0]      ; HEX3[4]     ; 9.630  ;        ;        ; 9.630  ;
; SW[0]      ; HEX3[5]     ; 9.291  ;        ;        ; 9.291  ;
; SW[0]      ; HEX3[6]     ; 9.294  ;        ;        ; 9.294  ;
; SW[0]      ; HEX4[0]     ; 12.467 ; 12.467 ; 12.467 ; 12.467 ;
; SW[0]      ; HEX4[1]     ; 11.088 ;        ;        ; 11.088 ;
; SW[0]      ; HEX4[2]     ; 11.088 ;        ;        ; 11.088 ;
; SW[0]      ; HEX4[3]     ; 12.010 ; 12.010 ; 12.010 ; 12.010 ;
; SW[0]      ; HEX4[4]     ; 12.383 ;        ;        ; 12.383 ;
; SW[0]      ; HEX4[5]     ; 12.383 ;        ;        ; 12.383 ;
; SW[1]      ; HEX0[1]     ; 11.574 ;        ;        ; 11.574 ;
; SW[1]      ; HEX0[2]     ; 11.584 ;        ;        ; 11.584 ;
; SW[1]      ; HEX0[3]     ; 11.495 ; 11.495 ; 11.495 ; 11.495 ;
; SW[1]      ; HEX0[4]     ; 13.134 ;        ;        ; 13.134 ;
; SW[1]      ; HEX0[5]     ; 13.124 ;        ;        ; 13.124 ;
; SW[1]      ; HEX0[6]     ; 10.616 ; 10.616 ; 10.616 ; 10.616 ;
; SW[1]      ; HEX1[1]     ; 9.451  ; 9.451  ; 9.451  ; 9.451  ;
; SW[1]      ; HEX1[2]     ; 9.278  ; 9.278  ; 9.278  ; 9.278  ;
; SW[1]      ; HEX1[3]     ; 9.263  ;        ;        ; 9.263  ;
; SW[1]      ; HEX1[4]     ; 9.514  ;        ;        ; 9.514  ;
; SW[1]      ; HEX1[5]     ; 9.799  ;        ;        ; 9.799  ;
; SW[1]      ; HEX1[6]     ;        ; 9.322  ; 9.322  ;        ;
; SW[1]      ; HEX2[0]     ; 9.294  ; 9.294  ; 9.294  ; 9.294  ;
; SW[1]      ; HEX2[1]     ;        ; 9.277  ; 9.277  ;        ;
; SW[1]      ; HEX2[2]     ;        ; 9.317  ; 9.317  ;        ;
; SW[1]      ; HEX2[3]     ; 9.014  ;        ;        ; 9.014  ;
; SW[1]      ; HEX2[4]     ; 9.811  ;        ;        ; 9.811  ;
; SW[1]      ; HEX2[5]     ; 9.811  ;        ;        ; 9.811  ;
; SW[1]      ; HEX2[6]     ; 9.016  ; 9.016  ; 9.016  ; 9.016  ;
; SW[1]      ; HEX3[0]     ; 8.977  ; 8.977  ; 8.977  ; 8.977  ;
; SW[1]      ; HEX3[1]     ; 9.304  ; 9.304  ; 9.304  ; 9.304  ;
; SW[1]      ; HEX3[2]     ; 9.304  ; 9.304  ; 9.304  ; 9.304  ;
; SW[1]      ; HEX3[4]     ; 9.817  ;        ;        ; 9.817  ;
; SW[1]      ; HEX3[5]     ; 9.478  ;        ;        ; 9.478  ;
; SW[1]      ; HEX3[6]     ; 9.514  ;        ;        ; 9.514  ;
; SW[1]      ; HEX4[0]     ; 12.662 ;        ;        ; 12.662 ;
; SW[1]      ; HEX4[1]     ; 11.308 ;        ;        ; 11.308 ;
; SW[1]      ; HEX4[2]     ; 11.308 ;        ;        ; 11.308 ;
; SW[1]      ; HEX4[3]     ; 12.199 ; 12.199 ; 12.199 ; 12.199 ;
; SW[1]      ; HEX4[4]     ; 12.570 ;        ;        ; 12.570 ;
; SW[1]      ; HEX4[5]     ; 12.570 ;        ;        ; 12.570 ;
; SW[1]      ; HEX4[6]     ; 10.997 ;        ;        ; 10.997 ;
; SW[2]      ; HEX0[0]     ; 8.508  ;        ;        ; 8.508  ;
; SW[2]      ; HEX0[1]     ; 11.845 ;        ;        ; 11.845 ;
; SW[2]      ; HEX0[2]     ; 11.855 ;        ;        ; 11.855 ;
; SW[2]      ; HEX0[3]     ; 11.754 ;        ;        ; 11.754 ;
; SW[2]      ; HEX0[4]     ; 13.402 ;        ;        ; 13.402 ;
; SW[2]      ; HEX0[5]     ; 13.392 ;        ;        ; 13.392 ;
; SW[2]      ; HEX0[6]     ; 10.840 ;        ;        ; 10.840 ;
; SW[2]      ; HEX1[0]     ; 9.682  ;        ;        ; 9.682  ;
; SW[2]      ; HEX1[1]     ; 9.675  ;        ;        ; 9.675  ;
; SW[2]      ; HEX1[2]     ; 9.502  ;        ;        ; 9.502  ;
; SW[2]      ; HEX1[3]     ; 9.530  ;        ;        ; 9.530  ;
; SW[2]      ; HEX1[4]     ; 9.782  ;        ;        ; 9.782  ;
; SW[2]      ; HEX1[5]     ; 10.067 ;        ;        ; 10.067 ;
; SW[2]      ; HEX1[6]     ; 9.545  ;        ;        ; 9.545  ;
; SW[2]      ; HEX2[0]     ; 9.562  ; 9.562  ; 9.562  ; 9.562  ;
; SW[2]      ; HEX2[1]     ; 9.500  ;        ;        ; 9.500  ;
; SW[2]      ; HEX2[2]     ; 9.540  ;        ;        ; 9.540  ;
; SW[2]      ; HEX2[3]     ; 9.280  ;        ;        ; 9.280  ;
; SW[2]      ; HEX2[4]     ; 10.079 ;        ;        ; 10.079 ;
; SW[2]      ; HEX2[5]     ; 10.079 ;        ;        ; 10.079 ;
; SW[2]      ; HEX2[6]     ; 9.284  ; 9.284  ; 9.284  ; 9.284  ;
; SW[2]      ; HEX3[0]     ; 9.245  ;        ;        ; 9.245  ;
; SW[2]      ; HEX3[1]     ; 9.572  ; 9.572  ; 9.572  ; 9.572  ;
; SW[2]      ; HEX3[2]     ; 9.572  ; 9.572  ; 9.572  ; 9.572  ;
; SW[2]      ; HEX3[3]     ; 7.828  ;        ;        ; 7.828  ;
; SW[2]      ; HEX3[4]     ; 10.085 ;        ;        ; 10.085 ;
; SW[2]      ; HEX3[5]     ; 9.746  ;        ;        ; 9.746  ;
; SW[2]      ; HEX4[0]     ; 12.921 ; 12.921 ; 12.921 ; 12.921 ;
; SW[2]      ; HEX4[3]     ; 12.464 ; 12.464 ; 12.464 ; 12.464 ;
; SW[2]      ; HEX4[4]     ; 12.838 ;        ;        ; 12.838 ;
; SW[2]      ; HEX4[5]     ; 12.838 ;        ;        ; 12.838 ;
; SW[2]      ; HEX4[6]     ; 11.268 ;        ;        ; 11.268 ;
; SW[3]      ; HEX0[0]     ; 7.400  ;        ;        ; 7.400  ;
; SW[3]      ; HEX0[3]     ; 10.924 ;        ;        ; 10.924 ;
; SW[3]      ; HEX0[4]     ; 12.568 ;        ;        ; 12.568 ;
; SW[3]      ; HEX0[5]     ; 12.558 ;        ;        ; 12.558 ;
; SW[3]      ; HEX0[6]     ; 10.047 ; 10.047 ; 10.047 ; 10.047 ;
; SW[3]      ; HEX1[0]     ;        ; 8.888  ; 8.888  ;        ;
; SW[3]      ; HEX1[1]     ; 8.882  ; 8.882  ; 8.882  ; 8.882  ;
; SW[3]      ; HEX1[2]     ; 8.709  ; 8.709  ; 8.709  ; 8.709  ;
; SW[3]      ; HEX1[3]     ; 8.697  ; 8.697  ; 8.697  ; 8.697  ;
; SW[3]      ; HEX1[4]     ; 8.948  ;        ;        ; 8.948  ;
; SW[3]      ; HEX1[5]     ; 9.233  ;        ;        ; 9.233  ;
; SW[3]      ; HEX2[0]     ; 8.699  ;        ;        ; 8.699  ;
; SW[3]      ; HEX2[3]     ; 8.444  ;        ;        ; 8.444  ;
; SW[3]      ; HEX2[4]     ; 9.245  ;        ;        ; 9.245  ;
; SW[3]      ; HEX2[5]     ; 9.245  ;        ;        ; 9.245  ;
; SW[3]      ; HEX2[6]     ; 8.451  ; 8.451  ; 8.451  ; 8.451  ;
; SW[3]      ; HEX3[0]     ; 8.412  ; 8.412  ; 8.412  ; 8.412  ;
; SW[3]      ; HEX3[1]     ; 8.739  ; 8.739  ; 8.739  ; 8.739  ;
; SW[3]      ; HEX3[2]     ; 8.739  ; 8.739  ; 8.739  ; 8.739  ;
; SW[3]      ; HEX3[4]     ; 9.251  ;        ;        ; 9.251  ;
; SW[3]      ; HEX3[5]     ; 8.912  ;        ;        ; 8.912  ;
; SW[3]      ; HEX3[6]     ; 8.915  ;        ;        ; 8.915  ;
; SW[3]      ; HEX4[0]     ; 12.088 ; 12.088 ; 12.088 ; 12.088 ;
; SW[3]      ; HEX4[1]     ; 10.709 ;        ;        ; 10.709 ;
; SW[3]      ; HEX4[2]     ; 10.709 ;        ;        ; 10.709 ;
; SW[3]      ; HEX4[3]     ; 11.631 ; 11.631 ; 11.631 ; 11.631 ;
; SW[3]      ; HEX4[4]     ; 12.004 ;        ;        ; 12.004 ;
; SW[3]      ; HEX4[5]     ; 12.004 ;        ;        ; 12.004 ;
; SW[4]      ; HEX0[1]     ; 11.388 ;        ;        ; 11.388 ;
; SW[4]      ; HEX0[2]     ; 11.398 ;        ;        ; 11.398 ;
; SW[4]      ; HEX0[3]     ; 11.309 ; 11.309 ; 11.309 ; 11.309 ;
; SW[4]      ; HEX0[4]     ; 12.948 ;        ;        ; 12.948 ;
; SW[4]      ; HEX0[5]     ; 12.938 ;        ;        ; 12.938 ;
; SW[4]      ; HEX0[6]     ; 10.430 ; 10.430 ; 10.430 ; 10.430 ;
; SW[4]      ; HEX1[1]     ; 9.265  ; 9.265  ; 9.265  ; 9.265  ;
; SW[4]      ; HEX1[2]     ; 9.092  ; 9.092  ; 9.092  ; 9.092  ;
; SW[4]      ; HEX1[3]     ; 9.077  ;        ;        ; 9.077  ;
; SW[4]      ; HEX1[4]     ; 9.328  ;        ;        ; 9.328  ;
; SW[4]      ; HEX1[5]     ; 9.613  ;        ;        ; 9.613  ;
; SW[4]      ; HEX1[6]     ;        ; 9.136  ; 9.136  ;        ;
; SW[4]      ; HEX2[0]     ; 9.108  ; 9.108  ; 9.108  ; 9.108  ;
; SW[4]      ; HEX2[1]     ;        ; 9.091  ; 9.091  ;        ;
; SW[4]      ; HEX2[2]     ;        ; 9.131  ; 9.131  ;        ;
; SW[4]      ; HEX2[3]     ; 8.828  ;        ;        ; 8.828  ;
; SW[4]      ; HEX2[4]     ; 9.625  ;        ;        ; 9.625  ;
; SW[4]      ; HEX2[5]     ; 9.625  ;        ;        ; 9.625  ;
; SW[4]      ; HEX2[6]     ; 8.830  ; 8.830  ; 8.830  ; 8.830  ;
; SW[4]      ; HEX3[0]     ; 8.791  ; 8.791  ; 8.791  ; 8.791  ;
; SW[4]      ; HEX3[1]     ; 9.118  ; 9.118  ; 9.118  ; 9.118  ;
; SW[4]      ; HEX3[2]     ; 9.118  ; 9.118  ; 9.118  ; 9.118  ;
; SW[4]      ; HEX3[4]     ; 9.631  ;        ;        ; 9.631  ;
; SW[4]      ; HEX3[5]     ; 9.292  ;        ;        ; 9.292  ;
; SW[4]      ; HEX3[6]     ; 9.328  ;        ;        ; 9.328  ;
; SW[4]      ; HEX4[0]     ; 12.476 ;        ;        ; 12.476 ;
; SW[4]      ; HEX4[1]     ; 11.122 ;        ;        ; 11.122 ;
; SW[4]      ; HEX4[2]     ; 11.122 ;        ;        ; 11.122 ;
; SW[4]      ; HEX4[3]     ; 12.013 ; 12.013 ; 12.013 ; 12.013 ;
; SW[4]      ; HEX4[4]     ; 12.384 ;        ;        ; 12.384 ;
; SW[4]      ; HEX4[5]     ; 12.384 ;        ;        ; 12.384 ;
; SW[4]      ; HEX4[6]     ; 10.811 ;        ;        ; 10.811 ;
; SW[5]      ; HEX0[0]     ; 7.414  ;        ;        ; 7.414  ;
; SW[5]      ; HEX0[1]     ; 11.421 ;        ;        ; 11.421 ;
; SW[5]      ; HEX0[2]     ; 11.431 ;        ;        ; 11.431 ;
; SW[5]      ; HEX0[3]     ; 11.330 ;        ;        ; 11.330 ;
; SW[5]      ; HEX0[4]     ; 12.978 ;        ;        ; 12.978 ;
; SW[5]      ; HEX0[5]     ; 12.968 ;        ;        ; 12.968 ;
; SW[5]      ; HEX0[6]     ; 10.416 ;        ;        ; 10.416 ;
; SW[5]      ; HEX1[0]     ; 9.258  ;        ;        ; 9.258  ;
; SW[5]      ; HEX1[1]     ; 9.251  ;        ;        ; 9.251  ;
; SW[5]      ; HEX1[2]     ; 9.078  ;        ;        ; 9.078  ;
; SW[5]      ; HEX1[3]     ; 9.106  ;        ;        ; 9.106  ;
; SW[5]      ; HEX1[4]     ; 9.358  ;        ;        ; 9.358  ;
; SW[5]      ; HEX1[5]     ; 9.643  ;        ;        ; 9.643  ;
; SW[5]      ; HEX1[6]     ; 9.121  ;        ;        ; 9.121  ;
; SW[5]      ; HEX2[0]     ; 9.138  ; 9.138  ; 9.138  ; 9.138  ;
; SW[5]      ; HEX2[1]     ; 9.076  ;        ;        ; 9.076  ;
; SW[5]      ; HEX2[2]     ; 9.116  ;        ;        ; 9.116  ;
; SW[5]      ; HEX2[3]     ; 8.856  ;        ;        ; 8.856  ;
; SW[5]      ; HEX2[4]     ; 9.655  ;        ;        ; 9.655  ;
; SW[5]      ; HEX2[5]     ; 9.655  ;        ;        ; 9.655  ;
; SW[5]      ; HEX2[6]     ; 8.860  ; 8.860  ; 8.860  ; 8.860  ;
; SW[5]      ; HEX3[0]     ; 8.821  ;        ;        ; 8.821  ;
; SW[5]      ; HEX3[1]     ; 9.148  ; 9.148  ; 9.148  ; 9.148  ;
; SW[5]      ; HEX3[2]     ; 9.148  ; 9.148  ; 9.148  ; 9.148  ;
; SW[5]      ; HEX3[3]     ; 7.404  ;        ;        ; 7.404  ;
; SW[5]      ; HEX3[4]     ; 9.661  ;        ;        ; 9.661  ;
; SW[5]      ; HEX3[5]     ; 9.322  ;        ;        ; 9.322  ;
; SW[5]      ; HEX4[0]     ; 12.497 ; 12.497 ; 12.497 ; 12.497 ;
; SW[5]      ; HEX4[3]     ; 12.040 ; 12.040 ; 12.040 ; 12.040 ;
; SW[5]      ; HEX4[4]     ; 12.414 ;        ;        ; 12.414 ;
; SW[5]      ; HEX4[5]     ; 12.414 ;        ;        ; 12.414 ;
; SW[5]      ; HEX4[6]     ; 10.844 ;        ;        ; 10.844 ;
; SW[6]      ; HEX0[0]     ; 7.613  ; 7.613  ; 7.613  ; 7.613  ;
; SW[6]      ; HEX0[3]     ; 11.137 ; 11.137 ; 11.137 ; 11.137 ;
; SW[6]      ; HEX0[4]     ; 12.781 ; 12.781 ; 12.781 ; 12.781 ;
; SW[6]      ; HEX0[5]     ; 12.771 ; 12.771 ; 12.771 ; 12.771 ;
; SW[6]      ; HEX0[6]     ; 10.260 ; 10.260 ; 10.260 ; 10.260 ;
; SW[6]      ; HEX1[0]     ; 9.101  ; 9.101  ; 9.101  ; 9.101  ;
; SW[6]      ; HEX1[1]     ; 9.095  ; 9.095  ; 9.095  ; 9.095  ;
; SW[6]      ; HEX1[2]     ; 8.922  ; 8.922  ; 8.922  ; 8.922  ;
; SW[6]      ; HEX1[3]     ; 8.910  ; 8.910  ; 8.910  ; 8.910  ;
; SW[6]      ; HEX1[4]     ; 9.161  ; 9.161  ; 9.161  ; 9.161  ;
; SW[6]      ; HEX1[5]     ; 9.446  ; 9.446  ; 9.446  ; 9.446  ;
; SW[6]      ; HEX2[0]     ; 8.912  ; 8.912  ; 8.912  ; 8.912  ;
; SW[6]      ; HEX2[3]     ; 8.657  ; 8.657  ; 8.657  ; 8.657  ;
; SW[6]      ; HEX2[4]     ; 9.458  ; 9.458  ; 9.458  ; 9.458  ;
; SW[6]      ; HEX2[5]     ; 9.458  ; 9.458  ; 9.458  ; 9.458  ;
; SW[6]      ; HEX2[6]     ; 8.664  ; 8.664  ; 8.664  ; 8.664  ;
; SW[6]      ; HEX3[0]     ; 8.625  ; 8.625  ; 8.625  ; 8.625  ;
; SW[6]      ; HEX3[1]     ; 8.952  ; 8.952  ; 8.952  ; 8.952  ;
; SW[6]      ; HEX3[2]     ; 8.952  ; 8.952  ; 8.952  ; 8.952  ;
; SW[6]      ; HEX3[4]     ; 9.464  ; 9.464  ; 9.464  ; 9.464  ;
; SW[6]      ; HEX3[5]     ; 9.125  ; 9.125  ; 9.125  ; 9.125  ;
; SW[6]      ; HEX3[6]     ; 9.128  ; 9.128  ; 9.128  ; 9.128  ;
; SW[6]      ; HEX4[0]     ; 12.301 ; 12.301 ; 12.301 ; 12.301 ;
; SW[6]      ; HEX4[1]     ; 10.922 ; 10.922 ; 10.922 ; 10.922 ;
; SW[6]      ; HEX4[2]     ; 10.922 ; 10.922 ; 10.922 ; 10.922 ;
; SW[6]      ; HEX4[3]     ; 11.844 ; 11.844 ; 11.844 ; 11.844 ;
; SW[6]      ; HEX4[4]     ; 12.217 ; 12.217 ; 12.217 ; 12.217 ;
; SW[6]      ; HEX4[5]     ; 12.217 ; 12.217 ; 12.217 ; 12.217 ;
; SW[7]      ; HEX0[1]     ; 12.330 ;        ;        ; 12.330 ;
; SW[7]      ; HEX0[2]     ; 12.340 ;        ;        ; 12.340 ;
; SW[7]      ; HEX0[3]     ; 12.251 ; 12.251 ; 12.251 ; 12.251 ;
; SW[7]      ; HEX0[4]     ; 13.890 ;        ;        ; 13.890 ;
; SW[7]      ; HEX0[5]     ; 13.880 ;        ;        ; 13.880 ;
; SW[7]      ; HEX0[6]     ; 11.372 ; 11.372 ; 11.372 ; 11.372 ;
; SW[7]      ; HEX1[1]     ; 10.207 ; 10.207 ; 10.207 ; 10.207 ;
; SW[7]      ; HEX1[2]     ; 10.034 ; 10.034 ; 10.034 ; 10.034 ;
; SW[7]      ; HEX1[3]     ; 10.019 ;        ;        ; 10.019 ;
; SW[7]      ; HEX1[4]     ; 10.270 ;        ;        ; 10.270 ;
; SW[7]      ; HEX1[5]     ; 10.555 ;        ;        ; 10.555 ;
; SW[7]      ; HEX1[6]     ;        ; 10.078 ; 10.078 ;        ;
; SW[7]      ; HEX2[0]     ; 10.050 ; 10.050 ; 10.050 ; 10.050 ;
; SW[7]      ; HEX2[1]     ;        ; 10.033 ; 10.033 ;        ;
; SW[7]      ; HEX2[2]     ;        ; 10.073 ; 10.073 ;        ;
; SW[7]      ; HEX2[3]     ; 9.770  ;        ;        ; 9.770  ;
; SW[7]      ; HEX2[4]     ; 10.567 ;        ;        ; 10.567 ;
; SW[7]      ; HEX2[5]     ; 10.567 ;        ;        ; 10.567 ;
; SW[7]      ; HEX2[6]     ; 9.772  ; 9.772  ; 9.772  ; 9.772  ;
; SW[7]      ; HEX3[0]     ; 9.733  ; 9.733  ; 9.733  ; 9.733  ;
; SW[7]      ; HEX3[1]     ; 10.060 ; 10.060 ; 10.060 ; 10.060 ;
; SW[7]      ; HEX3[2]     ; 10.060 ; 10.060 ; 10.060 ; 10.060 ;
; SW[7]      ; HEX3[4]     ; 10.573 ;        ;        ; 10.573 ;
; SW[7]      ; HEX3[5]     ; 10.234 ;        ;        ; 10.234 ;
; SW[7]      ; HEX3[6]     ; 10.270 ;        ;        ; 10.270 ;
; SW[7]      ; HEX4[0]     ; 13.418 ;        ;        ; 13.418 ;
; SW[7]      ; HEX4[1]     ; 12.064 ;        ;        ; 12.064 ;
; SW[7]      ; HEX4[2]     ; 12.064 ;        ;        ; 12.064 ;
; SW[7]      ; HEX4[3]     ; 12.955 ; 12.955 ; 12.955 ; 12.955 ;
; SW[7]      ; HEX4[4]     ; 13.326 ;        ;        ; 13.326 ;
; SW[7]      ; HEX4[5]     ; 13.326 ;        ;        ; 13.326 ;
; SW[7]      ; HEX4[6]     ; 11.753 ;        ;        ; 11.753 ;
; SW[8]      ; HEX0[0]     ; 8.042  ;        ;        ; 8.042  ;
; SW[8]      ; HEX0[1]     ; 12.049 ;        ;        ; 12.049 ;
; SW[8]      ; HEX0[2]     ; 12.059 ;        ;        ; 12.059 ;
; SW[8]      ; HEX0[3]     ; 11.958 ;        ;        ; 11.958 ;
; SW[8]      ; HEX0[4]     ; 13.606 ;        ;        ; 13.606 ;
; SW[8]      ; HEX0[5]     ; 13.596 ;        ;        ; 13.596 ;
; SW[8]      ; HEX0[6]     ; 11.044 ;        ;        ; 11.044 ;
; SW[8]      ; HEX1[0]     ; 9.886  ;        ;        ; 9.886  ;
; SW[8]      ; HEX1[1]     ; 9.879  ;        ;        ; 9.879  ;
; SW[8]      ; HEX1[2]     ; 9.706  ;        ;        ; 9.706  ;
; SW[8]      ; HEX1[3]     ; 9.734  ;        ;        ; 9.734  ;
; SW[8]      ; HEX1[4]     ; 9.986  ;        ;        ; 9.986  ;
; SW[8]      ; HEX1[5]     ; 10.271 ;        ;        ; 10.271 ;
; SW[8]      ; HEX1[6]     ; 9.749  ;        ;        ; 9.749  ;
; SW[8]      ; HEX2[0]     ; 9.766  ; 9.766  ; 9.766  ; 9.766  ;
; SW[8]      ; HEX2[1]     ; 9.704  ;        ;        ; 9.704  ;
; SW[8]      ; HEX2[2]     ; 9.744  ;        ;        ; 9.744  ;
; SW[8]      ; HEX2[3]     ; 9.484  ;        ;        ; 9.484  ;
; SW[8]      ; HEX2[4]     ; 10.283 ;        ;        ; 10.283 ;
; SW[8]      ; HEX2[5]     ; 10.283 ;        ;        ; 10.283 ;
; SW[8]      ; HEX2[6]     ; 9.488  ; 9.488  ; 9.488  ; 9.488  ;
; SW[8]      ; HEX3[0]     ; 9.449  ;        ;        ; 9.449  ;
; SW[8]      ; HEX3[1]     ; 9.776  ; 9.776  ; 9.776  ; 9.776  ;
; SW[8]      ; HEX3[2]     ; 9.776  ; 9.776  ; 9.776  ; 9.776  ;
; SW[8]      ; HEX3[3]     ; 8.032  ;        ;        ; 8.032  ;
; SW[8]      ; HEX3[4]     ; 10.289 ;        ;        ; 10.289 ;
; SW[8]      ; HEX3[5]     ; 9.950  ;        ;        ; 9.950  ;
; SW[8]      ; HEX4[0]     ; 13.125 ; 13.125 ; 13.125 ; 13.125 ;
; SW[8]      ; HEX4[3]     ; 12.668 ; 12.668 ; 12.668 ; 12.668 ;
; SW[8]      ; HEX4[4]     ; 13.042 ;        ;        ; 13.042 ;
; SW[8]      ; HEX4[5]     ; 13.042 ;        ;        ; 13.042 ;
; SW[8]      ; HEX4[6]     ; 11.472 ;        ;        ; 11.472 ;
; SW[9]      ; HEX0[0]     ; 8.376  ;        ;        ; 8.376  ;
; SW[9]      ; HEX0[3]     ; 11.900 ;        ;        ; 11.900 ;
; SW[9]      ; HEX0[4]     ; 13.544 ;        ;        ; 13.544 ;
; SW[9]      ; HEX0[5]     ; 13.534 ;        ;        ; 13.534 ;
; SW[9]      ; HEX0[6]     ; 11.023 ; 11.023 ; 11.023 ; 11.023 ;
; SW[9]      ; HEX1[0]     ;        ; 9.864  ; 9.864  ;        ;
; SW[9]      ; HEX1[1]     ; 9.858  ; 9.858  ; 9.858  ; 9.858  ;
; SW[9]      ; HEX1[2]     ; 9.685  ; 9.685  ; 9.685  ; 9.685  ;
; SW[9]      ; HEX1[3]     ; 9.673  ; 9.673  ; 9.673  ; 9.673  ;
; SW[9]      ; HEX1[4]     ; 9.924  ;        ;        ; 9.924  ;
; SW[9]      ; HEX1[5]     ; 10.209 ;        ;        ; 10.209 ;
; SW[9]      ; HEX2[0]     ; 9.675  ;        ;        ; 9.675  ;
; SW[9]      ; HEX2[3]     ; 9.420  ;        ;        ; 9.420  ;
; SW[9]      ; HEX2[4]     ; 10.221 ;        ;        ; 10.221 ;
; SW[9]      ; HEX2[5]     ; 10.221 ;        ;        ; 10.221 ;
; SW[9]      ; HEX2[6]     ; 9.427  ; 9.427  ; 9.427  ; 9.427  ;
; SW[9]      ; HEX3[0]     ; 9.388  ; 9.388  ; 9.388  ; 9.388  ;
; SW[9]      ; HEX3[1]     ; 9.715  ; 9.715  ; 9.715  ; 9.715  ;
; SW[9]      ; HEX3[2]     ; 9.715  ; 9.715  ; 9.715  ; 9.715  ;
; SW[9]      ; HEX3[4]     ; 10.227 ;        ;        ; 10.227 ;
; SW[9]      ; HEX3[5]     ; 9.888  ;        ;        ; 9.888  ;
; SW[9]      ; HEX3[6]     ; 9.891  ;        ;        ; 9.891  ;
; SW[9]      ; HEX4[0]     ; 13.064 ; 13.064 ; 13.064 ; 13.064 ;
; SW[9]      ; HEX4[1]     ; 11.685 ;        ;        ; 11.685 ;
; SW[9]      ; HEX4[2]     ; 11.685 ;        ;        ; 11.685 ;
; SW[9]      ; HEX4[3]     ; 12.607 ; 12.607 ; 12.607 ; 12.607 ;
; SW[9]      ; HEX4[4]     ; 12.980 ;        ;        ; 12.980 ;
; SW[9]      ; HEX4[5]     ; 12.980 ;        ;        ; 12.980 ;
; SW[10]     ; HEX0[1]     ; 12.606 ; 12.606 ; 12.606 ; 12.606 ;
; SW[10]     ; HEX0[2]     ; 12.616 ; 12.616 ; 12.616 ; 12.616 ;
; SW[10]     ; HEX0[3]     ; 12.527 ; 12.527 ; 12.527 ; 12.527 ;
; SW[10]     ; HEX0[4]     ; 14.166 ; 14.166 ; 14.166 ; 14.166 ;
; SW[10]     ; HEX0[5]     ; 14.156 ; 14.156 ; 14.156 ; 14.156 ;
; SW[10]     ; HEX0[6]     ; 11.648 ; 11.648 ; 11.648 ; 11.648 ;
; SW[10]     ; HEX1[1]     ; 10.483 ; 10.483 ; 10.483 ; 10.483 ;
; SW[10]     ; HEX1[2]     ; 10.310 ; 10.310 ; 10.310 ; 10.310 ;
; SW[10]     ; HEX1[3]     ; 10.295 ; 10.295 ; 10.295 ; 10.295 ;
; SW[10]     ; HEX1[4]     ; 10.546 ; 10.546 ; 10.546 ; 10.546 ;
; SW[10]     ; HEX1[5]     ; 10.831 ; 10.831 ; 10.831 ; 10.831 ;
; SW[10]     ; HEX1[6]     ; 10.354 ; 10.354 ; 10.354 ; 10.354 ;
; SW[10]     ; HEX2[0]     ; 10.326 ; 10.326 ; 10.326 ; 10.326 ;
; SW[10]     ; HEX2[1]     ; 10.309 ; 10.309 ; 10.309 ; 10.309 ;
; SW[10]     ; HEX2[2]     ; 10.349 ; 10.349 ; 10.349 ; 10.349 ;
; SW[10]     ; HEX2[3]     ; 10.046 ; 10.046 ; 10.046 ; 10.046 ;
; SW[10]     ; HEX2[4]     ; 10.843 ; 10.843 ; 10.843 ; 10.843 ;
; SW[10]     ; HEX2[5]     ; 10.843 ; 10.843 ; 10.843 ; 10.843 ;
; SW[10]     ; HEX2[6]     ; 10.048 ; 10.048 ; 10.048 ; 10.048 ;
; SW[10]     ; HEX3[0]     ; 10.009 ; 10.009 ; 10.009 ; 10.009 ;
; SW[10]     ; HEX3[1]     ; 10.336 ; 10.336 ; 10.336 ; 10.336 ;
; SW[10]     ; HEX3[2]     ; 10.336 ; 10.336 ; 10.336 ; 10.336 ;
; SW[10]     ; HEX3[4]     ; 10.849 ; 10.849 ; 10.849 ; 10.849 ;
; SW[10]     ; HEX3[5]     ; 10.510 ; 10.510 ; 10.510 ; 10.510 ;
; SW[10]     ; HEX3[6]     ; 10.546 ; 10.546 ; 10.546 ; 10.546 ;
; SW[10]     ; HEX4[0]     ; 13.694 ; 13.694 ; 13.694 ; 13.694 ;
; SW[10]     ; HEX4[1]     ; 12.340 ; 12.340 ; 12.340 ; 12.340 ;
; SW[10]     ; HEX4[2]     ; 12.340 ; 12.340 ; 12.340 ; 12.340 ;
; SW[10]     ; HEX4[3]     ; 13.231 ; 13.231 ; 13.231 ; 13.231 ;
; SW[10]     ; HEX4[4]     ; 13.602 ; 13.602 ; 13.602 ; 13.602 ;
; SW[10]     ; HEX4[5]     ; 13.602 ; 13.602 ; 13.602 ; 13.602 ;
; SW[10]     ; HEX4[6]     ; 12.029 ; 12.029 ; 12.029 ; 12.029 ;
; SW[11]     ; HEX0[0]     ; 8.834  ; 8.834  ; 8.834  ; 8.834  ;
; SW[11]     ; HEX0[1]     ; 12.841 ; 12.841 ; 12.841 ; 12.841 ;
; SW[11]     ; HEX0[2]     ; 12.851 ; 12.851 ; 12.851 ; 12.851 ;
; SW[11]     ; HEX0[3]     ; 12.750 ; 12.750 ; 12.750 ; 12.750 ;
; SW[11]     ; HEX0[4]     ; 14.398 ; 14.398 ; 14.398 ; 14.398 ;
; SW[11]     ; HEX0[5]     ; 14.388 ; 14.388 ; 14.388 ; 14.388 ;
; SW[11]     ; HEX0[6]     ; 11.836 ; 11.836 ; 11.836 ; 11.836 ;
; SW[11]     ; HEX1[0]     ; 10.678 ; 10.678 ; 10.678 ; 10.678 ;
; SW[11]     ; HEX1[1]     ; 10.671 ; 10.671 ; 10.671 ; 10.671 ;
; SW[11]     ; HEX1[2]     ; 10.498 ; 10.498 ; 10.498 ; 10.498 ;
; SW[11]     ; HEX1[3]     ; 10.526 ; 10.526 ; 10.526 ; 10.526 ;
; SW[11]     ; HEX1[4]     ; 10.778 ; 10.778 ; 10.778 ; 10.778 ;
; SW[11]     ; HEX1[5]     ; 11.063 ; 11.063 ; 11.063 ; 11.063 ;
; SW[11]     ; HEX1[6]     ; 10.541 ; 10.541 ; 10.541 ; 10.541 ;
; SW[11]     ; HEX2[0]     ; 10.558 ; 10.558 ; 10.558 ; 10.558 ;
; SW[11]     ; HEX2[1]     ; 10.496 ; 10.496 ; 10.496 ; 10.496 ;
; SW[11]     ; HEX2[2]     ; 10.536 ; 10.536 ; 10.536 ; 10.536 ;
; SW[11]     ; HEX2[3]     ; 10.276 ; 10.276 ; 10.276 ; 10.276 ;
; SW[11]     ; HEX2[4]     ; 11.075 ; 11.075 ; 11.075 ; 11.075 ;
; SW[11]     ; HEX2[5]     ; 11.075 ; 11.075 ; 11.075 ; 11.075 ;
; SW[11]     ; HEX2[6]     ; 10.280 ; 10.280 ; 10.280 ; 10.280 ;
; SW[11]     ; HEX3[0]     ; 10.241 ; 10.241 ; 10.241 ; 10.241 ;
; SW[11]     ; HEX3[1]     ; 10.568 ; 10.568 ; 10.568 ; 10.568 ;
; SW[11]     ; HEX3[2]     ; 10.568 ; 10.568 ; 10.568 ; 10.568 ;
; SW[11]     ; HEX3[3]     ; 8.824  ; 8.824  ; 8.824  ; 8.824  ;
; SW[11]     ; HEX3[4]     ; 11.081 ; 11.081 ; 11.081 ; 11.081 ;
; SW[11]     ; HEX3[5]     ; 10.742 ; 10.742 ; 10.742 ; 10.742 ;
; SW[11]     ; HEX4[0]     ; 13.917 ; 13.917 ; 13.917 ; 13.917 ;
; SW[11]     ; HEX4[3]     ; 13.460 ; 13.460 ; 13.460 ; 13.460 ;
; SW[11]     ; HEX4[4]     ; 13.834 ; 13.834 ; 13.834 ; 13.834 ;
; SW[11]     ; HEX4[5]     ; 13.834 ; 13.834 ; 13.834 ; 13.834 ;
; SW[11]     ; HEX4[6]     ; 12.264 ; 12.264 ; 12.264 ; 12.264 ;
; SW[12]     ; HEX0[0]     ; 9.049  ; 9.049  ; 9.049  ; 9.049  ;
; SW[12]     ; HEX0[3]     ; 12.573 ; 12.573 ; 12.573 ; 12.573 ;
; SW[12]     ; HEX0[4]     ; 14.217 ; 14.217 ; 14.217 ; 14.217 ;
; SW[12]     ; HEX0[5]     ; 14.207 ; 14.207 ; 14.207 ; 14.207 ;
; SW[12]     ; HEX0[6]     ; 11.696 ; 11.696 ; 11.696 ; 11.696 ;
; SW[12]     ; HEX1[0]     ; 10.537 ; 10.537 ; 10.537 ; 10.537 ;
; SW[12]     ; HEX1[1]     ; 10.531 ; 10.531 ; 10.531 ; 10.531 ;
; SW[12]     ; HEX1[2]     ; 10.358 ; 10.358 ; 10.358 ; 10.358 ;
; SW[12]     ; HEX1[3]     ; 10.346 ; 10.346 ; 10.346 ; 10.346 ;
; SW[12]     ; HEX1[4]     ; 10.597 ; 10.597 ; 10.597 ; 10.597 ;
; SW[12]     ; HEX1[5]     ; 10.882 ; 10.882 ; 10.882 ; 10.882 ;
; SW[12]     ; HEX2[0]     ; 10.348 ; 10.348 ; 10.348 ; 10.348 ;
; SW[12]     ; HEX2[3]     ; 10.093 ; 10.093 ; 10.093 ; 10.093 ;
; SW[12]     ; HEX2[4]     ; 10.894 ; 10.894 ; 10.894 ; 10.894 ;
; SW[12]     ; HEX2[5]     ; 10.894 ; 10.894 ; 10.894 ; 10.894 ;
; SW[12]     ; HEX2[6]     ; 10.100 ; 10.100 ; 10.100 ; 10.100 ;
; SW[12]     ; HEX3[0]     ; 10.061 ; 10.061 ; 10.061 ; 10.061 ;
; SW[12]     ; HEX3[1]     ; 10.388 ; 10.388 ; 10.388 ; 10.388 ;
; SW[12]     ; HEX3[2]     ; 10.388 ; 10.388 ; 10.388 ; 10.388 ;
; SW[12]     ; HEX3[4]     ; 10.900 ; 10.900 ; 10.900 ; 10.900 ;
; SW[12]     ; HEX3[5]     ; 10.561 ; 10.561 ; 10.561 ; 10.561 ;
; SW[12]     ; HEX3[6]     ; 10.564 ; 10.564 ; 10.564 ; 10.564 ;
; SW[12]     ; HEX4[0]     ; 13.737 ; 13.737 ; 13.737 ; 13.737 ;
; SW[12]     ; HEX4[1]     ; 12.358 ; 12.358 ; 12.358 ; 12.358 ;
; SW[12]     ; HEX4[2]     ; 12.358 ; 12.358 ; 12.358 ; 12.358 ;
; SW[12]     ; HEX4[3]     ; 13.280 ; 13.280 ; 13.280 ; 13.280 ;
; SW[12]     ; HEX4[4]     ; 13.653 ; 13.653 ; 13.653 ; 13.653 ;
; SW[12]     ; HEX4[5]     ; 13.653 ; 13.653 ; 13.653 ; 13.653 ;
; SW[13]     ; HEX0[1]     ; 16.510 ; 16.510 ; 16.510 ; 16.510 ;
; SW[13]     ; HEX0[2]     ; 16.520 ; 16.520 ; 16.520 ; 16.520 ;
; SW[13]     ; HEX0[3]     ; 16.431 ; 16.431 ; 16.431 ; 16.431 ;
; SW[13]     ; HEX0[4]     ; 18.070 ; 18.070 ; 18.070 ; 18.070 ;
; SW[13]     ; HEX0[5]     ; 18.060 ; 18.060 ; 18.060 ; 18.060 ;
; SW[13]     ; HEX0[6]     ; 15.552 ; 15.552 ; 15.552 ; 15.552 ;
; SW[13]     ; HEX1[1]     ; 14.387 ; 14.387 ; 14.387 ; 14.387 ;
; SW[13]     ; HEX1[2]     ; 14.214 ; 14.214 ; 14.214 ; 14.214 ;
; SW[13]     ; HEX1[3]     ; 14.199 ; 14.199 ; 14.199 ; 14.199 ;
; SW[13]     ; HEX1[4]     ; 14.450 ; 14.450 ; 14.450 ; 14.450 ;
; SW[13]     ; HEX1[5]     ; 14.735 ; 14.735 ; 14.735 ; 14.735 ;
; SW[13]     ; HEX1[6]     ; 14.258 ; 14.258 ; 14.258 ; 14.258 ;
; SW[13]     ; HEX2[0]     ; 14.230 ; 14.230 ; 14.230 ; 14.230 ;
; SW[13]     ; HEX2[1]     ; 14.213 ; 14.213 ; 14.213 ; 14.213 ;
; SW[13]     ; HEX2[2]     ; 14.253 ; 14.253 ; 14.253 ; 14.253 ;
; SW[13]     ; HEX2[3]     ; 13.950 ; 13.950 ; 13.950 ; 13.950 ;
; SW[13]     ; HEX2[4]     ; 14.747 ; 14.747 ; 14.747 ; 14.747 ;
; SW[13]     ; HEX2[5]     ; 14.747 ; 14.747 ; 14.747 ; 14.747 ;
; SW[13]     ; HEX2[6]     ; 13.952 ; 13.952 ; 13.952 ; 13.952 ;
; SW[13]     ; HEX3[0]     ; 13.913 ; 13.913 ; 13.913 ; 13.913 ;
; SW[13]     ; HEX3[1]     ; 14.240 ; 14.240 ; 14.240 ; 14.240 ;
; SW[13]     ; HEX3[2]     ; 14.240 ; 14.240 ; 14.240 ; 14.240 ;
; SW[13]     ; HEX3[4]     ; 14.753 ; 14.753 ; 14.753 ; 14.753 ;
; SW[13]     ; HEX3[5]     ; 14.414 ; 14.414 ; 14.414 ; 14.414 ;
; SW[13]     ; HEX3[6]     ; 14.450 ; 14.450 ; 14.450 ; 14.450 ;
; SW[13]     ; HEX4[0]     ; 17.598 ; 17.598 ; 17.598 ; 17.598 ;
; SW[13]     ; HEX4[1]     ; 16.244 ; 16.244 ; 16.244 ; 16.244 ;
; SW[13]     ; HEX4[2]     ; 16.244 ; 16.244 ; 16.244 ; 16.244 ;
; SW[13]     ; HEX4[3]     ; 17.135 ; 17.135 ; 17.135 ; 17.135 ;
; SW[13]     ; HEX4[4]     ; 17.506 ; 17.506 ; 17.506 ; 17.506 ;
; SW[13]     ; HEX4[5]     ; 17.506 ; 17.506 ; 17.506 ; 17.506 ;
; SW[13]     ; HEX4[6]     ; 15.933 ; 15.933 ; 15.933 ; 15.933 ;
; SW[14]     ; HEX0[0]     ; 12.346 ; 12.346 ; 12.346 ; 12.346 ;
; SW[14]     ; HEX0[1]     ; 16.353 ; 16.353 ; 16.353 ; 16.353 ;
; SW[14]     ; HEX0[2]     ; 16.363 ; 16.363 ; 16.363 ; 16.363 ;
; SW[14]     ; HEX0[3]     ; 16.262 ; 16.262 ; 16.262 ; 16.262 ;
; SW[14]     ; HEX0[4]     ; 17.910 ; 17.910 ; 17.910 ; 17.910 ;
; SW[14]     ; HEX0[5]     ; 17.900 ; 17.900 ; 17.900 ; 17.900 ;
; SW[14]     ; HEX0[6]     ; 15.348 ; 15.348 ; 15.348 ; 15.348 ;
; SW[14]     ; HEX1[0]     ; 14.190 ; 14.190 ; 14.190 ; 14.190 ;
; SW[14]     ; HEX1[1]     ; 14.183 ; 14.183 ; 14.183 ; 14.183 ;
; SW[14]     ; HEX1[2]     ; 14.010 ; 14.010 ; 14.010 ; 14.010 ;
; SW[14]     ; HEX1[3]     ; 14.038 ; 14.038 ; 14.038 ; 14.038 ;
; SW[14]     ; HEX1[4]     ; 14.290 ; 14.290 ; 14.290 ; 14.290 ;
; SW[14]     ; HEX1[5]     ; 14.575 ; 14.575 ; 14.575 ; 14.575 ;
; SW[14]     ; HEX1[6]     ; 14.053 ; 14.053 ; 14.053 ; 14.053 ;
; SW[14]     ; HEX2[0]     ; 14.070 ; 14.070 ; 14.070 ; 14.070 ;
; SW[14]     ; HEX2[1]     ; 14.008 ; 14.008 ; 14.008 ; 14.008 ;
; SW[14]     ; HEX2[2]     ; 14.048 ; 14.048 ; 14.048 ; 14.048 ;
; SW[14]     ; HEX2[3]     ; 13.788 ; 13.788 ; 13.788 ; 13.788 ;
; SW[14]     ; HEX2[4]     ; 14.587 ; 14.587 ; 14.587 ; 14.587 ;
; SW[14]     ; HEX2[5]     ; 14.587 ; 14.587 ; 14.587 ; 14.587 ;
; SW[14]     ; HEX2[6]     ; 13.792 ; 13.792 ; 13.792 ; 13.792 ;
; SW[14]     ; HEX3[0]     ; 13.753 ; 13.753 ; 13.753 ; 13.753 ;
; SW[14]     ; HEX3[1]     ; 14.080 ; 14.080 ; 14.080 ; 14.080 ;
; SW[14]     ; HEX3[2]     ; 14.080 ; 14.080 ; 14.080 ; 14.080 ;
; SW[14]     ; HEX3[3]     ; 12.336 ; 12.336 ; 12.336 ; 12.336 ;
; SW[14]     ; HEX3[4]     ; 14.593 ; 14.593 ; 14.593 ; 14.593 ;
; SW[14]     ; HEX3[5]     ; 14.254 ; 14.254 ; 14.254 ; 14.254 ;
; SW[14]     ; HEX4[0]     ; 17.429 ; 17.429 ; 17.429 ; 17.429 ;
; SW[14]     ; HEX4[3]     ; 16.972 ; 16.972 ; 16.972 ; 16.972 ;
; SW[14]     ; HEX4[4]     ; 17.346 ; 17.346 ; 17.346 ; 17.346 ;
; SW[14]     ; HEX4[5]     ; 17.346 ; 17.346 ; 17.346 ; 17.346 ;
; SW[14]     ; HEX4[6]     ; 15.776 ; 15.776 ; 15.776 ; 15.776 ;
; SW[15]     ; HEX0[0]     ; 12.558 ; 12.802 ; 12.802 ; 12.558 ;
; SW[15]     ; HEX0[1]     ; 16.743 ; 16.743 ; 16.743 ; 16.743 ;
; SW[15]     ; HEX0[2]     ; 16.753 ; 16.753 ; 16.753 ; 16.753 ;
; SW[15]     ; HEX0[3]     ; 16.664 ; 16.664 ; 16.664 ; 16.664 ;
; SW[15]     ; HEX0[4]     ; 18.303 ; 18.303 ; 18.303 ; 18.303 ;
; SW[15]     ; HEX0[5]     ; 18.293 ; 18.293 ; 18.293 ; 18.293 ;
; SW[15]     ; HEX0[6]     ; 15.785 ; 15.785 ; 15.785 ; 15.785 ;
; SW[15]     ; HEX1[0]     ; 14.402 ; 14.402 ; 14.402 ; 14.402 ;
; SW[15]     ; HEX1[1]     ; 14.620 ; 14.620 ; 14.620 ; 14.620 ;
; SW[15]     ; HEX1[2]     ; 14.447 ; 14.447 ; 14.447 ; 14.447 ;
; SW[15]     ; HEX1[3]     ; 14.432 ; 14.432 ; 14.432 ; 14.432 ;
; SW[15]     ; HEX1[4]     ; 14.683 ; 14.683 ; 14.683 ; 14.683 ;
; SW[15]     ; HEX1[5]     ; 14.968 ; 14.968 ; 14.968 ; 14.968 ;
; SW[15]     ; HEX1[6]     ; 14.491 ; 14.491 ; 14.491 ; 14.491 ;
; SW[15]     ; HEX2[0]     ; 14.463 ; 14.463 ; 14.463 ; 14.463 ;
; SW[15]     ; HEX2[1]     ; 14.446 ; 14.446 ; 14.446 ; 14.446 ;
; SW[15]     ; HEX2[2]     ; 14.486 ; 14.486 ; 14.486 ; 14.486 ;
; SW[15]     ; HEX2[3]     ; 14.183 ; 14.183 ; 14.183 ; 14.183 ;
; SW[15]     ; HEX2[4]     ; 14.980 ; 14.980 ; 14.980 ; 14.980 ;
; SW[15]     ; HEX2[5]     ; 14.980 ; 14.980 ; 14.980 ; 14.980 ;
; SW[15]     ; HEX2[6]     ; 14.185 ; 14.185 ; 14.185 ; 14.185 ;
; SW[15]     ; HEX3[0]     ; 14.146 ; 14.146 ; 14.146 ; 14.146 ;
; SW[15]     ; HEX3[1]     ; 14.473 ; 14.473 ; 14.473 ; 14.473 ;
; SW[15]     ; HEX3[2]     ; 14.473 ; 14.473 ; 14.473 ; 14.473 ;
; SW[15]     ; HEX3[3]     ; 12.548 ; 12.548 ; 12.548 ; 12.548 ;
; SW[15]     ; HEX3[4]     ; 14.986 ; 14.986 ; 14.986 ; 14.986 ;
; SW[15]     ; HEX3[5]     ; 14.647 ; 14.647 ; 14.647 ; 14.647 ;
; SW[15]     ; HEX3[6]     ; 14.683 ; 14.683 ; 14.683 ; 14.683 ;
; SW[15]     ; HEX4[0]     ; 17.831 ; 17.831 ; 17.831 ; 17.831 ;
; SW[15]     ; HEX4[1]     ; 16.477 ; 16.477 ; 16.477 ; 16.477 ;
; SW[15]     ; HEX4[2]     ; 16.477 ; 16.477 ; 16.477 ; 16.477 ;
; SW[15]     ; HEX4[3]     ; 17.368 ; 17.368 ; 17.368 ; 17.368 ;
; SW[15]     ; HEX4[4]     ; 17.739 ; 17.739 ; 17.739 ; 17.739 ;
; SW[15]     ; HEX4[5]     ; 17.739 ; 17.739 ; 17.739 ; 17.739 ;
; SW[15]     ; HEX4[6]     ; 16.166 ; 16.166 ; 16.166 ; 16.166 ;
; SW[16]     ; HEX0[0]     ; 12.380 ; 12.950 ; 12.950 ; 12.380 ;
; SW[16]     ; HEX0[1]     ; 16.563 ; 16.563 ; 16.563 ; 16.563 ;
; SW[16]     ; HEX0[2]     ; 16.573 ; 16.573 ; 16.573 ; 16.573 ;
; SW[16]     ; HEX0[3]     ; 16.484 ; 16.484 ; 16.484 ; 16.484 ;
; SW[16]     ; HEX0[4]     ; 18.123 ; 18.123 ; 18.123 ; 18.123 ;
; SW[16]     ; HEX0[5]     ; 18.113 ; 18.113 ; 18.113 ; 18.113 ;
; SW[16]     ; HEX0[6]     ; 15.605 ; 15.605 ; 15.605 ; 15.605 ;
; SW[16]     ; HEX1[0]     ; 14.224 ; 14.224 ; 14.224 ; 14.224 ;
; SW[16]     ; HEX1[1]     ; 14.440 ; 14.440 ; 14.440 ; 14.440 ;
; SW[16]     ; HEX1[2]     ; 14.267 ; 14.267 ; 14.267 ; 14.267 ;
; SW[16]     ; HEX1[3]     ; 14.252 ; 14.252 ; 14.252 ; 14.252 ;
; SW[16]     ; HEX1[4]     ; 14.503 ; 14.503 ; 14.503 ; 14.503 ;
; SW[16]     ; HEX1[5]     ; 14.788 ; 14.788 ; 14.788 ; 14.788 ;
; SW[16]     ; HEX1[6]     ; 14.311 ; 14.311 ; 14.311 ; 14.311 ;
; SW[16]     ; HEX2[0]     ; 14.283 ; 14.283 ; 14.283 ; 14.283 ;
; SW[16]     ; HEX2[1]     ; 14.266 ; 14.266 ; 14.266 ; 14.266 ;
; SW[16]     ; HEX2[2]     ; 14.306 ; 14.306 ; 14.306 ; 14.306 ;
; SW[16]     ; HEX2[3]     ; 14.003 ; 14.003 ; 14.003 ; 14.003 ;
; SW[16]     ; HEX2[4]     ; 14.800 ; 14.800 ; 14.800 ; 14.800 ;
; SW[16]     ; HEX2[5]     ; 14.800 ; 14.800 ; 14.800 ; 14.800 ;
; SW[16]     ; HEX2[6]     ; 14.005 ; 14.005 ; 14.005 ; 14.005 ;
; SW[16]     ; HEX3[0]     ; 13.966 ; 13.966 ; 13.966 ; 13.966 ;
; SW[16]     ; HEX3[1]     ; 14.293 ; 14.293 ; 14.293 ; 14.293 ;
; SW[16]     ; HEX3[2]     ; 14.293 ; 14.293 ; 14.293 ; 14.293 ;
; SW[16]     ; HEX3[3]     ; 12.370 ; 12.370 ; 12.370 ; 12.370 ;
; SW[16]     ; HEX3[4]     ; 14.806 ; 14.806 ; 14.806 ; 14.806 ;
; SW[16]     ; HEX3[5]     ; 14.467 ; 14.467 ; 14.467 ; 14.467 ;
; SW[16]     ; HEX3[6]     ; 14.503 ; 14.503 ; 14.503 ; 14.503 ;
; SW[16]     ; HEX4[0]     ; 17.651 ; 17.651 ; 17.651 ; 17.651 ;
; SW[16]     ; HEX4[1]     ; 16.297 ; 16.297 ; 16.297 ; 16.297 ;
; SW[16]     ; HEX4[2]     ; 16.297 ; 16.297 ; 16.297 ; 16.297 ;
; SW[16]     ; HEX4[3]     ; 17.188 ; 17.188 ; 17.188 ; 17.188 ;
; SW[16]     ; HEX4[4]     ; 17.559 ; 17.559 ; 17.559 ; 17.559 ;
; SW[16]     ; HEX4[5]     ; 17.559 ; 17.559 ; 17.559 ; 17.559 ;
; SW[16]     ; HEX4[6]     ; 15.986 ; 15.986 ; 15.986 ; 15.986 ;
; SW[17]     ; HEX0[0]     ; 12.562 ; 11.512 ; 11.512 ; 12.562 ;
; SW[17]     ; HEX0[1]     ; 15.901 ; 15.517 ; 15.517 ; 15.901 ;
; SW[17]     ; HEX0[2]     ; 15.911 ; 15.527 ; 15.527 ; 15.911 ;
; SW[17]     ; HEX0[3]     ; 15.810 ; 15.466 ; 15.466 ; 15.810 ;
; SW[17]     ; HEX0[4]     ; 17.458 ; 17.074 ; 17.074 ; 17.458 ;
; SW[17]     ; HEX0[5]     ; 17.448 ; 17.064 ; 17.064 ; 17.448 ;
; SW[17]     ; HEX0[6]     ; 14.896 ; 14.587 ; 14.587 ; 14.896 ;
; SW[17]     ; HEX1[0]     ; 13.738 ; 13.379 ; 13.379 ; 13.738 ;
; SW[17]     ; HEX1[1]     ; 13.731 ; 13.422 ; 13.422 ; 13.731 ;
; SW[17]     ; HEX1[2]     ; 13.558 ; 13.249 ; 13.249 ; 13.558 ;
; SW[17]     ; HEX1[3]     ; 13.586 ; 13.202 ; 13.202 ; 13.586 ;
; SW[17]     ; HEX1[4]     ; 13.838 ; 13.454 ; 13.454 ; 13.838 ;
; SW[17]     ; HEX1[5]     ; 14.123 ; 13.739 ; 13.739 ; 14.123 ;
; SW[17]     ; HEX1[6]     ; 13.601 ; 13.293 ; 13.293 ; 13.601 ;
; SW[17]     ; HEX2[0]     ; 13.618 ; 13.618 ; 13.618 ; 13.618 ;
; SW[17]     ; HEX2[1]     ; 13.556 ; 13.248 ; 13.248 ; 13.556 ;
; SW[17]     ; HEX2[2]     ; 13.596 ; 13.288 ; 13.288 ; 13.596 ;
; SW[17]     ; HEX2[3]     ; 13.336 ; 12.952 ; 12.952 ; 13.336 ;
; SW[17]     ; HEX2[4]     ; 14.135 ; 13.751 ; 13.751 ; 14.135 ;
; SW[17]     ; HEX2[5]     ; 14.135 ; 13.751 ; 13.751 ; 14.135 ;
; SW[17]     ; HEX2[6]     ; 13.340 ; 13.340 ; 13.340 ; 13.340 ;
; SW[17]     ; HEX3[0]     ; 13.301 ; 12.948 ; 12.948 ; 13.301 ;
; SW[17]     ; HEX3[1]     ; 13.628 ; 13.628 ; 13.628 ; 13.628 ;
; SW[17]     ; HEX3[2]     ; 13.628 ; 13.628 ; 13.628 ; 13.628 ;
; SW[17]     ; HEX3[3]     ; 11.884 ; 11.500 ; 11.500 ; 11.884 ;
; SW[17]     ; HEX3[4]     ; 14.141 ; 13.757 ; 13.757 ; 14.141 ;
; SW[17]     ; HEX3[5]     ; 13.802 ; 13.418 ; 13.418 ; 13.802 ;
; SW[17]     ; HEX3[6]     ; 13.485 ; 13.350 ; 13.350 ; 13.485 ;
; SW[17]     ; HEX4[0]     ; 16.977 ; 16.977 ; 16.977 ; 16.977 ;
; SW[17]     ; HEX4[1]     ; 15.279 ; 15.144 ; 15.144 ; 15.279 ;
; SW[17]     ; HEX4[2]     ; 15.279 ; 15.144 ; 15.144 ; 15.279 ;
; SW[17]     ; HEX4[3]     ; 16.520 ; 16.520 ; 16.520 ; 16.520 ;
; SW[17]     ; HEX4[4]     ; 16.894 ; 16.510 ; 16.510 ; 16.894 ;
; SW[17]     ; HEX4[5]     ; 16.894 ; 16.510 ; 16.510 ; 16.894 ;
; SW[17]     ; HEX4[6]     ; 15.324 ; 14.940 ; 14.940 ; 15.324 ;
+------------+-------------+--------+--------+--------+--------+


+--------------------------------------------------------------+
; Minimum Propagation Delay                                    ;
+------------+-------------+--------+--------+--------+--------+
; Input Port ; Output Port ; RR     ; RF     ; FR     ; FF     ;
+------------+-------------+--------+--------+--------+--------+
; SW[0]      ; HEX0[0]     ; 8.745  ;        ;        ; 8.745  ;
; SW[0]      ; HEX0[3]     ; 11.303 ;        ;        ; 11.303 ;
; SW[0]      ; HEX0[4]     ; 12.947 ;        ;        ; 12.947 ;
; SW[0]      ; HEX0[5]     ; 12.937 ;        ;        ; 12.937 ;
; SW[0]      ; HEX0[6]     ; 10.426 ; 10.426 ; 10.426 ; 10.426 ;
; SW[0]      ; HEX1[0]     ;        ; 9.267  ; 9.267  ;        ;
; SW[0]      ; HEX1[1]     ; 9.261  ; 9.261  ; 9.261  ; 9.261  ;
; SW[0]      ; HEX1[2]     ; 9.088  ; 9.088  ; 9.088  ; 9.088  ;
; SW[0]      ; HEX1[3]     ; 9.076  ; 9.076  ; 9.076  ; 9.076  ;
; SW[0]      ; HEX1[4]     ; 9.327  ;        ;        ; 9.327  ;
; SW[0]      ; HEX1[5]     ; 9.612  ;        ;        ; 9.612  ;
; SW[0]      ; HEX2[0]     ; 9.078  ;        ;        ; 9.078  ;
; SW[0]      ; HEX2[3]     ; 8.823  ;        ;        ; 8.823  ;
; SW[0]      ; HEX2[4]     ; 9.624  ;        ;        ; 9.624  ;
; SW[0]      ; HEX2[5]     ; 9.624  ;        ;        ; 9.624  ;
; SW[0]      ; HEX2[6]     ; 8.830  ; 8.830  ; 8.830  ; 8.830  ;
; SW[0]      ; HEX3[0]     ; 8.791  ; 8.791  ; 8.791  ; 8.791  ;
; SW[0]      ; HEX3[1]     ; 9.118  ; 9.118  ; 9.118  ; 9.118  ;
; SW[0]      ; HEX3[2]     ; 9.118  ; 9.118  ; 9.118  ; 9.118  ;
; SW[0]      ; HEX3[4]     ; 9.630  ;        ;        ; 9.630  ;
; SW[0]      ; HEX3[5]     ; 9.291  ;        ;        ; 9.291  ;
; SW[0]      ; HEX3[6]     ; 9.294  ;        ;        ; 9.294  ;
; SW[0]      ; HEX4[0]     ; 12.467 ; 12.467 ; 12.467 ; 12.467 ;
; SW[0]      ; HEX4[1]     ; 11.088 ;        ;        ; 11.088 ;
; SW[0]      ; HEX4[2]     ; 11.088 ;        ;        ; 11.088 ;
; SW[0]      ; HEX4[3]     ; 12.010 ; 12.010 ; 12.010 ; 12.010 ;
; SW[0]      ; HEX4[4]     ; 12.383 ;        ;        ; 12.383 ;
; SW[0]      ; HEX4[5]     ; 12.383 ;        ;        ; 12.383 ;
; SW[1]      ; HEX0[1]     ; 11.574 ;        ;        ; 11.574 ;
; SW[1]      ; HEX0[2]     ; 11.584 ;        ;        ; 11.584 ;
; SW[1]      ; HEX0[3]     ; 11.495 ; 11.495 ; 11.495 ; 11.495 ;
; SW[1]      ; HEX0[4]     ; 13.134 ;        ;        ; 13.134 ;
; SW[1]      ; HEX0[5]     ; 13.124 ;        ;        ; 13.124 ;
; SW[1]      ; HEX0[6]     ; 10.616 ; 10.616 ; 10.616 ; 10.616 ;
; SW[1]      ; HEX1[1]     ; 9.451  ; 9.451  ; 9.451  ; 9.451  ;
; SW[1]      ; HEX1[2]     ; 9.278  ; 9.278  ; 9.278  ; 9.278  ;
; SW[1]      ; HEX1[3]     ; 9.263  ;        ;        ; 9.263  ;
; SW[1]      ; HEX1[4]     ; 9.514  ;        ;        ; 9.514  ;
; SW[1]      ; HEX1[5]     ; 9.799  ;        ;        ; 9.799  ;
; SW[1]      ; HEX1[6]     ;        ; 9.322  ; 9.322  ;        ;
; SW[1]      ; HEX2[0]     ; 9.294  ; 9.294  ; 9.294  ; 9.294  ;
; SW[1]      ; HEX2[1]     ;        ; 9.277  ; 9.277  ;        ;
; SW[1]      ; HEX2[2]     ;        ; 9.317  ; 9.317  ;        ;
; SW[1]      ; HEX2[3]     ; 9.014  ;        ;        ; 9.014  ;
; SW[1]      ; HEX2[4]     ; 9.811  ;        ;        ; 9.811  ;
; SW[1]      ; HEX2[5]     ; 9.811  ;        ;        ; 9.811  ;
; SW[1]      ; HEX2[6]     ; 9.016  ; 9.016  ; 9.016  ; 9.016  ;
; SW[1]      ; HEX3[0]     ; 8.977  ; 8.977  ; 8.977  ; 8.977  ;
; SW[1]      ; HEX3[1]     ; 9.304  ; 9.304  ; 9.304  ; 9.304  ;
; SW[1]      ; HEX3[2]     ; 9.304  ; 9.304  ; 9.304  ; 9.304  ;
; SW[1]      ; HEX3[4]     ; 9.817  ;        ;        ; 9.817  ;
; SW[1]      ; HEX3[5]     ; 9.478  ;        ;        ; 9.478  ;
; SW[1]      ; HEX3[6]     ; 9.514  ;        ;        ; 9.514  ;
; SW[1]      ; HEX4[0]     ; 12.662 ;        ;        ; 12.662 ;
; SW[1]      ; HEX4[1]     ; 11.308 ;        ;        ; 11.308 ;
; SW[1]      ; HEX4[2]     ; 11.308 ;        ;        ; 11.308 ;
; SW[1]      ; HEX4[3]     ; 12.199 ; 12.199 ; 12.199 ; 12.199 ;
; SW[1]      ; HEX4[4]     ; 12.570 ;        ;        ; 12.570 ;
; SW[1]      ; HEX4[5]     ; 12.570 ;        ;        ; 12.570 ;
; SW[1]      ; HEX4[6]     ; 10.997 ;        ;        ; 10.997 ;
; SW[2]      ; HEX0[0]     ; 8.508  ;        ;        ; 8.508  ;
; SW[2]      ; HEX0[1]     ; 11.845 ;        ;        ; 11.845 ;
; SW[2]      ; HEX0[2]     ; 11.855 ;        ;        ; 11.855 ;
; SW[2]      ; HEX0[3]     ; 11.754 ;        ;        ; 11.754 ;
; SW[2]      ; HEX0[4]     ; 13.402 ;        ;        ; 13.402 ;
; SW[2]      ; HEX0[5]     ; 13.392 ;        ;        ; 13.392 ;
; SW[2]      ; HEX0[6]     ; 10.840 ;        ;        ; 10.840 ;
; SW[2]      ; HEX1[0]     ; 9.682  ;        ;        ; 9.682  ;
; SW[2]      ; HEX1[1]     ; 9.675  ;        ;        ; 9.675  ;
; SW[2]      ; HEX1[2]     ; 9.502  ;        ;        ; 9.502  ;
; SW[2]      ; HEX1[3]     ; 9.530  ;        ;        ; 9.530  ;
; SW[2]      ; HEX1[4]     ; 9.782  ;        ;        ; 9.782  ;
; SW[2]      ; HEX1[5]     ; 10.067 ;        ;        ; 10.067 ;
; SW[2]      ; HEX1[6]     ; 9.545  ;        ;        ; 9.545  ;
; SW[2]      ; HEX2[0]     ; 9.562  ; 9.562  ; 9.562  ; 9.562  ;
; SW[2]      ; HEX2[1]     ; 9.500  ;        ;        ; 9.500  ;
; SW[2]      ; HEX2[2]     ; 9.540  ;        ;        ; 9.540  ;
; SW[2]      ; HEX2[3]     ; 9.280  ;        ;        ; 9.280  ;
; SW[2]      ; HEX2[4]     ; 10.079 ;        ;        ; 10.079 ;
; SW[2]      ; HEX2[5]     ; 10.079 ;        ;        ; 10.079 ;
; SW[2]      ; HEX2[6]     ; 9.284  ; 9.284  ; 9.284  ; 9.284  ;
; SW[2]      ; HEX3[0]     ; 9.245  ;        ;        ; 9.245  ;
; SW[2]      ; HEX3[1]     ; 9.572  ; 9.572  ; 9.572  ; 9.572  ;
; SW[2]      ; HEX3[2]     ; 9.572  ; 9.572  ; 9.572  ; 9.572  ;
; SW[2]      ; HEX3[3]     ; 7.828  ;        ;        ; 7.828  ;
; SW[2]      ; HEX3[4]     ; 10.085 ;        ;        ; 10.085 ;
; SW[2]      ; HEX3[5]     ; 9.746  ;        ;        ; 9.746  ;
; SW[2]      ; HEX4[0]     ; 12.921 ; 12.921 ; 12.921 ; 12.921 ;
; SW[2]      ; HEX4[3]     ; 12.464 ; 12.464 ; 12.464 ; 12.464 ;
; SW[2]      ; HEX4[4]     ; 12.838 ;        ;        ; 12.838 ;
; SW[2]      ; HEX4[5]     ; 12.838 ;        ;        ; 12.838 ;
; SW[2]      ; HEX4[6]     ; 11.268 ;        ;        ; 11.268 ;
; SW[3]      ; HEX0[0]     ; 7.400  ;        ;        ; 7.400  ;
; SW[3]      ; HEX0[3]     ; 10.924 ;        ;        ; 10.924 ;
; SW[3]      ; HEX0[4]     ; 12.568 ;        ;        ; 12.568 ;
; SW[3]      ; HEX0[5]     ; 12.558 ;        ;        ; 12.558 ;
; SW[3]      ; HEX0[6]     ; 10.047 ; 10.047 ; 10.047 ; 10.047 ;
; SW[3]      ; HEX1[0]     ;        ; 8.888  ; 8.888  ;        ;
; SW[3]      ; HEX1[1]     ; 8.882  ; 8.882  ; 8.882  ; 8.882  ;
; SW[3]      ; HEX1[2]     ; 8.709  ; 8.709  ; 8.709  ; 8.709  ;
; SW[3]      ; HEX1[3]     ; 8.697  ; 8.697  ; 8.697  ; 8.697  ;
; SW[3]      ; HEX1[4]     ; 8.948  ;        ;        ; 8.948  ;
; SW[3]      ; HEX1[5]     ; 9.233  ;        ;        ; 9.233  ;
; SW[3]      ; HEX2[0]     ; 8.699  ;        ;        ; 8.699  ;
; SW[3]      ; HEX2[3]     ; 8.444  ;        ;        ; 8.444  ;
; SW[3]      ; HEX2[4]     ; 9.245  ;        ;        ; 9.245  ;
; SW[3]      ; HEX2[5]     ; 9.245  ;        ;        ; 9.245  ;
; SW[3]      ; HEX2[6]     ; 8.451  ; 8.451  ; 8.451  ; 8.451  ;
; SW[3]      ; HEX3[0]     ; 8.412  ; 8.412  ; 8.412  ; 8.412  ;
; SW[3]      ; HEX3[1]     ; 8.739  ; 8.739  ; 8.739  ; 8.739  ;
; SW[3]      ; HEX3[2]     ; 8.739  ; 8.739  ; 8.739  ; 8.739  ;
; SW[3]      ; HEX3[4]     ; 9.251  ;        ;        ; 9.251  ;
; SW[3]      ; HEX3[5]     ; 8.912  ;        ;        ; 8.912  ;
; SW[3]      ; HEX3[6]     ; 8.915  ;        ;        ; 8.915  ;
; SW[3]      ; HEX4[0]     ; 12.088 ; 12.088 ; 12.088 ; 12.088 ;
; SW[3]      ; HEX4[1]     ; 10.709 ;        ;        ; 10.709 ;
; SW[3]      ; HEX4[2]     ; 10.709 ;        ;        ; 10.709 ;
; SW[3]      ; HEX4[3]     ; 11.631 ; 11.631 ; 11.631 ; 11.631 ;
; SW[3]      ; HEX4[4]     ; 12.004 ;        ;        ; 12.004 ;
; SW[3]      ; HEX4[5]     ; 12.004 ;        ;        ; 12.004 ;
; SW[4]      ; HEX0[1]     ; 11.388 ;        ;        ; 11.388 ;
; SW[4]      ; HEX0[2]     ; 11.398 ;        ;        ; 11.398 ;
; SW[4]      ; HEX0[3]     ; 11.309 ; 11.309 ; 11.309 ; 11.309 ;
; SW[4]      ; HEX0[4]     ; 12.948 ;        ;        ; 12.948 ;
; SW[4]      ; HEX0[5]     ; 12.938 ;        ;        ; 12.938 ;
; SW[4]      ; HEX0[6]     ; 10.430 ; 10.430 ; 10.430 ; 10.430 ;
; SW[4]      ; HEX1[1]     ; 9.265  ; 9.265  ; 9.265  ; 9.265  ;
; SW[4]      ; HEX1[2]     ; 9.092  ; 9.092  ; 9.092  ; 9.092  ;
; SW[4]      ; HEX1[3]     ; 9.077  ;        ;        ; 9.077  ;
; SW[4]      ; HEX1[4]     ; 9.328  ;        ;        ; 9.328  ;
; SW[4]      ; HEX1[5]     ; 9.613  ;        ;        ; 9.613  ;
; SW[4]      ; HEX1[6]     ;        ; 9.136  ; 9.136  ;        ;
; SW[4]      ; HEX2[0]     ; 9.108  ; 9.108  ; 9.108  ; 9.108  ;
; SW[4]      ; HEX2[1]     ;        ; 9.091  ; 9.091  ;        ;
; SW[4]      ; HEX2[2]     ;        ; 9.131  ; 9.131  ;        ;
; SW[4]      ; HEX2[3]     ; 8.828  ;        ;        ; 8.828  ;
; SW[4]      ; HEX2[4]     ; 9.625  ;        ;        ; 9.625  ;
; SW[4]      ; HEX2[5]     ; 9.625  ;        ;        ; 9.625  ;
; SW[4]      ; HEX2[6]     ; 8.830  ; 8.830  ; 8.830  ; 8.830  ;
; SW[4]      ; HEX3[0]     ; 8.791  ; 8.791  ; 8.791  ; 8.791  ;
; SW[4]      ; HEX3[1]     ; 9.118  ; 9.118  ; 9.118  ; 9.118  ;
; SW[4]      ; HEX3[2]     ; 9.118  ; 9.118  ; 9.118  ; 9.118  ;
; SW[4]      ; HEX3[4]     ; 9.631  ;        ;        ; 9.631  ;
; SW[4]      ; HEX3[5]     ; 9.292  ;        ;        ; 9.292  ;
; SW[4]      ; HEX3[6]     ; 9.328  ;        ;        ; 9.328  ;
; SW[4]      ; HEX4[0]     ; 12.476 ;        ;        ; 12.476 ;
; SW[4]      ; HEX4[1]     ; 11.122 ;        ;        ; 11.122 ;
; SW[4]      ; HEX4[2]     ; 11.122 ;        ;        ; 11.122 ;
; SW[4]      ; HEX4[3]     ; 12.013 ; 12.013 ; 12.013 ; 12.013 ;
; SW[4]      ; HEX4[4]     ; 12.384 ;        ;        ; 12.384 ;
; SW[4]      ; HEX4[5]     ; 12.384 ;        ;        ; 12.384 ;
; SW[4]      ; HEX4[6]     ; 10.811 ;        ;        ; 10.811 ;
; SW[5]      ; HEX0[0]     ; 7.414  ;        ;        ; 7.414  ;
; SW[5]      ; HEX0[1]     ; 11.421 ;        ;        ; 11.421 ;
; SW[5]      ; HEX0[2]     ; 11.431 ;        ;        ; 11.431 ;
; SW[5]      ; HEX0[3]     ; 11.330 ;        ;        ; 11.330 ;
; SW[5]      ; HEX0[4]     ; 12.978 ;        ;        ; 12.978 ;
; SW[5]      ; HEX0[5]     ; 12.968 ;        ;        ; 12.968 ;
; SW[5]      ; HEX0[6]     ; 10.416 ;        ;        ; 10.416 ;
; SW[5]      ; HEX1[0]     ; 9.258  ;        ;        ; 9.258  ;
; SW[5]      ; HEX1[1]     ; 9.251  ;        ;        ; 9.251  ;
; SW[5]      ; HEX1[2]     ; 9.078  ;        ;        ; 9.078  ;
; SW[5]      ; HEX1[3]     ; 9.106  ;        ;        ; 9.106  ;
; SW[5]      ; HEX1[4]     ; 9.358  ;        ;        ; 9.358  ;
; SW[5]      ; HEX1[5]     ; 9.643  ;        ;        ; 9.643  ;
; SW[5]      ; HEX1[6]     ; 9.121  ;        ;        ; 9.121  ;
; SW[5]      ; HEX2[0]     ; 9.138  ; 9.138  ; 9.138  ; 9.138  ;
; SW[5]      ; HEX2[1]     ; 9.076  ;        ;        ; 9.076  ;
; SW[5]      ; HEX2[2]     ; 9.116  ;        ;        ; 9.116  ;
; SW[5]      ; HEX2[3]     ; 8.856  ;        ;        ; 8.856  ;
; SW[5]      ; HEX2[4]     ; 9.655  ;        ;        ; 9.655  ;
; SW[5]      ; HEX2[5]     ; 9.655  ;        ;        ; 9.655  ;
; SW[5]      ; HEX2[6]     ; 8.860  ; 8.860  ; 8.860  ; 8.860  ;
; SW[5]      ; HEX3[0]     ; 8.821  ;        ;        ; 8.821  ;
; SW[5]      ; HEX3[1]     ; 9.148  ; 9.148  ; 9.148  ; 9.148  ;
; SW[5]      ; HEX3[2]     ; 9.148  ; 9.148  ; 9.148  ; 9.148  ;
; SW[5]      ; HEX3[3]     ; 7.404  ;        ;        ; 7.404  ;
; SW[5]      ; HEX3[4]     ; 9.661  ;        ;        ; 9.661  ;
; SW[5]      ; HEX3[5]     ; 9.322  ;        ;        ; 9.322  ;
; SW[5]      ; HEX4[0]     ; 12.497 ; 12.497 ; 12.497 ; 12.497 ;
; SW[5]      ; HEX4[3]     ; 12.040 ; 12.040 ; 12.040 ; 12.040 ;
; SW[5]      ; HEX4[4]     ; 12.414 ;        ;        ; 12.414 ;
; SW[5]      ; HEX4[5]     ; 12.414 ;        ;        ; 12.414 ;
; SW[5]      ; HEX4[6]     ; 10.844 ;        ;        ; 10.844 ;
; SW[6]      ; HEX0[0]     ; 7.613  ; 7.613  ; 7.613  ; 7.613  ;
; SW[6]      ; HEX0[3]     ; 11.137 ; 11.137 ; 11.137 ; 11.137 ;
; SW[6]      ; HEX0[4]     ; 12.781 ; 12.781 ; 12.781 ; 12.781 ;
; SW[6]      ; HEX0[5]     ; 12.771 ; 12.771 ; 12.771 ; 12.771 ;
; SW[6]      ; HEX0[6]     ; 10.260 ; 10.260 ; 10.260 ; 10.260 ;
; SW[6]      ; HEX1[0]     ; 9.101  ; 9.101  ; 9.101  ; 9.101  ;
; SW[6]      ; HEX1[1]     ; 9.095  ; 9.095  ; 9.095  ; 9.095  ;
; SW[6]      ; HEX1[2]     ; 8.922  ; 8.922  ; 8.922  ; 8.922  ;
; SW[6]      ; HEX1[3]     ; 8.910  ; 8.910  ; 8.910  ; 8.910  ;
; SW[6]      ; HEX1[4]     ; 9.161  ; 9.161  ; 9.161  ; 9.161  ;
; SW[6]      ; HEX1[5]     ; 9.446  ; 9.446  ; 9.446  ; 9.446  ;
; SW[6]      ; HEX2[0]     ; 8.912  ; 8.912  ; 8.912  ; 8.912  ;
; SW[6]      ; HEX2[3]     ; 8.657  ; 8.657  ; 8.657  ; 8.657  ;
; SW[6]      ; HEX2[4]     ; 9.458  ; 9.458  ; 9.458  ; 9.458  ;
; SW[6]      ; HEX2[5]     ; 9.458  ; 9.458  ; 9.458  ; 9.458  ;
; SW[6]      ; HEX2[6]     ; 8.664  ; 8.664  ; 8.664  ; 8.664  ;
; SW[6]      ; HEX3[0]     ; 8.625  ; 8.625  ; 8.625  ; 8.625  ;
; SW[6]      ; HEX3[1]     ; 8.952  ; 8.952  ; 8.952  ; 8.952  ;
; SW[6]      ; HEX3[2]     ; 8.952  ; 8.952  ; 8.952  ; 8.952  ;
; SW[6]      ; HEX3[4]     ; 9.464  ; 9.464  ; 9.464  ; 9.464  ;
; SW[6]      ; HEX3[5]     ; 9.125  ; 9.125  ; 9.125  ; 9.125  ;
; SW[6]      ; HEX3[6]     ; 9.128  ; 9.128  ; 9.128  ; 9.128  ;
; SW[6]      ; HEX4[0]     ; 12.301 ; 12.301 ; 12.301 ; 12.301 ;
; SW[6]      ; HEX4[1]     ; 10.922 ; 10.922 ; 10.922 ; 10.922 ;
; SW[6]      ; HEX4[2]     ; 10.922 ; 10.922 ; 10.922 ; 10.922 ;
; SW[6]      ; HEX4[3]     ; 11.844 ; 11.844 ; 11.844 ; 11.844 ;
; SW[6]      ; HEX4[4]     ; 12.217 ; 12.217 ; 12.217 ; 12.217 ;
; SW[6]      ; HEX4[5]     ; 12.217 ; 12.217 ; 12.217 ; 12.217 ;
; SW[7]      ; HEX0[1]     ; 12.330 ;        ;        ; 12.330 ;
; SW[7]      ; HEX0[2]     ; 12.340 ;        ;        ; 12.340 ;
; SW[7]      ; HEX0[3]     ; 12.251 ; 12.251 ; 12.251 ; 12.251 ;
; SW[7]      ; HEX0[4]     ; 13.890 ;        ;        ; 13.890 ;
; SW[7]      ; HEX0[5]     ; 13.880 ;        ;        ; 13.880 ;
; SW[7]      ; HEX0[6]     ; 11.372 ; 11.372 ; 11.372 ; 11.372 ;
; SW[7]      ; HEX1[1]     ; 10.207 ; 10.207 ; 10.207 ; 10.207 ;
; SW[7]      ; HEX1[2]     ; 10.034 ; 10.034 ; 10.034 ; 10.034 ;
; SW[7]      ; HEX1[3]     ; 10.019 ;        ;        ; 10.019 ;
; SW[7]      ; HEX1[4]     ; 10.270 ;        ;        ; 10.270 ;
; SW[7]      ; HEX1[5]     ; 10.555 ;        ;        ; 10.555 ;
; SW[7]      ; HEX1[6]     ;        ; 10.078 ; 10.078 ;        ;
; SW[7]      ; HEX2[0]     ; 10.050 ; 10.050 ; 10.050 ; 10.050 ;
; SW[7]      ; HEX2[1]     ;        ; 10.033 ; 10.033 ;        ;
; SW[7]      ; HEX2[2]     ;        ; 10.073 ; 10.073 ;        ;
; SW[7]      ; HEX2[3]     ; 9.770  ;        ;        ; 9.770  ;
; SW[7]      ; HEX2[4]     ; 10.567 ;        ;        ; 10.567 ;
; SW[7]      ; HEX2[5]     ; 10.567 ;        ;        ; 10.567 ;
; SW[7]      ; HEX2[6]     ; 9.772  ; 9.772  ; 9.772  ; 9.772  ;
; SW[7]      ; HEX3[0]     ; 9.733  ; 9.733  ; 9.733  ; 9.733  ;
; SW[7]      ; HEX3[1]     ; 10.060 ; 10.060 ; 10.060 ; 10.060 ;
; SW[7]      ; HEX3[2]     ; 10.060 ; 10.060 ; 10.060 ; 10.060 ;
; SW[7]      ; HEX3[4]     ; 10.573 ;        ;        ; 10.573 ;
; SW[7]      ; HEX3[5]     ; 10.234 ;        ;        ; 10.234 ;
; SW[7]      ; HEX3[6]     ; 10.270 ;        ;        ; 10.270 ;
; SW[7]      ; HEX4[0]     ; 13.418 ;        ;        ; 13.418 ;
; SW[7]      ; HEX4[1]     ; 12.064 ;        ;        ; 12.064 ;
; SW[7]      ; HEX4[2]     ; 12.064 ;        ;        ; 12.064 ;
; SW[7]      ; HEX4[3]     ; 12.955 ; 12.955 ; 12.955 ; 12.955 ;
; SW[7]      ; HEX4[4]     ; 13.326 ;        ;        ; 13.326 ;
; SW[7]      ; HEX4[5]     ; 13.326 ;        ;        ; 13.326 ;
; SW[7]      ; HEX4[6]     ; 11.753 ;        ;        ; 11.753 ;
; SW[8]      ; HEX0[0]     ; 8.042  ;        ;        ; 8.042  ;
; SW[8]      ; HEX0[1]     ; 12.049 ;        ;        ; 12.049 ;
; SW[8]      ; HEX0[2]     ; 12.059 ;        ;        ; 12.059 ;
; SW[8]      ; HEX0[3]     ; 11.958 ;        ;        ; 11.958 ;
; SW[8]      ; HEX0[4]     ; 13.606 ;        ;        ; 13.606 ;
; SW[8]      ; HEX0[5]     ; 13.596 ;        ;        ; 13.596 ;
; SW[8]      ; HEX0[6]     ; 11.044 ;        ;        ; 11.044 ;
; SW[8]      ; HEX1[0]     ; 9.886  ;        ;        ; 9.886  ;
; SW[8]      ; HEX1[1]     ; 9.879  ;        ;        ; 9.879  ;
; SW[8]      ; HEX1[2]     ; 9.706  ;        ;        ; 9.706  ;
; SW[8]      ; HEX1[3]     ; 9.734  ;        ;        ; 9.734  ;
; SW[8]      ; HEX1[4]     ; 9.986  ;        ;        ; 9.986  ;
; SW[8]      ; HEX1[5]     ; 10.271 ;        ;        ; 10.271 ;
; SW[8]      ; HEX1[6]     ; 9.749  ;        ;        ; 9.749  ;
; SW[8]      ; HEX2[0]     ; 9.766  ; 9.766  ; 9.766  ; 9.766  ;
; SW[8]      ; HEX2[1]     ; 9.704  ;        ;        ; 9.704  ;
; SW[8]      ; HEX2[2]     ; 9.744  ;        ;        ; 9.744  ;
; SW[8]      ; HEX2[3]     ; 9.484  ;        ;        ; 9.484  ;
; SW[8]      ; HEX2[4]     ; 10.283 ;        ;        ; 10.283 ;
; SW[8]      ; HEX2[5]     ; 10.283 ;        ;        ; 10.283 ;
; SW[8]      ; HEX2[6]     ; 9.488  ; 9.488  ; 9.488  ; 9.488  ;
; SW[8]      ; HEX3[0]     ; 9.449  ;        ;        ; 9.449  ;
; SW[8]      ; HEX3[1]     ; 9.776  ; 9.776  ; 9.776  ; 9.776  ;
; SW[8]      ; HEX3[2]     ; 9.776  ; 9.776  ; 9.776  ; 9.776  ;
; SW[8]      ; HEX3[3]     ; 8.032  ;        ;        ; 8.032  ;
; SW[8]      ; HEX3[4]     ; 10.289 ;        ;        ; 10.289 ;
; SW[8]      ; HEX3[5]     ; 9.950  ;        ;        ; 9.950  ;
; SW[8]      ; HEX4[0]     ; 13.125 ; 13.125 ; 13.125 ; 13.125 ;
; SW[8]      ; HEX4[3]     ; 12.668 ; 12.668 ; 12.668 ; 12.668 ;
; SW[8]      ; HEX4[4]     ; 13.042 ;        ;        ; 13.042 ;
; SW[8]      ; HEX4[5]     ; 13.042 ;        ;        ; 13.042 ;
; SW[8]      ; HEX4[6]     ; 11.472 ;        ;        ; 11.472 ;
; SW[9]      ; HEX0[0]     ; 8.376  ;        ;        ; 8.376  ;
; SW[9]      ; HEX0[3]     ; 11.900 ;        ;        ; 11.900 ;
; SW[9]      ; HEX0[4]     ; 13.544 ;        ;        ; 13.544 ;
; SW[9]      ; HEX0[5]     ; 13.534 ;        ;        ; 13.534 ;
; SW[9]      ; HEX0[6]     ; 11.023 ; 11.023 ; 11.023 ; 11.023 ;
; SW[9]      ; HEX1[0]     ;        ; 9.864  ; 9.864  ;        ;
; SW[9]      ; HEX1[1]     ; 9.858  ; 9.858  ; 9.858  ; 9.858  ;
; SW[9]      ; HEX1[2]     ; 9.685  ; 9.685  ; 9.685  ; 9.685  ;
; SW[9]      ; HEX1[3]     ; 9.673  ; 9.673  ; 9.673  ; 9.673  ;
; SW[9]      ; HEX1[4]     ; 9.924  ;        ;        ; 9.924  ;
; SW[9]      ; HEX1[5]     ; 10.209 ;        ;        ; 10.209 ;
; SW[9]      ; HEX2[0]     ; 9.675  ;        ;        ; 9.675  ;
; SW[9]      ; HEX2[3]     ; 9.420  ;        ;        ; 9.420  ;
; SW[9]      ; HEX2[4]     ; 10.221 ;        ;        ; 10.221 ;
; SW[9]      ; HEX2[5]     ; 10.221 ;        ;        ; 10.221 ;
; SW[9]      ; HEX2[6]     ; 9.427  ; 9.427  ; 9.427  ; 9.427  ;
; SW[9]      ; HEX3[0]     ; 9.388  ; 9.388  ; 9.388  ; 9.388  ;
; SW[9]      ; HEX3[1]     ; 9.715  ; 9.715  ; 9.715  ; 9.715  ;
; SW[9]      ; HEX3[2]     ; 9.715  ; 9.715  ; 9.715  ; 9.715  ;
; SW[9]      ; HEX3[4]     ; 10.227 ;        ;        ; 10.227 ;
; SW[9]      ; HEX3[5]     ; 9.888  ;        ;        ; 9.888  ;
; SW[9]      ; HEX3[6]     ; 9.891  ;        ;        ; 9.891  ;
; SW[9]      ; HEX4[0]     ; 13.064 ; 13.064 ; 13.064 ; 13.064 ;
; SW[9]      ; HEX4[1]     ; 11.685 ;        ;        ; 11.685 ;
; SW[9]      ; HEX4[2]     ; 11.685 ;        ;        ; 11.685 ;
; SW[9]      ; HEX4[3]     ; 12.607 ; 12.607 ; 12.607 ; 12.607 ;
; SW[9]      ; HEX4[4]     ; 12.980 ;        ;        ; 12.980 ;
; SW[9]      ; HEX4[5]     ; 12.980 ;        ;        ; 12.980 ;
; SW[10]     ; HEX0[1]     ; 12.606 ; 12.606 ; 12.606 ; 12.606 ;
; SW[10]     ; HEX0[2]     ; 12.616 ; 12.616 ; 12.616 ; 12.616 ;
; SW[10]     ; HEX0[3]     ; 12.527 ; 12.527 ; 12.527 ; 12.527 ;
; SW[10]     ; HEX0[4]     ; 14.166 ; 14.166 ; 14.166 ; 14.166 ;
; SW[10]     ; HEX0[5]     ; 14.156 ; 14.156 ; 14.156 ; 14.156 ;
; SW[10]     ; HEX0[6]     ; 11.648 ; 11.648 ; 11.648 ; 11.648 ;
; SW[10]     ; HEX1[1]     ; 10.483 ; 10.483 ; 10.483 ; 10.483 ;
; SW[10]     ; HEX1[2]     ; 10.310 ; 10.310 ; 10.310 ; 10.310 ;
; SW[10]     ; HEX1[3]     ; 10.295 ; 10.295 ; 10.295 ; 10.295 ;
; SW[10]     ; HEX1[4]     ; 10.546 ; 10.546 ; 10.546 ; 10.546 ;
; SW[10]     ; HEX1[5]     ; 10.831 ; 10.831 ; 10.831 ; 10.831 ;
; SW[10]     ; HEX1[6]     ; 10.354 ; 10.354 ; 10.354 ; 10.354 ;
; SW[10]     ; HEX2[0]     ; 10.326 ; 10.326 ; 10.326 ; 10.326 ;
; SW[10]     ; HEX2[1]     ; 10.309 ; 10.309 ; 10.309 ; 10.309 ;
; SW[10]     ; HEX2[2]     ; 10.349 ; 10.349 ; 10.349 ; 10.349 ;
; SW[10]     ; HEX2[3]     ; 10.046 ; 10.046 ; 10.046 ; 10.046 ;
; SW[10]     ; HEX2[4]     ; 10.843 ; 10.843 ; 10.843 ; 10.843 ;
; SW[10]     ; HEX2[5]     ; 10.843 ; 10.843 ; 10.843 ; 10.843 ;
; SW[10]     ; HEX2[6]     ; 10.048 ; 10.048 ; 10.048 ; 10.048 ;
; SW[10]     ; HEX3[0]     ; 10.009 ; 10.009 ; 10.009 ; 10.009 ;
; SW[10]     ; HEX3[1]     ; 10.336 ; 10.336 ; 10.336 ; 10.336 ;
; SW[10]     ; HEX3[2]     ; 10.336 ; 10.336 ; 10.336 ; 10.336 ;
; SW[10]     ; HEX3[4]     ; 10.849 ; 10.849 ; 10.849 ; 10.849 ;
; SW[10]     ; HEX3[5]     ; 10.510 ; 10.510 ; 10.510 ; 10.510 ;
; SW[10]     ; HEX3[6]     ; 10.546 ; 10.546 ; 10.546 ; 10.546 ;
; SW[10]     ; HEX4[0]     ; 13.694 ; 13.694 ; 13.694 ; 13.694 ;
; SW[10]     ; HEX4[1]     ; 12.340 ; 12.340 ; 12.340 ; 12.340 ;
; SW[10]     ; HEX4[2]     ; 12.340 ; 12.340 ; 12.340 ; 12.340 ;
; SW[10]     ; HEX4[3]     ; 13.231 ; 13.231 ; 13.231 ; 13.231 ;
; SW[10]     ; HEX4[4]     ; 13.602 ; 13.602 ; 13.602 ; 13.602 ;
; SW[10]     ; HEX4[5]     ; 13.602 ; 13.602 ; 13.602 ; 13.602 ;
; SW[10]     ; HEX4[6]     ; 12.029 ; 12.029 ; 12.029 ; 12.029 ;
; SW[11]     ; HEX0[0]     ; 8.834  ; 8.834  ; 8.834  ; 8.834  ;
; SW[11]     ; HEX0[1]     ; 12.841 ; 12.841 ; 12.841 ; 12.841 ;
; SW[11]     ; HEX0[2]     ; 12.851 ; 12.851 ; 12.851 ; 12.851 ;
; SW[11]     ; HEX0[3]     ; 12.750 ; 12.750 ; 12.750 ; 12.750 ;
; SW[11]     ; HEX0[4]     ; 14.398 ; 14.398 ; 14.398 ; 14.398 ;
; SW[11]     ; HEX0[5]     ; 14.388 ; 14.388 ; 14.388 ; 14.388 ;
; SW[11]     ; HEX0[6]     ; 11.836 ; 11.836 ; 11.836 ; 11.836 ;
; SW[11]     ; HEX1[0]     ; 10.678 ; 10.678 ; 10.678 ; 10.678 ;
; SW[11]     ; HEX1[1]     ; 10.671 ; 10.671 ; 10.671 ; 10.671 ;
; SW[11]     ; HEX1[2]     ; 10.498 ; 10.498 ; 10.498 ; 10.498 ;
; SW[11]     ; HEX1[3]     ; 10.526 ; 10.526 ; 10.526 ; 10.526 ;
; SW[11]     ; HEX1[4]     ; 10.778 ; 10.778 ; 10.778 ; 10.778 ;
; SW[11]     ; HEX1[5]     ; 11.063 ; 11.063 ; 11.063 ; 11.063 ;
; SW[11]     ; HEX1[6]     ; 10.541 ; 10.541 ; 10.541 ; 10.541 ;
; SW[11]     ; HEX2[0]     ; 10.558 ; 10.558 ; 10.558 ; 10.558 ;
; SW[11]     ; HEX2[1]     ; 10.496 ; 10.496 ; 10.496 ; 10.496 ;
; SW[11]     ; HEX2[2]     ; 10.536 ; 10.536 ; 10.536 ; 10.536 ;
; SW[11]     ; HEX2[3]     ; 10.276 ; 10.276 ; 10.276 ; 10.276 ;
; SW[11]     ; HEX2[4]     ; 11.075 ; 11.075 ; 11.075 ; 11.075 ;
; SW[11]     ; HEX2[5]     ; 11.075 ; 11.075 ; 11.075 ; 11.075 ;
; SW[11]     ; HEX2[6]     ; 10.280 ; 10.280 ; 10.280 ; 10.280 ;
; SW[11]     ; HEX3[0]     ; 10.241 ; 10.241 ; 10.241 ; 10.241 ;
; SW[11]     ; HEX3[1]     ; 10.568 ; 10.568 ; 10.568 ; 10.568 ;
; SW[11]     ; HEX3[2]     ; 10.568 ; 10.568 ; 10.568 ; 10.568 ;
; SW[11]     ; HEX3[3]     ; 8.824  ; 8.824  ; 8.824  ; 8.824  ;
; SW[11]     ; HEX3[4]     ; 11.081 ; 11.081 ; 11.081 ; 11.081 ;
; SW[11]     ; HEX3[5]     ; 10.742 ; 10.742 ; 10.742 ; 10.742 ;
; SW[11]     ; HEX4[0]     ; 13.917 ; 13.917 ; 13.917 ; 13.917 ;
; SW[11]     ; HEX4[3]     ; 13.460 ; 13.460 ; 13.460 ; 13.460 ;
; SW[11]     ; HEX4[4]     ; 13.834 ; 13.834 ; 13.834 ; 13.834 ;
; SW[11]     ; HEX4[5]     ; 13.834 ; 13.834 ; 13.834 ; 13.834 ;
; SW[11]     ; HEX4[6]     ; 12.264 ; 12.264 ; 12.264 ; 12.264 ;
; SW[12]     ; HEX0[0]     ; 9.049  ; 9.049  ; 9.049  ; 9.049  ;
; SW[12]     ; HEX0[3]     ; 12.573 ; 12.573 ; 12.573 ; 12.573 ;
; SW[12]     ; HEX0[4]     ; 14.217 ; 14.217 ; 14.217 ; 14.217 ;
; SW[12]     ; HEX0[5]     ; 14.207 ; 14.207 ; 14.207 ; 14.207 ;
; SW[12]     ; HEX0[6]     ; 11.696 ; 11.696 ; 11.696 ; 11.696 ;
; SW[12]     ; HEX1[0]     ; 10.537 ; 10.537 ; 10.537 ; 10.537 ;
; SW[12]     ; HEX1[1]     ; 10.531 ; 10.531 ; 10.531 ; 10.531 ;
; SW[12]     ; HEX1[2]     ; 10.358 ; 10.358 ; 10.358 ; 10.358 ;
; SW[12]     ; HEX1[3]     ; 10.346 ; 10.346 ; 10.346 ; 10.346 ;
; SW[12]     ; HEX1[4]     ; 10.597 ; 10.597 ; 10.597 ; 10.597 ;
; SW[12]     ; HEX1[5]     ; 10.882 ; 10.882 ; 10.882 ; 10.882 ;
; SW[12]     ; HEX2[0]     ; 10.348 ; 10.348 ; 10.348 ; 10.348 ;
; SW[12]     ; HEX2[3]     ; 10.093 ; 10.093 ; 10.093 ; 10.093 ;
; SW[12]     ; HEX2[4]     ; 10.894 ; 10.894 ; 10.894 ; 10.894 ;
; SW[12]     ; HEX2[5]     ; 10.894 ; 10.894 ; 10.894 ; 10.894 ;
; SW[12]     ; HEX2[6]     ; 10.100 ; 10.100 ; 10.100 ; 10.100 ;
; SW[12]     ; HEX3[0]     ; 10.061 ; 10.061 ; 10.061 ; 10.061 ;
; SW[12]     ; HEX3[1]     ; 10.388 ; 10.388 ; 10.388 ; 10.388 ;
; SW[12]     ; HEX3[2]     ; 10.388 ; 10.388 ; 10.388 ; 10.388 ;
; SW[12]     ; HEX3[4]     ; 10.900 ; 10.900 ; 10.900 ; 10.900 ;
; SW[12]     ; HEX3[5]     ; 10.561 ; 10.561 ; 10.561 ; 10.561 ;
; SW[12]     ; HEX3[6]     ; 10.564 ; 10.564 ; 10.564 ; 10.564 ;
; SW[12]     ; HEX4[0]     ; 13.737 ; 13.737 ; 13.737 ; 13.737 ;
; SW[12]     ; HEX4[1]     ; 12.358 ; 12.358 ; 12.358 ; 12.358 ;
; SW[12]     ; HEX4[2]     ; 12.358 ; 12.358 ; 12.358 ; 12.358 ;
; SW[12]     ; HEX4[3]     ; 13.280 ; 13.280 ; 13.280 ; 13.280 ;
; SW[12]     ; HEX4[4]     ; 13.653 ; 13.653 ; 13.653 ; 13.653 ;
; SW[12]     ; HEX4[5]     ; 13.653 ; 13.653 ; 13.653 ; 13.653 ;
; SW[13]     ; HEX0[1]     ; 16.510 ; 16.510 ; 16.510 ; 16.510 ;
; SW[13]     ; HEX0[2]     ; 16.520 ; 16.520 ; 16.520 ; 16.520 ;
; SW[13]     ; HEX0[3]     ; 16.431 ; 16.431 ; 16.431 ; 16.431 ;
; SW[13]     ; HEX0[4]     ; 18.070 ; 18.070 ; 18.070 ; 18.070 ;
; SW[13]     ; HEX0[5]     ; 18.060 ; 18.060 ; 18.060 ; 18.060 ;
; SW[13]     ; HEX0[6]     ; 15.552 ; 15.552 ; 15.552 ; 15.552 ;
; SW[13]     ; HEX1[1]     ; 14.387 ; 14.387 ; 14.387 ; 14.387 ;
; SW[13]     ; HEX1[2]     ; 14.214 ; 14.214 ; 14.214 ; 14.214 ;
; SW[13]     ; HEX1[3]     ; 14.199 ; 14.199 ; 14.199 ; 14.199 ;
; SW[13]     ; HEX1[4]     ; 14.450 ; 14.450 ; 14.450 ; 14.450 ;
; SW[13]     ; HEX1[5]     ; 14.735 ; 14.735 ; 14.735 ; 14.735 ;
; SW[13]     ; HEX1[6]     ; 14.258 ; 14.258 ; 14.258 ; 14.258 ;
; SW[13]     ; HEX2[0]     ; 14.230 ; 14.230 ; 14.230 ; 14.230 ;
; SW[13]     ; HEX2[1]     ; 14.213 ; 14.213 ; 14.213 ; 14.213 ;
; SW[13]     ; HEX2[2]     ; 14.253 ; 14.253 ; 14.253 ; 14.253 ;
; SW[13]     ; HEX2[3]     ; 13.950 ; 13.950 ; 13.950 ; 13.950 ;
; SW[13]     ; HEX2[4]     ; 14.747 ; 14.747 ; 14.747 ; 14.747 ;
; SW[13]     ; HEX2[5]     ; 14.747 ; 14.747 ; 14.747 ; 14.747 ;
; SW[13]     ; HEX2[6]     ; 13.952 ; 13.952 ; 13.952 ; 13.952 ;
; SW[13]     ; HEX3[0]     ; 13.913 ; 13.913 ; 13.913 ; 13.913 ;
; SW[13]     ; HEX3[1]     ; 14.240 ; 14.240 ; 14.240 ; 14.240 ;
; SW[13]     ; HEX3[2]     ; 14.240 ; 14.240 ; 14.240 ; 14.240 ;
; SW[13]     ; HEX3[4]     ; 14.753 ; 14.753 ; 14.753 ; 14.753 ;
; SW[13]     ; HEX3[5]     ; 14.414 ; 14.414 ; 14.414 ; 14.414 ;
; SW[13]     ; HEX3[6]     ; 14.450 ; 14.450 ; 14.450 ; 14.450 ;
; SW[13]     ; HEX4[0]     ; 17.598 ; 17.598 ; 17.598 ; 17.598 ;
; SW[13]     ; HEX4[1]     ; 16.244 ; 16.244 ; 16.244 ; 16.244 ;
; SW[13]     ; HEX4[2]     ; 16.244 ; 16.244 ; 16.244 ; 16.244 ;
; SW[13]     ; HEX4[3]     ; 17.135 ; 17.135 ; 17.135 ; 17.135 ;
; SW[13]     ; HEX4[4]     ; 17.506 ; 17.506 ; 17.506 ; 17.506 ;
; SW[13]     ; HEX4[5]     ; 17.506 ; 17.506 ; 17.506 ; 17.506 ;
; SW[13]     ; HEX4[6]     ; 15.933 ; 15.933 ; 15.933 ; 15.933 ;
; SW[14]     ; HEX0[0]     ; 12.346 ; 12.346 ; 12.346 ; 12.346 ;
; SW[14]     ; HEX0[1]     ; 16.353 ; 16.353 ; 16.353 ; 16.353 ;
; SW[14]     ; HEX0[2]     ; 16.363 ; 16.363 ; 16.363 ; 16.363 ;
; SW[14]     ; HEX0[3]     ; 16.262 ; 16.262 ; 16.262 ; 16.262 ;
; SW[14]     ; HEX0[4]     ; 17.910 ; 17.910 ; 17.910 ; 17.910 ;
; SW[14]     ; HEX0[5]     ; 17.900 ; 17.900 ; 17.900 ; 17.900 ;
; SW[14]     ; HEX0[6]     ; 15.348 ; 15.348 ; 15.348 ; 15.348 ;
; SW[14]     ; HEX1[0]     ; 14.190 ; 14.190 ; 14.190 ; 14.190 ;
; SW[14]     ; HEX1[1]     ; 14.183 ; 14.183 ; 14.183 ; 14.183 ;
; SW[14]     ; HEX1[2]     ; 14.010 ; 14.010 ; 14.010 ; 14.010 ;
; SW[14]     ; HEX1[3]     ; 14.038 ; 14.038 ; 14.038 ; 14.038 ;
; SW[14]     ; HEX1[4]     ; 14.290 ; 14.290 ; 14.290 ; 14.290 ;
; SW[14]     ; HEX1[5]     ; 14.575 ; 14.575 ; 14.575 ; 14.575 ;
; SW[14]     ; HEX1[6]     ; 14.053 ; 14.053 ; 14.053 ; 14.053 ;
; SW[14]     ; HEX2[0]     ; 14.070 ; 14.070 ; 14.070 ; 14.070 ;
; SW[14]     ; HEX2[1]     ; 14.008 ; 14.008 ; 14.008 ; 14.008 ;
; SW[14]     ; HEX2[2]     ; 14.048 ; 14.048 ; 14.048 ; 14.048 ;
; SW[14]     ; HEX2[3]     ; 13.788 ; 13.788 ; 13.788 ; 13.788 ;
; SW[14]     ; HEX2[4]     ; 14.587 ; 14.587 ; 14.587 ; 14.587 ;
; SW[14]     ; HEX2[5]     ; 14.587 ; 14.587 ; 14.587 ; 14.587 ;
; SW[14]     ; HEX2[6]     ; 13.792 ; 13.792 ; 13.792 ; 13.792 ;
; SW[14]     ; HEX3[0]     ; 13.753 ; 13.753 ; 13.753 ; 13.753 ;
; SW[14]     ; HEX3[1]     ; 14.080 ; 14.080 ; 14.080 ; 14.080 ;
; SW[14]     ; HEX3[2]     ; 14.080 ; 14.080 ; 14.080 ; 14.080 ;
; SW[14]     ; HEX3[3]     ; 12.336 ; 12.336 ; 12.336 ; 12.336 ;
; SW[14]     ; HEX3[4]     ; 14.593 ; 14.593 ; 14.593 ; 14.593 ;
; SW[14]     ; HEX3[5]     ; 14.254 ; 14.254 ; 14.254 ; 14.254 ;
; SW[14]     ; HEX4[0]     ; 17.429 ; 17.429 ; 17.429 ; 17.429 ;
; SW[14]     ; HEX4[3]     ; 16.972 ; 16.972 ; 16.972 ; 16.972 ;
; SW[14]     ; HEX4[4]     ; 17.346 ; 17.346 ; 17.346 ; 17.346 ;
; SW[14]     ; HEX4[5]     ; 17.346 ; 17.346 ; 17.346 ; 17.346 ;
; SW[14]     ; HEX4[6]     ; 15.776 ; 15.776 ; 15.776 ; 15.776 ;
; SW[15]     ; HEX0[0]     ; 12.154 ; 12.154 ; 12.154 ; 12.154 ;
; SW[15]     ; HEX0[1]     ; 16.565 ; 15.785 ; 15.785 ; 16.565 ;
; SW[15]     ; HEX0[2]     ; 16.575 ; 15.795 ; 15.795 ; 16.575 ;
; SW[15]     ; HEX0[3]     ; 15.678 ; 15.655 ; 15.655 ; 15.678 ;
; SW[15]     ; HEX0[4]     ; 17.322 ; 17.299 ; 17.299 ; 17.322 ;
; SW[15]     ; HEX0[5]     ; 17.312 ; 17.289 ; 17.289 ; 17.312 ;
; SW[15]     ; HEX0[6]     ; 14.778 ; 14.778 ; 14.778 ; 14.778 ;
; SW[15]     ; HEX1[0]     ; 13.619 ; 13.642 ; 13.642 ; 13.619 ;
; SW[15]     ; HEX1[1]     ; 13.613 ; 13.613 ; 13.613 ; 13.613 ;
; SW[15]     ; HEX1[2]     ; 13.440 ; 13.440 ; 13.440 ; 13.440 ;
; SW[15]     ; HEX1[3]     ; 13.428 ; 13.428 ; 13.428 ; 13.428 ;
; SW[15]     ; HEX1[4]     ; 13.702 ; 13.679 ; 13.679 ; 13.702 ;
; SW[15]     ; HEX1[5]     ; 13.987 ; 13.964 ; 13.964 ; 13.987 ;
; SW[15]     ; HEX1[6]     ; 13.533 ; 13.841 ; 13.841 ; 13.533 ;
; SW[15]     ; HEX2[0]     ; 13.453 ; 13.430 ; 13.430 ; 13.453 ;
; SW[15]     ; HEX2[1]     ; 13.488 ; 13.796 ; 13.796 ; 13.488 ;
; SW[15]     ; HEX2[2]     ; 13.528 ; 13.836 ; 13.836 ; 13.528 ;
; SW[15]     ; HEX2[3]     ; 13.198 ; 13.175 ; 13.175 ; 13.198 ;
; SW[15]     ; HEX2[4]     ; 13.999 ; 13.976 ; 13.976 ; 13.999 ;
; SW[15]     ; HEX2[5]     ; 13.999 ; 13.976 ; 13.976 ; 13.999 ;
; SW[15]     ; HEX2[6]     ; 13.182 ; 13.182 ; 13.182 ; 13.182 ;
; SW[15]     ; HEX3[0]     ; 13.143 ; 13.143 ; 13.143 ; 13.143 ;
; SW[15]     ; HEX3[1]     ; 13.470 ; 13.470 ; 13.470 ; 13.470 ;
; SW[15]     ; HEX3[2]     ; 13.470 ; 13.470 ; 13.470 ; 13.470 ;
; SW[15]     ; HEX3[3]     ; 12.548 ; 12.124 ; 12.124 ; 12.548 ;
; SW[15]     ; HEX3[4]     ; 14.005 ; 13.982 ; 13.982 ; 14.005 ;
; SW[15]     ; HEX3[5]     ; 13.666 ; 13.643 ; 13.643 ; 13.666 ;
; SW[15]     ; HEX3[6]     ; 13.669 ; 13.646 ; 13.646 ; 13.669 ;
; SW[15]     ; HEX4[0]     ; 16.819 ; 16.819 ; 16.819 ; 16.819 ;
; SW[15]     ; HEX4[1]     ; 15.463 ; 15.440 ; 15.440 ; 15.463 ;
; SW[15]     ; HEX4[2]     ; 15.463 ; 15.440 ; 15.440 ; 15.463 ;
; SW[15]     ; HEX4[3]     ; 16.362 ; 16.362 ; 16.362 ; 16.362 ;
; SW[15]     ; HEX4[4]     ; 16.758 ; 16.735 ; 16.735 ; 16.758 ;
; SW[15]     ; HEX4[5]     ; 16.758 ; 16.735 ; 16.735 ; 16.758 ;
; SW[15]     ; HEX4[6]     ; 15.988 ; 15.208 ; 15.208 ; 15.988 ;
; SW[16]     ; HEX0[0]     ; 12.026 ; 12.026 ; 12.026 ; 12.026 ;
; SW[16]     ; HEX0[1]     ; 16.033 ; 15.933 ; 15.933 ; 16.033 ;
; SW[16]     ; HEX0[2]     ; 16.043 ; 15.943 ; 15.943 ; 16.043 ;
; SW[16]     ; HEX0[3]     ; 15.854 ; 15.803 ; 15.803 ; 15.854 ;
; SW[16]     ; HEX0[4]     ; 17.536 ; 17.447 ; 17.447 ; 17.536 ;
; SW[16]     ; HEX0[5]     ; 17.526 ; 17.437 ; 17.437 ; 17.526 ;
; SW[16]     ; HEX0[6]     ; 14.926 ; 14.926 ; 14.926 ; 14.926 ;
; SW[16]     ; HEX1[0]     ; 13.767 ; 13.856 ; 13.856 ; 13.767 ;
; SW[16]     ; HEX1[1]     ; 13.761 ; 13.761 ; 13.761 ; 13.761 ;
; SW[16]     ; HEX1[2]     ; 13.588 ; 13.588 ; 13.588 ; 13.588 ;
; SW[16]     ; HEX1[3]     ; 13.576 ; 13.576 ; 13.576 ; 13.576 ;
; SW[16]     ; HEX1[4]     ; 13.916 ; 13.827 ; 13.827 ; 13.916 ;
; SW[16]     ; HEX1[5]     ; 14.201 ; 14.112 ; 14.112 ; 14.201 ;
; SW[16]     ; HEX1[6]     ; 13.681 ; 13.733 ; 13.733 ; 13.681 ;
; SW[16]     ; HEX2[0]     ; 13.653 ; 13.578 ; 13.578 ; 13.653 ;
; SW[16]     ; HEX2[1]     ; 13.636 ; 13.688 ; 13.688 ; 13.636 ;
; SW[16]     ; HEX2[2]     ; 13.676 ; 13.728 ; 13.728 ; 13.676 ;
; SW[16]     ; HEX2[3]     ; 13.412 ; 13.323 ; 13.323 ; 13.412 ;
; SW[16]     ; HEX2[4]     ; 14.213 ; 14.124 ; 14.124 ; 14.213 ;
; SW[16]     ; HEX2[5]     ; 14.213 ; 14.124 ; 14.124 ; 14.213 ;
; SW[16]     ; HEX2[6]     ; 13.330 ; 13.330 ; 13.330 ; 13.330 ;
; SW[16]     ; HEX3[0]     ; 13.291 ; 13.291 ; 13.291 ; 13.291 ;
; SW[16]     ; HEX3[1]     ; 13.618 ; 13.618 ; 13.618 ; 13.618 ;
; SW[16]     ; HEX3[2]     ; 13.618 ; 13.618 ; 13.618 ; 13.618 ;
; SW[16]     ; HEX3[3]     ; 12.016 ; 12.016 ; 12.016 ; 12.016 ;
; SW[16]     ; HEX3[4]     ; 14.219 ; 14.130 ; 14.130 ; 14.219 ;
; SW[16]     ; HEX3[5]     ; 13.880 ; 13.791 ; 13.791 ; 13.880 ;
; SW[16]     ; HEX3[6]     ; 13.883 ; 13.794 ; 13.794 ; 13.883 ;
; SW[16]     ; HEX4[0]     ; 16.967 ; 16.967 ; 16.967 ; 16.967 ;
; SW[16]     ; HEX4[1]     ; 15.677 ; 15.588 ; 15.588 ; 15.677 ;
; SW[16]     ; HEX4[2]     ; 15.677 ; 15.588 ; 15.588 ; 15.677 ;
; SW[16]     ; HEX4[3]     ; 16.510 ; 16.510 ; 16.510 ; 16.510 ;
; SW[16]     ; HEX4[4]     ; 16.972 ; 16.883 ; 16.883 ; 16.972 ;
; SW[16]     ; HEX4[5]     ; 16.972 ; 16.883 ; 16.883 ; 16.972 ;
; SW[16]     ; HEX4[6]     ; 15.456 ; 15.356 ; 15.356 ; 15.456 ;
; SW[17]     ; HEX0[0]     ; 12.562 ; 11.512 ; 11.512 ; 12.562 ;
; SW[17]     ; HEX0[1]     ; 15.545 ; 15.410 ; 15.410 ; 15.545 ;
; SW[17]     ; HEX0[2]     ; 15.555 ; 15.420 ; 15.420 ; 15.555 ;
; SW[17]     ; HEX0[3]     ; 15.331 ; 15.009 ; 15.009 ; 15.331 ;
; SW[17]     ; HEX0[4]     ; 17.059 ; 16.653 ; 16.653 ; 17.059 ;
; SW[17]     ; HEX0[5]     ; 17.049 ; 16.643 ; 16.643 ; 17.049 ;
; SW[17]     ; HEX0[6]     ; 14.132 ; 14.132 ; 14.132 ; 14.132 ;
; SW[17]     ; HEX1[0]     ; 12.973 ; 13.354 ; 13.354 ; 12.973 ;
; SW[17]     ; HEX1[1]     ; 12.967 ; 12.967 ; 12.967 ; 12.967 ;
; SW[17]     ; HEX1[2]     ; 12.794 ; 12.794 ; 12.794 ; 12.794 ;
; SW[17]     ; HEX1[3]     ; 12.782 ; 12.782 ; 12.782 ; 12.782 ;
; SW[17]     ; HEX1[4]     ; 13.439 ; 13.033 ; 13.033 ; 13.439 ;
; SW[17]     ; HEX1[5]     ; 13.724 ; 13.318 ; 13.318 ; 13.724 ;
; SW[17]     ; HEX1[6]     ; 13.158 ; 13.217 ; 13.217 ; 13.158 ;
; SW[17]     ; HEX2[0]     ; 13.130 ; 12.784 ; 12.784 ; 13.130 ;
; SW[17]     ; HEX2[1]     ; 13.113 ; 13.172 ; 13.172 ; 13.113 ;
; SW[17]     ; HEX2[2]     ; 13.153 ; 13.212 ; 13.212 ; 13.153 ;
; SW[17]     ; HEX2[3]     ; 12.935 ; 12.529 ; 12.529 ; 12.935 ;
; SW[17]     ; HEX2[4]     ; 13.736 ; 13.330 ; 13.330 ; 13.736 ;
; SW[17]     ; HEX2[5]     ; 13.736 ; 13.330 ; 13.330 ; 13.736 ;
; SW[17]     ; HEX2[6]     ; 12.536 ; 12.536 ; 12.536 ; 12.536 ;
; SW[17]     ; HEX3[0]     ; 12.497 ; 12.497 ; 12.497 ; 12.497 ;
; SW[17]     ; HEX3[1]     ; 12.824 ; 12.824 ; 12.824 ; 12.824 ;
; SW[17]     ; HEX3[2]     ; 12.824 ; 12.824 ; 12.824 ; 12.824 ;
; SW[17]     ; HEX3[3]     ; 11.884 ; 11.500 ; 11.500 ; 11.884 ;
; SW[17]     ; HEX3[4]     ; 13.742 ; 13.336 ; 13.336 ; 13.742 ;
; SW[17]     ; HEX3[5]     ; 13.403 ; 12.997 ; 12.997 ; 13.403 ;
; SW[17]     ; HEX3[6]     ; 13.406 ; 13.000 ; 13.000 ; 13.406 ;
; SW[17]     ; HEX4[0]     ; 16.173 ; 16.173 ; 16.173 ; 16.173 ;
; SW[17]     ; HEX4[1]     ; 15.200 ; 14.794 ; 14.794 ; 15.200 ;
; SW[17]     ; HEX4[2]     ; 15.200 ; 14.794 ; 14.794 ; 15.200 ;
; SW[17]     ; HEX4[3]     ; 15.716 ; 15.716 ; 15.716 ; 15.716 ;
; SW[17]     ; HEX4[4]     ; 16.495 ; 16.089 ; 16.089 ; 16.495 ;
; SW[17]     ; HEX4[5]     ; 16.495 ; 16.089 ; 16.089 ; 16.495 ;
; SW[17]     ; HEX4[6]     ; 14.968 ; 14.833 ; 14.833 ; 14.968 ;
+------------+-------------+--------+--------+--------+--------+


----------------------------
; Fast Model Setup Summary ;
----------------------------
No paths to report.


---------------------------
; Fast Model Hold Summary ;
---------------------------
No paths to report.


-------------------------------
; Fast Model Recovery Summary ;
-------------------------------
No paths to report.


------------------------------
; Fast Model Removal Summary ;
------------------------------
No paths to report.


------------------------------------------
; Fast Model Minimum Pulse Width Summary ;
------------------------------------------
No paths to report.


+----------------------------------------------------------+
; Propagation Delay                                        ;
+------------+-------------+-------+-------+-------+-------+
; Input Port ; Output Port ; RR    ; RF    ; FR    ; FF    ;
+------------+-------------+-------+-------+-------+-------+
; SW[0]      ; HEX0[0]     ; 4.482 ;       ;       ; 4.482 ;
; SW[0]      ; HEX0[3]     ; 5.681 ;       ;       ; 5.681 ;
; SW[0]      ; HEX0[4]     ; 6.670 ;       ;       ; 6.670 ;
; SW[0]      ; HEX0[5]     ; 6.660 ;       ;       ; 6.660 ;
; SW[0]      ; HEX0[6]     ; 5.355 ; 5.355 ; 5.355 ; 5.355 ;
; SW[0]      ; HEX1[0]     ;       ; 4.782 ; 4.782 ;       ;
; SW[0]      ; HEX1[1]     ; 4.745 ; 4.745 ; 4.745 ; 4.745 ;
; SW[0]      ; HEX1[2]     ; 4.610 ; 4.610 ; 4.610 ; 4.610 ;
; SW[0]      ; HEX1[3]     ; 4.613 ; 4.613 ; 4.613 ; 4.613 ;
; SW[0]      ; HEX1[4]     ; 4.737 ;       ;       ; 4.737 ;
; SW[0]      ; HEX1[5]     ; 4.859 ;       ;       ; 4.859 ;
; SW[0]      ; HEX2[0]     ; 4.638 ;       ;       ; 4.638 ;
; SW[0]      ; HEX2[3]     ; 4.519 ;       ;       ; 4.519 ;
; SW[0]      ; HEX2[4]     ; 4.877 ;       ;       ; 4.877 ;
; SW[0]      ; HEX2[5]     ; 4.877 ;       ;       ; 4.877 ;
; SW[0]      ; HEX2[6]     ; 4.508 ; 4.508 ; 4.508 ; 4.508 ;
; SW[0]      ; HEX3[0]     ; 4.482 ; 4.482 ; 4.482 ; 4.482 ;
; SW[0]      ; HEX3[1]     ; 4.642 ; 4.642 ; 4.642 ; 4.642 ;
; SW[0]      ; HEX3[2]     ; 4.642 ; 4.642 ; 4.642 ; 4.642 ;
; SW[0]      ; HEX3[4]     ; 4.883 ;       ;       ; 4.883 ;
; SW[0]      ; HEX3[5]     ; 4.705 ;       ;       ; 4.705 ;
; SW[0]      ; HEX3[6]     ; 4.728 ;       ;       ; 4.728 ;
; SW[0]      ; HEX4[0]     ; 6.338 ; 6.338 ; 6.338 ; 6.338 ;
; SW[0]      ; HEX4[1]     ; 5.648 ;       ;       ; 5.648 ;
; SW[0]      ; HEX4[2]     ; 5.648 ;       ;       ; 5.648 ;
; SW[0]      ; HEX4[3]     ; 6.090 ; 6.090 ; 6.090 ; 6.090 ;
; SW[0]      ; HEX4[4]     ; 6.345 ;       ;       ; 6.345 ;
; SW[0]      ; HEX4[5]     ; 6.345 ;       ;       ; 6.345 ;
; SW[1]      ; HEX0[1]     ; 5.830 ;       ;       ; 5.830 ;
; SW[1]      ; HEX0[2]     ; 5.840 ;       ;       ; 5.840 ;
; SW[1]      ; HEX0[3]     ; 5.678 ; 5.678 ; 5.678 ; 5.678 ;
; SW[1]      ; HEX0[4]     ; 6.666 ;       ;       ; 6.666 ;
; SW[1]      ; HEX0[5]     ; 6.656 ;       ;       ; 6.656 ;
; SW[1]      ; HEX0[6]     ; 5.353 ; 5.353 ; 5.353 ; 5.353 ;
; SW[1]      ; HEX1[1]     ; 4.743 ; 4.743 ; 4.743 ; 4.743 ;
; SW[1]      ; HEX1[2]     ; 4.608 ; 4.608 ; 4.608 ; 4.608 ;
; SW[1]      ; HEX1[3]     ; 4.605 ;       ;       ; 4.605 ;
; SW[1]      ; HEX1[4]     ; 4.733 ;       ;       ; 4.733 ;
; SW[1]      ; HEX1[5]     ; 4.855 ;       ;       ; 4.855 ;
; SW[1]      ; HEX1[6]     ;       ; 4.647 ; 4.647 ;       ;
; SW[1]      ; HEX2[0]     ; 4.630 ; 4.630 ; 4.630 ; 4.630 ;
; SW[1]      ; HEX2[1]     ;       ; 4.605 ; 4.605 ;       ;
; SW[1]      ; HEX2[2]     ;       ; 4.645 ; 4.645 ;       ;
; SW[1]      ; HEX2[3]     ; 4.511 ;       ;       ; 4.511 ;
; SW[1]      ; HEX2[4]     ; 4.873 ;       ;       ; 4.873 ;
; SW[1]      ; HEX2[5]     ; 4.873 ;       ;       ; 4.873 ;
; SW[1]      ; HEX2[6]     ; 4.505 ; 4.505 ; 4.505 ; 4.505 ;
; SW[1]      ; HEX3[0]     ; 4.473 ; 4.473 ; 4.473 ; 4.473 ;
; SW[1]      ; HEX3[1]     ; 4.639 ; 4.639 ; 4.639 ; 4.639 ;
; SW[1]      ; HEX3[2]     ; 4.639 ; 4.639 ; 4.639 ; 4.639 ;
; SW[1]      ; HEX3[4]     ; 4.879 ;       ;       ; 4.879 ;
; SW[1]      ; HEX3[5]     ; 4.701 ;       ;       ; 4.701 ;
; SW[1]      ; HEX3[6]     ; 4.722 ;       ;       ; 4.722 ;
; SW[1]      ; HEX4[0]     ; 6.335 ;       ;       ; 6.335 ;
; SW[1]      ; HEX4[1]     ; 5.642 ;       ;       ; 5.642 ;
; SW[1]      ; HEX4[2]     ; 5.642 ;       ;       ; 5.642 ;
; SW[1]      ; HEX4[3]     ; 6.084 ; 6.084 ; 6.084 ; 6.084 ;
; SW[1]      ; HEX4[4]     ; 6.341 ;       ;       ; 6.341 ;
; SW[1]      ; HEX4[5]     ; 6.341 ;       ;       ; 6.341 ;
; SW[1]      ; HEX4[6]     ; 5.522 ;       ;       ; 5.522 ;
; SW[2]      ; HEX0[0]     ; 4.350 ;       ;       ; 4.350 ;
; SW[2]      ; HEX0[1]     ; 5.998 ;       ;       ; 5.998 ;
; SW[2]      ; HEX0[2]     ; 6.008 ;       ;       ; 6.008 ;
; SW[2]      ; HEX0[3]     ; 5.847 ;       ;       ; 5.847 ;
; SW[2]      ; HEX0[4]     ; 6.833 ;       ;       ; 6.833 ;
; SW[2]      ; HEX0[5]     ; 6.823 ;       ;       ; 6.823 ;
; SW[2]      ; HEX0[6]     ; 5.519 ;       ;       ; 5.519 ;
; SW[2]      ; HEX1[0]     ; 4.918 ;       ;       ; 4.918 ;
; SW[2]      ; HEX1[1]     ; 4.909 ;       ;       ; 4.909 ;
; SW[2]      ; HEX1[2]     ; 4.774 ;       ;       ; 4.774 ;
; SW[2]      ; HEX1[3]     ; 4.775 ;       ;       ; 4.775 ;
; SW[2]      ; HEX1[4]     ; 4.900 ;       ;       ; 4.900 ;
; SW[2]      ; HEX1[5]     ; 5.022 ;       ;       ; 5.022 ;
; SW[2]      ; HEX1[6]     ; 4.814 ;       ;       ; 4.814 ;
; SW[2]      ; HEX2[0]     ; 4.800 ; 4.800 ; 4.800 ; 4.800 ;
; SW[2]      ; HEX2[1]     ; 4.772 ;       ;       ; 4.772 ;
; SW[2]      ; HEX2[2]     ; 4.812 ;       ;       ; 4.812 ;
; SW[2]      ; HEX2[3]     ; 4.681 ;       ;       ; 4.681 ;
; SW[2]      ; HEX2[4]     ; 5.040 ;       ;       ; 5.040 ;
; SW[2]      ; HEX2[5]     ; 5.040 ;       ;       ; 5.040 ;
; SW[2]      ; HEX2[6]     ; 4.671 ; 4.671 ; 4.671 ; 4.671 ;
; SW[2]      ; HEX3[0]     ; 4.644 ;       ;       ; 4.644 ;
; SW[2]      ; HEX3[1]     ; 4.805 ; 4.805 ; 4.805 ; 4.805 ;
; SW[2]      ; HEX3[2]     ; 4.805 ; 4.805 ; 4.805 ; 4.805 ;
; SW[2]      ; HEX3[3]     ; 4.031 ;       ;       ; 4.031 ;
; SW[2]      ; HEX3[4]     ; 5.046 ;       ;       ; 5.046 ;
; SW[2]      ; HEX3[5]     ; 4.868 ;       ;       ; 4.868 ;
; SW[2]      ; HEX4[0]     ; 6.497 ; 6.497 ; 6.497 ; 6.497 ;
; SW[2]      ; HEX4[3]     ; 6.253 ; 6.253 ; 6.253 ; 6.253 ;
; SW[2]      ; HEX4[4]     ; 6.508 ;       ;       ; 6.508 ;
; SW[2]      ; HEX4[5]     ; 6.508 ;       ;       ; 6.508 ;
; SW[2]      ; HEX4[6]     ; 5.690 ;       ;       ; 5.690 ;
; SW[3]      ; HEX0[0]     ; 3.781 ;       ;       ; 3.781 ;
; SW[3]      ; HEX0[3]     ; 5.392 ;       ;       ; 5.392 ;
; SW[3]      ; HEX0[4]     ; 6.381 ;       ;       ; 6.381 ;
; SW[3]      ; HEX0[5]     ; 6.371 ;       ;       ; 6.371 ;
; SW[3]      ; HEX0[6]     ; 5.066 ; 5.066 ; 5.066 ; 5.066 ;
; SW[3]      ; HEX1[0]     ;       ; 4.493 ; 4.493 ;       ;
; SW[3]      ; HEX1[1]     ; 4.456 ; 4.456 ; 4.456 ; 4.456 ;
; SW[3]      ; HEX1[2]     ; 4.321 ; 4.321 ; 4.321 ; 4.321 ;
; SW[3]      ; HEX1[3]     ; 4.324 ; 4.324 ; 4.324 ; 4.324 ;
; SW[3]      ; HEX1[4]     ; 4.448 ;       ;       ; 4.448 ;
; SW[3]      ; HEX1[5]     ; 4.570 ;       ;       ; 4.570 ;
; SW[3]      ; HEX2[0]     ; 4.349 ;       ;       ; 4.349 ;
; SW[3]      ; HEX2[3]     ; 4.230 ;       ;       ; 4.230 ;
; SW[3]      ; HEX2[4]     ; 4.588 ;       ;       ; 4.588 ;
; SW[3]      ; HEX2[5]     ; 4.588 ;       ;       ; 4.588 ;
; SW[3]      ; HEX2[6]     ; 4.219 ; 4.219 ; 4.219 ; 4.219 ;
; SW[3]      ; HEX3[0]     ; 4.193 ; 4.193 ; 4.193 ; 4.193 ;
; SW[3]      ; HEX3[1]     ; 4.353 ; 4.353 ; 4.353 ; 4.353 ;
; SW[3]      ; HEX3[2]     ; 4.353 ; 4.353 ; 4.353 ; 4.353 ;
; SW[3]      ; HEX3[4]     ; 4.594 ;       ;       ; 4.594 ;
; SW[3]      ; HEX3[5]     ; 4.416 ;       ;       ; 4.416 ;
; SW[3]      ; HEX3[6]     ; 4.439 ;       ;       ; 4.439 ;
; SW[3]      ; HEX4[0]     ; 6.049 ; 6.049 ; 6.049 ; 6.049 ;
; SW[3]      ; HEX4[1]     ; 5.359 ;       ;       ; 5.359 ;
; SW[3]      ; HEX4[2]     ; 5.359 ;       ;       ; 5.359 ;
; SW[3]      ; HEX4[3]     ; 5.801 ; 5.801 ; 5.801 ; 5.801 ;
; SW[3]      ; HEX4[4]     ; 6.056 ;       ;       ; 6.056 ;
; SW[3]      ; HEX4[5]     ; 6.056 ;       ;       ; 6.056 ;
; SW[4]      ; HEX0[1]     ; 5.699 ;       ;       ; 5.699 ;
; SW[4]      ; HEX0[2]     ; 5.709 ;       ;       ; 5.709 ;
; SW[4]      ; HEX0[3]     ; 5.547 ; 5.547 ; 5.547 ; 5.547 ;
; SW[4]      ; HEX0[4]     ; 6.535 ;       ;       ; 6.535 ;
; SW[4]      ; HEX0[5]     ; 6.525 ;       ;       ; 6.525 ;
; SW[4]      ; HEX0[6]     ; 5.222 ; 5.222 ; 5.222 ; 5.222 ;
; SW[4]      ; HEX1[1]     ; 4.612 ; 4.612 ; 4.612 ; 4.612 ;
; SW[4]      ; HEX1[2]     ; 4.477 ; 4.477 ; 4.477 ; 4.477 ;
; SW[4]      ; HEX1[3]     ; 4.474 ;       ;       ; 4.474 ;
; SW[4]      ; HEX1[4]     ; 4.602 ;       ;       ; 4.602 ;
; SW[4]      ; HEX1[5]     ; 4.724 ;       ;       ; 4.724 ;
; SW[4]      ; HEX1[6]     ;       ; 4.516 ; 4.516 ;       ;
; SW[4]      ; HEX2[0]     ; 4.499 ; 4.499 ; 4.499 ; 4.499 ;
; SW[4]      ; HEX2[1]     ;       ; 4.474 ; 4.474 ;       ;
; SW[4]      ; HEX2[2]     ;       ; 4.514 ; 4.514 ;       ;
; SW[4]      ; HEX2[3]     ; 4.380 ;       ;       ; 4.380 ;
; SW[4]      ; HEX2[4]     ; 4.742 ;       ;       ; 4.742 ;
; SW[4]      ; HEX2[5]     ; 4.742 ;       ;       ; 4.742 ;
; SW[4]      ; HEX2[6]     ; 4.374 ; 4.374 ; 4.374 ; 4.374 ;
; SW[4]      ; HEX3[0]     ; 4.342 ; 4.342 ; 4.342 ; 4.342 ;
; SW[4]      ; HEX3[1]     ; 4.508 ; 4.508 ; 4.508 ; 4.508 ;
; SW[4]      ; HEX3[2]     ; 4.508 ; 4.508 ; 4.508 ; 4.508 ;
; SW[4]      ; HEX3[4]     ; 4.748 ;       ;       ; 4.748 ;
; SW[4]      ; HEX3[5]     ; 4.570 ;       ;       ; 4.570 ;
; SW[4]      ; HEX3[6]     ; 4.591 ;       ;       ; 4.591 ;
; SW[4]      ; HEX4[0]     ; 6.204 ;       ;       ; 6.204 ;
; SW[4]      ; HEX4[1]     ; 5.511 ;       ;       ; 5.511 ;
; SW[4]      ; HEX4[2]     ; 5.511 ;       ;       ; 5.511 ;
; SW[4]      ; HEX4[3]     ; 5.953 ; 5.953 ; 5.953 ; 5.953 ;
; SW[4]      ; HEX4[4]     ; 6.210 ;       ;       ; 6.210 ;
; SW[4]      ; HEX4[5]     ; 6.210 ;       ;       ; 6.210 ;
; SW[4]      ; HEX4[6]     ; 5.391 ;       ;       ; 5.391 ;
; SW[5]      ; HEX0[0]     ; 3.784 ;       ;       ; 3.784 ;
; SW[5]      ; HEX0[1]     ; 5.715 ;       ;       ; 5.715 ;
; SW[5]      ; HEX0[2]     ; 5.725 ;       ;       ; 5.725 ;
; SW[5]      ; HEX0[3]     ; 5.564 ;       ;       ; 5.564 ;
; SW[5]      ; HEX0[4]     ; 6.550 ;       ;       ; 6.550 ;
; SW[5]      ; HEX0[5]     ; 6.540 ;       ;       ; 6.540 ;
; SW[5]      ; HEX0[6]     ; 5.236 ;       ;       ; 5.236 ;
; SW[5]      ; HEX1[0]     ; 4.635 ;       ;       ; 4.635 ;
; SW[5]      ; HEX1[1]     ; 4.626 ;       ;       ; 4.626 ;
; SW[5]      ; HEX1[2]     ; 4.491 ;       ;       ; 4.491 ;
; SW[5]      ; HEX1[3]     ; 4.492 ;       ;       ; 4.492 ;
; SW[5]      ; HEX1[4]     ; 4.617 ;       ;       ; 4.617 ;
; SW[5]      ; HEX1[5]     ; 4.739 ;       ;       ; 4.739 ;
; SW[5]      ; HEX1[6]     ; 4.531 ;       ;       ; 4.531 ;
; SW[5]      ; HEX2[0]     ; 4.517 ; 4.517 ; 4.517 ; 4.517 ;
; SW[5]      ; HEX2[1]     ; 4.489 ;       ;       ; 4.489 ;
; SW[5]      ; HEX2[2]     ; 4.529 ;       ;       ; 4.529 ;
; SW[5]      ; HEX2[3]     ; 4.398 ;       ;       ; 4.398 ;
; SW[5]      ; HEX2[4]     ; 4.757 ;       ;       ; 4.757 ;
; SW[5]      ; HEX2[5]     ; 4.757 ;       ;       ; 4.757 ;
; SW[5]      ; HEX2[6]     ; 4.388 ; 4.388 ; 4.388 ; 4.388 ;
; SW[5]      ; HEX3[0]     ; 4.361 ;       ;       ; 4.361 ;
; SW[5]      ; HEX3[1]     ; 4.522 ; 4.522 ; 4.522 ; 4.522 ;
; SW[5]      ; HEX3[2]     ; 4.522 ; 4.522 ; 4.522 ; 4.522 ;
; SW[5]      ; HEX3[3]     ; 3.748 ;       ;       ; 3.748 ;
; SW[5]      ; HEX3[4]     ; 4.763 ;       ;       ; 4.763 ;
; SW[5]      ; HEX3[5]     ; 4.585 ;       ;       ; 4.585 ;
; SW[5]      ; HEX4[0]     ; 6.214 ; 6.214 ; 6.214 ; 6.214 ;
; SW[5]      ; HEX4[3]     ; 5.970 ; 5.970 ; 5.970 ; 5.970 ;
; SW[5]      ; HEX4[4]     ; 6.225 ;       ;       ; 6.225 ;
; SW[5]      ; HEX4[5]     ; 6.225 ;       ;       ; 6.225 ;
; SW[5]      ; HEX4[6]     ; 5.407 ;       ;       ; 5.407 ;
; SW[6]      ; HEX0[0]     ; 3.854 ; 3.854 ; 3.854 ; 3.854 ;
; SW[6]      ; HEX0[3]     ; 5.465 ; 5.465 ; 5.465 ; 5.465 ;
; SW[6]      ; HEX0[4]     ; 6.454 ; 6.454 ; 6.454 ; 6.454 ;
; SW[6]      ; HEX0[5]     ; 6.444 ; 6.444 ; 6.444 ; 6.444 ;
; SW[6]      ; HEX0[6]     ; 5.139 ; 5.139 ; 5.139 ; 5.139 ;
; SW[6]      ; HEX1[0]     ; 4.566 ; 4.566 ; 4.566 ; 4.566 ;
; SW[6]      ; HEX1[1]     ; 4.529 ; 4.529 ; 4.529 ; 4.529 ;
; SW[6]      ; HEX1[2]     ; 4.394 ; 4.394 ; 4.394 ; 4.394 ;
; SW[6]      ; HEX1[3]     ; 4.397 ; 4.397 ; 4.397 ; 4.397 ;
; SW[6]      ; HEX1[4]     ; 4.521 ; 4.521 ; 4.521 ; 4.521 ;
; SW[6]      ; HEX1[5]     ; 4.643 ; 4.643 ; 4.643 ; 4.643 ;
; SW[6]      ; HEX2[0]     ; 4.422 ; 4.422 ; 4.422 ; 4.422 ;
; SW[6]      ; HEX2[3]     ; 4.303 ; 4.303 ; 4.303 ; 4.303 ;
; SW[6]      ; HEX2[4]     ; 4.661 ; 4.661 ; 4.661 ; 4.661 ;
; SW[6]      ; HEX2[5]     ; 4.661 ; 4.661 ; 4.661 ; 4.661 ;
; SW[6]      ; HEX2[6]     ; 4.292 ; 4.292 ; 4.292 ; 4.292 ;
; SW[6]      ; HEX3[0]     ; 4.266 ; 4.266 ; 4.266 ; 4.266 ;
; SW[6]      ; HEX3[1]     ; 4.426 ; 4.426 ; 4.426 ; 4.426 ;
; SW[6]      ; HEX3[2]     ; 4.426 ; 4.426 ; 4.426 ; 4.426 ;
; SW[6]      ; HEX3[4]     ; 4.667 ; 4.667 ; 4.667 ; 4.667 ;
; SW[6]      ; HEX3[5]     ; 4.489 ; 4.489 ; 4.489 ; 4.489 ;
; SW[6]      ; HEX3[6]     ; 4.512 ; 4.512 ; 4.512 ; 4.512 ;
; SW[6]      ; HEX4[0]     ; 6.122 ; 6.122 ; 6.122 ; 6.122 ;
; SW[6]      ; HEX4[1]     ; 5.432 ; 5.432 ; 5.432 ; 5.432 ;
; SW[6]      ; HEX4[2]     ; 5.432 ; 5.432 ; 5.432 ; 5.432 ;
; SW[6]      ; HEX4[3]     ; 5.874 ; 5.874 ; 5.874 ; 5.874 ;
; SW[6]      ; HEX4[4]     ; 6.129 ; 6.129 ; 6.129 ; 6.129 ;
; SW[6]      ; HEX4[5]     ; 6.129 ; 6.129 ; 6.129 ; 6.129 ;
; SW[7]      ; HEX0[1]     ; 6.240 ;       ;       ; 6.240 ;
; SW[7]      ; HEX0[2]     ; 6.250 ;       ;       ; 6.250 ;
; SW[7]      ; HEX0[3]     ; 6.088 ; 6.088 ; 6.088 ; 6.088 ;
; SW[7]      ; HEX0[4]     ; 7.076 ;       ;       ; 7.076 ;
; SW[7]      ; HEX0[5]     ; 7.066 ;       ;       ; 7.066 ;
; SW[7]      ; HEX0[6]     ; 5.763 ; 5.763 ; 5.763 ; 5.763 ;
; SW[7]      ; HEX1[1]     ; 5.153 ; 5.153 ; 5.153 ; 5.153 ;
; SW[7]      ; HEX1[2]     ; 5.018 ; 5.018 ; 5.018 ; 5.018 ;
; SW[7]      ; HEX1[3]     ; 5.015 ;       ;       ; 5.015 ;
; SW[7]      ; HEX1[4]     ; 5.143 ;       ;       ; 5.143 ;
; SW[7]      ; HEX1[5]     ; 5.265 ;       ;       ; 5.265 ;
; SW[7]      ; HEX1[6]     ;       ; 5.057 ; 5.057 ;       ;
; SW[7]      ; HEX2[0]     ; 5.040 ; 5.040 ; 5.040 ; 5.040 ;
; SW[7]      ; HEX2[1]     ;       ; 5.015 ; 5.015 ;       ;
; SW[7]      ; HEX2[2]     ;       ; 5.055 ; 5.055 ;       ;
; SW[7]      ; HEX2[3]     ; 4.921 ;       ;       ; 4.921 ;
; SW[7]      ; HEX2[4]     ; 5.283 ;       ;       ; 5.283 ;
; SW[7]      ; HEX2[5]     ; 5.283 ;       ;       ; 5.283 ;
; SW[7]      ; HEX2[6]     ; 4.915 ; 4.915 ; 4.915 ; 4.915 ;
; SW[7]      ; HEX3[0]     ; 4.883 ; 4.883 ; 4.883 ; 4.883 ;
; SW[7]      ; HEX3[1]     ; 5.049 ; 5.049 ; 5.049 ; 5.049 ;
; SW[7]      ; HEX3[2]     ; 5.049 ; 5.049 ; 5.049 ; 5.049 ;
; SW[7]      ; HEX3[4]     ; 5.289 ;       ;       ; 5.289 ;
; SW[7]      ; HEX3[5]     ; 5.111 ;       ;       ; 5.111 ;
; SW[7]      ; HEX3[6]     ; 5.132 ;       ;       ; 5.132 ;
; SW[7]      ; HEX4[0]     ; 6.745 ;       ;       ; 6.745 ;
; SW[7]      ; HEX4[1]     ; 6.052 ;       ;       ; 6.052 ;
; SW[7]      ; HEX4[2]     ; 6.052 ;       ;       ; 6.052 ;
; SW[7]      ; HEX4[3]     ; 6.494 ; 6.494 ; 6.494 ; 6.494 ;
; SW[7]      ; HEX4[4]     ; 6.751 ;       ;       ; 6.751 ;
; SW[7]      ; HEX4[5]     ; 6.751 ;       ;       ; 6.751 ;
; SW[7]      ; HEX4[6]     ; 5.932 ;       ;       ; 5.932 ;
; SW[8]      ; HEX0[0]     ; 4.223 ;       ;       ; 4.223 ;
; SW[8]      ; HEX0[1]     ; 6.154 ;       ;       ; 6.154 ;
; SW[8]      ; HEX0[2]     ; 6.164 ;       ;       ; 6.164 ;
; SW[8]      ; HEX0[3]     ; 6.003 ;       ;       ; 6.003 ;
; SW[8]      ; HEX0[4]     ; 6.989 ;       ;       ; 6.989 ;
; SW[8]      ; HEX0[5]     ; 6.979 ;       ;       ; 6.979 ;
; SW[8]      ; HEX0[6]     ; 5.675 ;       ;       ; 5.675 ;
; SW[8]      ; HEX1[0]     ; 5.074 ;       ;       ; 5.074 ;
; SW[8]      ; HEX1[1]     ; 5.065 ;       ;       ; 5.065 ;
; SW[8]      ; HEX1[2]     ; 4.930 ;       ;       ; 4.930 ;
; SW[8]      ; HEX1[3]     ; 4.931 ;       ;       ; 4.931 ;
; SW[8]      ; HEX1[4]     ; 5.056 ;       ;       ; 5.056 ;
; SW[8]      ; HEX1[5]     ; 5.178 ;       ;       ; 5.178 ;
; SW[8]      ; HEX1[6]     ; 4.970 ;       ;       ; 4.970 ;
; SW[8]      ; HEX2[0]     ; 4.956 ; 4.956 ; 4.956 ; 4.956 ;
; SW[8]      ; HEX2[1]     ; 4.928 ;       ;       ; 4.928 ;
; SW[8]      ; HEX2[2]     ; 4.968 ;       ;       ; 4.968 ;
; SW[8]      ; HEX2[3]     ; 4.837 ;       ;       ; 4.837 ;
; SW[8]      ; HEX2[4]     ; 5.196 ;       ;       ; 5.196 ;
; SW[8]      ; HEX2[5]     ; 5.196 ;       ;       ; 5.196 ;
; SW[8]      ; HEX2[6]     ; 4.827 ; 4.827 ; 4.827 ; 4.827 ;
; SW[8]      ; HEX3[0]     ; 4.800 ;       ;       ; 4.800 ;
; SW[8]      ; HEX3[1]     ; 4.961 ; 4.961 ; 4.961 ; 4.961 ;
; SW[8]      ; HEX3[2]     ; 4.961 ; 4.961 ; 4.961 ; 4.961 ;
; SW[8]      ; HEX3[3]     ; 4.187 ;       ;       ; 4.187 ;
; SW[8]      ; HEX3[4]     ; 5.202 ;       ;       ; 5.202 ;
; SW[8]      ; HEX3[5]     ; 5.024 ;       ;       ; 5.024 ;
; SW[8]      ; HEX4[0]     ; 6.653 ; 6.653 ; 6.653 ; 6.653 ;
; SW[8]      ; HEX4[3]     ; 6.409 ; 6.409 ; 6.409 ; 6.409 ;
; SW[8]      ; HEX4[4]     ; 6.664 ;       ;       ; 6.664 ;
; SW[8]      ; HEX4[5]     ; 6.664 ;       ;       ; 6.664 ;
; SW[8]      ; HEX4[6]     ; 5.846 ;       ;       ; 5.846 ;
; SW[9]      ; HEX0[0]     ; 4.377 ;       ;       ; 4.377 ;
; SW[9]      ; HEX0[3]     ; 5.988 ;       ;       ; 5.988 ;
; SW[9]      ; HEX0[4]     ; 6.977 ;       ;       ; 6.977 ;
; SW[9]      ; HEX0[5]     ; 6.967 ;       ;       ; 6.967 ;
; SW[9]      ; HEX0[6]     ; 5.662 ; 5.662 ; 5.662 ; 5.662 ;
; SW[9]      ; HEX1[0]     ;       ; 5.089 ; 5.089 ;       ;
; SW[9]      ; HEX1[1]     ; 5.052 ; 5.052 ; 5.052 ; 5.052 ;
; SW[9]      ; HEX1[2]     ; 4.917 ; 4.917 ; 4.917 ; 4.917 ;
; SW[9]      ; HEX1[3]     ; 4.920 ; 4.920 ; 4.920 ; 4.920 ;
; SW[9]      ; HEX1[4]     ; 5.044 ;       ;       ; 5.044 ;
; SW[9]      ; HEX1[5]     ; 5.166 ;       ;       ; 5.166 ;
; SW[9]      ; HEX2[0]     ; 4.945 ;       ;       ; 4.945 ;
; SW[9]      ; HEX2[3]     ; 4.826 ;       ;       ; 4.826 ;
; SW[9]      ; HEX2[4]     ; 5.184 ;       ;       ; 5.184 ;
; SW[9]      ; HEX2[5]     ; 5.184 ;       ;       ; 5.184 ;
; SW[9]      ; HEX2[6]     ; 4.815 ; 4.815 ; 4.815 ; 4.815 ;
; SW[9]      ; HEX3[0]     ; 4.789 ; 4.789 ; 4.789 ; 4.789 ;
; SW[9]      ; HEX3[1]     ; 4.949 ; 4.949 ; 4.949 ; 4.949 ;
; SW[9]      ; HEX3[2]     ; 4.949 ; 4.949 ; 4.949 ; 4.949 ;
; SW[9]      ; HEX3[4]     ; 5.190 ;       ;       ; 5.190 ;
; SW[9]      ; HEX3[5]     ; 5.012 ;       ;       ; 5.012 ;
; SW[9]      ; HEX3[6]     ; 5.035 ;       ;       ; 5.035 ;
; SW[9]      ; HEX4[0]     ; 6.645 ; 6.645 ; 6.645 ; 6.645 ;
; SW[9]      ; HEX4[1]     ; 5.955 ;       ;       ; 5.955 ;
; SW[9]      ; HEX4[2]     ; 5.955 ;       ;       ; 5.955 ;
; SW[9]      ; HEX4[3]     ; 6.397 ; 6.397 ; 6.397 ; 6.397 ;
; SW[9]      ; HEX4[4]     ; 6.652 ;       ;       ; 6.652 ;
; SW[9]      ; HEX4[5]     ; 6.652 ;       ;       ; 6.652 ;
; SW[10]     ; HEX0[1]     ; 6.260 ; 6.260 ; 6.260 ; 6.260 ;
; SW[10]     ; HEX0[2]     ; 6.270 ; 6.270 ; 6.270 ; 6.270 ;
; SW[10]     ; HEX0[3]     ; 6.108 ; 6.108 ; 6.108 ; 6.108 ;
; SW[10]     ; HEX0[4]     ; 7.096 ; 7.096 ; 7.096 ; 7.096 ;
; SW[10]     ; HEX0[5]     ; 7.086 ; 7.086 ; 7.086 ; 7.086 ;
; SW[10]     ; HEX0[6]     ; 5.783 ; 5.783 ; 5.783 ; 5.783 ;
; SW[10]     ; HEX1[1]     ; 5.173 ; 5.173 ; 5.173 ; 5.173 ;
; SW[10]     ; HEX1[2]     ; 5.038 ; 5.038 ; 5.038 ; 5.038 ;
; SW[10]     ; HEX1[3]     ; 5.035 ; 5.035 ; 5.035 ; 5.035 ;
; SW[10]     ; HEX1[4]     ; 5.163 ; 5.163 ; 5.163 ; 5.163 ;
; SW[10]     ; HEX1[5]     ; 5.285 ; 5.285 ; 5.285 ; 5.285 ;
; SW[10]     ; HEX1[6]     ; 5.077 ; 5.077 ; 5.077 ; 5.077 ;
; SW[10]     ; HEX2[0]     ; 5.060 ; 5.060 ; 5.060 ; 5.060 ;
; SW[10]     ; HEX2[1]     ; 5.035 ; 5.035 ; 5.035 ; 5.035 ;
; SW[10]     ; HEX2[2]     ; 5.075 ; 5.075 ; 5.075 ; 5.075 ;
; SW[10]     ; HEX2[3]     ; 4.941 ; 4.941 ; 4.941 ; 4.941 ;
; SW[10]     ; HEX2[4]     ; 5.303 ; 5.303 ; 5.303 ; 5.303 ;
; SW[10]     ; HEX2[5]     ; 5.303 ; 5.303 ; 5.303 ; 5.303 ;
; SW[10]     ; HEX2[6]     ; 4.935 ; 4.935 ; 4.935 ; 4.935 ;
; SW[10]     ; HEX3[0]     ; 4.903 ; 4.903 ; 4.903 ; 4.903 ;
; SW[10]     ; HEX3[1]     ; 5.069 ; 5.069 ; 5.069 ; 5.069 ;
; SW[10]     ; HEX3[2]     ; 5.069 ; 5.069 ; 5.069 ; 5.069 ;
; SW[10]     ; HEX3[4]     ; 5.309 ; 5.309 ; 5.309 ; 5.309 ;
; SW[10]     ; HEX3[5]     ; 5.131 ; 5.131 ; 5.131 ; 5.131 ;
; SW[10]     ; HEX3[6]     ; 5.152 ; 5.152 ; 5.152 ; 5.152 ;
; SW[10]     ; HEX4[0]     ; 6.765 ; 6.765 ; 6.765 ; 6.765 ;
; SW[10]     ; HEX4[1]     ; 6.072 ; 6.072 ; 6.072 ; 6.072 ;
; SW[10]     ; HEX4[2]     ; 6.072 ; 6.072 ; 6.072 ; 6.072 ;
; SW[10]     ; HEX4[3]     ; 6.514 ; 6.514 ; 6.514 ; 6.514 ;
; SW[10]     ; HEX4[4]     ; 6.771 ; 6.771 ; 6.771 ; 6.771 ;
; SW[10]     ; HEX4[5]     ; 6.771 ; 6.771 ; 6.771 ; 6.771 ;
; SW[10]     ; HEX4[6]     ; 5.952 ; 5.952 ; 5.952 ; 5.952 ;
; SW[11]     ; HEX0[0]     ; 4.522 ; 4.522 ; 4.522 ; 4.522 ;
; SW[11]     ; HEX0[1]     ; 6.453 ; 6.453 ; 6.453 ; 6.453 ;
; SW[11]     ; HEX0[2]     ; 6.463 ; 6.463 ; 6.463 ; 6.463 ;
; SW[11]     ; HEX0[3]     ; 6.302 ; 6.302 ; 6.302 ; 6.302 ;
; SW[11]     ; HEX0[4]     ; 7.288 ; 7.288 ; 7.288 ; 7.288 ;
; SW[11]     ; HEX0[5]     ; 7.278 ; 7.278 ; 7.278 ; 7.278 ;
; SW[11]     ; HEX0[6]     ; 5.974 ; 5.974 ; 5.974 ; 5.974 ;
; SW[11]     ; HEX1[0]     ; 5.373 ; 5.373 ; 5.373 ; 5.373 ;
; SW[11]     ; HEX1[1]     ; 5.364 ; 5.364 ; 5.364 ; 5.364 ;
; SW[11]     ; HEX1[2]     ; 5.229 ; 5.229 ; 5.229 ; 5.229 ;
; SW[11]     ; HEX1[3]     ; 5.230 ; 5.230 ; 5.230 ; 5.230 ;
; SW[11]     ; HEX1[4]     ; 5.355 ; 5.355 ; 5.355 ; 5.355 ;
; SW[11]     ; HEX1[5]     ; 5.477 ; 5.477 ; 5.477 ; 5.477 ;
; SW[11]     ; HEX1[6]     ; 5.269 ; 5.269 ; 5.269 ; 5.269 ;
; SW[11]     ; HEX2[0]     ; 5.255 ; 5.255 ; 5.255 ; 5.255 ;
; SW[11]     ; HEX2[1]     ; 5.227 ; 5.227 ; 5.227 ; 5.227 ;
; SW[11]     ; HEX2[2]     ; 5.267 ; 5.267 ; 5.267 ; 5.267 ;
; SW[11]     ; HEX2[3]     ; 5.136 ; 5.136 ; 5.136 ; 5.136 ;
; SW[11]     ; HEX2[4]     ; 5.495 ; 5.495 ; 5.495 ; 5.495 ;
; SW[11]     ; HEX2[5]     ; 5.495 ; 5.495 ; 5.495 ; 5.495 ;
; SW[11]     ; HEX2[6]     ; 5.126 ; 5.126 ; 5.126 ; 5.126 ;
; SW[11]     ; HEX3[0]     ; 5.099 ; 5.099 ; 5.099 ; 5.099 ;
; SW[11]     ; HEX3[1]     ; 5.260 ; 5.260 ; 5.260 ; 5.260 ;
; SW[11]     ; HEX3[2]     ; 5.260 ; 5.260 ; 5.260 ; 5.260 ;
; SW[11]     ; HEX3[3]     ; 4.486 ; 4.486 ; 4.486 ; 4.486 ;
; SW[11]     ; HEX3[4]     ; 5.501 ; 5.501 ; 5.501 ; 5.501 ;
; SW[11]     ; HEX3[5]     ; 5.323 ; 5.323 ; 5.323 ; 5.323 ;
; SW[11]     ; HEX4[0]     ; 6.952 ; 6.952 ; 6.952 ; 6.952 ;
; SW[11]     ; HEX4[3]     ; 6.708 ; 6.708 ; 6.708 ; 6.708 ;
; SW[11]     ; HEX4[4]     ; 6.963 ; 6.963 ; 6.963 ; 6.963 ;
; SW[11]     ; HEX4[5]     ; 6.963 ; 6.963 ; 6.963 ; 6.963 ;
; SW[11]     ; HEX4[6]     ; 6.145 ; 6.145 ; 6.145 ; 6.145 ;
; SW[12]     ; HEX0[0]     ; 4.600 ; 4.600 ; 4.600 ; 4.600 ;
; SW[12]     ; HEX0[3]     ; 6.211 ; 6.211 ; 6.211 ; 6.211 ;
; SW[12]     ; HEX0[4]     ; 7.200 ; 7.200 ; 7.200 ; 7.200 ;
; SW[12]     ; HEX0[5]     ; 7.190 ; 7.190 ; 7.190 ; 7.190 ;
; SW[12]     ; HEX0[6]     ; 5.885 ; 5.885 ; 5.885 ; 5.885 ;
; SW[12]     ; HEX1[0]     ; 5.312 ; 5.312 ; 5.312 ; 5.312 ;
; SW[12]     ; HEX1[1]     ; 5.275 ; 5.275 ; 5.275 ; 5.275 ;
; SW[12]     ; HEX1[2]     ; 5.140 ; 5.140 ; 5.140 ; 5.140 ;
; SW[12]     ; HEX1[3]     ; 5.143 ; 5.143 ; 5.143 ; 5.143 ;
; SW[12]     ; HEX1[4]     ; 5.267 ; 5.267 ; 5.267 ; 5.267 ;
; SW[12]     ; HEX1[5]     ; 5.389 ; 5.389 ; 5.389 ; 5.389 ;
; SW[12]     ; HEX2[0]     ; 5.168 ; 5.168 ; 5.168 ; 5.168 ;
; SW[12]     ; HEX2[3]     ; 5.049 ; 5.049 ; 5.049 ; 5.049 ;
; SW[12]     ; HEX2[4]     ; 5.407 ; 5.407 ; 5.407 ; 5.407 ;
; SW[12]     ; HEX2[5]     ; 5.407 ; 5.407 ; 5.407 ; 5.407 ;
; SW[12]     ; HEX2[6]     ; 5.038 ; 5.038 ; 5.038 ; 5.038 ;
; SW[12]     ; HEX3[0]     ; 5.012 ; 5.012 ; 5.012 ; 5.012 ;
; SW[12]     ; HEX3[1]     ; 5.172 ; 5.172 ; 5.172 ; 5.172 ;
; SW[12]     ; HEX3[2]     ; 5.172 ; 5.172 ; 5.172 ; 5.172 ;
; SW[12]     ; HEX3[4]     ; 5.413 ; 5.413 ; 5.413 ; 5.413 ;
; SW[12]     ; HEX3[5]     ; 5.235 ; 5.235 ; 5.235 ; 5.235 ;
; SW[12]     ; HEX3[6]     ; 5.258 ; 5.258 ; 5.258 ; 5.258 ;
; SW[12]     ; HEX4[0]     ; 6.868 ; 6.868 ; 6.868 ; 6.868 ;
; SW[12]     ; HEX4[1]     ; 6.178 ; 6.178 ; 6.178 ; 6.178 ;
; SW[12]     ; HEX4[2]     ; 6.178 ; 6.178 ; 6.178 ; 6.178 ;
; SW[12]     ; HEX4[3]     ; 6.620 ; 6.620 ; 6.620 ; 6.620 ;
; SW[12]     ; HEX4[4]     ; 6.875 ; 6.875 ; 6.875 ; 6.875 ;
; SW[12]     ; HEX4[5]     ; 6.875 ; 6.875 ; 6.875 ; 6.875 ;
; SW[13]     ; HEX0[1]     ; 8.673 ; 8.673 ; 8.673 ; 8.673 ;
; SW[13]     ; HEX0[2]     ; 8.683 ; 8.683 ; 8.683 ; 8.683 ;
; SW[13]     ; HEX0[3]     ; 8.521 ; 8.521 ; 8.521 ; 8.521 ;
; SW[13]     ; HEX0[4]     ; 9.509 ; 9.509 ; 9.509 ; 9.509 ;
; SW[13]     ; HEX0[5]     ; 9.499 ; 9.499 ; 9.499 ; 9.499 ;
; SW[13]     ; HEX0[6]     ; 8.196 ; 8.196 ; 8.196 ; 8.196 ;
; SW[13]     ; HEX1[1]     ; 7.586 ; 7.586 ; 7.586 ; 7.586 ;
; SW[13]     ; HEX1[2]     ; 7.451 ; 7.451 ; 7.451 ; 7.451 ;
; SW[13]     ; HEX1[3]     ; 7.448 ; 7.448 ; 7.448 ; 7.448 ;
; SW[13]     ; HEX1[4]     ; 7.576 ; 7.576 ; 7.576 ; 7.576 ;
; SW[13]     ; HEX1[5]     ; 7.698 ; 7.698 ; 7.698 ; 7.698 ;
; SW[13]     ; HEX1[6]     ; 7.490 ; 7.490 ; 7.490 ; 7.490 ;
; SW[13]     ; HEX2[0]     ; 7.473 ; 7.473 ; 7.473 ; 7.473 ;
; SW[13]     ; HEX2[1]     ; 7.448 ; 7.448 ; 7.448 ; 7.448 ;
; SW[13]     ; HEX2[2]     ; 7.488 ; 7.488 ; 7.488 ; 7.488 ;
; SW[13]     ; HEX2[3]     ; 7.354 ; 7.354 ; 7.354 ; 7.354 ;
; SW[13]     ; HEX2[4]     ; 7.716 ; 7.716 ; 7.716 ; 7.716 ;
; SW[13]     ; HEX2[5]     ; 7.716 ; 7.716 ; 7.716 ; 7.716 ;
; SW[13]     ; HEX2[6]     ; 7.348 ; 7.348 ; 7.348 ; 7.348 ;
; SW[13]     ; HEX3[0]     ; 7.316 ; 7.316 ; 7.316 ; 7.316 ;
; SW[13]     ; HEX3[1]     ; 7.482 ; 7.482 ; 7.482 ; 7.482 ;
; SW[13]     ; HEX3[2]     ; 7.482 ; 7.482 ; 7.482 ; 7.482 ;
; SW[13]     ; HEX3[4]     ; 7.722 ; 7.722 ; 7.722 ; 7.722 ;
; SW[13]     ; HEX3[5]     ; 7.544 ; 7.544 ; 7.544 ; 7.544 ;
; SW[13]     ; HEX3[6]     ; 7.565 ; 7.565 ; 7.565 ; 7.565 ;
; SW[13]     ; HEX4[0]     ; 9.178 ; 9.178 ; 9.178 ; 9.178 ;
; SW[13]     ; HEX4[1]     ; 8.485 ; 8.485 ; 8.485 ; 8.485 ;
; SW[13]     ; HEX4[2]     ; 8.485 ; 8.485 ; 8.485 ; 8.485 ;
; SW[13]     ; HEX4[3]     ; 8.927 ; 8.927 ; 8.927 ; 8.927 ;
; SW[13]     ; HEX4[4]     ; 9.184 ; 9.184 ; 9.184 ; 9.184 ;
; SW[13]     ; HEX4[5]     ; 9.184 ; 9.184 ; 9.184 ; 9.184 ;
; SW[13]     ; HEX4[6]     ; 8.365 ; 8.365 ; 8.365 ; 8.365 ;
; SW[14]     ; HEX0[0]     ; 6.690 ; 6.690 ; 6.690 ; 6.690 ;
; SW[14]     ; HEX0[1]     ; 8.621 ; 8.621 ; 8.621 ; 8.621 ;
; SW[14]     ; HEX0[2]     ; 8.631 ; 8.631 ; 8.631 ; 8.631 ;
; SW[14]     ; HEX0[3]     ; 8.470 ; 8.470 ; 8.470 ; 8.470 ;
; SW[14]     ; HEX0[4]     ; 9.456 ; 9.456 ; 9.456 ; 9.456 ;
; SW[14]     ; HEX0[5]     ; 9.446 ; 9.446 ; 9.446 ; 9.446 ;
; SW[14]     ; HEX0[6]     ; 8.142 ; 8.142 ; 8.142 ; 8.142 ;
; SW[14]     ; HEX1[0]     ; 7.541 ; 7.541 ; 7.541 ; 7.541 ;
; SW[14]     ; HEX1[1]     ; 7.532 ; 7.532 ; 7.532 ; 7.532 ;
; SW[14]     ; HEX1[2]     ; 7.397 ; 7.397 ; 7.397 ; 7.397 ;
; SW[14]     ; HEX1[3]     ; 7.398 ; 7.398 ; 7.398 ; 7.398 ;
; SW[14]     ; HEX1[4]     ; 7.523 ; 7.523 ; 7.523 ; 7.523 ;
; SW[14]     ; HEX1[5]     ; 7.645 ; 7.645 ; 7.645 ; 7.645 ;
; SW[14]     ; HEX1[6]     ; 7.437 ; 7.437 ; 7.437 ; 7.437 ;
; SW[14]     ; HEX2[0]     ; 7.423 ; 7.423 ; 7.423 ; 7.423 ;
; SW[14]     ; HEX2[1]     ; 7.395 ; 7.395 ; 7.395 ; 7.395 ;
; SW[14]     ; HEX2[2]     ; 7.435 ; 7.435 ; 7.435 ; 7.435 ;
; SW[14]     ; HEX2[3]     ; 7.304 ; 7.304 ; 7.304 ; 7.304 ;
; SW[14]     ; HEX2[4]     ; 7.663 ; 7.663 ; 7.663 ; 7.663 ;
; SW[14]     ; HEX2[5]     ; 7.663 ; 7.663 ; 7.663 ; 7.663 ;
; SW[14]     ; HEX2[6]     ; 7.294 ; 7.294 ; 7.294 ; 7.294 ;
; SW[14]     ; HEX3[0]     ; 7.267 ; 7.267 ; 7.267 ; 7.267 ;
; SW[14]     ; HEX3[1]     ; 7.428 ; 7.428 ; 7.428 ; 7.428 ;
; SW[14]     ; HEX3[2]     ; 7.428 ; 7.428 ; 7.428 ; 7.428 ;
; SW[14]     ; HEX3[3]     ; 6.654 ; 6.654 ; 6.654 ; 6.654 ;
; SW[14]     ; HEX3[4]     ; 7.669 ; 7.669 ; 7.669 ; 7.669 ;
; SW[14]     ; HEX3[5]     ; 7.491 ; 7.491 ; 7.491 ; 7.491 ;
; SW[14]     ; HEX4[0]     ; 9.120 ; 9.120 ; 9.120 ; 9.120 ;
; SW[14]     ; HEX4[3]     ; 8.876 ; 8.876 ; 8.876 ; 8.876 ;
; SW[14]     ; HEX4[4]     ; 9.131 ; 9.131 ; 9.131 ; 9.131 ;
; SW[14]     ; HEX4[5]     ; 9.131 ; 9.131 ; 9.131 ; 9.131 ;
; SW[14]     ; HEX4[6]     ; 8.313 ; 8.313 ; 8.313 ; 8.313 ;
; SW[15]     ; HEX0[0]     ; 6.801 ; 6.906 ; 6.906 ; 6.801 ;
; SW[15]     ; HEX0[1]     ; 8.786 ; 8.786 ; 8.786 ; 8.786 ;
; SW[15]     ; HEX0[2]     ; 8.796 ; 8.796 ; 8.796 ; 8.796 ;
; SW[15]     ; HEX0[3]     ; 8.634 ; 8.634 ; 8.634 ; 8.634 ;
; SW[15]     ; HEX0[4]     ; 9.622 ; 9.622 ; 9.622 ; 9.622 ;
; SW[15]     ; HEX0[5]     ; 9.612 ; 9.612 ; 9.612 ; 9.612 ;
; SW[15]     ; HEX0[6]     ; 8.309 ; 8.309 ; 8.309 ; 8.309 ;
; SW[15]     ; HEX1[0]     ; 7.652 ; 7.652 ; 7.652 ; 7.652 ;
; SW[15]     ; HEX1[1]     ; 7.699 ; 7.699 ; 7.699 ; 7.699 ;
; SW[15]     ; HEX1[2]     ; 7.564 ; 7.564 ; 7.564 ; 7.564 ;
; SW[15]     ; HEX1[3]     ; 7.561 ; 7.561 ; 7.561 ; 7.561 ;
; SW[15]     ; HEX1[4]     ; 7.689 ; 7.689 ; 7.689 ; 7.689 ;
; SW[15]     ; HEX1[5]     ; 7.811 ; 7.811 ; 7.811 ; 7.811 ;
; SW[15]     ; HEX1[6]     ; 7.603 ; 7.603 ; 7.603 ; 7.603 ;
; SW[15]     ; HEX2[0]     ; 7.586 ; 7.586 ; 7.586 ; 7.586 ;
; SW[15]     ; HEX2[1]     ; 7.561 ; 7.561 ; 7.561 ; 7.561 ;
; SW[15]     ; HEX2[2]     ; 7.601 ; 7.601 ; 7.601 ; 7.601 ;
; SW[15]     ; HEX2[3]     ; 7.467 ; 7.467 ; 7.467 ; 7.467 ;
; SW[15]     ; HEX2[4]     ; 7.829 ; 7.829 ; 7.829 ; 7.829 ;
; SW[15]     ; HEX2[5]     ; 7.829 ; 7.829 ; 7.829 ; 7.829 ;
; SW[15]     ; HEX2[6]     ; 7.461 ; 7.461 ; 7.461 ; 7.461 ;
; SW[15]     ; HEX3[0]     ; 7.429 ; 7.429 ; 7.429 ; 7.429 ;
; SW[15]     ; HEX3[1]     ; 7.595 ; 7.595 ; 7.595 ; 7.595 ;
; SW[15]     ; HEX3[2]     ; 7.595 ; 7.595 ; 7.595 ; 7.595 ;
; SW[15]     ; HEX3[3]     ; 6.765 ; 6.765 ; 6.765 ; 6.765 ;
; SW[15]     ; HEX3[4]     ; 7.835 ; 7.835 ; 7.835 ; 7.835 ;
; SW[15]     ; HEX3[5]     ; 7.657 ; 7.657 ; 7.657 ; 7.657 ;
; SW[15]     ; HEX3[6]     ; 7.678 ; 7.678 ; 7.678 ; 7.678 ;
; SW[15]     ; HEX4[0]     ; 9.291 ; 9.291 ; 9.291 ; 9.291 ;
; SW[15]     ; HEX4[1]     ; 8.598 ; 8.598 ; 8.598 ; 8.598 ;
; SW[15]     ; HEX4[2]     ; 8.598 ; 8.598 ; 8.598 ; 8.598 ;
; SW[15]     ; HEX4[3]     ; 9.040 ; 9.040 ; 9.040 ; 9.040 ;
; SW[15]     ; HEX4[4]     ; 9.297 ; 9.297 ; 9.297 ; 9.297 ;
; SW[15]     ; HEX4[5]     ; 9.297 ; 9.297 ; 9.297 ; 9.297 ;
; SW[15]     ; HEX4[6]     ; 8.478 ; 8.478 ; 8.478 ; 8.478 ;
; SW[16]     ; HEX0[0]     ; 6.716 ; 6.998 ; 6.998 ; 6.716 ;
; SW[16]     ; HEX0[1]     ; 8.702 ; 8.702 ; 8.702 ; 8.702 ;
; SW[16]     ; HEX0[2]     ; 8.712 ; 8.712 ; 8.712 ; 8.712 ;
; SW[16]     ; HEX0[3]     ; 8.550 ; 8.550 ; 8.550 ; 8.550 ;
; SW[16]     ; HEX0[4]     ; 9.538 ; 9.538 ; 9.538 ; 9.538 ;
; SW[16]     ; HEX0[5]     ; 9.528 ; 9.528 ; 9.528 ; 9.528 ;
; SW[16]     ; HEX0[6]     ; 8.225 ; 8.225 ; 8.225 ; 8.225 ;
; SW[16]     ; HEX1[0]     ; 7.567 ; 7.567 ; 7.567 ; 7.567 ;
; SW[16]     ; HEX1[1]     ; 7.615 ; 7.615 ; 7.615 ; 7.615 ;
; SW[16]     ; HEX1[2]     ; 7.480 ; 7.480 ; 7.480 ; 7.480 ;
; SW[16]     ; HEX1[3]     ; 7.477 ; 7.477 ; 7.477 ; 7.477 ;
; SW[16]     ; HEX1[4]     ; 7.605 ; 7.605 ; 7.605 ; 7.605 ;
; SW[16]     ; HEX1[5]     ; 7.727 ; 7.727 ; 7.727 ; 7.727 ;
; SW[16]     ; HEX1[6]     ; 7.519 ; 7.519 ; 7.519 ; 7.519 ;
; SW[16]     ; HEX2[0]     ; 7.502 ; 7.502 ; 7.502 ; 7.502 ;
; SW[16]     ; HEX2[1]     ; 7.477 ; 7.477 ; 7.477 ; 7.477 ;
; SW[16]     ; HEX2[2]     ; 7.517 ; 7.517 ; 7.517 ; 7.517 ;
; SW[16]     ; HEX2[3]     ; 7.383 ; 7.383 ; 7.383 ; 7.383 ;
; SW[16]     ; HEX2[4]     ; 7.745 ; 7.745 ; 7.745 ; 7.745 ;
; SW[16]     ; HEX2[5]     ; 7.745 ; 7.745 ; 7.745 ; 7.745 ;
; SW[16]     ; HEX2[6]     ; 7.377 ; 7.377 ; 7.377 ; 7.377 ;
; SW[16]     ; HEX3[0]     ; 7.345 ; 7.345 ; 7.345 ; 7.345 ;
; SW[16]     ; HEX3[1]     ; 7.511 ; 7.511 ; 7.511 ; 7.511 ;
; SW[16]     ; HEX3[2]     ; 7.511 ; 7.511 ; 7.511 ; 7.511 ;
; SW[16]     ; HEX3[3]     ; 6.680 ; 6.680 ; 6.680 ; 6.680 ;
; SW[16]     ; HEX3[4]     ; 7.751 ; 7.751 ; 7.751 ; 7.751 ;
; SW[16]     ; HEX3[5]     ; 7.573 ; 7.573 ; 7.573 ; 7.573 ;
; SW[16]     ; HEX3[6]     ; 7.594 ; 7.594 ; 7.594 ; 7.594 ;
; SW[16]     ; HEX4[0]     ; 9.207 ; 9.207 ; 9.207 ; 9.207 ;
; SW[16]     ; HEX4[1]     ; 8.514 ; 8.514 ; 8.514 ; 8.514 ;
; SW[16]     ; HEX4[2]     ; 8.514 ; 8.514 ; 8.514 ; 8.514 ;
; SW[16]     ; HEX4[3]     ; 8.956 ; 8.956 ; 8.956 ; 8.956 ;
; SW[16]     ; HEX4[4]     ; 9.213 ; 9.213 ; 9.213 ; 9.213 ;
; SW[16]     ; HEX4[5]     ; 9.213 ; 9.213 ; 9.213 ; 9.213 ;
; SW[16]     ; HEX4[6]     ; 8.394 ; 8.394 ; 8.394 ; 8.394 ;
; SW[17]     ; HEX0[0]     ; 6.791 ; 6.343 ; 6.343 ; 6.791 ;
; SW[17]     ; HEX0[1]     ; 8.437 ; 8.273 ; 8.273 ; 8.437 ;
; SW[17]     ; HEX0[2]     ; 8.447 ; 8.283 ; 8.283 ; 8.447 ;
; SW[17]     ; HEX0[3]     ; 8.286 ; 8.122 ; 8.122 ; 8.286 ;
; SW[17]     ; HEX0[4]     ; 9.272 ; 9.108 ; 9.108 ; 9.272 ;
; SW[17]     ; HEX0[5]     ; 9.262 ; 9.098 ; 9.098 ; 9.262 ;
; SW[17]     ; HEX0[6]     ; 7.958 ; 7.794 ; 7.794 ; 7.958 ;
; SW[17]     ; HEX1[0]     ; 7.357 ; 7.220 ; 7.220 ; 7.357 ;
; SW[17]     ; HEX1[1]     ; 7.348 ; 7.184 ; 7.184 ; 7.348 ;
; SW[17]     ; HEX1[2]     ; 7.213 ; 7.049 ; 7.049 ; 7.213 ;
; SW[17]     ; HEX1[3]     ; 7.214 ; 7.051 ; 7.051 ; 7.214 ;
; SW[17]     ; HEX1[4]     ; 7.339 ; 7.175 ; 7.175 ; 7.339 ;
; SW[17]     ; HEX1[5]     ; 7.461 ; 7.297 ; 7.297 ; 7.461 ;
; SW[17]     ; HEX1[6]     ; 7.253 ; 7.089 ; 7.089 ; 7.253 ;
; SW[17]     ; HEX2[0]     ; 7.239 ; 7.239 ; 7.239 ; 7.239 ;
; SW[17]     ; HEX2[1]     ; 7.211 ; 7.047 ; 7.047 ; 7.211 ;
; SW[17]     ; HEX2[2]     ; 7.251 ; 7.087 ; 7.087 ; 7.251 ;
; SW[17]     ; HEX2[3]     ; 7.120 ; 6.956 ; 6.956 ; 7.120 ;
; SW[17]     ; HEX2[4]     ; 7.479 ; 7.315 ; 7.315 ; 7.479 ;
; SW[17]     ; HEX2[5]     ; 7.479 ; 7.315 ; 7.315 ; 7.479 ;
; SW[17]     ; HEX2[6]     ; 7.110 ; 7.110 ; 7.110 ; 7.110 ;
; SW[17]     ; HEX3[0]     ; 7.083 ; 6.920 ; 6.920 ; 7.083 ;
; SW[17]     ; HEX3[1]     ; 7.244 ; 7.244 ; 7.244 ; 7.244 ;
; SW[17]     ; HEX3[2]     ; 7.244 ; 7.244 ; 7.244 ; 7.244 ;
; SW[17]     ; HEX3[3]     ; 6.470 ; 6.306 ; 6.306 ; 6.470 ;
; SW[17]     ; HEX3[4]     ; 7.485 ; 7.321 ; 7.321 ; 7.485 ;
; SW[17]     ; HEX3[5]     ; 7.307 ; 7.143 ; 7.143 ; 7.307 ;
; SW[17]     ; HEX3[6]     ; 7.166 ; 7.108 ; 7.108 ; 7.166 ;
; SW[17]     ; HEX4[0]     ; 8.936 ; 8.936 ; 8.936 ; 8.936 ;
; SW[17]     ; HEX4[1]     ; 8.086 ; 8.028 ; 8.028 ; 8.086 ;
; SW[17]     ; HEX4[2]     ; 8.086 ; 8.028 ; 8.028 ; 8.086 ;
; SW[17]     ; HEX4[3]     ; 8.692 ; 8.692 ; 8.692 ; 8.692 ;
; SW[17]     ; HEX4[4]     ; 8.947 ; 8.783 ; 8.783 ; 8.947 ;
; SW[17]     ; HEX4[5]     ; 8.947 ; 8.783 ; 8.783 ; 8.947 ;
; SW[17]     ; HEX4[6]     ; 8.129 ; 7.965 ; 7.965 ; 8.129 ;
+------------+-------------+-------+-------+-------+-------+


+----------------------------------------------------------+
; Minimum Propagation Delay                                ;
+------------+-------------+-------+-------+-------+-------+
; Input Port ; Output Port ; RR    ; RF    ; FR    ; FF    ;
+------------+-------------+-------+-------+-------+-------+
; SW[0]      ; HEX0[0]     ; 4.482 ;       ;       ; 4.482 ;
; SW[0]      ; HEX0[3]     ; 5.681 ;       ;       ; 5.681 ;
; SW[0]      ; HEX0[4]     ; 6.670 ;       ;       ; 6.670 ;
; SW[0]      ; HEX0[5]     ; 6.660 ;       ;       ; 6.660 ;
; SW[0]      ; HEX0[6]     ; 5.355 ; 5.355 ; 5.355 ; 5.355 ;
; SW[0]      ; HEX1[0]     ;       ; 4.782 ; 4.782 ;       ;
; SW[0]      ; HEX1[1]     ; 4.745 ; 4.745 ; 4.745 ; 4.745 ;
; SW[0]      ; HEX1[2]     ; 4.610 ; 4.610 ; 4.610 ; 4.610 ;
; SW[0]      ; HEX1[3]     ; 4.613 ; 4.613 ; 4.613 ; 4.613 ;
; SW[0]      ; HEX1[4]     ; 4.737 ;       ;       ; 4.737 ;
; SW[0]      ; HEX1[5]     ; 4.859 ;       ;       ; 4.859 ;
; SW[0]      ; HEX2[0]     ; 4.638 ;       ;       ; 4.638 ;
; SW[0]      ; HEX2[3]     ; 4.519 ;       ;       ; 4.519 ;
; SW[0]      ; HEX2[4]     ; 4.877 ;       ;       ; 4.877 ;
; SW[0]      ; HEX2[5]     ; 4.877 ;       ;       ; 4.877 ;
; SW[0]      ; HEX2[6]     ; 4.508 ; 4.508 ; 4.508 ; 4.508 ;
; SW[0]      ; HEX3[0]     ; 4.482 ; 4.482 ; 4.482 ; 4.482 ;
; SW[0]      ; HEX3[1]     ; 4.642 ; 4.642 ; 4.642 ; 4.642 ;
; SW[0]      ; HEX3[2]     ; 4.642 ; 4.642 ; 4.642 ; 4.642 ;
; SW[0]      ; HEX3[4]     ; 4.883 ;       ;       ; 4.883 ;
; SW[0]      ; HEX3[5]     ; 4.705 ;       ;       ; 4.705 ;
; SW[0]      ; HEX3[6]     ; 4.728 ;       ;       ; 4.728 ;
; SW[0]      ; HEX4[0]     ; 6.338 ; 6.338 ; 6.338 ; 6.338 ;
; SW[0]      ; HEX4[1]     ; 5.648 ;       ;       ; 5.648 ;
; SW[0]      ; HEX4[2]     ; 5.648 ;       ;       ; 5.648 ;
; SW[0]      ; HEX4[3]     ; 6.090 ; 6.090 ; 6.090 ; 6.090 ;
; SW[0]      ; HEX4[4]     ; 6.345 ;       ;       ; 6.345 ;
; SW[0]      ; HEX4[5]     ; 6.345 ;       ;       ; 6.345 ;
; SW[1]      ; HEX0[1]     ; 5.830 ;       ;       ; 5.830 ;
; SW[1]      ; HEX0[2]     ; 5.840 ;       ;       ; 5.840 ;
; SW[1]      ; HEX0[3]     ; 5.678 ; 5.678 ; 5.678 ; 5.678 ;
; SW[1]      ; HEX0[4]     ; 6.666 ;       ;       ; 6.666 ;
; SW[1]      ; HEX0[5]     ; 6.656 ;       ;       ; 6.656 ;
; SW[1]      ; HEX0[6]     ; 5.353 ; 5.353 ; 5.353 ; 5.353 ;
; SW[1]      ; HEX1[1]     ; 4.743 ; 4.743 ; 4.743 ; 4.743 ;
; SW[1]      ; HEX1[2]     ; 4.608 ; 4.608 ; 4.608 ; 4.608 ;
; SW[1]      ; HEX1[3]     ; 4.605 ;       ;       ; 4.605 ;
; SW[1]      ; HEX1[4]     ; 4.733 ;       ;       ; 4.733 ;
; SW[1]      ; HEX1[5]     ; 4.855 ;       ;       ; 4.855 ;
; SW[1]      ; HEX1[6]     ;       ; 4.647 ; 4.647 ;       ;
; SW[1]      ; HEX2[0]     ; 4.630 ; 4.630 ; 4.630 ; 4.630 ;
; SW[1]      ; HEX2[1]     ;       ; 4.605 ; 4.605 ;       ;
; SW[1]      ; HEX2[2]     ;       ; 4.645 ; 4.645 ;       ;
; SW[1]      ; HEX2[3]     ; 4.511 ;       ;       ; 4.511 ;
; SW[1]      ; HEX2[4]     ; 4.873 ;       ;       ; 4.873 ;
; SW[1]      ; HEX2[5]     ; 4.873 ;       ;       ; 4.873 ;
; SW[1]      ; HEX2[6]     ; 4.505 ; 4.505 ; 4.505 ; 4.505 ;
; SW[1]      ; HEX3[0]     ; 4.473 ; 4.473 ; 4.473 ; 4.473 ;
; SW[1]      ; HEX3[1]     ; 4.639 ; 4.639 ; 4.639 ; 4.639 ;
; SW[1]      ; HEX3[2]     ; 4.639 ; 4.639 ; 4.639 ; 4.639 ;
; SW[1]      ; HEX3[4]     ; 4.879 ;       ;       ; 4.879 ;
; SW[1]      ; HEX3[5]     ; 4.701 ;       ;       ; 4.701 ;
; SW[1]      ; HEX3[6]     ; 4.722 ;       ;       ; 4.722 ;
; SW[1]      ; HEX4[0]     ; 6.335 ;       ;       ; 6.335 ;
; SW[1]      ; HEX4[1]     ; 5.642 ;       ;       ; 5.642 ;
; SW[1]      ; HEX4[2]     ; 5.642 ;       ;       ; 5.642 ;
; SW[1]      ; HEX4[3]     ; 6.084 ; 6.084 ; 6.084 ; 6.084 ;
; SW[1]      ; HEX4[4]     ; 6.341 ;       ;       ; 6.341 ;
; SW[1]      ; HEX4[5]     ; 6.341 ;       ;       ; 6.341 ;
; SW[1]      ; HEX4[6]     ; 5.522 ;       ;       ; 5.522 ;
; SW[2]      ; HEX0[0]     ; 4.350 ;       ;       ; 4.350 ;
; SW[2]      ; HEX0[1]     ; 5.998 ;       ;       ; 5.998 ;
; SW[2]      ; HEX0[2]     ; 6.008 ;       ;       ; 6.008 ;
; SW[2]      ; HEX0[3]     ; 5.847 ;       ;       ; 5.847 ;
; SW[2]      ; HEX0[4]     ; 6.833 ;       ;       ; 6.833 ;
; SW[2]      ; HEX0[5]     ; 6.823 ;       ;       ; 6.823 ;
; SW[2]      ; HEX0[6]     ; 5.519 ;       ;       ; 5.519 ;
; SW[2]      ; HEX1[0]     ; 4.918 ;       ;       ; 4.918 ;
; SW[2]      ; HEX1[1]     ; 4.909 ;       ;       ; 4.909 ;
; SW[2]      ; HEX1[2]     ; 4.774 ;       ;       ; 4.774 ;
; SW[2]      ; HEX1[3]     ; 4.775 ;       ;       ; 4.775 ;
; SW[2]      ; HEX1[4]     ; 4.900 ;       ;       ; 4.900 ;
; SW[2]      ; HEX1[5]     ; 5.022 ;       ;       ; 5.022 ;
; SW[2]      ; HEX1[6]     ; 4.814 ;       ;       ; 4.814 ;
; SW[2]      ; HEX2[0]     ; 4.800 ; 4.800 ; 4.800 ; 4.800 ;
; SW[2]      ; HEX2[1]     ; 4.772 ;       ;       ; 4.772 ;
; SW[2]      ; HEX2[2]     ; 4.812 ;       ;       ; 4.812 ;
; SW[2]      ; HEX2[3]     ; 4.681 ;       ;       ; 4.681 ;
; SW[2]      ; HEX2[4]     ; 5.040 ;       ;       ; 5.040 ;
; SW[2]      ; HEX2[5]     ; 5.040 ;       ;       ; 5.040 ;
; SW[2]      ; HEX2[6]     ; 4.671 ; 4.671 ; 4.671 ; 4.671 ;
; SW[2]      ; HEX3[0]     ; 4.644 ;       ;       ; 4.644 ;
; SW[2]      ; HEX3[1]     ; 4.805 ; 4.805 ; 4.805 ; 4.805 ;
; SW[2]      ; HEX3[2]     ; 4.805 ; 4.805 ; 4.805 ; 4.805 ;
; SW[2]      ; HEX3[3]     ; 4.031 ;       ;       ; 4.031 ;
; SW[2]      ; HEX3[4]     ; 5.046 ;       ;       ; 5.046 ;
; SW[2]      ; HEX3[5]     ; 4.868 ;       ;       ; 4.868 ;
; SW[2]      ; HEX4[0]     ; 6.497 ; 6.497 ; 6.497 ; 6.497 ;
; SW[2]      ; HEX4[3]     ; 6.253 ; 6.253 ; 6.253 ; 6.253 ;
; SW[2]      ; HEX4[4]     ; 6.508 ;       ;       ; 6.508 ;
; SW[2]      ; HEX4[5]     ; 6.508 ;       ;       ; 6.508 ;
; SW[2]      ; HEX4[6]     ; 5.690 ;       ;       ; 5.690 ;
; SW[3]      ; HEX0[0]     ; 3.781 ;       ;       ; 3.781 ;
; SW[3]      ; HEX0[3]     ; 5.392 ;       ;       ; 5.392 ;
; SW[3]      ; HEX0[4]     ; 6.381 ;       ;       ; 6.381 ;
; SW[3]      ; HEX0[5]     ; 6.371 ;       ;       ; 6.371 ;
; SW[3]      ; HEX0[6]     ; 5.066 ; 5.066 ; 5.066 ; 5.066 ;
; SW[3]      ; HEX1[0]     ;       ; 4.493 ; 4.493 ;       ;
; SW[3]      ; HEX1[1]     ; 4.456 ; 4.456 ; 4.456 ; 4.456 ;
; SW[3]      ; HEX1[2]     ; 4.321 ; 4.321 ; 4.321 ; 4.321 ;
; SW[3]      ; HEX1[3]     ; 4.324 ; 4.324 ; 4.324 ; 4.324 ;
; SW[3]      ; HEX1[4]     ; 4.448 ;       ;       ; 4.448 ;
; SW[3]      ; HEX1[5]     ; 4.570 ;       ;       ; 4.570 ;
; SW[3]      ; HEX2[0]     ; 4.349 ;       ;       ; 4.349 ;
; SW[3]      ; HEX2[3]     ; 4.230 ;       ;       ; 4.230 ;
; SW[3]      ; HEX2[4]     ; 4.588 ;       ;       ; 4.588 ;
; SW[3]      ; HEX2[5]     ; 4.588 ;       ;       ; 4.588 ;
; SW[3]      ; HEX2[6]     ; 4.219 ; 4.219 ; 4.219 ; 4.219 ;
; SW[3]      ; HEX3[0]     ; 4.193 ; 4.193 ; 4.193 ; 4.193 ;
; SW[3]      ; HEX3[1]     ; 4.353 ; 4.353 ; 4.353 ; 4.353 ;
; SW[3]      ; HEX3[2]     ; 4.353 ; 4.353 ; 4.353 ; 4.353 ;
; SW[3]      ; HEX3[4]     ; 4.594 ;       ;       ; 4.594 ;
; SW[3]      ; HEX3[5]     ; 4.416 ;       ;       ; 4.416 ;
; SW[3]      ; HEX3[6]     ; 4.439 ;       ;       ; 4.439 ;
; SW[3]      ; HEX4[0]     ; 6.049 ; 6.049 ; 6.049 ; 6.049 ;
; SW[3]      ; HEX4[1]     ; 5.359 ;       ;       ; 5.359 ;
; SW[3]      ; HEX4[2]     ; 5.359 ;       ;       ; 5.359 ;
; SW[3]      ; HEX4[3]     ; 5.801 ; 5.801 ; 5.801 ; 5.801 ;
; SW[3]      ; HEX4[4]     ; 6.056 ;       ;       ; 6.056 ;
; SW[3]      ; HEX4[5]     ; 6.056 ;       ;       ; 6.056 ;
; SW[4]      ; HEX0[1]     ; 5.699 ;       ;       ; 5.699 ;
; SW[4]      ; HEX0[2]     ; 5.709 ;       ;       ; 5.709 ;
; SW[4]      ; HEX0[3]     ; 5.547 ; 5.547 ; 5.547 ; 5.547 ;
; SW[4]      ; HEX0[4]     ; 6.535 ;       ;       ; 6.535 ;
; SW[4]      ; HEX0[5]     ; 6.525 ;       ;       ; 6.525 ;
; SW[4]      ; HEX0[6]     ; 5.222 ; 5.222 ; 5.222 ; 5.222 ;
; SW[4]      ; HEX1[1]     ; 4.612 ; 4.612 ; 4.612 ; 4.612 ;
; SW[4]      ; HEX1[2]     ; 4.477 ; 4.477 ; 4.477 ; 4.477 ;
; SW[4]      ; HEX1[3]     ; 4.474 ;       ;       ; 4.474 ;
; SW[4]      ; HEX1[4]     ; 4.602 ;       ;       ; 4.602 ;
; SW[4]      ; HEX1[5]     ; 4.724 ;       ;       ; 4.724 ;
; SW[4]      ; HEX1[6]     ;       ; 4.516 ; 4.516 ;       ;
; SW[4]      ; HEX2[0]     ; 4.499 ; 4.499 ; 4.499 ; 4.499 ;
; SW[4]      ; HEX2[1]     ;       ; 4.474 ; 4.474 ;       ;
; SW[4]      ; HEX2[2]     ;       ; 4.514 ; 4.514 ;       ;
; SW[4]      ; HEX2[3]     ; 4.380 ;       ;       ; 4.380 ;
; SW[4]      ; HEX2[4]     ; 4.742 ;       ;       ; 4.742 ;
; SW[4]      ; HEX2[5]     ; 4.742 ;       ;       ; 4.742 ;
; SW[4]      ; HEX2[6]     ; 4.374 ; 4.374 ; 4.374 ; 4.374 ;
; SW[4]      ; HEX3[0]     ; 4.342 ; 4.342 ; 4.342 ; 4.342 ;
; SW[4]      ; HEX3[1]     ; 4.508 ; 4.508 ; 4.508 ; 4.508 ;
; SW[4]      ; HEX3[2]     ; 4.508 ; 4.508 ; 4.508 ; 4.508 ;
; SW[4]      ; HEX3[4]     ; 4.748 ;       ;       ; 4.748 ;
; SW[4]      ; HEX3[5]     ; 4.570 ;       ;       ; 4.570 ;
; SW[4]      ; HEX3[6]     ; 4.591 ;       ;       ; 4.591 ;
; SW[4]      ; HEX4[0]     ; 6.204 ;       ;       ; 6.204 ;
; SW[4]      ; HEX4[1]     ; 5.511 ;       ;       ; 5.511 ;
; SW[4]      ; HEX4[2]     ; 5.511 ;       ;       ; 5.511 ;
; SW[4]      ; HEX4[3]     ; 5.953 ; 5.953 ; 5.953 ; 5.953 ;
; SW[4]      ; HEX4[4]     ; 6.210 ;       ;       ; 6.210 ;
; SW[4]      ; HEX4[5]     ; 6.210 ;       ;       ; 6.210 ;
; SW[4]      ; HEX4[6]     ; 5.391 ;       ;       ; 5.391 ;
; SW[5]      ; HEX0[0]     ; 3.784 ;       ;       ; 3.784 ;
; SW[5]      ; HEX0[1]     ; 5.715 ;       ;       ; 5.715 ;
; SW[5]      ; HEX0[2]     ; 5.725 ;       ;       ; 5.725 ;
; SW[5]      ; HEX0[3]     ; 5.564 ;       ;       ; 5.564 ;
; SW[5]      ; HEX0[4]     ; 6.550 ;       ;       ; 6.550 ;
; SW[5]      ; HEX0[5]     ; 6.540 ;       ;       ; 6.540 ;
; SW[5]      ; HEX0[6]     ; 5.236 ;       ;       ; 5.236 ;
; SW[5]      ; HEX1[0]     ; 4.635 ;       ;       ; 4.635 ;
; SW[5]      ; HEX1[1]     ; 4.626 ;       ;       ; 4.626 ;
; SW[5]      ; HEX1[2]     ; 4.491 ;       ;       ; 4.491 ;
; SW[5]      ; HEX1[3]     ; 4.492 ;       ;       ; 4.492 ;
; SW[5]      ; HEX1[4]     ; 4.617 ;       ;       ; 4.617 ;
; SW[5]      ; HEX1[5]     ; 4.739 ;       ;       ; 4.739 ;
; SW[5]      ; HEX1[6]     ; 4.531 ;       ;       ; 4.531 ;
; SW[5]      ; HEX2[0]     ; 4.517 ; 4.517 ; 4.517 ; 4.517 ;
; SW[5]      ; HEX2[1]     ; 4.489 ;       ;       ; 4.489 ;
; SW[5]      ; HEX2[2]     ; 4.529 ;       ;       ; 4.529 ;
; SW[5]      ; HEX2[3]     ; 4.398 ;       ;       ; 4.398 ;
; SW[5]      ; HEX2[4]     ; 4.757 ;       ;       ; 4.757 ;
; SW[5]      ; HEX2[5]     ; 4.757 ;       ;       ; 4.757 ;
; SW[5]      ; HEX2[6]     ; 4.388 ; 4.388 ; 4.388 ; 4.388 ;
; SW[5]      ; HEX3[0]     ; 4.361 ;       ;       ; 4.361 ;
; SW[5]      ; HEX3[1]     ; 4.522 ; 4.522 ; 4.522 ; 4.522 ;
; SW[5]      ; HEX3[2]     ; 4.522 ; 4.522 ; 4.522 ; 4.522 ;
; SW[5]      ; HEX3[3]     ; 3.748 ;       ;       ; 3.748 ;
; SW[5]      ; HEX3[4]     ; 4.763 ;       ;       ; 4.763 ;
; SW[5]      ; HEX3[5]     ; 4.585 ;       ;       ; 4.585 ;
; SW[5]      ; HEX4[0]     ; 6.214 ; 6.214 ; 6.214 ; 6.214 ;
; SW[5]      ; HEX4[3]     ; 5.970 ; 5.970 ; 5.970 ; 5.970 ;
; SW[5]      ; HEX4[4]     ; 6.225 ;       ;       ; 6.225 ;
; SW[5]      ; HEX4[5]     ; 6.225 ;       ;       ; 6.225 ;
; SW[5]      ; HEX4[6]     ; 5.407 ;       ;       ; 5.407 ;
; SW[6]      ; HEX0[0]     ; 3.854 ; 3.854 ; 3.854 ; 3.854 ;
; SW[6]      ; HEX0[3]     ; 5.465 ; 5.465 ; 5.465 ; 5.465 ;
; SW[6]      ; HEX0[4]     ; 6.454 ; 6.454 ; 6.454 ; 6.454 ;
; SW[6]      ; HEX0[5]     ; 6.444 ; 6.444 ; 6.444 ; 6.444 ;
; SW[6]      ; HEX0[6]     ; 5.139 ; 5.139 ; 5.139 ; 5.139 ;
; SW[6]      ; HEX1[0]     ; 4.566 ; 4.566 ; 4.566 ; 4.566 ;
; SW[6]      ; HEX1[1]     ; 4.529 ; 4.529 ; 4.529 ; 4.529 ;
; SW[6]      ; HEX1[2]     ; 4.394 ; 4.394 ; 4.394 ; 4.394 ;
; SW[6]      ; HEX1[3]     ; 4.397 ; 4.397 ; 4.397 ; 4.397 ;
; SW[6]      ; HEX1[4]     ; 4.521 ; 4.521 ; 4.521 ; 4.521 ;
; SW[6]      ; HEX1[5]     ; 4.643 ; 4.643 ; 4.643 ; 4.643 ;
; SW[6]      ; HEX2[0]     ; 4.422 ; 4.422 ; 4.422 ; 4.422 ;
; SW[6]      ; HEX2[3]     ; 4.303 ; 4.303 ; 4.303 ; 4.303 ;
; SW[6]      ; HEX2[4]     ; 4.661 ; 4.661 ; 4.661 ; 4.661 ;
; SW[6]      ; HEX2[5]     ; 4.661 ; 4.661 ; 4.661 ; 4.661 ;
; SW[6]      ; HEX2[6]     ; 4.292 ; 4.292 ; 4.292 ; 4.292 ;
; SW[6]      ; HEX3[0]     ; 4.266 ; 4.266 ; 4.266 ; 4.266 ;
; SW[6]      ; HEX3[1]     ; 4.426 ; 4.426 ; 4.426 ; 4.426 ;
; SW[6]      ; HEX3[2]     ; 4.426 ; 4.426 ; 4.426 ; 4.426 ;
; SW[6]      ; HEX3[4]     ; 4.667 ; 4.667 ; 4.667 ; 4.667 ;
; SW[6]      ; HEX3[5]     ; 4.489 ; 4.489 ; 4.489 ; 4.489 ;
; SW[6]      ; HEX3[6]     ; 4.512 ; 4.512 ; 4.512 ; 4.512 ;
; SW[6]      ; HEX4[0]     ; 6.122 ; 6.122 ; 6.122 ; 6.122 ;
; SW[6]      ; HEX4[1]     ; 5.432 ; 5.432 ; 5.432 ; 5.432 ;
; SW[6]      ; HEX4[2]     ; 5.432 ; 5.432 ; 5.432 ; 5.432 ;
; SW[6]      ; HEX4[3]     ; 5.874 ; 5.874 ; 5.874 ; 5.874 ;
; SW[6]      ; HEX4[4]     ; 6.129 ; 6.129 ; 6.129 ; 6.129 ;
; SW[6]      ; HEX4[5]     ; 6.129 ; 6.129 ; 6.129 ; 6.129 ;
; SW[7]      ; HEX0[1]     ; 6.240 ;       ;       ; 6.240 ;
; SW[7]      ; HEX0[2]     ; 6.250 ;       ;       ; 6.250 ;
; SW[7]      ; HEX0[3]     ; 6.088 ; 6.088 ; 6.088 ; 6.088 ;
; SW[7]      ; HEX0[4]     ; 7.076 ;       ;       ; 7.076 ;
; SW[7]      ; HEX0[5]     ; 7.066 ;       ;       ; 7.066 ;
; SW[7]      ; HEX0[6]     ; 5.763 ; 5.763 ; 5.763 ; 5.763 ;
; SW[7]      ; HEX1[1]     ; 5.153 ; 5.153 ; 5.153 ; 5.153 ;
; SW[7]      ; HEX1[2]     ; 5.018 ; 5.018 ; 5.018 ; 5.018 ;
; SW[7]      ; HEX1[3]     ; 5.015 ;       ;       ; 5.015 ;
; SW[7]      ; HEX1[4]     ; 5.143 ;       ;       ; 5.143 ;
; SW[7]      ; HEX1[5]     ; 5.265 ;       ;       ; 5.265 ;
; SW[7]      ; HEX1[6]     ;       ; 5.057 ; 5.057 ;       ;
; SW[7]      ; HEX2[0]     ; 5.040 ; 5.040 ; 5.040 ; 5.040 ;
; SW[7]      ; HEX2[1]     ;       ; 5.015 ; 5.015 ;       ;
; SW[7]      ; HEX2[2]     ;       ; 5.055 ; 5.055 ;       ;
; SW[7]      ; HEX2[3]     ; 4.921 ;       ;       ; 4.921 ;
; SW[7]      ; HEX2[4]     ; 5.283 ;       ;       ; 5.283 ;
; SW[7]      ; HEX2[5]     ; 5.283 ;       ;       ; 5.283 ;
; SW[7]      ; HEX2[6]     ; 4.915 ; 4.915 ; 4.915 ; 4.915 ;
; SW[7]      ; HEX3[0]     ; 4.883 ; 4.883 ; 4.883 ; 4.883 ;
; SW[7]      ; HEX3[1]     ; 5.049 ; 5.049 ; 5.049 ; 5.049 ;
; SW[7]      ; HEX3[2]     ; 5.049 ; 5.049 ; 5.049 ; 5.049 ;
; SW[7]      ; HEX3[4]     ; 5.289 ;       ;       ; 5.289 ;
; SW[7]      ; HEX3[5]     ; 5.111 ;       ;       ; 5.111 ;
; SW[7]      ; HEX3[6]     ; 5.132 ;       ;       ; 5.132 ;
; SW[7]      ; HEX4[0]     ; 6.745 ;       ;       ; 6.745 ;
; SW[7]      ; HEX4[1]     ; 6.052 ;       ;       ; 6.052 ;
; SW[7]      ; HEX4[2]     ; 6.052 ;       ;       ; 6.052 ;
; SW[7]      ; HEX4[3]     ; 6.494 ; 6.494 ; 6.494 ; 6.494 ;
; SW[7]      ; HEX4[4]     ; 6.751 ;       ;       ; 6.751 ;
; SW[7]      ; HEX4[5]     ; 6.751 ;       ;       ; 6.751 ;
; SW[7]      ; HEX4[6]     ; 5.932 ;       ;       ; 5.932 ;
; SW[8]      ; HEX0[0]     ; 4.223 ;       ;       ; 4.223 ;
; SW[8]      ; HEX0[1]     ; 6.154 ;       ;       ; 6.154 ;
; SW[8]      ; HEX0[2]     ; 6.164 ;       ;       ; 6.164 ;
; SW[8]      ; HEX0[3]     ; 6.003 ;       ;       ; 6.003 ;
; SW[8]      ; HEX0[4]     ; 6.989 ;       ;       ; 6.989 ;
; SW[8]      ; HEX0[5]     ; 6.979 ;       ;       ; 6.979 ;
; SW[8]      ; HEX0[6]     ; 5.675 ;       ;       ; 5.675 ;
; SW[8]      ; HEX1[0]     ; 5.074 ;       ;       ; 5.074 ;
; SW[8]      ; HEX1[1]     ; 5.065 ;       ;       ; 5.065 ;
; SW[8]      ; HEX1[2]     ; 4.930 ;       ;       ; 4.930 ;
; SW[8]      ; HEX1[3]     ; 4.931 ;       ;       ; 4.931 ;
; SW[8]      ; HEX1[4]     ; 5.056 ;       ;       ; 5.056 ;
; SW[8]      ; HEX1[5]     ; 5.178 ;       ;       ; 5.178 ;
; SW[8]      ; HEX1[6]     ; 4.970 ;       ;       ; 4.970 ;
; SW[8]      ; HEX2[0]     ; 4.956 ; 4.956 ; 4.956 ; 4.956 ;
; SW[8]      ; HEX2[1]     ; 4.928 ;       ;       ; 4.928 ;
; SW[8]      ; HEX2[2]     ; 4.968 ;       ;       ; 4.968 ;
; SW[8]      ; HEX2[3]     ; 4.837 ;       ;       ; 4.837 ;
; SW[8]      ; HEX2[4]     ; 5.196 ;       ;       ; 5.196 ;
; SW[8]      ; HEX2[5]     ; 5.196 ;       ;       ; 5.196 ;
; SW[8]      ; HEX2[6]     ; 4.827 ; 4.827 ; 4.827 ; 4.827 ;
; SW[8]      ; HEX3[0]     ; 4.800 ;       ;       ; 4.800 ;
; SW[8]      ; HEX3[1]     ; 4.961 ; 4.961 ; 4.961 ; 4.961 ;
; SW[8]      ; HEX3[2]     ; 4.961 ; 4.961 ; 4.961 ; 4.961 ;
; SW[8]      ; HEX3[3]     ; 4.187 ;       ;       ; 4.187 ;
; SW[8]      ; HEX3[4]     ; 5.202 ;       ;       ; 5.202 ;
; SW[8]      ; HEX3[5]     ; 5.024 ;       ;       ; 5.024 ;
; SW[8]      ; HEX4[0]     ; 6.653 ; 6.653 ; 6.653 ; 6.653 ;
; SW[8]      ; HEX4[3]     ; 6.409 ; 6.409 ; 6.409 ; 6.409 ;
; SW[8]      ; HEX4[4]     ; 6.664 ;       ;       ; 6.664 ;
; SW[8]      ; HEX4[5]     ; 6.664 ;       ;       ; 6.664 ;
; SW[8]      ; HEX4[6]     ; 5.846 ;       ;       ; 5.846 ;
; SW[9]      ; HEX0[0]     ; 4.377 ;       ;       ; 4.377 ;
; SW[9]      ; HEX0[3]     ; 5.988 ;       ;       ; 5.988 ;
; SW[9]      ; HEX0[4]     ; 6.977 ;       ;       ; 6.977 ;
; SW[9]      ; HEX0[5]     ; 6.967 ;       ;       ; 6.967 ;
; SW[9]      ; HEX0[6]     ; 5.662 ; 5.662 ; 5.662 ; 5.662 ;
; SW[9]      ; HEX1[0]     ;       ; 5.089 ; 5.089 ;       ;
; SW[9]      ; HEX1[1]     ; 5.052 ; 5.052 ; 5.052 ; 5.052 ;
; SW[9]      ; HEX1[2]     ; 4.917 ; 4.917 ; 4.917 ; 4.917 ;
; SW[9]      ; HEX1[3]     ; 4.920 ; 4.920 ; 4.920 ; 4.920 ;
; SW[9]      ; HEX1[4]     ; 5.044 ;       ;       ; 5.044 ;
; SW[9]      ; HEX1[5]     ; 5.166 ;       ;       ; 5.166 ;
; SW[9]      ; HEX2[0]     ; 4.945 ;       ;       ; 4.945 ;
; SW[9]      ; HEX2[3]     ; 4.826 ;       ;       ; 4.826 ;
; SW[9]      ; HEX2[4]     ; 5.184 ;       ;       ; 5.184 ;
; SW[9]      ; HEX2[5]     ; 5.184 ;       ;       ; 5.184 ;
; SW[9]      ; HEX2[6]     ; 4.815 ; 4.815 ; 4.815 ; 4.815 ;
; SW[9]      ; HEX3[0]     ; 4.789 ; 4.789 ; 4.789 ; 4.789 ;
; SW[9]      ; HEX3[1]     ; 4.949 ; 4.949 ; 4.949 ; 4.949 ;
; SW[9]      ; HEX3[2]     ; 4.949 ; 4.949 ; 4.949 ; 4.949 ;
; SW[9]      ; HEX3[4]     ; 5.190 ;       ;       ; 5.190 ;
; SW[9]      ; HEX3[5]     ; 5.012 ;       ;       ; 5.012 ;
; SW[9]      ; HEX3[6]     ; 5.035 ;       ;       ; 5.035 ;
; SW[9]      ; HEX4[0]     ; 6.645 ; 6.645 ; 6.645 ; 6.645 ;
; SW[9]      ; HEX4[1]     ; 5.955 ;       ;       ; 5.955 ;
; SW[9]      ; HEX4[2]     ; 5.955 ;       ;       ; 5.955 ;
; SW[9]      ; HEX4[3]     ; 6.397 ; 6.397 ; 6.397 ; 6.397 ;
; SW[9]      ; HEX4[4]     ; 6.652 ;       ;       ; 6.652 ;
; SW[9]      ; HEX4[5]     ; 6.652 ;       ;       ; 6.652 ;
; SW[10]     ; HEX0[1]     ; 6.260 ; 6.260 ; 6.260 ; 6.260 ;
; SW[10]     ; HEX0[2]     ; 6.270 ; 6.270 ; 6.270 ; 6.270 ;
; SW[10]     ; HEX0[3]     ; 6.108 ; 6.108 ; 6.108 ; 6.108 ;
; SW[10]     ; HEX0[4]     ; 7.096 ; 7.096 ; 7.096 ; 7.096 ;
; SW[10]     ; HEX0[5]     ; 7.086 ; 7.086 ; 7.086 ; 7.086 ;
; SW[10]     ; HEX0[6]     ; 5.783 ; 5.783 ; 5.783 ; 5.783 ;
; SW[10]     ; HEX1[1]     ; 5.173 ; 5.173 ; 5.173 ; 5.173 ;
; SW[10]     ; HEX1[2]     ; 5.038 ; 5.038 ; 5.038 ; 5.038 ;
; SW[10]     ; HEX1[3]     ; 5.035 ; 5.035 ; 5.035 ; 5.035 ;
; SW[10]     ; HEX1[4]     ; 5.163 ; 5.163 ; 5.163 ; 5.163 ;
; SW[10]     ; HEX1[5]     ; 5.285 ; 5.285 ; 5.285 ; 5.285 ;
; SW[10]     ; HEX1[6]     ; 5.077 ; 5.077 ; 5.077 ; 5.077 ;
; SW[10]     ; HEX2[0]     ; 5.060 ; 5.060 ; 5.060 ; 5.060 ;
; SW[10]     ; HEX2[1]     ; 5.035 ; 5.035 ; 5.035 ; 5.035 ;
; SW[10]     ; HEX2[2]     ; 5.075 ; 5.075 ; 5.075 ; 5.075 ;
; SW[10]     ; HEX2[3]     ; 4.941 ; 4.941 ; 4.941 ; 4.941 ;
; SW[10]     ; HEX2[4]     ; 5.303 ; 5.303 ; 5.303 ; 5.303 ;
; SW[10]     ; HEX2[5]     ; 5.303 ; 5.303 ; 5.303 ; 5.303 ;
; SW[10]     ; HEX2[6]     ; 4.935 ; 4.935 ; 4.935 ; 4.935 ;
; SW[10]     ; HEX3[0]     ; 4.903 ; 4.903 ; 4.903 ; 4.903 ;
; SW[10]     ; HEX3[1]     ; 5.069 ; 5.069 ; 5.069 ; 5.069 ;
; SW[10]     ; HEX3[2]     ; 5.069 ; 5.069 ; 5.069 ; 5.069 ;
; SW[10]     ; HEX3[4]     ; 5.309 ; 5.309 ; 5.309 ; 5.309 ;
; SW[10]     ; HEX3[5]     ; 5.131 ; 5.131 ; 5.131 ; 5.131 ;
; SW[10]     ; HEX3[6]     ; 5.152 ; 5.152 ; 5.152 ; 5.152 ;
; SW[10]     ; HEX4[0]     ; 6.765 ; 6.765 ; 6.765 ; 6.765 ;
; SW[10]     ; HEX4[1]     ; 6.072 ; 6.072 ; 6.072 ; 6.072 ;
; SW[10]     ; HEX4[2]     ; 6.072 ; 6.072 ; 6.072 ; 6.072 ;
; SW[10]     ; HEX4[3]     ; 6.514 ; 6.514 ; 6.514 ; 6.514 ;
; SW[10]     ; HEX4[4]     ; 6.771 ; 6.771 ; 6.771 ; 6.771 ;
; SW[10]     ; HEX4[5]     ; 6.771 ; 6.771 ; 6.771 ; 6.771 ;
; SW[10]     ; HEX4[6]     ; 5.952 ; 5.952 ; 5.952 ; 5.952 ;
; SW[11]     ; HEX0[0]     ; 4.522 ; 4.522 ; 4.522 ; 4.522 ;
; SW[11]     ; HEX0[1]     ; 6.453 ; 6.453 ; 6.453 ; 6.453 ;
; SW[11]     ; HEX0[2]     ; 6.463 ; 6.463 ; 6.463 ; 6.463 ;
; SW[11]     ; HEX0[3]     ; 6.302 ; 6.302 ; 6.302 ; 6.302 ;
; SW[11]     ; HEX0[4]     ; 7.288 ; 7.288 ; 7.288 ; 7.288 ;
; SW[11]     ; HEX0[5]     ; 7.278 ; 7.278 ; 7.278 ; 7.278 ;
; SW[11]     ; HEX0[6]     ; 5.974 ; 5.974 ; 5.974 ; 5.974 ;
; SW[11]     ; HEX1[0]     ; 5.373 ; 5.373 ; 5.373 ; 5.373 ;
; SW[11]     ; HEX1[1]     ; 5.364 ; 5.364 ; 5.364 ; 5.364 ;
; SW[11]     ; HEX1[2]     ; 5.229 ; 5.229 ; 5.229 ; 5.229 ;
; SW[11]     ; HEX1[3]     ; 5.230 ; 5.230 ; 5.230 ; 5.230 ;
; SW[11]     ; HEX1[4]     ; 5.355 ; 5.355 ; 5.355 ; 5.355 ;
; SW[11]     ; HEX1[5]     ; 5.477 ; 5.477 ; 5.477 ; 5.477 ;
; SW[11]     ; HEX1[6]     ; 5.269 ; 5.269 ; 5.269 ; 5.269 ;
; SW[11]     ; HEX2[0]     ; 5.255 ; 5.255 ; 5.255 ; 5.255 ;
; SW[11]     ; HEX2[1]     ; 5.227 ; 5.227 ; 5.227 ; 5.227 ;
; SW[11]     ; HEX2[2]     ; 5.267 ; 5.267 ; 5.267 ; 5.267 ;
; SW[11]     ; HEX2[3]     ; 5.136 ; 5.136 ; 5.136 ; 5.136 ;
; SW[11]     ; HEX2[4]     ; 5.495 ; 5.495 ; 5.495 ; 5.495 ;
; SW[11]     ; HEX2[5]     ; 5.495 ; 5.495 ; 5.495 ; 5.495 ;
; SW[11]     ; HEX2[6]     ; 5.126 ; 5.126 ; 5.126 ; 5.126 ;
; SW[11]     ; HEX3[0]     ; 5.099 ; 5.099 ; 5.099 ; 5.099 ;
; SW[11]     ; HEX3[1]     ; 5.260 ; 5.260 ; 5.260 ; 5.260 ;
; SW[11]     ; HEX3[2]     ; 5.260 ; 5.260 ; 5.260 ; 5.260 ;
; SW[11]     ; HEX3[3]     ; 4.486 ; 4.486 ; 4.486 ; 4.486 ;
; SW[11]     ; HEX3[4]     ; 5.501 ; 5.501 ; 5.501 ; 5.501 ;
; SW[11]     ; HEX3[5]     ; 5.323 ; 5.323 ; 5.323 ; 5.323 ;
; SW[11]     ; HEX4[0]     ; 6.952 ; 6.952 ; 6.952 ; 6.952 ;
; SW[11]     ; HEX4[3]     ; 6.708 ; 6.708 ; 6.708 ; 6.708 ;
; SW[11]     ; HEX4[4]     ; 6.963 ; 6.963 ; 6.963 ; 6.963 ;
; SW[11]     ; HEX4[5]     ; 6.963 ; 6.963 ; 6.963 ; 6.963 ;
; SW[11]     ; HEX4[6]     ; 6.145 ; 6.145 ; 6.145 ; 6.145 ;
; SW[12]     ; HEX0[0]     ; 4.600 ; 4.600 ; 4.600 ; 4.600 ;
; SW[12]     ; HEX0[3]     ; 6.211 ; 6.211 ; 6.211 ; 6.211 ;
; SW[12]     ; HEX0[4]     ; 7.200 ; 7.200 ; 7.200 ; 7.200 ;
; SW[12]     ; HEX0[5]     ; 7.190 ; 7.190 ; 7.190 ; 7.190 ;
; SW[12]     ; HEX0[6]     ; 5.885 ; 5.885 ; 5.885 ; 5.885 ;
; SW[12]     ; HEX1[0]     ; 5.312 ; 5.312 ; 5.312 ; 5.312 ;
; SW[12]     ; HEX1[1]     ; 5.275 ; 5.275 ; 5.275 ; 5.275 ;
; SW[12]     ; HEX1[2]     ; 5.140 ; 5.140 ; 5.140 ; 5.140 ;
; SW[12]     ; HEX1[3]     ; 5.143 ; 5.143 ; 5.143 ; 5.143 ;
; SW[12]     ; HEX1[4]     ; 5.267 ; 5.267 ; 5.267 ; 5.267 ;
; SW[12]     ; HEX1[5]     ; 5.389 ; 5.389 ; 5.389 ; 5.389 ;
; SW[12]     ; HEX2[0]     ; 5.168 ; 5.168 ; 5.168 ; 5.168 ;
; SW[12]     ; HEX2[3]     ; 5.049 ; 5.049 ; 5.049 ; 5.049 ;
; SW[12]     ; HEX2[4]     ; 5.407 ; 5.407 ; 5.407 ; 5.407 ;
; SW[12]     ; HEX2[5]     ; 5.407 ; 5.407 ; 5.407 ; 5.407 ;
; SW[12]     ; HEX2[6]     ; 5.038 ; 5.038 ; 5.038 ; 5.038 ;
; SW[12]     ; HEX3[0]     ; 5.012 ; 5.012 ; 5.012 ; 5.012 ;
; SW[12]     ; HEX3[1]     ; 5.172 ; 5.172 ; 5.172 ; 5.172 ;
; SW[12]     ; HEX3[2]     ; 5.172 ; 5.172 ; 5.172 ; 5.172 ;
; SW[12]     ; HEX3[4]     ; 5.413 ; 5.413 ; 5.413 ; 5.413 ;
; SW[12]     ; HEX3[5]     ; 5.235 ; 5.235 ; 5.235 ; 5.235 ;
; SW[12]     ; HEX3[6]     ; 5.258 ; 5.258 ; 5.258 ; 5.258 ;
; SW[12]     ; HEX4[0]     ; 6.868 ; 6.868 ; 6.868 ; 6.868 ;
; SW[12]     ; HEX4[1]     ; 6.178 ; 6.178 ; 6.178 ; 6.178 ;
; SW[12]     ; HEX4[2]     ; 6.178 ; 6.178 ; 6.178 ; 6.178 ;
; SW[12]     ; HEX4[3]     ; 6.620 ; 6.620 ; 6.620 ; 6.620 ;
; SW[12]     ; HEX4[4]     ; 6.875 ; 6.875 ; 6.875 ; 6.875 ;
; SW[12]     ; HEX4[5]     ; 6.875 ; 6.875 ; 6.875 ; 6.875 ;
; SW[13]     ; HEX0[1]     ; 8.673 ; 8.673 ; 8.673 ; 8.673 ;
; SW[13]     ; HEX0[2]     ; 8.683 ; 8.683 ; 8.683 ; 8.683 ;
; SW[13]     ; HEX0[3]     ; 8.521 ; 8.521 ; 8.521 ; 8.521 ;
; SW[13]     ; HEX0[4]     ; 9.509 ; 9.509 ; 9.509 ; 9.509 ;
; SW[13]     ; HEX0[5]     ; 9.499 ; 9.499 ; 9.499 ; 9.499 ;
; SW[13]     ; HEX0[6]     ; 8.196 ; 8.196 ; 8.196 ; 8.196 ;
; SW[13]     ; HEX1[1]     ; 7.586 ; 7.586 ; 7.586 ; 7.586 ;
; SW[13]     ; HEX1[2]     ; 7.451 ; 7.451 ; 7.451 ; 7.451 ;
; SW[13]     ; HEX1[3]     ; 7.448 ; 7.448 ; 7.448 ; 7.448 ;
; SW[13]     ; HEX1[4]     ; 7.576 ; 7.576 ; 7.576 ; 7.576 ;
; SW[13]     ; HEX1[5]     ; 7.698 ; 7.698 ; 7.698 ; 7.698 ;
; SW[13]     ; HEX1[6]     ; 7.490 ; 7.490 ; 7.490 ; 7.490 ;
; SW[13]     ; HEX2[0]     ; 7.473 ; 7.473 ; 7.473 ; 7.473 ;
; SW[13]     ; HEX2[1]     ; 7.448 ; 7.448 ; 7.448 ; 7.448 ;
; SW[13]     ; HEX2[2]     ; 7.488 ; 7.488 ; 7.488 ; 7.488 ;
; SW[13]     ; HEX2[3]     ; 7.354 ; 7.354 ; 7.354 ; 7.354 ;
; SW[13]     ; HEX2[4]     ; 7.716 ; 7.716 ; 7.716 ; 7.716 ;
; SW[13]     ; HEX2[5]     ; 7.716 ; 7.716 ; 7.716 ; 7.716 ;
; SW[13]     ; HEX2[6]     ; 7.348 ; 7.348 ; 7.348 ; 7.348 ;
; SW[13]     ; HEX3[0]     ; 7.316 ; 7.316 ; 7.316 ; 7.316 ;
; SW[13]     ; HEX3[1]     ; 7.482 ; 7.482 ; 7.482 ; 7.482 ;
; SW[13]     ; HEX3[2]     ; 7.482 ; 7.482 ; 7.482 ; 7.482 ;
; SW[13]     ; HEX3[4]     ; 7.722 ; 7.722 ; 7.722 ; 7.722 ;
; SW[13]     ; HEX3[5]     ; 7.544 ; 7.544 ; 7.544 ; 7.544 ;
; SW[13]     ; HEX3[6]     ; 7.565 ; 7.565 ; 7.565 ; 7.565 ;
; SW[13]     ; HEX4[0]     ; 9.178 ; 9.178 ; 9.178 ; 9.178 ;
; SW[13]     ; HEX4[1]     ; 8.485 ; 8.485 ; 8.485 ; 8.485 ;
; SW[13]     ; HEX4[2]     ; 8.485 ; 8.485 ; 8.485 ; 8.485 ;
; SW[13]     ; HEX4[3]     ; 8.927 ; 8.927 ; 8.927 ; 8.927 ;
; SW[13]     ; HEX4[4]     ; 9.184 ; 9.184 ; 9.184 ; 9.184 ;
; SW[13]     ; HEX4[5]     ; 9.184 ; 9.184 ; 9.184 ; 9.184 ;
; SW[13]     ; HEX4[6]     ; 8.365 ; 8.365 ; 8.365 ; 8.365 ;
; SW[14]     ; HEX0[0]     ; 6.690 ; 6.690 ; 6.690 ; 6.690 ;
; SW[14]     ; HEX0[1]     ; 8.621 ; 8.621 ; 8.621 ; 8.621 ;
; SW[14]     ; HEX0[2]     ; 8.631 ; 8.631 ; 8.631 ; 8.631 ;
; SW[14]     ; HEX0[3]     ; 8.470 ; 8.470 ; 8.470 ; 8.470 ;
; SW[14]     ; HEX0[4]     ; 9.456 ; 9.456 ; 9.456 ; 9.456 ;
; SW[14]     ; HEX0[5]     ; 9.446 ; 9.446 ; 9.446 ; 9.446 ;
; SW[14]     ; HEX0[6]     ; 8.142 ; 8.142 ; 8.142 ; 8.142 ;
; SW[14]     ; HEX1[0]     ; 7.541 ; 7.541 ; 7.541 ; 7.541 ;
; SW[14]     ; HEX1[1]     ; 7.532 ; 7.532 ; 7.532 ; 7.532 ;
; SW[14]     ; HEX1[2]     ; 7.397 ; 7.397 ; 7.397 ; 7.397 ;
; SW[14]     ; HEX1[3]     ; 7.398 ; 7.398 ; 7.398 ; 7.398 ;
; SW[14]     ; HEX1[4]     ; 7.523 ; 7.523 ; 7.523 ; 7.523 ;
; SW[14]     ; HEX1[5]     ; 7.645 ; 7.645 ; 7.645 ; 7.645 ;
; SW[14]     ; HEX1[6]     ; 7.437 ; 7.437 ; 7.437 ; 7.437 ;
; SW[14]     ; HEX2[0]     ; 7.423 ; 7.423 ; 7.423 ; 7.423 ;
; SW[14]     ; HEX2[1]     ; 7.395 ; 7.395 ; 7.395 ; 7.395 ;
; SW[14]     ; HEX2[2]     ; 7.435 ; 7.435 ; 7.435 ; 7.435 ;
; SW[14]     ; HEX2[3]     ; 7.304 ; 7.304 ; 7.304 ; 7.304 ;
; SW[14]     ; HEX2[4]     ; 7.663 ; 7.663 ; 7.663 ; 7.663 ;
; SW[14]     ; HEX2[5]     ; 7.663 ; 7.663 ; 7.663 ; 7.663 ;
; SW[14]     ; HEX2[6]     ; 7.294 ; 7.294 ; 7.294 ; 7.294 ;
; SW[14]     ; HEX3[0]     ; 7.267 ; 7.267 ; 7.267 ; 7.267 ;
; SW[14]     ; HEX3[1]     ; 7.428 ; 7.428 ; 7.428 ; 7.428 ;
; SW[14]     ; HEX3[2]     ; 7.428 ; 7.428 ; 7.428 ; 7.428 ;
; SW[14]     ; HEX3[3]     ; 6.654 ; 6.654 ; 6.654 ; 6.654 ;
; SW[14]     ; HEX3[4]     ; 7.669 ; 7.669 ; 7.669 ; 7.669 ;
; SW[14]     ; HEX3[5]     ; 7.491 ; 7.491 ; 7.491 ; 7.491 ;
; SW[14]     ; HEX4[0]     ; 9.120 ; 9.120 ; 9.120 ; 9.120 ;
; SW[14]     ; HEX4[3]     ; 8.876 ; 8.876 ; 8.876 ; 8.876 ;
; SW[14]     ; HEX4[4]     ; 9.131 ; 9.131 ; 9.131 ; 9.131 ;
; SW[14]     ; HEX4[5]     ; 9.131 ; 9.131 ; 9.131 ; 9.131 ;
; SW[14]     ; HEX4[6]     ; 8.313 ; 8.313 ; 8.313 ; 8.313 ;
; SW[15]     ; HEX0[0]     ; 6.629 ; 6.629 ; 6.629 ; 6.629 ;
; SW[15]     ; HEX0[1]     ; 8.732 ; 8.378 ; 8.378 ; 8.732 ;
; SW[15]     ; HEX0[2]     ; 8.742 ; 8.388 ; 8.388 ; 8.742 ;
; SW[15]     ; HEX0[3]     ; 8.226 ; 8.226 ; 8.226 ; 8.226 ;
; SW[15]     ; HEX0[4]     ; 9.229 ; 9.214 ; 9.214 ; 9.229 ;
; SW[15]     ; HEX0[5]     ; 9.219 ; 9.204 ; 9.204 ; 9.219 ;
; SW[15]     ; HEX0[6]     ; 7.901 ; 7.901 ; 7.901 ; 7.901 ;
; SW[15]     ; HEX1[0]     ; 7.335 ; 7.341 ; 7.341 ; 7.335 ;
; SW[15]     ; HEX1[1]     ; 7.291 ; 7.291 ; 7.291 ; 7.291 ;
; SW[15]     ; HEX1[2]     ; 7.156 ; 7.156 ; 7.156 ; 7.156 ;
; SW[15]     ; HEX1[3]     ; 7.166 ; 7.153 ; 7.153 ; 7.166 ;
; SW[15]     ; HEX1[4]     ; 7.296 ; 7.281 ; 7.281 ; 7.296 ;
; SW[15]     ; HEX1[5]     ; 7.418 ; 7.403 ; 7.403 ; 7.418 ;
; SW[15]     ; HEX1[6]     ; 7.195 ; 7.368 ; 7.368 ; 7.195 ;
; SW[15]     ; HEX2[0]     ; 7.178 ; 7.178 ; 7.178 ; 7.178 ;
; SW[15]     ; HEX2[1]     ; 7.153 ; 7.326 ; 7.326 ; 7.153 ;
; SW[15]     ; HEX2[2]     ; 7.193 ; 7.366 ; 7.366 ; 7.193 ;
; SW[15]     ; HEX2[3]     ; 7.078 ; 7.059 ; 7.059 ; 7.078 ;
; SW[15]     ; HEX2[4]     ; 7.436 ; 7.421 ; 7.421 ; 7.436 ;
; SW[15]     ; HEX2[5]     ; 7.436 ; 7.421 ; 7.421 ; 7.436 ;
; SW[15]     ; HEX2[6]     ; 7.053 ; 7.053 ; 7.053 ; 7.053 ;
; SW[15]     ; HEX3[0]     ; 7.021 ; 7.021 ; 7.021 ; 7.021 ;
; SW[15]     ; HEX3[1]     ; 7.187 ; 7.187 ; 7.187 ; 7.187 ;
; SW[15]     ; HEX3[2]     ; 7.187 ; 7.187 ; 7.187 ; 7.187 ;
; SW[15]     ; HEX3[3]     ; 6.765 ; 6.585 ; 6.585 ; 6.765 ;
; SW[15]     ; HEX3[4]     ; 7.442 ; 7.427 ; 7.427 ; 7.442 ;
; SW[15]     ; HEX3[5]     ; 7.264 ; 7.249 ; 7.249 ; 7.264 ;
; SW[15]     ; HEX3[6]     ; 7.287 ; 7.270 ; 7.270 ; 7.287 ;
; SW[15]     ; HEX4[0]     ; 8.891 ; 8.883 ; 8.883 ; 8.891 ;
; SW[15]     ; HEX4[1]     ; 8.207 ; 8.190 ; 8.190 ; 8.207 ;
; SW[15]     ; HEX4[2]     ; 8.207 ; 8.190 ; 8.190 ; 8.207 ;
; SW[15]     ; HEX4[3]     ; 8.632 ; 8.632 ; 8.632 ; 8.632 ;
; SW[15]     ; HEX4[4]     ; 8.904 ; 8.889 ; 8.889 ; 8.904 ;
; SW[15]     ; HEX4[5]     ; 8.904 ; 8.889 ; 8.889 ; 8.904 ;
; SW[15]     ; HEX4[6]     ; 8.424 ; 8.070 ; 8.070 ; 8.424 ;
; SW[16]     ; HEX0[0]     ; 6.583 ; 6.583 ; 6.583 ; 6.583 ;
; SW[16]     ; HEX0[1]     ; 8.514 ; 8.470 ; 8.470 ; 8.514 ;
; SW[16]     ; HEX0[2]     ; 8.524 ; 8.480 ; 8.480 ; 8.524 ;
; SW[16]     ; HEX0[3]     ; 8.318 ; 8.318 ; 8.318 ; 8.318 ;
; SW[16]     ; HEX0[4]     ; 9.312 ; 9.306 ; 9.306 ; 9.312 ;
; SW[16]     ; HEX0[5]     ; 9.302 ; 9.296 ; 9.296 ; 9.302 ;
; SW[16]     ; HEX0[6]     ; 7.993 ; 7.993 ; 7.993 ; 7.993 ;
; SW[16]     ; HEX1[0]     ; 7.424 ; 7.424 ; 7.424 ; 7.424 ;
; SW[16]     ; HEX1[1]     ; 7.383 ; 7.383 ; 7.383 ; 7.383 ;
; SW[16]     ; HEX1[2]     ; 7.248 ; 7.248 ; 7.248 ; 7.248 ;
; SW[16]     ; HEX1[3]     ; 7.255 ; 7.245 ; 7.245 ; 7.255 ;
; SW[16]     ; HEX1[4]     ; 7.379 ; 7.373 ; 7.373 ; 7.379 ;
; SW[16]     ; HEX1[5]     ; 7.501 ; 7.495 ; 7.495 ; 7.501 ;
; SW[16]     ; HEX1[6]     ; 7.287 ; 7.330 ; 7.330 ; 7.287 ;
; SW[16]     ; HEX2[0]     ; 7.270 ; 7.270 ; 7.270 ; 7.270 ;
; SW[16]     ; HEX2[1]     ; 7.245 ; 7.288 ; 7.288 ; 7.245 ;
; SW[16]     ; HEX2[2]     ; 7.285 ; 7.328 ; 7.328 ; 7.285 ;
; SW[16]     ; HEX2[3]     ; 7.161 ; 7.151 ; 7.151 ; 7.161 ;
; SW[16]     ; HEX2[4]     ; 7.519 ; 7.513 ; 7.513 ; 7.519 ;
; SW[16]     ; HEX2[5]     ; 7.519 ; 7.513 ; 7.513 ; 7.519 ;
; SW[16]     ; HEX2[6]     ; 7.145 ; 7.145 ; 7.145 ; 7.145 ;
; SW[16]     ; HEX3[0]     ; 7.113 ; 7.113 ; 7.113 ; 7.113 ;
; SW[16]     ; HEX3[1]     ; 7.279 ; 7.279 ; 7.279 ; 7.279 ;
; SW[16]     ; HEX3[2]     ; 7.279 ; 7.279 ; 7.279 ; 7.279 ;
; SW[16]     ; HEX3[3]     ; 6.547 ; 6.547 ; 6.547 ; 6.547 ;
; SW[16]     ; HEX3[4]     ; 7.525 ; 7.519 ; 7.519 ; 7.525 ;
; SW[16]     ; HEX3[5]     ; 7.347 ; 7.341 ; 7.341 ; 7.347 ;
; SW[16]     ; HEX3[6]     ; 7.370 ; 7.362 ; 7.362 ; 7.370 ;
; SW[16]     ; HEX4[0]     ; 8.980 ; 8.975 ; 8.975 ; 8.980 ;
; SW[16]     ; HEX4[1]     ; 8.290 ; 8.282 ; 8.282 ; 8.290 ;
; SW[16]     ; HEX4[2]     ; 8.290 ; 8.282 ; 8.282 ; 8.290 ;
; SW[16]     ; HEX4[3]     ; 8.724 ; 8.724 ; 8.724 ; 8.724 ;
; SW[16]     ; HEX4[4]     ; 8.987 ; 8.981 ; 8.981 ; 8.987 ;
; SW[16]     ; HEX4[5]     ; 8.987 ; 8.981 ; 8.981 ; 8.987 ;
; SW[16]     ; HEX4[6]     ; 8.206 ; 8.162 ; 8.162 ; 8.206 ;
; SW[17]     ; HEX0[0]     ; 6.791 ; 6.343 ; 6.343 ; 6.791 ;
; SW[17]     ; HEX0[1]     ; 8.263 ; 8.216 ; 8.216 ; 8.263 ;
; SW[17]     ; HEX0[2]     ; 8.273 ; 8.226 ; 8.226 ; 8.273 ;
; SW[17]     ; HEX0[3]     ; 8.064 ; 7.954 ; 7.954 ; 8.064 ;
; SW[17]     ; HEX0[4]     ; 9.099 ; 8.943 ; 8.943 ; 9.099 ;
; SW[17]     ; HEX0[5]     ; 9.089 ; 8.933 ; 8.933 ; 9.089 ;
; SW[17]     ; HEX0[6]     ; 7.628 ; 7.628 ; 7.628 ; 7.628 ;
; SW[17]     ; HEX1[0]     ; 7.055 ; 7.193 ; 7.193 ; 7.055 ;
; SW[17]     ; HEX1[1]     ; 7.018 ; 7.018 ; 7.018 ; 7.018 ;
; SW[17]     ; HEX1[2]     ; 6.883 ; 6.883 ; 6.883 ; 6.883 ;
; SW[17]     ; HEX1[3]     ; 6.886 ; 6.886 ; 6.886 ; 6.886 ;
; SW[17]     ; HEX1[4]     ; 7.166 ; 7.010 ; 7.010 ; 7.166 ;
; SW[17]     ; HEX1[5]     ; 7.288 ; 7.132 ; 7.132 ; 7.288 ;
; SW[17]     ; HEX1[6]     ; 7.033 ; 7.080 ; 7.080 ; 7.033 ;
; SW[17]     ; HEX2[0]     ; 7.016 ; 6.911 ; 6.911 ; 7.016 ;
; SW[17]     ; HEX2[1]     ; 6.991 ; 7.038 ; 7.038 ; 6.991 ;
; SW[17]     ; HEX2[2]     ; 7.031 ; 7.078 ; 7.078 ; 7.031 ;
; SW[17]     ; HEX2[3]     ; 6.944 ; 6.792 ; 6.792 ; 6.944 ;
; SW[17]     ; HEX2[4]     ; 7.306 ; 7.150 ; 7.150 ; 7.306 ;
; SW[17]     ; HEX2[5]     ; 7.306 ; 7.150 ; 7.150 ; 7.306 ;
; SW[17]     ; HEX2[6]     ; 6.781 ; 6.781 ; 6.781 ; 6.781 ;
; SW[17]     ; HEX3[0]     ; 6.755 ; 6.755 ; 6.755 ; 6.755 ;
; SW[17]     ; HEX3[1]     ; 6.915 ; 6.915 ; 6.915 ; 6.915 ;
; SW[17]     ; HEX3[2]     ; 6.915 ; 6.915 ; 6.915 ; 6.915 ;
; SW[17]     ; HEX3[3]     ; 6.470 ; 6.306 ; 6.306 ; 6.470 ;
; SW[17]     ; HEX3[4]     ; 7.312 ; 7.156 ; 7.156 ; 7.312 ;
; SW[17]     ; HEX3[5]     ; 7.134 ; 6.978 ; 6.978 ; 7.134 ;
; SW[17]     ; HEX3[6]     ; 7.155 ; 7.001 ; 7.001 ; 7.155 ;
; SW[17]     ; HEX4[0]     ; 8.611 ; 8.611 ; 8.611 ; 8.611 ;
; SW[17]     ; HEX4[1]     ; 8.075 ; 7.921 ; 7.921 ; 8.075 ;
; SW[17]     ; HEX4[2]     ; 8.075 ; 7.921 ; 7.921 ; 8.075 ;
; SW[17]     ; HEX4[3]     ; 8.363 ; 8.363 ; 8.363 ; 8.363 ;
; SW[17]     ; HEX4[4]     ; 8.774 ; 8.618 ; 8.618 ; 8.774 ;
; SW[17]     ; HEX4[5]     ; 8.774 ; 8.618 ; 8.618 ; 8.774 ;
; SW[17]     ; HEX4[6]     ; 7.955 ; 7.908 ; 7.908 ; 7.955 ;
+------------+-------------+-------+-------+-------+-------+


+----------------------------------------------------------------------------+
; Multicorner Timing Analysis Summary                                        ;
+------------------+-------+------+----------+---------+---------------------+
; Clock            ; Setup ; Hold ; Recovery ; Removal ; Minimum Pulse Width ;
+------------------+-------+------+----------+---------+---------------------+
; Worst-case Slack ; N/A   ; N/A  ; N/A      ; N/A     ; N/A                 ;
; Design-wide TNS  ; 0.0   ; 0.0  ; 0.0      ; 0.0     ; 0.0                 ;
+------------------+-------+------+----------+---------+---------------------+


+--------------------------------------------------------------+
; Progagation Delay                                            ;
+------------+-------------+--------+--------+--------+--------+
; Input Port ; Output Port ; RR     ; RF     ; FR     ; FF     ;
+------------+-------------+--------+--------+--------+--------+
; SW[0]      ; HEX0[0]     ; 8.745  ;        ;        ; 8.745  ;
; SW[0]      ; HEX0[3]     ; 11.303 ;        ;        ; 11.303 ;
; SW[0]      ; HEX0[4]     ; 12.947 ;        ;        ; 12.947 ;
; SW[0]      ; HEX0[5]     ; 12.937 ;        ;        ; 12.937 ;
; SW[0]      ; HEX0[6]     ; 10.426 ; 10.426 ; 10.426 ; 10.426 ;
; SW[0]      ; HEX1[0]     ;        ; 9.267  ; 9.267  ;        ;
; SW[0]      ; HEX1[1]     ; 9.261  ; 9.261  ; 9.261  ; 9.261  ;
; SW[0]      ; HEX1[2]     ; 9.088  ; 9.088  ; 9.088  ; 9.088  ;
; SW[0]      ; HEX1[3]     ; 9.076  ; 9.076  ; 9.076  ; 9.076  ;
; SW[0]      ; HEX1[4]     ; 9.327  ;        ;        ; 9.327  ;
; SW[0]      ; HEX1[5]     ; 9.612  ;        ;        ; 9.612  ;
; SW[0]      ; HEX2[0]     ; 9.078  ;        ;        ; 9.078  ;
; SW[0]      ; HEX2[3]     ; 8.823  ;        ;        ; 8.823  ;
; SW[0]      ; HEX2[4]     ; 9.624  ;        ;        ; 9.624  ;
; SW[0]      ; HEX2[5]     ; 9.624  ;        ;        ; 9.624  ;
; SW[0]      ; HEX2[6]     ; 8.830  ; 8.830  ; 8.830  ; 8.830  ;
; SW[0]      ; HEX3[0]     ; 8.791  ; 8.791  ; 8.791  ; 8.791  ;
; SW[0]      ; HEX3[1]     ; 9.118  ; 9.118  ; 9.118  ; 9.118  ;
; SW[0]      ; HEX3[2]     ; 9.118  ; 9.118  ; 9.118  ; 9.118  ;
; SW[0]      ; HEX3[4]     ; 9.630  ;        ;        ; 9.630  ;
; SW[0]      ; HEX3[5]     ; 9.291  ;        ;        ; 9.291  ;
; SW[0]      ; HEX3[6]     ; 9.294  ;        ;        ; 9.294  ;
; SW[0]      ; HEX4[0]     ; 12.467 ; 12.467 ; 12.467 ; 12.467 ;
; SW[0]      ; HEX4[1]     ; 11.088 ;        ;        ; 11.088 ;
; SW[0]      ; HEX4[2]     ; 11.088 ;        ;        ; 11.088 ;
; SW[0]      ; HEX4[3]     ; 12.010 ; 12.010 ; 12.010 ; 12.010 ;
; SW[0]      ; HEX4[4]     ; 12.383 ;        ;        ; 12.383 ;
; SW[0]      ; HEX4[5]     ; 12.383 ;        ;        ; 12.383 ;
; SW[1]      ; HEX0[1]     ; 11.574 ;        ;        ; 11.574 ;
; SW[1]      ; HEX0[2]     ; 11.584 ;        ;        ; 11.584 ;
; SW[1]      ; HEX0[3]     ; 11.495 ; 11.495 ; 11.495 ; 11.495 ;
; SW[1]      ; HEX0[4]     ; 13.134 ;        ;        ; 13.134 ;
; SW[1]      ; HEX0[5]     ; 13.124 ;        ;        ; 13.124 ;
; SW[1]      ; HEX0[6]     ; 10.616 ; 10.616 ; 10.616 ; 10.616 ;
; SW[1]      ; HEX1[1]     ; 9.451  ; 9.451  ; 9.451  ; 9.451  ;
; SW[1]      ; HEX1[2]     ; 9.278  ; 9.278  ; 9.278  ; 9.278  ;
; SW[1]      ; HEX1[3]     ; 9.263  ;        ;        ; 9.263  ;
; SW[1]      ; HEX1[4]     ; 9.514  ;        ;        ; 9.514  ;
; SW[1]      ; HEX1[5]     ; 9.799  ;        ;        ; 9.799  ;
; SW[1]      ; HEX1[6]     ;        ; 9.322  ; 9.322  ;        ;
; SW[1]      ; HEX2[0]     ; 9.294  ; 9.294  ; 9.294  ; 9.294  ;
; SW[1]      ; HEX2[1]     ;        ; 9.277  ; 9.277  ;        ;
; SW[1]      ; HEX2[2]     ;        ; 9.317  ; 9.317  ;        ;
; SW[1]      ; HEX2[3]     ; 9.014  ;        ;        ; 9.014  ;
; SW[1]      ; HEX2[4]     ; 9.811  ;        ;        ; 9.811  ;
; SW[1]      ; HEX2[5]     ; 9.811  ;        ;        ; 9.811  ;
; SW[1]      ; HEX2[6]     ; 9.016  ; 9.016  ; 9.016  ; 9.016  ;
; SW[1]      ; HEX3[0]     ; 8.977  ; 8.977  ; 8.977  ; 8.977  ;
; SW[1]      ; HEX3[1]     ; 9.304  ; 9.304  ; 9.304  ; 9.304  ;
; SW[1]      ; HEX3[2]     ; 9.304  ; 9.304  ; 9.304  ; 9.304  ;
; SW[1]      ; HEX3[4]     ; 9.817  ;        ;        ; 9.817  ;
; SW[1]      ; HEX3[5]     ; 9.478  ;        ;        ; 9.478  ;
; SW[1]      ; HEX3[6]     ; 9.514  ;        ;        ; 9.514  ;
; SW[1]      ; HEX4[0]     ; 12.662 ;        ;        ; 12.662 ;
; SW[1]      ; HEX4[1]     ; 11.308 ;        ;        ; 11.308 ;
; SW[1]      ; HEX4[2]     ; 11.308 ;        ;        ; 11.308 ;
; SW[1]      ; HEX4[3]     ; 12.199 ; 12.199 ; 12.199 ; 12.199 ;
; SW[1]      ; HEX4[4]     ; 12.570 ;        ;        ; 12.570 ;
; SW[1]      ; HEX4[5]     ; 12.570 ;        ;        ; 12.570 ;
; SW[1]      ; HEX4[6]     ; 10.997 ;        ;        ; 10.997 ;
; SW[2]      ; HEX0[0]     ; 8.508  ;        ;        ; 8.508  ;
; SW[2]      ; HEX0[1]     ; 11.845 ;        ;        ; 11.845 ;
; SW[2]      ; HEX0[2]     ; 11.855 ;        ;        ; 11.855 ;
; SW[2]      ; HEX0[3]     ; 11.754 ;        ;        ; 11.754 ;
; SW[2]      ; HEX0[4]     ; 13.402 ;        ;        ; 13.402 ;
; SW[2]      ; HEX0[5]     ; 13.392 ;        ;        ; 13.392 ;
; SW[2]      ; HEX0[6]     ; 10.840 ;        ;        ; 10.840 ;
; SW[2]      ; HEX1[0]     ; 9.682  ;        ;        ; 9.682  ;
; SW[2]      ; HEX1[1]     ; 9.675  ;        ;        ; 9.675  ;
; SW[2]      ; HEX1[2]     ; 9.502  ;        ;        ; 9.502  ;
; SW[2]      ; HEX1[3]     ; 9.530  ;        ;        ; 9.530  ;
; SW[2]      ; HEX1[4]     ; 9.782  ;        ;        ; 9.782  ;
; SW[2]      ; HEX1[5]     ; 10.067 ;        ;        ; 10.067 ;
; SW[2]      ; HEX1[6]     ; 9.545  ;        ;        ; 9.545  ;
; SW[2]      ; HEX2[0]     ; 9.562  ; 9.562  ; 9.562  ; 9.562  ;
; SW[2]      ; HEX2[1]     ; 9.500  ;        ;        ; 9.500  ;
; SW[2]      ; HEX2[2]     ; 9.540  ;        ;        ; 9.540  ;
; SW[2]      ; HEX2[3]     ; 9.280  ;        ;        ; 9.280  ;
; SW[2]      ; HEX2[4]     ; 10.079 ;        ;        ; 10.079 ;
; SW[2]      ; HEX2[5]     ; 10.079 ;        ;        ; 10.079 ;
; SW[2]      ; HEX2[6]     ; 9.284  ; 9.284  ; 9.284  ; 9.284  ;
; SW[2]      ; HEX3[0]     ; 9.245  ;        ;        ; 9.245  ;
; SW[2]      ; HEX3[1]     ; 9.572  ; 9.572  ; 9.572  ; 9.572  ;
; SW[2]      ; HEX3[2]     ; 9.572  ; 9.572  ; 9.572  ; 9.572  ;
; SW[2]      ; HEX3[3]     ; 7.828  ;        ;        ; 7.828  ;
; SW[2]      ; HEX3[4]     ; 10.085 ;        ;        ; 10.085 ;
; SW[2]      ; HEX3[5]     ; 9.746  ;        ;        ; 9.746  ;
; SW[2]      ; HEX4[0]     ; 12.921 ; 12.921 ; 12.921 ; 12.921 ;
; SW[2]      ; HEX4[3]     ; 12.464 ; 12.464 ; 12.464 ; 12.464 ;
; SW[2]      ; HEX4[4]     ; 12.838 ;        ;        ; 12.838 ;
; SW[2]      ; HEX4[5]     ; 12.838 ;        ;        ; 12.838 ;
; SW[2]      ; HEX4[6]     ; 11.268 ;        ;        ; 11.268 ;
; SW[3]      ; HEX0[0]     ; 7.400  ;        ;        ; 7.400  ;
; SW[3]      ; HEX0[3]     ; 10.924 ;        ;        ; 10.924 ;
; SW[3]      ; HEX0[4]     ; 12.568 ;        ;        ; 12.568 ;
; SW[3]      ; HEX0[5]     ; 12.558 ;        ;        ; 12.558 ;
; SW[3]      ; HEX0[6]     ; 10.047 ; 10.047 ; 10.047 ; 10.047 ;
; SW[3]      ; HEX1[0]     ;        ; 8.888  ; 8.888  ;        ;
; SW[3]      ; HEX1[1]     ; 8.882  ; 8.882  ; 8.882  ; 8.882  ;
; SW[3]      ; HEX1[2]     ; 8.709  ; 8.709  ; 8.709  ; 8.709  ;
; SW[3]      ; HEX1[3]     ; 8.697  ; 8.697  ; 8.697  ; 8.697  ;
; SW[3]      ; HEX1[4]     ; 8.948  ;        ;        ; 8.948  ;
; SW[3]      ; HEX1[5]     ; 9.233  ;        ;        ; 9.233  ;
; SW[3]      ; HEX2[0]     ; 8.699  ;        ;        ; 8.699  ;
; SW[3]      ; HEX2[3]     ; 8.444  ;        ;        ; 8.444  ;
; SW[3]      ; HEX2[4]     ; 9.245  ;        ;        ; 9.245  ;
; SW[3]      ; HEX2[5]     ; 9.245  ;        ;        ; 9.245  ;
; SW[3]      ; HEX2[6]     ; 8.451  ; 8.451  ; 8.451  ; 8.451  ;
; SW[3]      ; HEX3[0]     ; 8.412  ; 8.412  ; 8.412  ; 8.412  ;
; SW[3]      ; HEX3[1]     ; 8.739  ; 8.739  ; 8.739  ; 8.739  ;
; SW[3]      ; HEX3[2]     ; 8.739  ; 8.739  ; 8.739  ; 8.739  ;
; SW[3]      ; HEX3[4]     ; 9.251  ;        ;        ; 9.251  ;
; SW[3]      ; HEX3[5]     ; 8.912  ;        ;        ; 8.912  ;
; SW[3]      ; HEX3[6]     ; 8.915  ;        ;        ; 8.915  ;
; SW[3]      ; HEX4[0]     ; 12.088 ; 12.088 ; 12.088 ; 12.088 ;
; SW[3]      ; HEX4[1]     ; 10.709 ;        ;        ; 10.709 ;
; SW[3]      ; HEX4[2]     ; 10.709 ;        ;        ; 10.709 ;
; SW[3]      ; HEX4[3]     ; 11.631 ; 11.631 ; 11.631 ; 11.631 ;
; SW[3]      ; HEX4[4]     ; 12.004 ;        ;        ; 12.004 ;
; SW[3]      ; HEX4[5]     ; 12.004 ;        ;        ; 12.004 ;
; SW[4]      ; HEX0[1]     ; 11.388 ;        ;        ; 11.388 ;
; SW[4]      ; HEX0[2]     ; 11.398 ;        ;        ; 11.398 ;
; SW[4]      ; HEX0[3]     ; 11.309 ; 11.309 ; 11.309 ; 11.309 ;
; SW[4]      ; HEX0[4]     ; 12.948 ;        ;        ; 12.948 ;
; SW[4]      ; HEX0[5]     ; 12.938 ;        ;        ; 12.938 ;
; SW[4]      ; HEX0[6]     ; 10.430 ; 10.430 ; 10.430 ; 10.430 ;
; SW[4]      ; HEX1[1]     ; 9.265  ; 9.265  ; 9.265  ; 9.265  ;
; SW[4]      ; HEX1[2]     ; 9.092  ; 9.092  ; 9.092  ; 9.092  ;
; SW[4]      ; HEX1[3]     ; 9.077  ;        ;        ; 9.077  ;
; SW[4]      ; HEX1[4]     ; 9.328  ;        ;        ; 9.328  ;
; SW[4]      ; HEX1[5]     ; 9.613  ;        ;        ; 9.613  ;
; SW[4]      ; HEX1[6]     ;        ; 9.136  ; 9.136  ;        ;
; SW[4]      ; HEX2[0]     ; 9.108  ; 9.108  ; 9.108  ; 9.108  ;
; SW[4]      ; HEX2[1]     ;        ; 9.091  ; 9.091  ;        ;
; SW[4]      ; HEX2[2]     ;        ; 9.131  ; 9.131  ;        ;
; SW[4]      ; HEX2[3]     ; 8.828  ;        ;        ; 8.828  ;
; SW[4]      ; HEX2[4]     ; 9.625  ;        ;        ; 9.625  ;
; SW[4]      ; HEX2[5]     ; 9.625  ;        ;        ; 9.625  ;
; SW[4]      ; HEX2[6]     ; 8.830  ; 8.830  ; 8.830  ; 8.830  ;
; SW[4]      ; HEX3[0]     ; 8.791  ; 8.791  ; 8.791  ; 8.791  ;
; SW[4]      ; HEX3[1]     ; 9.118  ; 9.118  ; 9.118  ; 9.118  ;
; SW[4]      ; HEX3[2]     ; 9.118  ; 9.118  ; 9.118  ; 9.118  ;
; SW[4]      ; HEX3[4]     ; 9.631  ;        ;        ; 9.631  ;
; SW[4]      ; HEX3[5]     ; 9.292  ;        ;        ; 9.292  ;
; SW[4]      ; HEX3[6]     ; 9.328  ;        ;        ; 9.328  ;
; SW[4]      ; HEX4[0]     ; 12.476 ;        ;        ; 12.476 ;
; SW[4]      ; HEX4[1]     ; 11.122 ;        ;        ; 11.122 ;
; SW[4]      ; HEX4[2]     ; 11.122 ;        ;        ; 11.122 ;
; SW[4]      ; HEX4[3]     ; 12.013 ; 12.013 ; 12.013 ; 12.013 ;
; SW[4]      ; HEX4[4]     ; 12.384 ;        ;        ; 12.384 ;
; SW[4]      ; HEX4[5]     ; 12.384 ;        ;        ; 12.384 ;
; SW[4]      ; HEX4[6]     ; 10.811 ;        ;        ; 10.811 ;
; SW[5]      ; HEX0[0]     ; 7.414  ;        ;        ; 7.414  ;
; SW[5]      ; HEX0[1]     ; 11.421 ;        ;        ; 11.421 ;
; SW[5]      ; HEX0[2]     ; 11.431 ;        ;        ; 11.431 ;
; SW[5]      ; HEX0[3]     ; 11.330 ;        ;        ; 11.330 ;
; SW[5]      ; HEX0[4]     ; 12.978 ;        ;        ; 12.978 ;
; SW[5]      ; HEX0[5]     ; 12.968 ;        ;        ; 12.968 ;
; SW[5]      ; HEX0[6]     ; 10.416 ;        ;        ; 10.416 ;
; SW[5]      ; HEX1[0]     ; 9.258  ;        ;        ; 9.258  ;
; SW[5]      ; HEX1[1]     ; 9.251  ;        ;        ; 9.251  ;
; SW[5]      ; HEX1[2]     ; 9.078  ;        ;        ; 9.078  ;
; SW[5]      ; HEX1[3]     ; 9.106  ;        ;        ; 9.106  ;
; SW[5]      ; HEX1[4]     ; 9.358  ;        ;        ; 9.358  ;
; SW[5]      ; HEX1[5]     ; 9.643  ;        ;        ; 9.643  ;
; SW[5]      ; HEX1[6]     ; 9.121  ;        ;        ; 9.121  ;
; SW[5]      ; HEX2[0]     ; 9.138  ; 9.138  ; 9.138  ; 9.138  ;
; SW[5]      ; HEX2[1]     ; 9.076  ;        ;        ; 9.076  ;
; SW[5]      ; HEX2[2]     ; 9.116  ;        ;        ; 9.116  ;
; SW[5]      ; HEX2[3]     ; 8.856  ;        ;        ; 8.856  ;
; SW[5]      ; HEX2[4]     ; 9.655  ;        ;        ; 9.655  ;
; SW[5]      ; HEX2[5]     ; 9.655  ;        ;        ; 9.655  ;
; SW[5]      ; HEX2[6]     ; 8.860  ; 8.860  ; 8.860  ; 8.860  ;
; SW[5]      ; HEX3[0]     ; 8.821  ;        ;        ; 8.821  ;
; SW[5]      ; HEX3[1]     ; 9.148  ; 9.148  ; 9.148  ; 9.148  ;
; SW[5]      ; HEX3[2]     ; 9.148  ; 9.148  ; 9.148  ; 9.148  ;
; SW[5]      ; HEX3[3]     ; 7.404  ;        ;        ; 7.404  ;
; SW[5]      ; HEX3[4]     ; 9.661  ;        ;        ; 9.661  ;
; SW[5]      ; HEX3[5]     ; 9.322  ;        ;        ; 9.322  ;
; SW[5]      ; HEX4[0]     ; 12.497 ; 12.497 ; 12.497 ; 12.497 ;
; SW[5]      ; HEX4[3]     ; 12.040 ; 12.040 ; 12.040 ; 12.040 ;
; SW[5]      ; HEX4[4]     ; 12.414 ;        ;        ; 12.414 ;
; SW[5]      ; HEX4[5]     ; 12.414 ;        ;        ; 12.414 ;
; SW[5]      ; HEX4[6]     ; 10.844 ;        ;        ; 10.844 ;
; SW[6]      ; HEX0[0]     ; 7.613  ; 7.613  ; 7.613  ; 7.613  ;
; SW[6]      ; HEX0[3]     ; 11.137 ; 11.137 ; 11.137 ; 11.137 ;
; SW[6]      ; HEX0[4]     ; 12.781 ; 12.781 ; 12.781 ; 12.781 ;
; SW[6]      ; HEX0[5]     ; 12.771 ; 12.771 ; 12.771 ; 12.771 ;
; SW[6]      ; HEX0[6]     ; 10.260 ; 10.260 ; 10.260 ; 10.260 ;
; SW[6]      ; HEX1[0]     ; 9.101  ; 9.101  ; 9.101  ; 9.101  ;
; SW[6]      ; HEX1[1]     ; 9.095  ; 9.095  ; 9.095  ; 9.095  ;
; SW[6]      ; HEX1[2]     ; 8.922  ; 8.922  ; 8.922  ; 8.922  ;
; SW[6]      ; HEX1[3]     ; 8.910  ; 8.910  ; 8.910  ; 8.910  ;
; SW[6]      ; HEX1[4]     ; 9.161  ; 9.161  ; 9.161  ; 9.161  ;
; SW[6]      ; HEX1[5]     ; 9.446  ; 9.446  ; 9.446  ; 9.446  ;
; SW[6]      ; HEX2[0]     ; 8.912  ; 8.912  ; 8.912  ; 8.912  ;
; SW[6]      ; HEX2[3]     ; 8.657  ; 8.657  ; 8.657  ; 8.657  ;
; SW[6]      ; HEX2[4]     ; 9.458  ; 9.458  ; 9.458  ; 9.458  ;
; SW[6]      ; HEX2[5]     ; 9.458  ; 9.458  ; 9.458  ; 9.458  ;
; SW[6]      ; HEX2[6]     ; 8.664  ; 8.664  ; 8.664  ; 8.664  ;
; SW[6]      ; HEX3[0]     ; 8.625  ; 8.625  ; 8.625  ; 8.625  ;
; SW[6]      ; HEX3[1]     ; 8.952  ; 8.952  ; 8.952  ; 8.952  ;
; SW[6]      ; HEX3[2]     ; 8.952  ; 8.952  ; 8.952  ; 8.952  ;
; SW[6]      ; HEX3[4]     ; 9.464  ; 9.464  ; 9.464  ; 9.464  ;
; SW[6]      ; HEX3[5]     ; 9.125  ; 9.125  ; 9.125  ; 9.125  ;
; SW[6]      ; HEX3[6]     ; 9.128  ; 9.128  ; 9.128  ; 9.128  ;
; SW[6]      ; HEX4[0]     ; 12.301 ; 12.301 ; 12.301 ; 12.301 ;
; SW[6]      ; HEX4[1]     ; 10.922 ; 10.922 ; 10.922 ; 10.922 ;
; SW[6]      ; HEX4[2]     ; 10.922 ; 10.922 ; 10.922 ; 10.922 ;
; SW[6]      ; HEX4[3]     ; 11.844 ; 11.844 ; 11.844 ; 11.844 ;
; SW[6]      ; HEX4[4]     ; 12.217 ; 12.217 ; 12.217 ; 12.217 ;
; SW[6]      ; HEX4[5]     ; 12.217 ; 12.217 ; 12.217 ; 12.217 ;
; SW[7]      ; HEX0[1]     ; 12.330 ;        ;        ; 12.330 ;
; SW[7]      ; HEX0[2]     ; 12.340 ;        ;        ; 12.340 ;
; SW[7]      ; HEX0[3]     ; 12.251 ; 12.251 ; 12.251 ; 12.251 ;
; SW[7]      ; HEX0[4]     ; 13.890 ;        ;        ; 13.890 ;
; SW[7]      ; HEX0[5]     ; 13.880 ;        ;        ; 13.880 ;
; SW[7]      ; HEX0[6]     ; 11.372 ; 11.372 ; 11.372 ; 11.372 ;
; SW[7]      ; HEX1[1]     ; 10.207 ; 10.207 ; 10.207 ; 10.207 ;
; SW[7]      ; HEX1[2]     ; 10.034 ; 10.034 ; 10.034 ; 10.034 ;
; SW[7]      ; HEX1[3]     ; 10.019 ;        ;        ; 10.019 ;
; SW[7]      ; HEX1[4]     ; 10.270 ;        ;        ; 10.270 ;
; SW[7]      ; HEX1[5]     ; 10.555 ;        ;        ; 10.555 ;
; SW[7]      ; HEX1[6]     ;        ; 10.078 ; 10.078 ;        ;
; SW[7]      ; HEX2[0]     ; 10.050 ; 10.050 ; 10.050 ; 10.050 ;
; SW[7]      ; HEX2[1]     ;        ; 10.033 ; 10.033 ;        ;
; SW[7]      ; HEX2[2]     ;        ; 10.073 ; 10.073 ;        ;
; SW[7]      ; HEX2[3]     ; 9.770  ;        ;        ; 9.770  ;
; SW[7]      ; HEX2[4]     ; 10.567 ;        ;        ; 10.567 ;
; SW[7]      ; HEX2[5]     ; 10.567 ;        ;        ; 10.567 ;
; SW[7]      ; HEX2[6]     ; 9.772  ; 9.772  ; 9.772  ; 9.772  ;
; SW[7]      ; HEX3[0]     ; 9.733  ; 9.733  ; 9.733  ; 9.733  ;
; SW[7]      ; HEX3[1]     ; 10.060 ; 10.060 ; 10.060 ; 10.060 ;
; SW[7]      ; HEX3[2]     ; 10.060 ; 10.060 ; 10.060 ; 10.060 ;
; SW[7]      ; HEX3[4]     ; 10.573 ;        ;        ; 10.573 ;
; SW[7]      ; HEX3[5]     ; 10.234 ;        ;        ; 10.234 ;
; SW[7]      ; HEX3[6]     ; 10.270 ;        ;        ; 10.270 ;
; SW[7]      ; HEX4[0]     ; 13.418 ;        ;        ; 13.418 ;
; SW[7]      ; HEX4[1]     ; 12.064 ;        ;        ; 12.064 ;
; SW[7]      ; HEX4[2]     ; 12.064 ;        ;        ; 12.064 ;
; SW[7]      ; HEX4[3]     ; 12.955 ; 12.955 ; 12.955 ; 12.955 ;
; SW[7]      ; HEX4[4]     ; 13.326 ;        ;        ; 13.326 ;
; SW[7]      ; HEX4[5]     ; 13.326 ;        ;        ; 13.326 ;
; SW[7]      ; HEX4[6]     ; 11.753 ;        ;        ; 11.753 ;
; SW[8]      ; HEX0[0]     ; 8.042  ;        ;        ; 8.042  ;
; SW[8]      ; HEX0[1]     ; 12.049 ;        ;        ; 12.049 ;
; SW[8]      ; HEX0[2]     ; 12.059 ;        ;        ; 12.059 ;
; SW[8]      ; HEX0[3]     ; 11.958 ;        ;        ; 11.958 ;
; SW[8]      ; HEX0[4]     ; 13.606 ;        ;        ; 13.606 ;
; SW[8]      ; HEX0[5]     ; 13.596 ;        ;        ; 13.596 ;
; SW[8]      ; HEX0[6]     ; 11.044 ;        ;        ; 11.044 ;
; SW[8]      ; HEX1[0]     ; 9.886  ;        ;        ; 9.886  ;
; SW[8]      ; HEX1[1]     ; 9.879  ;        ;        ; 9.879  ;
; SW[8]      ; HEX1[2]     ; 9.706  ;        ;        ; 9.706  ;
; SW[8]      ; HEX1[3]     ; 9.734  ;        ;        ; 9.734  ;
; SW[8]      ; HEX1[4]     ; 9.986  ;        ;        ; 9.986  ;
; SW[8]      ; HEX1[5]     ; 10.271 ;        ;        ; 10.271 ;
; SW[8]      ; HEX1[6]     ; 9.749  ;        ;        ; 9.749  ;
; SW[8]      ; HEX2[0]     ; 9.766  ; 9.766  ; 9.766  ; 9.766  ;
; SW[8]      ; HEX2[1]     ; 9.704  ;        ;        ; 9.704  ;
; SW[8]      ; HEX2[2]     ; 9.744  ;        ;        ; 9.744  ;
; SW[8]      ; HEX2[3]     ; 9.484  ;        ;        ; 9.484  ;
; SW[8]      ; HEX2[4]     ; 10.283 ;        ;        ; 10.283 ;
; SW[8]      ; HEX2[5]     ; 10.283 ;        ;        ; 10.283 ;
; SW[8]      ; HEX2[6]     ; 9.488  ; 9.488  ; 9.488  ; 9.488  ;
; SW[8]      ; HEX3[0]     ; 9.449  ;        ;        ; 9.449  ;
; SW[8]      ; HEX3[1]     ; 9.776  ; 9.776  ; 9.776  ; 9.776  ;
; SW[8]      ; HEX3[2]     ; 9.776  ; 9.776  ; 9.776  ; 9.776  ;
; SW[8]      ; HEX3[3]     ; 8.032  ;        ;        ; 8.032  ;
; SW[8]      ; HEX3[4]     ; 10.289 ;        ;        ; 10.289 ;
; SW[8]      ; HEX3[5]     ; 9.950  ;        ;        ; 9.950  ;
; SW[8]      ; HEX4[0]     ; 13.125 ; 13.125 ; 13.125 ; 13.125 ;
; SW[8]      ; HEX4[3]     ; 12.668 ; 12.668 ; 12.668 ; 12.668 ;
; SW[8]      ; HEX4[4]     ; 13.042 ;        ;        ; 13.042 ;
; SW[8]      ; HEX4[5]     ; 13.042 ;        ;        ; 13.042 ;
; SW[8]      ; HEX4[6]     ; 11.472 ;        ;        ; 11.472 ;
; SW[9]      ; HEX0[0]     ; 8.376  ;        ;        ; 8.376  ;
; SW[9]      ; HEX0[3]     ; 11.900 ;        ;        ; 11.900 ;
; SW[9]      ; HEX0[4]     ; 13.544 ;        ;        ; 13.544 ;
; SW[9]      ; HEX0[5]     ; 13.534 ;        ;        ; 13.534 ;
; SW[9]      ; HEX0[6]     ; 11.023 ; 11.023 ; 11.023 ; 11.023 ;
; SW[9]      ; HEX1[0]     ;        ; 9.864  ; 9.864  ;        ;
; SW[9]      ; HEX1[1]     ; 9.858  ; 9.858  ; 9.858  ; 9.858  ;
; SW[9]      ; HEX1[2]     ; 9.685  ; 9.685  ; 9.685  ; 9.685  ;
; SW[9]      ; HEX1[3]     ; 9.673  ; 9.673  ; 9.673  ; 9.673  ;
; SW[9]      ; HEX1[4]     ; 9.924  ;        ;        ; 9.924  ;
; SW[9]      ; HEX1[5]     ; 10.209 ;        ;        ; 10.209 ;
; SW[9]      ; HEX2[0]     ; 9.675  ;        ;        ; 9.675  ;
; SW[9]      ; HEX2[3]     ; 9.420  ;        ;        ; 9.420  ;
; SW[9]      ; HEX2[4]     ; 10.221 ;        ;        ; 10.221 ;
; SW[9]      ; HEX2[5]     ; 10.221 ;        ;        ; 10.221 ;
; SW[9]      ; HEX2[6]     ; 9.427  ; 9.427  ; 9.427  ; 9.427  ;
; SW[9]      ; HEX3[0]     ; 9.388  ; 9.388  ; 9.388  ; 9.388  ;
; SW[9]      ; HEX3[1]     ; 9.715  ; 9.715  ; 9.715  ; 9.715  ;
; SW[9]      ; HEX3[2]     ; 9.715  ; 9.715  ; 9.715  ; 9.715  ;
; SW[9]      ; HEX3[4]     ; 10.227 ;        ;        ; 10.227 ;
; SW[9]      ; HEX3[5]     ; 9.888  ;        ;        ; 9.888  ;
; SW[9]      ; HEX3[6]     ; 9.891  ;        ;        ; 9.891  ;
; SW[9]      ; HEX4[0]     ; 13.064 ; 13.064 ; 13.064 ; 13.064 ;
; SW[9]      ; HEX4[1]     ; 11.685 ;        ;        ; 11.685 ;
; SW[9]      ; HEX4[2]     ; 11.685 ;        ;        ; 11.685 ;
; SW[9]      ; HEX4[3]     ; 12.607 ; 12.607 ; 12.607 ; 12.607 ;
; SW[9]      ; HEX4[4]     ; 12.980 ;        ;        ; 12.980 ;
; SW[9]      ; HEX4[5]     ; 12.980 ;        ;        ; 12.980 ;
; SW[10]     ; HEX0[1]     ; 12.606 ; 12.606 ; 12.606 ; 12.606 ;
; SW[10]     ; HEX0[2]     ; 12.616 ; 12.616 ; 12.616 ; 12.616 ;
; SW[10]     ; HEX0[3]     ; 12.527 ; 12.527 ; 12.527 ; 12.527 ;
; SW[10]     ; HEX0[4]     ; 14.166 ; 14.166 ; 14.166 ; 14.166 ;
; SW[10]     ; HEX0[5]     ; 14.156 ; 14.156 ; 14.156 ; 14.156 ;
; SW[10]     ; HEX0[6]     ; 11.648 ; 11.648 ; 11.648 ; 11.648 ;
; SW[10]     ; HEX1[1]     ; 10.483 ; 10.483 ; 10.483 ; 10.483 ;
; SW[10]     ; HEX1[2]     ; 10.310 ; 10.310 ; 10.310 ; 10.310 ;
; SW[10]     ; HEX1[3]     ; 10.295 ; 10.295 ; 10.295 ; 10.295 ;
; SW[10]     ; HEX1[4]     ; 10.546 ; 10.546 ; 10.546 ; 10.546 ;
; SW[10]     ; HEX1[5]     ; 10.831 ; 10.831 ; 10.831 ; 10.831 ;
; SW[10]     ; HEX1[6]     ; 10.354 ; 10.354 ; 10.354 ; 10.354 ;
; SW[10]     ; HEX2[0]     ; 10.326 ; 10.326 ; 10.326 ; 10.326 ;
; SW[10]     ; HEX2[1]     ; 10.309 ; 10.309 ; 10.309 ; 10.309 ;
; SW[10]     ; HEX2[2]     ; 10.349 ; 10.349 ; 10.349 ; 10.349 ;
; SW[10]     ; HEX2[3]     ; 10.046 ; 10.046 ; 10.046 ; 10.046 ;
; SW[10]     ; HEX2[4]     ; 10.843 ; 10.843 ; 10.843 ; 10.843 ;
; SW[10]     ; HEX2[5]     ; 10.843 ; 10.843 ; 10.843 ; 10.843 ;
; SW[10]     ; HEX2[6]     ; 10.048 ; 10.048 ; 10.048 ; 10.048 ;
; SW[10]     ; HEX3[0]     ; 10.009 ; 10.009 ; 10.009 ; 10.009 ;
; SW[10]     ; HEX3[1]     ; 10.336 ; 10.336 ; 10.336 ; 10.336 ;
; SW[10]     ; HEX3[2]     ; 10.336 ; 10.336 ; 10.336 ; 10.336 ;
; SW[10]     ; HEX3[4]     ; 10.849 ; 10.849 ; 10.849 ; 10.849 ;
; SW[10]     ; HEX3[5]     ; 10.510 ; 10.510 ; 10.510 ; 10.510 ;
; SW[10]     ; HEX3[6]     ; 10.546 ; 10.546 ; 10.546 ; 10.546 ;
; SW[10]     ; HEX4[0]     ; 13.694 ; 13.694 ; 13.694 ; 13.694 ;
; SW[10]     ; HEX4[1]     ; 12.340 ; 12.340 ; 12.340 ; 12.340 ;
; SW[10]     ; HEX4[2]     ; 12.340 ; 12.340 ; 12.340 ; 12.340 ;
; SW[10]     ; HEX4[3]     ; 13.231 ; 13.231 ; 13.231 ; 13.231 ;
; SW[10]     ; HEX4[4]     ; 13.602 ; 13.602 ; 13.602 ; 13.602 ;
; SW[10]     ; HEX4[5]     ; 13.602 ; 13.602 ; 13.602 ; 13.602 ;
; SW[10]     ; HEX4[6]     ; 12.029 ; 12.029 ; 12.029 ; 12.029 ;
; SW[11]     ; HEX0[0]     ; 8.834  ; 8.834  ; 8.834  ; 8.834  ;
; SW[11]     ; HEX0[1]     ; 12.841 ; 12.841 ; 12.841 ; 12.841 ;
; SW[11]     ; HEX0[2]     ; 12.851 ; 12.851 ; 12.851 ; 12.851 ;
; SW[11]     ; HEX0[3]     ; 12.750 ; 12.750 ; 12.750 ; 12.750 ;
; SW[11]     ; HEX0[4]     ; 14.398 ; 14.398 ; 14.398 ; 14.398 ;
; SW[11]     ; HEX0[5]     ; 14.388 ; 14.388 ; 14.388 ; 14.388 ;
; SW[11]     ; HEX0[6]     ; 11.836 ; 11.836 ; 11.836 ; 11.836 ;
; SW[11]     ; HEX1[0]     ; 10.678 ; 10.678 ; 10.678 ; 10.678 ;
; SW[11]     ; HEX1[1]     ; 10.671 ; 10.671 ; 10.671 ; 10.671 ;
; SW[11]     ; HEX1[2]     ; 10.498 ; 10.498 ; 10.498 ; 10.498 ;
; SW[11]     ; HEX1[3]     ; 10.526 ; 10.526 ; 10.526 ; 10.526 ;
; SW[11]     ; HEX1[4]     ; 10.778 ; 10.778 ; 10.778 ; 10.778 ;
; SW[11]     ; HEX1[5]     ; 11.063 ; 11.063 ; 11.063 ; 11.063 ;
; SW[11]     ; HEX1[6]     ; 10.541 ; 10.541 ; 10.541 ; 10.541 ;
; SW[11]     ; HEX2[0]     ; 10.558 ; 10.558 ; 10.558 ; 10.558 ;
; SW[11]     ; HEX2[1]     ; 10.496 ; 10.496 ; 10.496 ; 10.496 ;
; SW[11]     ; HEX2[2]     ; 10.536 ; 10.536 ; 10.536 ; 10.536 ;
; SW[11]     ; HEX2[3]     ; 10.276 ; 10.276 ; 10.276 ; 10.276 ;
; SW[11]     ; HEX2[4]     ; 11.075 ; 11.075 ; 11.075 ; 11.075 ;
; SW[11]     ; HEX2[5]     ; 11.075 ; 11.075 ; 11.075 ; 11.075 ;
; SW[11]     ; HEX2[6]     ; 10.280 ; 10.280 ; 10.280 ; 10.280 ;
; SW[11]     ; HEX3[0]     ; 10.241 ; 10.241 ; 10.241 ; 10.241 ;
; SW[11]     ; HEX3[1]     ; 10.568 ; 10.568 ; 10.568 ; 10.568 ;
; SW[11]     ; HEX3[2]     ; 10.568 ; 10.568 ; 10.568 ; 10.568 ;
; SW[11]     ; HEX3[3]     ; 8.824  ; 8.824  ; 8.824  ; 8.824  ;
; SW[11]     ; HEX3[4]     ; 11.081 ; 11.081 ; 11.081 ; 11.081 ;
; SW[11]     ; HEX3[5]     ; 10.742 ; 10.742 ; 10.742 ; 10.742 ;
; SW[11]     ; HEX4[0]     ; 13.917 ; 13.917 ; 13.917 ; 13.917 ;
; SW[11]     ; HEX4[3]     ; 13.460 ; 13.460 ; 13.460 ; 13.460 ;
; SW[11]     ; HEX4[4]     ; 13.834 ; 13.834 ; 13.834 ; 13.834 ;
; SW[11]     ; HEX4[5]     ; 13.834 ; 13.834 ; 13.834 ; 13.834 ;
; SW[11]     ; HEX4[6]     ; 12.264 ; 12.264 ; 12.264 ; 12.264 ;
; SW[12]     ; HEX0[0]     ; 9.049  ; 9.049  ; 9.049  ; 9.049  ;
; SW[12]     ; HEX0[3]     ; 12.573 ; 12.573 ; 12.573 ; 12.573 ;
; SW[12]     ; HEX0[4]     ; 14.217 ; 14.217 ; 14.217 ; 14.217 ;
; SW[12]     ; HEX0[5]     ; 14.207 ; 14.207 ; 14.207 ; 14.207 ;
; SW[12]     ; HEX0[6]     ; 11.696 ; 11.696 ; 11.696 ; 11.696 ;
; SW[12]     ; HEX1[0]     ; 10.537 ; 10.537 ; 10.537 ; 10.537 ;
; SW[12]     ; HEX1[1]     ; 10.531 ; 10.531 ; 10.531 ; 10.531 ;
; SW[12]     ; HEX1[2]     ; 10.358 ; 10.358 ; 10.358 ; 10.358 ;
; SW[12]     ; HEX1[3]     ; 10.346 ; 10.346 ; 10.346 ; 10.346 ;
; SW[12]     ; HEX1[4]     ; 10.597 ; 10.597 ; 10.597 ; 10.597 ;
; SW[12]     ; HEX1[5]     ; 10.882 ; 10.882 ; 10.882 ; 10.882 ;
; SW[12]     ; HEX2[0]     ; 10.348 ; 10.348 ; 10.348 ; 10.348 ;
; SW[12]     ; HEX2[3]     ; 10.093 ; 10.093 ; 10.093 ; 10.093 ;
; SW[12]     ; HEX2[4]     ; 10.894 ; 10.894 ; 10.894 ; 10.894 ;
; SW[12]     ; HEX2[5]     ; 10.894 ; 10.894 ; 10.894 ; 10.894 ;
; SW[12]     ; HEX2[6]     ; 10.100 ; 10.100 ; 10.100 ; 10.100 ;
; SW[12]     ; HEX3[0]     ; 10.061 ; 10.061 ; 10.061 ; 10.061 ;
; SW[12]     ; HEX3[1]     ; 10.388 ; 10.388 ; 10.388 ; 10.388 ;
; SW[12]     ; HEX3[2]     ; 10.388 ; 10.388 ; 10.388 ; 10.388 ;
; SW[12]     ; HEX3[4]     ; 10.900 ; 10.900 ; 10.900 ; 10.900 ;
; SW[12]     ; HEX3[5]     ; 10.561 ; 10.561 ; 10.561 ; 10.561 ;
; SW[12]     ; HEX3[6]     ; 10.564 ; 10.564 ; 10.564 ; 10.564 ;
; SW[12]     ; HEX4[0]     ; 13.737 ; 13.737 ; 13.737 ; 13.737 ;
; SW[12]     ; HEX4[1]     ; 12.358 ; 12.358 ; 12.358 ; 12.358 ;
; SW[12]     ; HEX4[2]     ; 12.358 ; 12.358 ; 12.358 ; 12.358 ;
; SW[12]     ; HEX4[3]     ; 13.280 ; 13.280 ; 13.280 ; 13.280 ;
; SW[12]     ; HEX4[4]     ; 13.653 ; 13.653 ; 13.653 ; 13.653 ;
; SW[12]     ; HEX4[5]     ; 13.653 ; 13.653 ; 13.653 ; 13.653 ;
; SW[13]     ; HEX0[1]     ; 16.510 ; 16.510 ; 16.510 ; 16.510 ;
; SW[13]     ; HEX0[2]     ; 16.520 ; 16.520 ; 16.520 ; 16.520 ;
; SW[13]     ; HEX0[3]     ; 16.431 ; 16.431 ; 16.431 ; 16.431 ;
; SW[13]     ; HEX0[4]     ; 18.070 ; 18.070 ; 18.070 ; 18.070 ;
; SW[13]     ; HEX0[5]     ; 18.060 ; 18.060 ; 18.060 ; 18.060 ;
; SW[13]     ; HEX0[6]     ; 15.552 ; 15.552 ; 15.552 ; 15.552 ;
; SW[13]     ; HEX1[1]     ; 14.387 ; 14.387 ; 14.387 ; 14.387 ;
; SW[13]     ; HEX1[2]     ; 14.214 ; 14.214 ; 14.214 ; 14.214 ;
; SW[13]     ; HEX1[3]     ; 14.199 ; 14.199 ; 14.199 ; 14.199 ;
; SW[13]     ; HEX1[4]     ; 14.450 ; 14.450 ; 14.450 ; 14.450 ;
; SW[13]     ; HEX1[5]     ; 14.735 ; 14.735 ; 14.735 ; 14.735 ;
; SW[13]     ; HEX1[6]     ; 14.258 ; 14.258 ; 14.258 ; 14.258 ;
; SW[13]     ; HEX2[0]     ; 14.230 ; 14.230 ; 14.230 ; 14.230 ;
; SW[13]     ; HEX2[1]     ; 14.213 ; 14.213 ; 14.213 ; 14.213 ;
; SW[13]     ; HEX2[2]     ; 14.253 ; 14.253 ; 14.253 ; 14.253 ;
; SW[13]     ; HEX2[3]     ; 13.950 ; 13.950 ; 13.950 ; 13.950 ;
; SW[13]     ; HEX2[4]     ; 14.747 ; 14.747 ; 14.747 ; 14.747 ;
; SW[13]     ; HEX2[5]     ; 14.747 ; 14.747 ; 14.747 ; 14.747 ;
; SW[13]     ; HEX2[6]     ; 13.952 ; 13.952 ; 13.952 ; 13.952 ;
; SW[13]     ; HEX3[0]     ; 13.913 ; 13.913 ; 13.913 ; 13.913 ;
; SW[13]     ; HEX3[1]     ; 14.240 ; 14.240 ; 14.240 ; 14.240 ;
; SW[13]     ; HEX3[2]     ; 14.240 ; 14.240 ; 14.240 ; 14.240 ;
; SW[13]     ; HEX3[4]     ; 14.753 ; 14.753 ; 14.753 ; 14.753 ;
; SW[13]     ; HEX3[5]     ; 14.414 ; 14.414 ; 14.414 ; 14.414 ;
; SW[13]     ; HEX3[6]     ; 14.450 ; 14.450 ; 14.450 ; 14.450 ;
; SW[13]     ; HEX4[0]     ; 17.598 ; 17.598 ; 17.598 ; 17.598 ;
; SW[13]     ; HEX4[1]     ; 16.244 ; 16.244 ; 16.244 ; 16.244 ;
; SW[13]     ; HEX4[2]     ; 16.244 ; 16.244 ; 16.244 ; 16.244 ;
; SW[13]     ; HEX4[3]     ; 17.135 ; 17.135 ; 17.135 ; 17.135 ;
; SW[13]     ; HEX4[4]     ; 17.506 ; 17.506 ; 17.506 ; 17.506 ;
; SW[13]     ; HEX4[5]     ; 17.506 ; 17.506 ; 17.506 ; 17.506 ;
; SW[13]     ; HEX4[6]     ; 15.933 ; 15.933 ; 15.933 ; 15.933 ;
; SW[14]     ; HEX0[0]     ; 12.346 ; 12.346 ; 12.346 ; 12.346 ;
; SW[14]     ; HEX0[1]     ; 16.353 ; 16.353 ; 16.353 ; 16.353 ;
; SW[14]     ; HEX0[2]     ; 16.363 ; 16.363 ; 16.363 ; 16.363 ;
; SW[14]     ; HEX0[3]     ; 16.262 ; 16.262 ; 16.262 ; 16.262 ;
; SW[14]     ; HEX0[4]     ; 17.910 ; 17.910 ; 17.910 ; 17.910 ;
; SW[14]     ; HEX0[5]     ; 17.900 ; 17.900 ; 17.900 ; 17.900 ;
; SW[14]     ; HEX0[6]     ; 15.348 ; 15.348 ; 15.348 ; 15.348 ;
; SW[14]     ; HEX1[0]     ; 14.190 ; 14.190 ; 14.190 ; 14.190 ;
; SW[14]     ; HEX1[1]     ; 14.183 ; 14.183 ; 14.183 ; 14.183 ;
; SW[14]     ; HEX1[2]     ; 14.010 ; 14.010 ; 14.010 ; 14.010 ;
; SW[14]     ; HEX1[3]     ; 14.038 ; 14.038 ; 14.038 ; 14.038 ;
; SW[14]     ; HEX1[4]     ; 14.290 ; 14.290 ; 14.290 ; 14.290 ;
; SW[14]     ; HEX1[5]     ; 14.575 ; 14.575 ; 14.575 ; 14.575 ;
; SW[14]     ; HEX1[6]     ; 14.053 ; 14.053 ; 14.053 ; 14.053 ;
; SW[14]     ; HEX2[0]     ; 14.070 ; 14.070 ; 14.070 ; 14.070 ;
; SW[14]     ; HEX2[1]     ; 14.008 ; 14.008 ; 14.008 ; 14.008 ;
; SW[14]     ; HEX2[2]     ; 14.048 ; 14.048 ; 14.048 ; 14.048 ;
; SW[14]     ; HEX2[3]     ; 13.788 ; 13.788 ; 13.788 ; 13.788 ;
; SW[14]     ; HEX2[4]     ; 14.587 ; 14.587 ; 14.587 ; 14.587 ;
; SW[14]     ; HEX2[5]     ; 14.587 ; 14.587 ; 14.587 ; 14.587 ;
; SW[14]     ; HEX2[6]     ; 13.792 ; 13.792 ; 13.792 ; 13.792 ;
; SW[14]     ; HEX3[0]     ; 13.753 ; 13.753 ; 13.753 ; 13.753 ;
; SW[14]     ; HEX3[1]     ; 14.080 ; 14.080 ; 14.080 ; 14.080 ;
; SW[14]     ; HEX3[2]     ; 14.080 ; 14.080 ; 14.080 ; 14.080 ;
; SW[14]     ; HEX3[3]     ; 12.336 ; 12.336 ; 12.336 ; 12.336 ;
; SW[14]     ; HEX3[4]     ; 14.593 ; 14.593 ; 14.593 ; 14.593 ;
; SW[14]     ; HEX3[5]     ; 14.254 ; 14.254 ; 14.254 ; 14.254 ;
; SW[14]     ; HEX4[0]     ; 17.429 ; 17.429 ; 17.429 ; 17.429 ;
; SW[14]     ; HEX4[3]     ; 16.972 ; 16.972 ; 16.972 ; 16.972 ;
; SW[14]     ; HEX4[4]     ; 17.346 ; 17.346 ; 17.346 ; 17.346 ;
; SW[14]     ; HEX4[5]     ; 17.346 ; 17.346 ; 17.346 ; 17.346 ;
; SW[14]     ; HEX4[6]     ; 15.776 ; 15.776 ; 15.776 ; 15.776 ;
; SW[15]     ; HEX0[0]     ; 12.558 ; 12.802 ; 12.802 ; 12.558 ;
; SW[15]     ; HEX0[1]     ; 16.743 ; 16.743 ; 16.743 ; 16.743 ;
; SW[15]     ; HEX0[2]     ; 16.753 ; 16.753 ; 16.753 ; 16.753 ;
; SW[15]     ; HEX0[3]     ; 16.664 ; 16.664 ; 16.664 ; 16.664 ;
; SW[15]     ; HEX0[4]     ; 18.303 ; 18.303 ; 18.303 ; 18.303 ;
; SW[15]     ; HEX0[5]     ; 18.293 ; 18.293 ; 18.293 ; 18.293 ;
; SW[15]     ; HEX0[6]     ; 15.785 ; 15.785 ; 15.785 ; 15.785 ;
; SW[15]     ; HEX1[0]     ; 14.402 ; 14.402 ; 14.402 ; 14.402 ;
; SW[15]     ; HEX1[1]     ; 14.620 ; 14.620 ; 14.620 ; 14.620 ;
; SW[15]     ; HEX1[2]     ; 14.447 ; 14.447 ; 14.447 ; 14.447 ;
; SW[15]     ; HEX1[3]     ; 14.432 ; 14.432 ; 14.432 ; 14.432 ;
; SW[15]     ; HEX1[4]     ; 14.683 ; 14.683 ; 14.683 ; 14.683 ;
; SW[15]     ; HEX1[5]     ; 14.968 ; 14.968 ; 14.968 ; 14.968 ;
; SW[15]     ; HEX1[6]     ; 14.491 ; 14.491 ; 14.491 ; 14.491 ;
; SW[15]     ; HEX2[0]     ; 14.463 ; 14.463 ; 14.463 ; 14.463 ;
; SW[15]     ; HEX2[1]     ; 14.446 ; 14.446 ; 14.446 ; 14.446 ;
; SW[15]     ; HEX2[2]     ; 14.486 ; 14.486 ; 14.486 ; 14.486 ;
; SW[15]     ; HEX2[3]     ; 14.183 ; 14.183 ; 14.183 ; 14.183 ;
; SW[15]     ; HEX2[4]     ; 14.980 ; 14.980 ; 14.980 ; 14.980 ;
; SW[15]     ; HEX2[5]     ; 14.980 ; 14.980 ; 14.980 ; 14.980 ;
; SW[15]     ; HEX2[6]     ; 14.185 ; 14.185 ; 14.185 ; 14.185 ;
; SW[15]     ; HEX3[0]     ; 14.146 ; 14.146 ; 14.146 ; 14.146 ;
; SW[15]     ; HEX3[1]     ; 14.473 ; 14.473 ; 14.473 ; 14.473 ;
; SW[15]     ; HEX3[2]     ; 14.473 ; 14.473 ; 14.473 ; 14.473 ;
; SW[15]     ; HEX3[3]     ; 12.548 ; 12.548 ; 12.548 ; 12.548 ;
; SW[15]     ; HEX3[4]     ; 14.986 ; 14.986 ; 14.986 ; 14.986 ;
; SW[15]     ; HEX3[5]     ; 14.647 ; 14.647 ; 14.647 ; 14.647 ;
; SW[15]     ; HEX3[6]     ; 14.683 ; 14.683 ; 14.683 ; 14.683 ;
; SW[15]     ; HEX4[0]     ; 17.831 ; 17.831 ; 17.831 ; 17.831 ;
; SW[15]     ; HEX4[1]     ; 16.477 ; 16.477 ; 16.477 ; 16.477 ;
; SW[15]     ; HEX4[2]     ; 16.477 ; 16.477 ; 16.477 ; 16.477 ;
; SW[15]     ; HEX4[3]     ; 17.368 ; 17.368 ; 17.368 ; 17.368 ;
; SW[15]     ; HEX4[4]     ; 17.739 ; 17.739 ; 17.739 ; 17.739 ;
; SW[15]     ; HEX4[5]     ; 17.739 ; 17.739 ; 17.739 ; 17.739 ;
; SW[15]     ; HEX4[6]     ; 16.166 ; 16.166 ; 16.166 ; 16.166 ;
; SW[16]     ; HEX0[0]     ; 12.380 ; 12.950 ; 12.950 ; 12.380 ;
; SW[16]     ; HEX0[1]     ; 16.563 ; 16.563 ; 16.563 ; 16.563 ;
; SW[16]     ; HEX0[2]     ; 16.573 ; 16.573 ; 16.573 ; 16.573 ;
; SW[16]     ; HEX0[3]     ; 16.484 ; 16.484 ; 16.484 ; 16.484 ;
; SW[16]     ; HEX0[4]     ; 18.123 ; 18.123 ; 18.123 ; 18.123 ;
; SW[16]     ; HEX0[5]     ; 18.113 ; 18.113 ; 18.113 ; 18.113 ;
; SW[16]     ; HEX0[6]     ; 15.605 ; 15.605 ; 15.605 ; 15.605 ;
; SW[16]     ; HEX1[0]     ; 14.224 ; 14.224 ; 14.224 ; 14.224 ;
; SW[16]     ; HEX1[1]     ; 14.440 ; 14.440 ; 14.440 ; 14.440 ;
; SW[16]     ; HEX1[2]     ; 14.267 ; 14.267 ; 14.267 ; 14.267 ;
; SW[16]     ; HEX1[3]     ; 14.252 ; 14.252 ; 14.252 ; 14.252 ;
; SW[16]     ; HEX1[4]     ; 14.503 ; 14.503 ; 14.503 ; 14.503 ;
; SW[16]     ; HEX1[5]     ; 14.788 ; 14.788 ; 14.788 ; 14.788 ;
; SW[16]     ; HEX1[6]     ; 14.311 ; 14.311 ; 14.311 ; 14.311 ;
; SW[16]     ; HEX2[0]     ; 14.283 ; 14.283 ; 14.283 ; 14.283 ;
; SW[16]     ; HEX2[1]     ; 14.266 ; 14.266 ; 14.266 ; 14.266 ;
; SW[16]     ; HEX2[2]     ; 14.306 ; 14.306 ; 14.306 ; 14.306 ;
; SW[16]     ; HEX2[3]     ; 14.003 ; 14.003 ; 14.003 ; 14.003 ;
; SW[16]     ; HEX2[4]     ; 14.800 ; 14.800 ; 14.800 ; 14.800 ;
; SW[16]     ; HEX2[5]     ; 14.800 ; 14.800 ; 14.800 ; 14.800 ;
; SW[16]     ; HEX2[6]     ; 14.005 ; 14.005 ; 14.005 ; 14.005 ;
; SW[16]     ; HEX3[0]     ; 13.966 ; 13.966 ; 13.966 ; 13.966 ;
; SW[16]     ; HEX3[1]     ; 14.293 ; 14.293 ; 14.293 ; 14.293 ;
; SW[16]     ; HEX3[2]     ; 14.293 ; 14.293 ; 14.293 ; 14.293 ;
; SW[16]     ; HEX3[3]     ; 12.370 ; 12.370 ; 12.370 ; 12.370 ;
; SW[16]     ; HEX3[4]     ; 14.806 ; 14.806 ; 14.806 ; 14.806 ;
; SW[16]     ; HEX3[5]     ; 14.467 ; 14.467 ; 14.467 ; 14.467 ;
; SW[16]     ; HEX3[6]     ; 14.503 ; 14.503 ; 14.503 ; 14.503 ;
; SW[16]     ; HEX4[0]     ; 17.651 ; 17.651 ; 17.651 ; 17.651 ;
; SW[16]     ; HEX4[1]     ; 16.297 ; 16.297 ; 16.297 ; 16.297 ;
; SW[16]     ; HEX4[2]     ; 16.297 ; 16.297 ; 16.297 ; 16.297 ;
; SW[16]     ; HEX4[3]     ; 17.188 ; 17.188 ; 17.188 ; 17.188 ;
; SW[16]     ; HEX4[4]     ; 17.559 ; 17.559 ; 17.559 ; 17.559 ;
; SW[16]     ; HEX4[5]     ; 17.559 ; 17.559 ; 17.559 ; 17.559 ;
; SW[16]     ; HEX4[6]     ; 15.986 ; 15.986 ; 15.986 ; 15.986 ;
; SW[17]     ; HEX0[0]     ; 12.562 ; 11.512 ; 11.512 ; 12.562 ;
; SW[17]     ; HEX0[1]     ; 15.901 ; 15.517 ; 15.517 ; 15.901 ;
; SW[17]     ; HEX0[2]     ; 15.911 ; 15.527 ; 15.527 ; 15.911 ;
; SW[17]     ; HEX0[3]     ; 15.810 ; 15.466 ; 15.466 ; 15.810 ;
; SW[17]     ; HEX0[4]     ; 17.458 ; 17.074 ; 17.074 ; 17.458 ;
; SW[17]     ; HEX0[5]     ; 17.448 ; 17.064 ; 17.064 ; 17.448 ;
; SW[17]     ; HEX0[6]     ; 14.896 ; 14.587 ; 14.587 ; 14.896 ;
; SW[17]     ; HEX1[0]     ; 13.738 ; 13.379 ; 13.379 ; 13.738 ;
; SW[17]     ; HEX1[1]     ; 13.731 ; 13.422 ; 13.422 ; 13.731 ;
; SW[17]     ; HEX1[2]     ; 13.558 ; 13.249 ; 13.249 ; 13.558 ;
; SW[17]     ; HEX1[3]     ; 13.586 ; 13.202 ; 13.202 ; 13.586 ;
; SW[17]     ; HEX1[4]     ; 13.838 ; 13.454 ; 13.454 ; 13.838 ;
; SW[17]     ; HEX1[5]     ; 14.123 ; 13.739 ; 13.739 ; 14.123 ;
; SW[17]     ; HEX1[6]     ; 13.601 ; 13.293 ; 13.293 ; 13.601 ;
; SW[17]     ; HEX2[0]     ; 13.618 ; 13.618 ; 13.618 ; 13.618 ;
; SW[17]     ; HEX2[1]     ; 13.556 ; 13.248 ; 13.248 ; 13.556 ;
; SW[17]     ; HEX2[2]     ; 13.596 ; 13.288 ; 13.288 ; 13.596 ;
; SW[17]     ; HEX2[3]     ; 13.336 ; 12.952 ; 12.952 ; 13.336 ;
; SW[17]     ; HEX2[4]     ; 14.135 ; 13.751 ; 13.751 ; 14.135 ;
; SW[17]     ; HEX2[5]     ; 14.135 ; 13.751 ; 13.751 ; 14.135 ;
; SW[17]     ; HEX2[6]     ; 13.340 ; 13.340 ; 13.340 ; 13.340 ;
; SW[17]     ; HEX3[0]     ; 13.301 ; 12.948 ; 12.948 ; 13.301 ;
; SW[17]     ; HEX3[1]     ; 13.628 ; 13.628 ; 13.628 ; 13.628 ;
; SW[17]     ; HEX3[2]     ; 13.628 ; 13.628 ; 13.628 ; 13.628 ;
; SW[17]     ; HEX3[3]     ; 11.884 ; 11.500 ; 11.500 ; 11.884 ;
; SW[17]     ; HEX3[4]     ; 14.141 ; 13.757 ; 13.757 ; 14.141 ;
; SW[17]     ; HEX3[5]     ; 13.802 ; 13.418 ; 13.418 ; 13.802 ;
; SW[17]     ; HEX3[6]     ; 13.485 ; 13.350 ; 13.350 ; 13.485 ;
; SW[17]     ; HEX4[0]     ; 16.977 ; 16.977 ; 16.977 ; 16.977 ;
; SW[17]     ; HEX4[1]     ; 15.279 ; 15.144 ; 15.144 ; 15.279 ;
; SW[17]     ; HEX4[2]     ; 15.279 ; 15.144 ; 15.144 ; 15.279 ;
; SW[17]     ; HEX4[3]     ; 16.520 ; 16.520 ; 16.520 ; 16.520 ;
; SW[17]     ; HEX4[4]     ; 16.894 ; 16.510 ; 16.510 ; 16.894 ;
; SW[17]     ; HEX4[5]     ; 16.894 ; 16.510 ; 16.510 ; 16.894 ;
; SW[17]     ; HEX4[6]     ; 15.324 ; 14.940 ; 14.940 ; 15.324 ;
+------------+-------------+--------+--------+--------+--------+


+----------------------------------------------------------+
; Minimum Progagation Delay                                ;
+------------+-------------+-------+-------+-------+-------+
; Input Port ; Output Port ; RR    ; RF    ; FR    ; FF    ;
+------------+-------------+-------+-------+-------+-------+
; SW[0]      ; HEX0[0]     ; 4.482 ;       ;       ; 4.482 ;
; SW[0]      ; HEX0[3]     ; 5.681 ;       ;       ; 5.681 ;
; SW[0]      ; HEX0[4]     ; 6.670 ;       ;       ; 6.670 ;
; SW[0]      ; HEX0[5]     ; 6.660 ;       ;       ; 6.660 ;
; SW[0]      ; HEX0[6]     ; 5.355 ; 5.355 ; 5.355 ; 5.355 ;
; SW[0]      ; HEX1[0]     ;       ; 4.782 ; 4.782 ;       ;
; SW[0]      ; HEX1[1]     ; 4.745 ; 4.745 ; 4.745 ; 4.745 ;
; SW[0]      ; HEX1[2]     ; 4.610 ; 4.610 ; 4.610 ; 4.610 ;
; SW[0]      ; HEX1[3]     ; 4.613 ; 4.613 ; 4.613 ; 4.613 ;
; SW[0]      ; HEX1[4]     ; 4.737 ;       ;       ; 4.737 ;
; SW[0]      ; HEX1[5]     ; 4.859 ;       ;       ; 4.859 ;
; SW[0]      ; HEX2[0]     ; 4.638 ;       ;       ; 4.638 ;
; SW[0]      ; HEX2[3]     ; 4.519 ;       ;       ; 4.519 ;
; SW[0]      ; HEX2[4]     ; 4.877 ;       ;       ; 4.877 ;
; SW[0]      ; HEX2[5]     ; 4.877 ;       ;       ; 4.877 ;
; SW[0]      ; HEX2[6]     ; 4.508 ; 4.508 ; 4.508 ; 4.508 ;
; SW[0]      ; HEX3[0]     ; 4.482 ; 4.482 ; 4.482 ; 4.482 ;
; SW[0]      ; HEX3[1]     ; 4.642 ; 4.642 ; 4.642 ; 4.642 ;
; SW[0]      ; HEX3[2]     ; 4.642 ; 4.642 ; 4.642 ; 4.642 ;
; SW[0]      ; HEX3[4]     ; 4.883 ;       ;       ; 4.883 ;
; SW[0]      ; HEX3[5]     ; 4.705 ;       ;       ; 4.705 ;
; SW[0]      ; HEX3[6]     ; 4.728 ;       ;       ; 4.728 ;
; SW[0]      ; HEX4[0]     ; 6.338 ; 6.338 ; 6.338 ; 6.338 ;
; SW[0]      ; HEX4[1]     ; 5.648 ;       ;       ; 5.648 ;
; SW[0]      ; HEX4[2]     ; 5.648 ;       ;       ; 5.648 ;
; SW[0]      ; HEX4[3]     ; 6.090 ; 6.090 ; 6.090 ; 6.090 ;
; SW[0]      ; HEX4[4]     ; 6.345 ;       ;       ; 6.345 ;
; SW[0]      ; HEX4[5]     ; 6.345 ;       ;       ; 6.345 ;
; SW[1]      ; HEX0[1]     ; 5.830 ;       ;       ; 5.830 ;
; SW[1]      ; HEX0[2]     ; 5.840 ;       ;       ; 5.840 ;
; SW[1]      ; HEX0[3]     ; 5.678 ; 5.678 ; 5.678 ; 5.678 ;
; SW[1]      ; HEX0[4]     ; 6.666 ;       ;       ; 6.666 ;
; SW[1]      ; HEX0[5]     ; 6.656 ;       ;       ; 6.656 ;
; SW[1]      ; HEX0[6]     ; 5.353 ; 5.353 ; 5.353 ; 5.353 ;
; SW[1]      ; HEX1[1]     ; 4.743 ; 4.743 ; 4.743 ; 4.743 ;
; SW[1]      ; HEX1[2]     ; 4.608 ; 4.608 ; 4.608 ; 4.608 ;
; SW[1]      ; HEX1[3]     ; 4.605 ;       ;       ; 4.605 ;
; SW[1]      ; HEX1[4]     ; 4.733 ;       ;       ; 4.733 ;
; SW[1]      ; HEX1[5]     ; 4.855 ;       ;       ; 4.855 ;
; SW[1]      ; HEX1[6]     ;       ; 4.647 ; 4.647 ;       ;
; SW[1]      ; HEX2[0]     ; 4.630 ; 4.630 ; 4.630 ; 4.630 ;
; SW[1]      ; HEX2[1]     ;       ; 4.605 ; 4.605 ;       ;
; SW[1]      ; HEX2[2]     ;       ; 4.645 ; 4.645 ;       ;
; SW[1]      ; HEX2[3]     ; 4.511 ;       ;       ; 4.511 ;
; SW[1]      ; HEX2[4]     ; 4.873 ;       ;       ; 4.873 ;
; SW[1]      ; HEX2[5]     ; 4.873 ;       ;       ; 4.873 ;
; SW[1]      ; HEX2[6]     ; 4.505 ; 4.505 ; 4.505 ; 4.505 ;
; SW[1]      ; HEX3[0]     ; 4.473 ; 4.473 ; 4.473 ; 4.473 ;
; SW[1]      ; HEX3[1]     ; 4.639 ; 4.639 ; 4.639 ; 4.639 ;
; SW[1]      ; HEX3[2]     ; 4.639 ; 4.639 ; 4.639 ; 4.639 ;
; SW[1]      ; HEX3[4]     ; 4.879 ;       ;       ; 4.879 ;
; SW[1]      ; HEX3[5]     ; 4.701 ;       ;       ; 4.701 ;
; SW[1]      ; HEX3[6]     ; 4.722 ;       ;       ; 4.722 ;
; SW[1]      ; HEX4[0]     ; 6.335 ;       ;       ; 6.335 ;
; SW[1]      ; HEX4[1]     ; 5.642 ;       ;       ; 5.642 ;
; SW[1]      ; HEX4[2]     ; 5.642 ;       ;       ; 5.642 ;
; SW[1]      ; HEX4[3]     ; 6.084 ; 6.084 ; 6.084 ; 6.084 ;
; SW[1]      ; HEX4[4]     ; 6.341 ;       ;       ; 6.341 ;
; SW[1]      ; HEX4[5]     ; 6.341 ;       ;       ; 6.341 ;
; SW[1]      ; HEX4[6]     ; 5.522 ;       ;       ; 5.522 ;
; SW[2]      ; HEX0[0]     ; 4.350 ;       ;       ; 4.350 ;
; SW[2]      ; HEX0[1]     ; 5.998 ;       ;       ; 5.998 ;
; SW[2]      ; HEX0[2]     ; 6.008 ;       ;       ; 6.008 ;
; SW[2]      ; HEX0[3]     ; 5.847 ;       ;       ; 5.847 ;
; SW[2]      ; HEX0[4]     ; 6.833 ;       ;       ; 6.833 ;
; SW[2]      ; HEX0[5]     ; 6.823 ;       ;       ; 6.823 ;
; SW[2]      ; HEX0[6]     ; 5.519 ;       ;       ; 5.519 ;
; SW[2]      ; HEX1[0]     ; 4.918 ;       ;       ; 4.918 ;
; SW[2]      ; HEX1[1]     ; 4.909 ;       ;       ; 4.909 ;
; SW[2]      ; HEX1[2]     ; 4.774 ;       ;       ; 4.774 ;
; SW[2]      ; HEX1[3]     ; 4.775 ;       ;       ; 4.775 ;
; SW[2]      ; HEX1[4]     ; 4.900 ;       ;       ; 4.900 ;
; SW[2]      ; HEX1[5]     ; 5.022 ;       ;       ; 5.022 ;
; SW[2]      ; HEX1[6]     ; 4.814 ;       ;       ; 4.814 ;
; SW[2]      ; HEX2[0]     ; 4.800 ; 4.800 ; 4.800 ; 4.800 ;
; SW[2]      ; HEX2[1]     ; 4.772 ;       ;       ; 4.772 ;
; SW[2]      ; HEX2[2]     ; 4.812 ;       ;       ; 4.812 ;
; SW[2]      ; HEX2[3]     ; 4.681 ;       ;       ; 4.681 ;
; SW[2]      ; HEX2[4]     ; 5.040 ;       ;       ; 5.040 ;
; SW[2]      ; HEX2[5]     ; 5.040 ;       ;       ; 5.040 ;
; SW[2]      ; HEX2[6]     ; 4.671 ; 4.671 ; 4.671 ; 4.671 ;
; SW[2]      ; HEX3[0]     ; 4.644 ;       ;       ; 4.644 ;
; SW[2]      ; HEX3[1]     ; 4.805 ; 4.805 ; 4.805 ; 4.805 ;
; SW[2]      ; HEX3[2]     ; 4.805 ; 4.805 ; 4.805 ; 4.805 ;
; SW[2]      ; HEX3[3]     ; 4.031 ;       ;       ; 4.031 ;
; SW[2]      ; HEX3[4]     ; 5.046 ;       ;       ; 5.046 ;
; SW[2]      ; HEX3[5]     ; 4.868 ;       ;       ; 4.868 ;
; SW[2]      ; HEX4[0]     ; 6.497 ; 6.497 ; 6.497 ; 6.497 ;
; SW[2]      ; HEX4[3]     ; 6.253 ; 6.253 ; 6.253 ; 6.253 ;
; SW[2]      ; HEX4[4]     ; 6.508 ;       ;       ; 6.508 ;
; SW[2]      ; HEX4[5]     ; 6.508 ;       ;       ; 6.508 ;
; SW[2]      ; HEX4[6]     ; 5.690 ;       ;       ; 5.690 ;
; SW[3]      ; HEX0[0]     ; 3.781 ;       ;       ; 3.781 ;
; SW[3]      ; HEX0[3]     ; 5.392 ;       ;       ; 5.392 ;
; SW[3]      ; HEX0[4]     ; 6.381 ;       ;       ; 6.381 ;
; SW[3]      ; HEX0[5]     ; 6.371 ;       ;       ; 6.371 ;
; SW[3]      ; HEX0[6]     ; 5.066 ; 5.066 ; 5.066 ; 5.066 ;
; SW[3]      ; HEX1[0]     ;       ; 4.493 ; 4.493 ;       ;
; SW[3]      ; HEX1[1]     ; 4.456 ; 4.456 ; 4.456 ; 4.456 ;
; SW[3]      ; HEX1[2]     ; 4.321 ; 4.321 ; 4.321 ; 4.321 ;
; SW[3]      ; HEX1[3]     ; 4.324 ; 4.324 ; 4.324 ; 4.324 ;
; SW[3]      ; HEX1[4]     ; 4.448 ;       ;       ; 4.448 ;
; SW[3]      ; HEX1[5]     ; 4.570 ;       ;       ; 4.570 ;
; SW[3]      ; HEX2[0]     ; 4.349 ;       ;       ; 4.349 ;
; SW[3]      ; HEX2[3]     ; 4.230 ;       ;       ; 4.230 ;
; SW[3]      ; HEX2[4]     ; 4.588 ;       ;       ; 4.588 ;
; SW[3]      ; HEX2[5]     ; 4.588 ;       ;       ; 4.588 ;
; SW[3]      ; HEX2[6]     ; 4.219 ; 4.219 ; 4.219 ; 4.219 ;
; SW[3]      ; HEX3[0]     ; 4.193 ; 4.193 ; 4.193 ; 4.193 ;
; SW[3]      ; HEX3[1]     ; 4.353 ; 4.353 ; 4.353 ; 4.353 ;
; SW[3]      ; HEX3[2]     ; 4.353 ; 4.353 ; 4.353 ; 4.353 ;
; SW[3]      ; HEX3[4]     ; 4.594 ;       ;       ; 4.594 ;
; SW[3]      ; HEX3[5]     ; 4.416 ;       ;       ; 4.416 ;
; SW[3]      ; HEX3[6]     ; 4.439 ;       ;       ; 4.439 ;
; SW[3]      ; HEX4[0]     ; 6.049 ; 6.049 ; 6.049 ; 6.049 ;
; SW[3]      ; HEX4[1]     ; 5.359 ;       ;       ; 5.359 ;
; SW[3]      ; HEX4[2]     ; 5.359 ;       ;       ; 5.359 ;
; SW[3]      ; HEX4[3]     ; 5.801 ; 5.801 ; 5.801 ; 5.801 ;
; SW[3]      ; HEX4[4]     ; 6.056 ;       ;       ; 6.056 ;
; SW[3]      ; HEX4[5]     ; 6.056 ;       ;       ; 6.056 ;
; SW[4]      ; HEX0[1]     ; 5.699 ;       ;       ; 5.699 ;
; SW[4]      ; HEX0[2]     ; 5.709 ;       ;       ; 5.709 ;
; SW[4]      ; HEX0[3]     ; 5.547 ; 5.547 ; 5.547 ; 5.547 ;
; SW[4]      ; HEX0[4]     ; 6.535 ;       ;       ; 6.535 ;
; SW[4]      ; HEX0[5]     ; 6.525 ;       ;       ; 6.525 ;
; SW[4]      ; HEX0[6]     ; 5.222 ; 5.222 ; 5.222 ; 5.222 ;
; SW[4]      ; HEX1[1]     ; 4.612 ; 4.612 ; 4.612 ; 4.612 ;
; SW[4]      ; HEX1[2]     ; 4.477 ; 4.477 ; 4.477 ; 4.477 ;
; SW[4]      ; HEX1[3]     ; 4.474 ;       ;       ; 4.474 ;
; SW[4]      ; HEX1[4]     ; 4.602 ;       ;       ; 4.602 ;
; SW[4]      ; HEX1[5]     ; 4.724 ;       ;       ; 4.724 ;
; SW[4]      ; HEX1[6]     ;       ; 4.516 ; 4.516 ;       ;
; SW[4]      ; HEX2[0]     ; 4.499 ; 4.499 ; 4.499 ; 4.499 ;
; SW[4]      ; HEX2[1]     ;       ; 4.474 ; 4.474 ;       ;
; SW[4]      ; HEX2[2]     ;       ; 4.514 ; 4.514 ;       ;
; SW[4]      ; HEX2[3]     ; 4.380 ;       ;       ; 4.380 ;
; SW[4]      ; HEX2[4]     ; 4.742 ;       ;       ; 4.742 ;
; SW[4]      ; HEX2[5]     ; 4.742 ;       ;       ; 4.742 ;
; SW[4]      ; HEX2[6]     ; 4.374 ; 4.374 ; 4.374 ; 4.374 ;
; SW[4]      ; HEX3[0]     ; 4.342 ; 4.342 ; 4.342 ; 4.342 ;
; SW[4]      ; HEX3[1]     ; 4.508 ; 4.508 ; 4.508 ; 4.508 ;
; SW[4]      ; HEX3[2]     ; 4.508 ; 4.508 ; 4.508 ; 4.508 ;
; SW[4]      ; HEX3[4]     ; 4.748 ;       ;       ; 4.748 ;
; SW[4]      ; HEX3[5]     ; 4.570 ;       ;       ; 4.570 ;
; SW[4]      ; HEX3[6]     ; 4.591 ;       ;       ; 4.591 ;
; SW[4]      ; HEX4[0]     ; 6.204 ;       ;       ; 6.204 ;
; SW[4]      ; HEX4[1]     ; 5.511 ;       ;       ; 5.511 ;
; SW[4]      ; HEX4[2]     ; 5.511 ;       ;       ; 5.511 ;
; SW[4]      ; HEX4[3]     ; 5.953 ; 5.953 ; 5.953 ; 5.953 ;
; SW[4]      ; HEX4[4]     ; 6.210 ;       ;       ; 6.210 ;
; SW[4]      ; HEX4[5]     ; 6.210 ;       ;       ; 6.210 ;
; SW[4]      ; HEX4[6]     ; 5.391 ;       ;       ; 5.391 ;
; SW[5]      ; HEX0[0]     ; 3.784 ;       ;       ; 3.784 ;
; SW[5]      ; HEX0[1]     ; 5.715 ;       ;       ; 5.715 ;
; SW[5]      ; HEX0[2]     ; 5.725 ;       ;       ; 5.725 ;
; SW[5]      ; HEX0[3]     ; 5.564 ;       ;       ; 5.564 ;
; SW[5]      ; HEX0[4]     ; 6.550 ;       ;       ; 6.550 ;
; SW[5]      ; HEX0[5]     ; 6.540 ;       ;       ; 6.540 ;
; SW[5]      ; HEX0[6]     ; 5.236 ;       ;       ; 5.236 ;
; SW[5]      ; HEX1[0]     ; 4.635 ;       ;       ; 4.635 ;
; SW[5]      ; HEX1[1]     ; 4.626 ;       ;       ; 4.626 ;
; SW[5]      ; HEX1[2]     ; 4.491 ;       ;       ; 4.491 ;
; SW[5]      ; HEX1[3]     ; 4.492 ;       ;       ; 4.492 ;
; SW[5]      ; HEX1[4]     ; 4.617 ;       ;       ; 4.617 ;
; SW[5]      ; HEX1[5]     ; 4.739 ;       ;       ; 4.739 ;
; SW[5]      ; HEX1[6]     ; 4.531 ;       ;       ; 4.531 ;
; SW[5]      ; HEX2[0]     ; 4.517 ; 4.517 ; 4.517 ; 4.517 ;
; SW[5]      ; HEX2[1]     ; 4.489 ;       ;       ; 4.489 ;
; SW[5]      ; HEX2[2]     ; 4.529 ;       ;       ; 4.529 ;
; SW[5]      ; HEX2[3]     ; 4.398 ;       ;       ; 4.398 ;
; SW[5]      ; HEX2[4]     ; 4.757 ;       ;       ; 4.757 ;
; SW[5]      ; HEX2[5]     ; 4.757 ;       ;       ; 4.757 ;
; SW[5]      ; HEX2[6]     ; 4.388 ; 4.388 ; 4.388 ; 4.388 ;
; SW[5]      ; HEX3[0]     ; 4.361 ;       ;       ; 4.361 ;
; SW[5]      ; HEX3[1]     ; 4.522 ; 4.522 ; 4.522 ; 4.522 ;
; SW[5]      ; HEX3[2]     ; 4.522 ; 4.522 ; 4.522 ; 4.522 ;
; SW[5]      ; HEX3[3]     ; 3.748 ;       ;       ; 3.748 ;
; SW[5]      ; HEX3[4]     ; 4.763 ;       ;       ; 4.763 ;
; SW[5]      ; HEX3[5]     ; 4.585 ;       ;       ; 4.585 ;
; SW[5]      ; HEX4[0]     ; 6.214 ; 6.214 ; 6.214 ; 6.214 ;
; SW[5]      ; HEX4[3]     ; 5.970 ; 5.970 ; 5.970 ; 5.970 ;
; SW[5]      ; HEX4[4]     ; 6.225 ;       ;       ; 6.225 ;
; SW[5]      ; HEX4[5]     ; 6.225 ;       ;       ; 6.225 ;
; SW[5]      ; HEX4[6]     ; 5.407 ;       ;       ; 5.407 ;
; SW[6]      ; HEX0[0]     ; 3.854 ; 3.854 ; 3.854 ; 3.854 ;
; SW[6]      ; HEX0[3]     ; 5.465 ; 5.465 ; 5.465 ; 5.465 ;
; SW[6]      ; HEX0[4]     ; 6.454 ; 6.454 ; 6.454 ; 6.454 ;
; SW[6]      ; HEX0[5]     ; 6.444 ; 6.444 ; 6.444 ; 6.444 ;
; SW[6]      ; HEX0[6]     ; 5.139 ; 5.139 ; 5.139 ; 5.139 ;
; SW[6]      ; HEX1[0]     ; 4.566 ; 4.566 ; 4.566 ; 4.566 ;
; SW[6]      ; HEX1[1]     ; 4.529 ; 4.529 ; 4.529 ; 4.529 ;
; SW[6]      ; HEX1[2]     ; 4.394 ; 4.394 ; 4.394 ; 4.394 ;
; SW[6]      ; HEX1[3]     ; 4.397 ; 4.397 ; 4.397 ; 4.397 ;
; SW[6]      ; HEX1[4]     ; 4.521 ; 4.521 ; 4.521 ; 4.521 ;
; SW[6]      ; HEX1[5]     ; 4.643 ; 4.643 ; 4.643 ; 4.643 ;
; SW[6]      ; HEX2[0]     ; 4.422 ; 4.422 ; 4.422 ; 4.422 ;
; SW[6]      ; HEX2[3]     ; 4.303 ; 4.303 ; 4.303 ; 4.303 ;
; SW[6]      ; HEX2[4]     ; 4.661 ; 4.661 ; 4.661 ; 4.661 ;
; SW[6]      ; HEX2[5]     ; 4.661 ; 4.661 ; 4.661 ; 4.661 ;
; SW[6]      ; HEX2[6]     ; 4.292 ; 4.292 ; 4.292 ; 4.292 ;
; SW[6]      ; HEX3[0]     ; 4.266 ; 4.266 ; 4.266 ; 4.266 ;
; SW[6]      ; HEX3[1]     ; 4.426 ; 4.426 ; 4.426 ; 4.426 ;
; SW[6]      ; HEX3[2]     ; 4.426 ; 4.426 ; 4.426 ; 4.426 ;
; SW[6]      ; HEX3[4]     ; 4.667 ; 4.667 ; 4.667 ; 4.667 ;
; SW[6]      ; HEX3[5]     ; 4.489 ; 4.489 ; 4.489 ; 4.489 ;
; SW[6]      ; HEX3[6]     ; 4.512 ; 4.512 ; 4.512 ; 4.512 ;
; SW[6]      ; HEX4[0]     ; 6.122 ; 6.122 ; 6.122 ; 6.122 ;
; SW[6]      ; HEX4[1]     ; 5.432 ; 5.432 ; 5.432 ; 5.432 ;
; SW[6]      ; HEX4[2]     ; 5.432 ; 5.432 ; 5.432 ; 5.432 ;
; SW[6]      ; HEX4[3]     ; 5.874 ; 5.874 ; 5.874 ; 5.874 ;
; SW[6]      ; HEX4[4]     ; 6.129 ; 6.129 ; 6.129 ; 6.129 ;
; SW[6]      ; HEX4[5]     ; 6.129 ; 6.129 ; 6.129 ; 6.129 ;
; SW[7]      ; HEX0[1]     ; 6.240 ;       ;       ; 6.240 ;
; SW[7]      ; HEX0[2]     ; 6.250 ;       ;       ; 6.250 ;
; SW[7]      ; HEX0[3]     ; 6.088 ; 6.088 ; 6.088 ; 6.088 ;
; SW[7]      ; HEX0[4]     ; 7.076 ;       ;       ; 7.076 ;
; SW[7]      ; HEX0[5]     ; 7.066 ;       ;       ; 7.066 ;
; SW[7]      ; HEX0[6]     ; 5.763 ; 5.763 ; 5.763 ; 5.763 ;
; SW[7]      ; HEX1[1]     ; 5.153 ; 5.153 ; 5.153 ; 5.153 ;
; SW[7]      ; HEX1[2]     ; 5.018 ; 5.018 ; 5.018 ; 5.018 ;
; SW[7]      ; HEX1[3]     ; 5.015 ;       ;       ; 5.015 ;
; SW[7]      ; HEX1[4]     ; 5.143 ;       ;       ; 5.143 ;
; SW[7]      ; HEX1[5]     ; 5.265 ;       ;       ; 5.265 ;
; SW[7]      ; HEX1[6]     ;       ; 5.057 ; 5.057 ;       ;
; SW[7]      ; HEX2[0]     ; 5.040 ; 5.040 ; 5.040 ; 5.040 ;
; SW[7]      ; HEX2[1]     ;       ; 5.015 ; 5.015 ;       ;
; SW[7]      ; HEX2[2]     ;       ; 5.055 ; 5.055 ;       ;
; SW[7]      ; HEX2[3]     ; 4.921 ;       ;       ; 4.921 ;
; SW[7]      ; HEX2[4]     ; 5.283 ;       ;       ; 5.283 ;
; SW[7]      ; HEX2[5]     ; 5.283 ;       ;       ; 5.283 ;
; SW[7]      ; HEX2[6]     ; 4.915 ; 4.915 ; 4.915 ; 4.915 ;
; SW[7]      ; HEX3[0]     ; 4.883 ; 4.883 ; 4.883 ; 4.883 ;
; SW[7]      ; HEX3[1]     ; 5.049 ; 5.049 ; 5.049 ; 5.049 ;
; SW[7]      ; HEX3[2]     ; 5.049 ; 5.049 ; 5.049 ; 5.049 ;
; SW[7]      ; HEX3[4]     ; 5.289 ;       ;       ; 5.289 ;
; SW[7]      ; HEX3[5]     ; 5.111 ;       ;       ; 5.111 ;
; SW[7]      ; HEX3[6]     ; 5.132 ;       ;       ; 5.132 ;
; SW[7]      ; HEX4[0]     ; 6.745 ;       ;       ; 6.745 ;
; SW[7]      ; HEX4[1]     ; 6.052 ;       ;       ; 6.052 ;
; SW[7]      ; HEX4[2]     ; 6.052 ;       ;       ; 6.052 ;
; SW[7]      ; HEX4[3]     ; 6.494 ; 6.494 ; 6.494 ; 6.494 ;
; SW[7]      ; HEX4[4]     ; 6.751 ;       ;       ; 6.751 ;
; SW[7]      ; HEX4[5]     ; 6.751 ;       ;       ; 6.751 ;
; SW[7]      ; HEX4[6]     ; 5.932 ;       ;       ; 5.932 ;
; SW[8]      ; HEX0[0]     ; 4.223 ;       ;       ; 4.223 ;
; SW[8]      ; HEX0[1]     ; 6.154 ;       ;       ; 6.154 ;
; SW[8]      ; HEX0[2]     ; 6.164 ;       ;       ; 6.164 ;
; SW[8]      ; HEX0[3]     ; 6.003 ;       ;       ; 6.003 ;
; SW[8]      ; HEX0[4]     ; 6.989 ;       ;       ; 6.989 ;
; SW[8]      ; HEX0[5]     ; 6.979 ;       ;       ; 6.979 ;
; SW[8]      ; HEX0[6]     ; 5.675 ;       ;       ; 5.675 ;
; SW[8]      ; HEX1[0]     ; 5.074 ;       ;       ; 5.074 ;
; SW[8]      ; HEX1[1]     ; 5.065 ;       ;       ; 5.065 ;
; SW[8]      ; HEX1[2]     ; 4.930 ;       ;       ; 4.930 ;
; SW[8]      ; HEX1[3]     ; 4.931 ;       ;       ; 4.931 ;
; SW[8]      ; HEX1[4]     ; 5.056 ;       ;       ; 5.056 ;
; SW[8]      ; HEX1[5]     ; 5.178 ;       ;       ; 5.178 ;
; SW[8]      ; HEX1[6]     ; 4.970 ;       ;       ; 4.970 ;
; SW[8]      ; HEX2[0]     ; 4.956 ; 4.956 ; 4.956 ; 4.956 ;
; SW[8]      ; HEX2[1]     ; 4.928 ;       ;       ; 4.928 ;
; SW[8]      ; HEX2[2]     ; 4.968 ;       ;       ; 4.968 ;
; SW[8]      ; HEX2[3]     ; 4.837 ;       ;       ; 4.837 ;
; SW[8]      ; HEX2[4]     ; 5.196 ;       ;       ; 5.196 ;
; SW[8]      ; HEX2[5]     ; 5.196 ;       ;       ; 5.196 ;
; SW[8]      ; HEX2[6]     ; 4.827 ; 4.827 ; 4.827 ; 4.827 ;
; SW[8]      ; HEX3[0]     ; 4.800 ;       ;       ; 4.800 ;
; SW[8]      ; HEX3[1]     ; 4.961 ; 4.961 ; 4.961 ; 4.961 ;
; SW[8]      ; HEX3[2]     ; 4.961 ; 4.961 ; 4.961 ; 4.961 ;
; SW[8]      ; HEX3[3]     ; 4.187 ;       ;       ; 4.187 ;
; SW[8]      ; HEX3[4]     ; 5.202 ;       ;       ; 5.202 ;
; SW[8]      ; HEX3[5]     ; 5.024 ;       ;       ; 5.024 ;
; SW[8]      ; HEX4[0]     ; 6.653 ; 6.653 ; 6.653 ; 6.653 ;
; SW[8]      ; HEX4[3]     ; 6.409 ; 6.409 ; 6.409 ; 6.409 ;
; SW[8]      ; HEX4[4]     ; 6.664 ;       ;       ; 6.664 ;
; SW[8]      ; HEX4[5]     ; 6.664 ;       ;       ; 6.664 ;
; SW[8]      ; HEX4[6]     ; 5.846 ;       ;       ; 5.846 ;
; SW[9]      ; HEX0[0]     ; 4.377 ;       ;       ; 4.377 ;
; SW[9]      ; HEX0[3]     ; 5.988 ;       ;       ; 5.988 ;
; SW[9]      ; HEX0[4]     ; 6.977 ;       ;       ; 6.977 ;
; SW[9]      ; HEX0[5]     ; 6.967 ;       ;       ; 6.967 ;
; SW[9]      ; HEX0[6]     ; 5.662 ; 5.662 ; 5.662 ; 5.662 ;
; SW[9]      ; HEX1[0]     ;       ; 5.089 ; 5.089 ;       ;
; SW[9]      ; HEX1[1]     ; 5.052 ; 5.052 ; 5.052 ; 5.052 ;
; SW[9]      ; HEX1[2]     ; 4.917 ; 4.917 ; 4.917 ; 4.917 ;
; SW[9]      ; HEX1[3]     ; 4.920 ; 4.920 ; 4.920 ; 4.920 ;
; SW[9]      ; HEX1[4]     ; 5.044 ;       ;       ; 5.044 ;
; SW[9]      ; HEX1[5]     ; 5.166 ;       ;       ; 5.166 ;
; SW[9]      ; HEX2[0]     ; 4.945 ;       ;       ; 4.945 ;
; SW[9]      ; HEX2[3]     ; 4.826 ;       ;       ; 4.826 ;
; SW[9]      ; HEX2[4]     ; 5.184 ;       ;       ; 5.184 ;
; SW[9]      ; HEX2[5]     ; 5.184 ;       ;       ; 5.184 ;
; SW[9]      ; HEX2[6]     ; 4.815 ; 4.815 ; 4.815 ; 4.815 ;
; SW[9]      ; HEX3[0]     ; 4.789 ; 4.789 ; 4.789 ; 4.789 ;
; SW[9]      ; HEX3[1]     ; 4.949 ; 4.949 ; 4.949 ; 4.949 ;
; SW[9]      ; HEX3[2]     ; 4.949 ; 4.949 ; 4.949 ; 4.949 ;
; SW[9]      ; HEX3[4]     ; 5.190 ;       ;       ; 5.190 ;
; SW[9]      ; HEX3[5]     ; 5.012 ;       ;       ; 5.012 ;
; SW[9]      ; HEX3[6]     ; 5.035 ;       ;       ; 5.035 ;
; SW[9]      ; HEX4[0]     ; 6.645 ; 6.645 ; 6.645 ; 6.645 ;
; SW[9]      ; HEX4[1]     ; 5.955 ;       ;       ; 5.955 ;
; SW[9]      ; HEX4[2]     ; 5.955 ;       ;       ; 5.955 ;
; SW[9]      ; HEX4[3]     ; 6.397 ; 6.397 ; 6.397 ; 6.397 ;
; SW[9]      ; HEX4[4]     ; 6.652 ;       ;       ; 6.652 ;
; SW[9]      ; HEX4[5]     ; 6.652 ;       ;       ; 6.652 ;
; SW[10]     ; HEX0[1]     ; 6.260 ; 6.260 ; 6.260 ; 6.260 ;
; SW[10]     ; HEX0[2]     ; 6.270 ; 6.270 ; 6.270 ; 6.270 ;
; SW[10]     ; HEX0[3]     ; 6.108 ; 6.108 ; 6.108 ; 6.108 ;
; SW[10]     ; HEX0[4]     ; 7.096 ; 7.096 ; 7.096 ; 7.096 ;
; SW[10]     ; HEX0[5]     ; 7.086 ; 7.086 ; 7.086 ; 7.086 ;
; SW[10]     ; HEX0[6]     ; 5.783 ; 5.783 ; 5.783 ; 5.783 ;
; SW[10]     ; HEX1[1]     ; 5.173 ; 5.173 ; 5.173 ; 5.173 ;
; SW[10]     ; HEX1[2]     ; 5.038 ; 5.038 ; 5.038 ; 5.038 ;
; SW[10]     ; HEX1[3]     ; 5.035 ; 5.035 ; 5.035 ; 5.035 ;
; SW[10]     ; HEX1[4]     ; 5.163 ; 5.163 ; 5.163 ; 5.163 ;
; SW[10]     ; HEX1[5]     ; 5.285 ; 5.285 ; 5.285 ; 5.285 ;
; SW[10]     ; HEX1[6]     ; 5.077 ; 5.077 ; 5.077 ; 5.077 ;
; SW[10]     ; HEX2[0]     ; 5.060 ; 5.060 ; 5.060 ; 5.060 ;
; SW[10]     ; HEX2[1]     ; 5.035 ; 5.035 ; 5.035 ; 5.035 ;
; SW[10]     ; HEX2[2]     ; 5.075 ; 5.075 ; 5.075 ; 5.075 ;
; SW[10]     ; HEX2[3]     ; 4.941 ; 4.941 ; 4.941 ; 4.941 ;
; SW[10]     ; HEX2[4]     ; 5.303 ; 5.303 ; 5.303 ; 5.303 ;
; SW[10]     ; HEX2[5]     ; 5.303 ; 5.303 ; 5.303 ; 5.303 ;
; SW[10]     ; HEX2[6]     ; 4.935 ; 4.935 ; 4.935 ; 4.935 ;
; SW[10]     ; HEX3[0]     ; 4.903 ; 4.903 ; 4.903 ; 4.903 ;
; SW[10]     ; HEX3[1]     ; 5.069 ; 5.069 ; 5.069 ; 5.069 ;
; SW[10]     ; HEX3[2]     ; 5.069 ; 5.069 ; 5.069 ; 5.069 ;
; SW[10]     ; HEX3[4]     ; 5.309 ; 5.309 ; 5.309 ; 5.309 ;
; SW[10]     ; HEX3[5]     ; 5.131 ; 5.131 ; 5.131 ; 5.131 ;
; SW[10]     ; HEX3[6]     ; 5.152 ; 5.152 ; 5.152 ; 5.152 ;
; SW[10]     ; HEX4[0]     ; 6.765 ; 6.765 ; 6.765 ; 6.765 ;
; SW[10]     ; HEX4[1]     ; 6.072 ; 6.072 ; 6.072 ; 6.072 ;
; SW[10]     ; HEX4[2]     ; 6.072 ; 6.072 ; 6.072 ; 6.072 ;
; SW[10]     ; HEX4[3]     ; 6.514 ; 6.514 ; 6.514 ; 6.514 ;
; SW[10]     ; HEX4[4]     ; 6.771 ; 6.771 ; 6.771 ; 6.771 ;
; SW[10]     ; HEX4[5]     ; 6.771 ; 6.771 ; 6.771 ; 6.771 ;
; SW[10]     ; HEX4[6]     ; 5.952 ; 5.952 ; 5.952 ; 5.952 ;
; SW[11]     ; HEX0[0]     ; 4.522 ; 4.522 ; 4.522 ; 4.522 ;
; SW[11]     ; HEX0[1]     ; 6.453 ; 6.453 ; 6.453 ; 6.453 ;
; SW[11]     ; HEX0[2]     ; 6.463 ; 6.463 ; 6.463 ; 6.463 ;
; SW[11]     ; HEX0[3]     ; 6.302 ; 6.302 ; 6.302 ; 6.302 ;
; SW[11]     ; HEX0[4]     ; 7.288 ; 7.288 ; 7.288 ; 7.288 ;
; SW[11]     ; HEX0[5]     ; 7.278 ; 7.278 ; 7.278 ; 7.278 ;
; SW[11]     ; HEX0[6]     ; 5.974 ; 5.974 ; 5.974 ; 5.974 ;
; SW[11]     ; HEX1[0]     ; 5.373 ; 5.373 ; 5.373 ; 5.373 ;
; SW[11]     ; HEX1[1]     ; 5.364 ; 5.364 ; 5.364 ; 5.364 ;
; SW[11]     ; HEX1[2]     ; 5.229 ; 5.229 ; 5.229 ; 5.229 ;
; SW[11]     ; HEX1[3]     ; 5.230 ; 5.230 ; 5.230 ; 5.230 ;
; SW[11]     ; HEX1[4]     ; 5.355 ; 5.355 ; 5.355 ; 5.355 ;
; SW[11]     ; HEX1[5]     ; 5.477 ; 5.477 ; 5.477 ; 5.477 ;
; SW[11]     ; HEX1[6]     ; 5.269 ; 5.269 ; 5.269 ; 5.269 ;
; SW[11]     ; HEX2[0]     ; 5.255 ; 5.255 ; 5.255 ; 5.255 ;
; SW[11]     ; HEX2[1]     ; 5.227 ; 5.227 ; 5.227 ; 5.227 ;
; SW[11]     ; HEX2[2]     ; 5.267 ; 5.267 ; 5.267 ; 5.267 ;
; SW[11]     ; HEX2[3]     ; 5.136 ; 5.136 ; 5.136 ; 5.136 ;
; SW[11]     ; HEX2[4]     ; 5.495 ; 5.495 ; 5.495 ; 5.495 ;
; SW[11]     ; HEX2[5]     ; 5.495 ; 5.495 ; 5.495 ; 5.495 ;
; SW[11]     ; HEX2[6]     ; 5.126 ; 5.126 ; 5.126 ; 5.126 ;
; SW[11]     ; HEX3[0]     ; 5.099 ; 5.099 ; 5.099 ; 5.099 ;
; SW[11]     ; HEX3[1]     ; 5.260 ; 5.260 ; 5.260 ; 5.260 ;
; SW[11]     ; HEX3[2]     ; 5.260 ; 5.260 ; 5.260 ; 5.260 ;
; SW[11]     ; HEX3[3]     ; 4.486 ; 4.486 ; 4.486 ; 4.486 ;
; SW[11]     ; HEX3[4]     ; 5.501 ; 5.501 ; 5.501 ; 5.501 ;
; SW[11]     ; HEX3[5]     ; 5.323 ; 5.323 ; 5.323 ; 5.323 ;
; SW[11]     ; HEX4[0]     ; 6.952 ; 6.952 ; 6.952 ; 6.952 ;
; SW[11]     ; HEX4[3]     ; 6.708 ; 6.708 ; 6.708 ; 6.708 ;
; SW[11]     ; HEX4[4]     ; 6.963 ; 6.963 ; 6.963 ; 6.963 ;
; SW[11]     ; HEX4[5]     ; 6.963 ; 6.963 ; 6.963 ; 6.963 ;
; SW[11]     ; HEX4[6]     ; 6.145 ; 6.145 ; 6.145 ; 6.145 ;
; SW[12]     ; HEX0[0]     ; 4.600 ; 4.600 ; 4.600 ; 4.600 ;
; SW[12]     ; HEX0[3]     ; 6.211 ; 6.211 ; 6.211 ; 6.211 ;
; SW[12]     ; HEX0[4]     ; 7.200 ; 7.200 ; 7.200 ; 7.200 ;
; SW[12]     ; HEX0[5]     ; 7.190 ; 7.190 ; 7.190 ; 7.190 ;
; SW[12]     ; HEX0[6]     ; 5.885 ; 5.885 ; 5.885 ; 5.885 ;
; SW[12]     ; HEX1[0]     ; 5.312 ; 5.312 ; 5.312 ; 5.312 ;
; SW[12]     ; HEX1[1]     ; 5.275 ; 5.275 ; 5.275 ; 5.275 ;
; SW[12]     ; HEX1[2]     ; 5.140 ; 5.140 ; 5.140 ; 5.140 ;
; SW[12]     ; HEX1[3]     ; 5.143 ; 5.143 ; 5.143 ; 5.143 ;
; SW[12]     ; HEX1[4]     ; 5.267 ; 5.267 ; 5.267 ; 5.267 ;
; SW[12]     ; HEX1[5]     ; 5.389 ; 5.389 ; 5.389 ; 5.389 ;
; SW[12]     ; HEX2[0]     ; 5.168 ; 5.168 ; 5.168 ; 5.168 ;
; SW[12]     ; HEX2[3]     ; 5.049 ; 5.049 ; 5.049 ; 5.049 ;
; SW[12]     ; HEX2[4]     ; 5.407 ; 5.407 ; 5.407 ; 5.407 ;
; SW[12]     ; HEX2[5]     ; 5.407 ; 5.407 ; 5.407 ; 5.407 ;
; SW[12]     ; HEX2[6]     ; 5.038 ; 5.038 ; 5.038 ; 5.038 ;
; SW[12]     ; HEX3[0]     ; 5.012 ; 5.012 ; 5.012 ; 5.012 ;
; SW[12]     ; HEX3[1]     ; 5.172 ; 5.172 ; 5.172 ; 5.172 ;
; SW[12]     ; HEX3[2]     ; 5.172 ; 5.172 ; 5.172 ; 5.172 ;
; SW[12]     ; HEX3[4]     ; 5.413 ; 5.413 ; 5.413 ; 5.413 ;
; SW[12]     ; HEX3[5]     ; 5.235 ; 5.235 ; 5.235 ; 5.235 ;
; SW[12]     ; HEX3[6]     ; 5.258 ; 5.258 ; 5.258 ; 5.258 ;
; SW[12]     ; HEX4[0]     ; 6.868 ; 6.868 ; 6.868 ; 6.868 ;
; SW[12]     ; HEX4[1]     ; 6.178 ; 6.178 ; 6.178 ; 6.178 ;
; SW[12]     ; HEX4[2]     ; 6.178 ; 6.178 ; 6.178 ; 6.178 ;
; SW[12]     ; HEX4[3]     ; 6.620 ; 6.620 ; 6.620 ; 6.620 ;
; SW[12]     ; HEX4[4]     ; 6.875 ; 6.875 ; 6.875 ; 6.875 ;
; SW[12]     ; HEX4[5]     ; 6.875 ; 6.875 ; 6.875 ; 6.875 ;
; SW[13]     ; HEX0[1]     ; 8.673 ; 8.673 ; 8.673 ; 8.673 ;
; SW[13]     ; HEX0[2]     ; 8.683 ; 8.683 ; 8.683 ; 8.683 ;
; SW[13]     ; HEX0[3]     ; 8.521 ; 8.521 ; 8.521 ; 8.521 ;
; SW[13]     ; HEX0[4]     ; 9.509 ; 9.509 ; 9.509 ; 9.509 ;
; SW[13]     ; HEX0[5]     ; 9.499 ; 9.499 ; 9.499 ; 9.499 ;
; SW[13]     ; HEX0[6]     ; 8.196 ; 8.196 ; 8.196 ; 8.196 ;
; SW[13]     ; HEX1[1]     ; 7.586 ; 7.586 ; 7.586 ; 7.586 ;
; SW[13]     ; HEX1[2]     ; 7.451 ; 7.451 ; 7.451 ; 7.451 ;
; SW[13]     ; HEX1[3]     ; 7.448 ; 7.448 ; 7.448 ; 7.448 ;
; SW[13]     ; HEX1[4]     ; 7.576 ; 7.576 ; 7.576 ; 7.576 ;
; SW[13]     ; HEX1[5]     ; 7.698 ; 7.698 ; 7.698 ; 7.698 ;
; SW[13]     ; HEX1[6]     ; 7.490 ; 7.490 ; 7.490 ; 7.490 ;
; SW[13]     ; HEX2[0]     ; 7.473 ; 7.473 ; 7.473 ; 7.473 ;
; SW[13]     ; HEX2[1]     ; 7.448 ; 7.448 ; 7.448 ; 7.448 ;
; SW[13]     ; HEX2[2]     ; 7.488 ; 7.488 ; 7.488 ; 7.488 ;
; SW[13]     ; HEX2[3]     ; 7.354 ; 7.354 ; 7.354 ; 7.354 ;
; SW[13]     ; HEX2[4]     ; 7.716 ; 7.716 ; 7.716 ; 7.716 ;
; SW[13]     ; HEX2[5]     ; 7.716 ; 7.716 ; 7.716 ; 7.716 ;
; SW[13]     ; HEX2[6]     ; 7.348 ; 7.348 ; 7.348 ; 7.348 ;
; SW[13]     ; HEX3[0]     ; 7.316 ; 7.316 ; 7.316 ; 7.316 ;
; SW[13]     ; HEX3[1]     ; 7.482 ; 7.482 ; 7.482 ; 7.482 ;
; SW[13]     ; HEX3[2]     ; 7.482 ; 7.482 ; 7.482 ; 7.482 ;
; SW[13]     ; HEX3[4]     ; 7.722 ; 7.722 ; 7.722 ; 7.722 ;
; SW[13]     ; HEX3[5]     ; 7.544 ; 7.544 ; 7.544 ; 7.544 ;
; SW[13]     ; HEX3[6]     ; 7.565 ; 7.565 ; 7.565 ; 7.565 ;
; SW[13]     ; HEX4[0]     ; 9.178 ; 9.178 ; 9.178 ; 9.178 ;
; SW[13]     ; HEX4[1]     ; 8.485 ; 8.485 ; 8.485 ; 8.485 ;
; SW[13]     ; HEX4[2]     ; 8.485 ; 8.485 ; 8.485 ; 8.485 ;
; SW[13]     ; HEX4[3]     ; 8.927 ; 8.927 ; 8.927 ; 8.927 ;
; SW[13]     ; HEX4[4]     ; 9.184 ; 9.184 ; 9.184 ; 9.184 ;
; SW[13]     ; HEX4[5]     ; 9.184 ; 9.184 ; 9.184 ; 9.184 ;
; SW[13]     ; HEX4[6]     ; 8.365 ; 8.365 ; 8.365 ; 8.365 ;
; SW[14]     ; HEX0[0]     ; 6.690 ; 6.690 ; 6.690 ; 6.690 ;
; SW[14]     ; HEX0[1]     ; 8.621 ; 8.621 ; 8.621 ; 8.621 ;
; SW[14]     ; HEX0[2]     ; 8.631 ; 8.631 ; 8.631 ; 8.631 ;
; SW[14]     ; HEX0[3]     ; 8.470 ; 8.470 ; 8.470 ; 8.470 ;
; SW[14]     ; HEX0[4]     ; 9.456 ; 9.456 ; 9.456 ; 9.456 ;
; SW[14]     ; HEX0[5]     ; 9.446 ; 9.446 ; 9.446 ; 9.446 ;
; SW[14]     ; HEX0[6]     ; 8.142 ; 8.142 ; 8.142 ; 8.142 ;
; SW[14]     ; HEX1[0]     ; 7.541 ; 7.541 ; 7.541 ; 7.541 ;
; SW[14]     ; HEX1[1]     ; 7.532 ; 7.532 ; 7.532 ; 7.532 ;
; SW[14]     ; HEX1[2]     ; 7.397 ; 7.397 ; 7.397 ; 7.397 ;
; SW[14]     ; HEX1[3]     ; 7.398 ; 7.398 ; 7.398 ; 7.398 ;
; SW[14]     ; HEX1[4]     ; 7.523 ; 7.523 ; 7.523 ; 7.523 ;
; SW[14]     ; HEX1[5]     ; 7.645 ; 7.645 ; 7.645 ; 7.645 ;
; SW[14]     ; HEX1[6]     ; 7.437 ; 7.437 ; 7.437 ; 7.437 ;
; SW[14]     ; HEX2[0]     ; 7.423 ; 7.423 ; 7.423 ; 7.423 ;
; SW[14]     ; HEX2[1]     ; 7.395 ; 7.395 ; 7.395 ; 7.395 ;
; SW[14]     ; HEX2[2]     ; 7.435 ; 7.435 ; 7.435 ; 7.435 ;
; SW[14]     ; HEX2[3]     ; 7.304 ; 7.304 ; 7.304 ; 7.304 ;
; SW[14]     ; HEX2[4]     ; 7.663 ; 7.663 ; 7.663 ; 7.663 ;
; SW[14]     ; HEX2[5]     ; 7.663 ; 7.663 ; 7.663 ; 7.663 ;
; SW[14]     ; HEX2[6]     ; 7.294 ; 7.294 ; 7.294 ; 7.294 ;
; SW[14]     ; HEX3[0]     ; 7.267 ; 7.267 ; 7.267 ; 7.267 ;
; SW[14]     ; HEX3[1]     ; 7.428 ; 7.428 ; 7.428 ; 7.428 ;
; SW[14]     ; HEX3[2]     ; 7.428 ; 7.428 ; 7.428 ; 7.428 ;
; SW[14]     ; HEX3[3]     ; 6.654 ; 6.654 ; 6.654 ; 6.654 ;
; SW[14]     ; HEX3[4]     ; 7.669 ; 7.669 ; 7.669 ; 7.669 ;
; SW[14]     ; HEX3[5]     ; 7.491 ; 7.491 ; 7.491 ; 7.491 ;
; SW[14]     ; HEX4[0]     ; 9.120 ; 9.120 ; 9.120 ; 9.120 ;
; SW[14]     ; HEX4[3]     ; 8.876 ; 8.876 ; 8.876 ; 8.876 ;
; SW[14]     ; HEX4[4]     ; 9.131 ; 9.131 ; 9.131 ; 9.131 ;
; SW[14]     ; HEX4[5]     ; 9.131 ; 9.131 ; 9.131 ; 9.131 ;
; SW[14]     ; HEX4[6]     ; 8.313 ; 8.313 ; 8.313 ; 8.313 ;
; SW[15]     ; HEX0[0]     ; 6.629 ; 6.629 ; 6.629 ; 6.629 ;
; SW[15]     ; HEX0[1]     ; 8.732 ; 8.378 ; 8.378 ; 8.732 ;
; SW[15]     ; HEX0[2]     ; 8.742 ; 8.388 ; 8.388 ; 8.742 ;
; SW[15]     ; HEX0[3]     ; 8.226 ; 8.226 ; 8.226 ; 8.226 ;
; SW[15]     ; HEX0[4]     ; 9.229 ; 9.214 ; 9.214 ; 9.229 ;
; SW[15]     ; HEX0[5]     ; 9.219 ; 9.204 ; 9.204 ; 9.219 ;
; SW[15]     ; HEX0[6]     ; 7.901 ; 7.901 ; 7.901 ; 7.901 ;
; SW[15]     ; HEX1[0]     ; 7.335 ; 7.341 ; 7.341 ; 7.335 ;
; SW[15]     ; HEX1[1]     ; 7.291 ; 7.291 ; 7.291 ; 7.291 ;
; SW[15]     ; HEX1[2]     ; 7.156 ; 7.156 ; 7.156 ; 7.156 ;
; SW[15]     ; HEX1[3]     ; 7.166 ; 7.153 ; 7.153 ; 7.166 ;
; SW[15]     ; HEX1[4]     ; 7.296 ; 7.281 ; 7.281 ; 7.296 ;
; SW[15]     ; HEX1[5]     ; 7.418 ; 7.403 ; 7.403 ; 7.418 ;
; SW[15]     ; HEX1[6]     ; 7.195 ; 7.368 ; 7.368 ; 7.195 ;
; SW[15]     ; HEX2[0]     ; 7.178 ; 7.178 ; 7.178 ; 7.178 ;
; SW[15]     ; HEX2[1]     ; 7.153 ; 7.326 ; 7.326 ; 7.153 ;
; SW[15]     ; HEX2[2]     ; 7.193 ; 7.366 ; 7.366 ; 7.193 ;
; SW[15]     ; HEX2[3]     ; 7.078 ; 7.059 ; 7.059 ; 7.078 ;
; SW[15]     ; HEX2[4]     ; 7.436 ; 7.421 ; 7.421 ; 7.436 ;
; SW[15]     ; HEX2[5]     ; 7.436 ; 7.421 ; 7.421 ; 7.436 ;
; SW[15]     ; HEX2[6]     ; 7.053 ; 7.053 ; 7.053 ; 7.053 ;
; SW[15]     ; HEX3[0]     ; 7.021 ; 7.021 ; 7.021 ; 7.021 ;
; SW[15]     ; HEX3[1]     ; 7.187 ; 7.187 ; 7.187 ; 7.187 ;
; SW[15]     ; HEX3[2]     ; 7.187 ; 7.187 ; 7.187 ; 7.187 ;
; SW[15]     ; HEX3[3]     ; 6.765 ; 6.585 ; 6.585 ; 6.765 ;
; SW[15]     ; HEX3[4]     ; 7.442 ; 7.427 ; 7.427 ; 7.442 ;
; SW[15]     ; HEX3[5]     ; 7.264 ; 7.249 ; 7.249 ; 7.264 ;
; SW[15]     ; HEX3[6]     ; 7.287 ; 7.270 ; 7.270 ; 7.287 ;
; SW[15]     ; HEX4[0]     ; 8.891 ; 8.883 ; 8.883 ; 8.891 ;
; SW[15]     ; HEX4[1]     ; 8.207 ; 8.190 ; 8.190 ; 8.207 ;
; SW[15]     ; HEX4[2]     ; 8.207 ; 8.190 ; 8.190 ; 8.207 ;
; SW[15]     ; HEX4[3]     ; 8.632 ; 8.632 ; 8.632 ; 8.632 ;
; SW[15]     ; HEX4[4]     ; 8.904 ; 8.889 ; 8.889 ; 8.904 ;
; SW[15]     ; HEX4[5]     ; 8.904 ; 8.889 ; 8.889 ; 8.904 ;
; SW[15]     ; HEX4[6]     ; 8.424 ; 8.070 ; 8.070 ; 8.424 ;
; SW[16]     ; HEX0[0]     ; 6.583 ; 6.583 ; 6.583 ; 6.583 ;
; SW[16]     ; HEX0[1]     ; 8.514 ; 8.470 ; 8.470 ; 8.514 ;
; SW[16]     ; HEX0[2]     ; 8.524 ; 8.480 ; 8.480 ; 8.524 ;
; SW[16]     ; HEX0[3]     ; 8.318 ; 8.318 ; 8.318 ; 8.318 ;
; SW[16]     ; HEX0[4]     ; 9.312 ; 9.306 ; 9.306 ; 9.312 ;
; SW[16]     ; HEX0[5]     ; 9.302 ; 9.296 ; 9.296 ; 9.302 ;
; SW[16]     ; HEX0[6]     ; 7.993 ; 7.993 ; 7.993 ; 7.993 ;
; SW[16]     ; HEX1[0]     ; 7.424 ; 7.424 ; 7.424 ; 7.424 ;
; SW[16]     ; HEX1[1]     ; 7.383 ; 7.383 ; 7.383 ; 7.383 ;
; SW[16]     ; HEX1[2]     ; 7.248 ; 7.248 ; 7.248 ; 7.248 ;
; SW[16]     ; HEX1[3]     ; 7.255 ; 7.245 ; 7.245 ; 7.255 ;
; SW[16]     ; HEX1[4]     ; 7.379 ; 7.373 ; 7.373 ; 7.379 ;
; SW[16]     ; HEX1[5]     ; 7.501 ; 7.495 ; 7.495 ; 7.501 ;
; SW[16]     ; HEX1[6]     ; 7.287 ; 7.330 ; 7.330 ; 7.287 ;
; SW[16]     ; HEX2[0]     ; 7.270 ; 7.270 ; 7.270 ; 7.270 ;
; SW[16]     ; HEX2[1]     ; 7.245 ; 7.288 ; 7.288 ; 7.245 ;
; SW[16]     ; HEX2[2]     ; 7.285 ; 7.328 ; 7.328 ; 7.285 ;
; SW[16]     ; HEX2[3]     ; 7.161 ; 7.151 ; 7.151 ; 7.161 ;
; SW[16]     ; HEX2[4]     ; 7.519 ; 7.513 ; 7.513 ; 7.519 ;
; SW[16]     ; HEX2[5]     ; 7.519 ; 7.513 ; 7.513 ; 7.519 ;
; SW[16]     ; HEX2[6]     ; 7.145 ; 7.145 ; 7.145 ; 7.145 ;
; SW[16]     ; HEX3[0]     ; 7.113 ; 7.113 ; 7.113 ; 7.113 ;
; SW[16]     ; HEX3[1]     ; 7.279 ; 7.279 ; 7.279 ; 7.279 ;
; SW[16]     ; HEX3[2]     ; 7.279 ; 7.279 ; 7.279 ; 7.279 ;
; SW[16]     ; HEX3[3]     ; 6.547 ; 6.547 ; 6.547 ; 6.547 ;
; SW[16]     ; HEX3[4]     ; 7.525 ; 7.519 ; 7.519 ; 7.525 ;
; SW[16]     ; HEX3[5]     ; 7.347 ; 7.341 ; 7.341 ; 7.347 ;
; SW[16]     ; HEX3[6]     ; 7.370 ; 7.362 ; 7.362 ; 7.370 ;
; SW[16]     ; HEX4[0]     ; 8.980 ; 8.975 ; 8.975 ; 8.980 ;
; SW[16]     ; HEX4[1]     ; 8.290 ; 8.282 ; 8.282 ; 8.290 ;
; SW[16]     ; HEX4[2]     ; 8.290 ; 8.282 ; 8.282 ; 8.290 ;
; SW[16]     ; HEX4[3]     ; 8.724 ; 8.724 ; 8.724 ; 8.724 ;
; SW[16]     ; HEX4[4]     ; 8.987 ; 8.981 ; 8.981 ; 8.987 ;
; SW[16]     ; HEX4[5]     ; 8.987 ; 8.981 ; 8.981 ; 8.987 ;
; SW[16]     ; HEX4[6]     ; 8.206 ; 8.162 ; 8.162 ; 8.206 ;
; SW[17]     ; HEX0[0]     ; 6.791 ; 6.343 ; 6.343 ; 6.791 ;
; SW[17]     ; HEX0[1]     ; 8.263 ; 8.216 ; 8.216 ; 8.263 ;
; SW[17]     ; HEX0[2]     ; 8.273 ; 8.226 ; 8.226 ; 8.273 ;
; SW[17]     ; HEX0[3]     ; 8.064 ; 7.954 ; 7.954 ; 8.064 ;
; SW[17]     ; HEX0[4]     ; 9.099 ; 8.943 ; 8.943 ; 9.099 ;
; SW[17]     ; HEX0[5]     ; 9.089 ; 8.933 ; 8.933 ; 9.089 ;
; SW[17]     ; HEX0[6]     ; 7.628 ; 7.628 ; 7.628 ; 7.628 ;
; SW[17]     ; HEX1[0]     ; 7.055 ; 7.193 ; 7.193 ; 7.055 ;
; SW[17]     ; HEX1[1]     ; 7.018 ; 7.018 ; 7.018 ; 7.018 ;
; SW[17]     ; HEX1[2]     ; 6.883 ; 6.883 ; 6.883 ; 6.883 ;
; SW[17]     ; HEX1[3]     ; 6.886 ; 6.886 ; 6.886 ; 6.886 ;
; SW[17]     ; HEX1[4]     ; 7.166 ; 7.010 ; 7.010 ; 7.166 ;
; SW[17]     ; HEX1[5]     ; 7.288 ; 7.132 ; 7.132 ; 7.288 ;
; SW[17]     ; HEX1[6]     ; 7.033 ; 7.080 ; 7.080 ; 7.033 ;
; SW[17]     ; HEX2[0]     ; 7.016 ; 6.911 ; 6.911 ; 7.016 ;
; SW[17]     ; HEX2[1]     ; 6.991 ; 7.038 ; 7.038 ; 6.991 ;
; SW[17]     ; HEX2[2]     ; 7.031 ; 7.078 ; 7.078 ; 7.031 ;
; SW[17]     ; HEX2[3]     ; 6.944 ; 6.792 ; 6.792 ; 6.944 ;
; SW[17]     ; HEX2[4]     ; 7.306 ; 7.150 ; 7.150 ; 7.306 ;
; SW[17]     ; HEX2[5]     ; 7.306 ; 7.150 ; 7.150 ; 7.306 ;
; SW[17]     ; HEX2[6]     ; 6.781 ; 6.781 ; 6.781 ; 6.781 ;
; SW[17]     ; HEX3[0]     ; 6.755 ; 6.755 ; 6.755 ; 6.755 ;
; SW[17]     ; HEX3[1]     ; 6.915 ; 6.915 ; 6.915 ; 6.915 ;
; SW[17]     ; HEX3[2]     ; 6.915 ; 6.915 ; 6.915 ; 6.915 ;
; SW[17]     ; HEX3[3]     ; 6.470 ; 6.306 ; 6.306 ; 6.470 ;
; SW[17]     ; HEX3[4]     ; 7.312 ; 7.156 ; 7.156 ; 7.312 ;
; SW[17]     ; HEX3[5]     ; 7.134 ; 6.978 ; 6.978 ; 7.134 ;
; SW[17]     ; HEX3[6]     ; 7.155 ; 7.001 ; 7.001 ; 7.155 ;
; SW[17]     ; HEX4[0]     ; 8.611 ; 8.611 ; 8.611 ; 8.611 ;
; SW[17]     ; HEX4[1]     ; 8.075 ; 7.921 ; 7.921 ; 8.075 ;
; SW[17]     ; HEX4[2]     ; 8.075 ; 7.921 ; 7.921 ; 8.075 ;
; SW[17]     ; HEX4[3]     ; 8.363 ; 8.363 ; 8.363 ; 8.363 ;
; SW[17]     ; HEX4[4]     ; 8.774 ; 8.618 ; 8.618 ; 8.774 ;
; SW[17]     ; HEX4[5]     ; 8.774 ; 8.618 ; 8.618 ; 8.774 ;
; SW[17]     ; HEX4[6]     ; 7.955 ; 7.908 ; 7.908 ; 7.955 ;
+------------+-------------+-------+-------+-------+-------+


-------------------
; Clock Transfers ;
-------------------
Nothing to report.


---------------
; Report TCCS ;
---------------
No dedicated SERDES Transmitter circuitry present in device or used in design


---------------
; Report RSKM ;
---------------
No dedicated SERDES Receiver circuitry present in device or used in design


+------------------------------------------------+
; Unconstrained Paths                            ;
+---------------------------------+-------+------+
; Property                        ; Setup ; Hold ;
+---------------------------------+-------+------+
; Illegal Clocks                  ; 0     ; 0    ;
; Unconstrained Clocks            ; 0     ; 0    ;
; Unconstrained Input Ports       ; 18    ; 18   ;
; Unconstrained Input Port Paths  ; 565   ; 565  ;
; Unconstrained Output Ports      ; 35    ; 35   ;
; Unconstrained Output Port Paths ; 565   ; 565  ;
+---------------------------------+-------+------+


+------------------------------------+
; TimeQuest Timing Analyzer Messages ;
+------------------------------------+
Info: *******************************************************************
Info: Running Quartus II 64-Bit TimeQuest Timing Analyzer
    Info: Version 13.0.1 Build 232 06/12/2013 Service Pack 1 SJ Web Edition
    Info: Processing started: Tue Apr 07 15:31:16 2026
Info: Command: quartus_sta bt3 -c bt3
Info: qsta_default_script.tcl version: #1
Warning (20028): Parallel compilation is not licensed and has been disabled
Info (21077): Low junction temperature is 0 degrees C
Info (21077): High junction temperature is 85 degrees C
Critical Warning (332012): Synopsys Design Constraints File file not found: 'bt3.sdc'. A Synopsys Design Constraints File is required by the TimeQuest Timing Analyzer to get proper timing constraints. Without it, the Compiler will not properly optimize the design.
Info (332142): No user constrained base clocks found in the design. Calling "derive_clocks -period 1.0"
Info (332096): The command derive_clocks did not find any clocks to derive.  No clocks were created or changed.
Warning (332068): No clocks defined in design.
Info: Found TIMEQUEST_REPORT_SCRIPT_INCLUDE_DEFAULT_ANALYSIS = ON
Info (332159): No clocks to report
Info: Analyzing Slow Model
Info (332140): No fmax paths to report
Info (332140): No Setup paths to report
Info (332140): No Hold paths to report
Info (332140): No Recovery paths to report
Info (332140): No Removal paths to report
Info (332140): No Minimum Pulse Width paths to report
Info (332001): The selected device family is not supported by the report_metastability command.
Info: Analyzing Fast Model
Info (332142): No user constrained base clocks found in the design. Calling "derive_clocks -period 1.0"
Info (332096): The command derive_clocks did not find any clocks to derive.  No clocks were created or changed.
Warning (332068): No clocks defined in design.
Info (332140): No Setup paths to report
Info (332140): No Hold paths to report
Info (332140): No Recovery paths to report
Info (332140): No Removal paths to report
Info (332140): No Minimum Pulse Width paths to report
Info (332001): The selected device family is not supported by the report_metastability command.
Info (332102): Design is not fully constrained for setup requirements
Info (332102): Design is not fully constrained for hold requirements
Info: Quartus II 64-Bit TimeQuest Timing Analyzer was successful. 0 errors, 4 warnings
    Info: Peak virtual memory: 4554 megabytes
    Info: Processing ended: Tue Apr 07 15:31:16 2026
    Info: Elapsed time: 00:00:00
    Info: Total CPU time (on all processors): 00:00:00


