TimeQuest Timing Analyzer report for bt7
Thu May 07 15:26:40 2026
Quartus II 64-Bit Version 13.0.1 Build 232 06/12/2013 Service Pack 1 SJ Web Edition


---------------------
; Table of Contents ;
---------------------
  1. Legal Notice
  2. TimeQuest Timing Analyzer Summary
  3. Parallel Compilation
  4. Clocks
  5. Slow Model Fmax Summary
  6. Slow Model Setup Summary
  7. Slow Model Hold Summary
  8. Slow Model Recovery Summary
  9. Slow Model Removal Summary
 10. Slow Model Minimum Pulse Width Summary
 11. Slow Model Setup: 'CLOCK_50'
 12. Slow Model Setup: 'clock_4hz'
 13. Slow Model Hold: 'CLOCK_50'
 14. Slow Model Hold: 'clock_4hz'
 15. Slow Model Minimum Pulse Width: 'CLOCK_50'
 16. Slow Model Minimum Pulse Width: 'clock_4hz'
 17. Setup Times
 18. Hold Times
 19. Clock to Output Times
 20. Minimum Clock to Output Times
 21. Fast Model Setup Summary
 22. Fast Model Hold Summary
 23. Fast Model Recovery Summary
 24. Fast Model Removal Summary
 25. Fast Model Minimum Pulse Width Summary
 26. Fast Model Setup: 'CLOCK_50'
 27. Fast Model Setup: 'clock_4hz'
 28. Fast Model Hold: 'CLOCK_50'
 29. Fast Model Hold: 'clock_4hz'
 30. Fast Model Minimum Pulse Width: 'CLOCK_50'
 31. Fast Model Minimum Pulse Width: 'clock_4hz'
 32. Setup Times
 33. Hold Times
 34. Clock to Output Times
 35. Minimum Clock to Output Times
 36. Multicorner Timing Analysis Summary
 37. Setup Times
 38. Hold Times
 39. Clock to Output Times
 40. Minimum Clock to Output Times
 41. Setup Transfers
 42. Hold Transfers
 43. Report TCCS
 44. Report RSKM
 45. Unconstrained Paths
 46. TimeQuest Timing Analyzer Messages



----------------
; Legal Notice ;
----------------
Copyright (C) 1991-2013 Altera Corporation
Your use of Altera Corporation's design tools, logic functions 
and other software and tools, and its AMPP partner logic 
functions, and any output files from any of the foregoing 
(including device programming or simulation files), and any 
associated documentation or information are expressly subject 
to the terms and conditions of the Altera Program License 
Subscription Agreement, Altera MegaCore Function License 
Agreement, or other applicable license agreement, including, 
without limitation, that your use is for the sole purpose of 
programming logic devices manufactured by Altera and sold by 
Altera or its authorized distributors.  Please refer to the 
applicable agreement for further details.



+----------------------------------------------------------------------------------------+
; TimeQuest Timing Analyzer Summary                                                      ;
+--------------------+-------------------------------------------------------------------+
; Quartus II Version ; Version 13.0.1 Build 232 06/12/2013 Service Pack 1 SJ Web Edition ;
; Revision Name      ; bt7                                                               ;
; Device Family      ; Cyclone II                                                        ;
; Device Name        ; EP2C35F672C6                                                      ;
; Timing Models      ; Final                                                             ;
; Delay Model        ; Combined                                                          ;
; Rise/Fall Delays   ; Unavailable                                                       ;
+--------------------+-------------------------------------------------------------------+


Parallel compilation was disabled, but you have multiple processors available. Enable parallel compilation to reduce compilation time.
+-------------------------------------+
; Parallel Compilation                ;
+----------------------------+--------+
; Processors                 ; Number ;
+----------------------------+--------+
; Number detected on machine ; 16     ;
; Maximum allowed            ; 1      ;
+----------------------------+--------+


+---------------------------------------------------------------------------------------------------------------------------------------------------------------------------------------+
; Clocks                                                                                                                                                                                ;
+------------+------+--------+------------+-------+-------+------------+-----------+-------------+-------+--------+-----------+------------+----------+--------+--------+---------------+
; Clock Name ; Type ; Period ; Frequency  ; Rise  ; Fall  ; Duty Cycle ; Divide by ; Multiply by ; Phase ; Offset ; Edge List ; Edge Shift ; Inverted ; Master ; Source ; Targets       ;
+------------+------+--------+------------+-------+-------+------------+-----------+-------------+-------+--------+-----------+------------+----------+--------+--------+---------------+
; clock_4hz  ; Base ; 1.000  ; 1000.0 MHz ; 0.000 ; 0.500 ;            ;           ;             ;       ;        ;           ;            ;          ;        ;        ; { clock_4hz } ;
; CLOCK_50   ; Base ; 1.000  ; 1000.0 MHz ; 0.000 ; 0.500 ;            ;           ;             ;       ;        ;           ;            ;          ;        ;        ; { CLOCK_50 }  ;
+------------+------+--------+------------+-------+-------+------------+-----------+-------------+-------+--------+-----------+------------+----------+--------+--------+---------------+


+---------------------------------------------------------------------------------------------------+
; Slow Model Fmax Summary                                                                           ;
+------------+-----------------+------------+-------------------------------------------------------+
; Fmax       ; Restricted Fmax ; Clock Name ; Note                                                  ;
+------------+-----------------+------------+-------------------------------------------------------+
; 260.96 MHz ; 260.96 MHz      ; CLOCK_50   ;                                                       ;
; 1127.4 MHz ; 500.0 MHz       ; clock_4hz  ; limit due to high minimum pulse width violation (tch) ;
+------------+-----------------+------------+-------------------------------------------------------+
This panel reports FMAX for every clock in the design, regardless of the user-specified clock periods.  FMAX is only computed for paths where the source and destination registers or ports are driven by the same clock.  Paths of different clocks, including generated clocks, are ignored.  For paths between a clock and its inversion, FMAX is computed as if the rising and falling edges are scaled along with FMAX, such that the duty cycle (in terms of a percentage) is maintained. Altera recommends that you always use clock constraints and other slack reports for sign-off analysis.


+------------------------------------+
; Slow Model Setup Summary           ;
+-----------+--------+---------------+
; Clock     ; Slack  ; End Point TNS ;
+-----------+--------+---------------+
; CLOCK_50  ; -2.832 ; -64.560       ;
; clock_4hz ; 0.113  ; 0.000         ;
+-----------+--------+---------------+


+------------------------------------+
; Slow Model Hold Summary            ;
+-----------+--------+---------------+
; Clock     ; Slack  ; End Point TNS ;
+-----------+--------+---------------+
; CLOCK_50  ; -2.541 ; -2.541        ;
; clock_4hz ; 0.524  ; 0.000         ;
+-----------+--------+---------------+


-------------------------------
; Slow Model Recovery Summary ;
-------------------------------
No paths to report.


------------------------------
; Slow Model Removal Summary ;
------------------------------
No paths to report.


+----------------------------------------+
; Slow Model Minimum Pulse Width Summary ;
+-----------+--------+-------------------+
; Clock     ; Slack  ; End Point TNS     ;
+-----------+--------+-------------------+
; CLOCK_50  ; -1.380 ; -34.380           ;
; clock_4hz ; -0.500 ; -8.000            ;
+-----------+--------+-------------------+


+----------------------------------------------------------------------------------------------------+
; Slow Model Setup: 'CLOCK_50'                                                                       ;
+--------+-----------+---------+--------------+-------------+--------------+------------+------------+
; Slack  ; From Node ; To Node ; Launch Clock ; Latch Clock ; Relationship ; Clock Skew ; Data Delay ;
+--------+-----------+---------+--------------+-------------+--------------+------------+------------+
; -2.832 ; q[0]      ; q[31]   ; CLOCK_50     ; CLOCK_50    ; 1.000        ; 0.003      ; 3.871      ;
; -2.823 ; q[0]      ; q[22]   ; CLOCK_50     ; CLOCK_50    ; 1.000        ; -0.001     ; 3.858      ;
; -2.761 ; q[0]      ; q[30]   ; CLOCK_50     ; CLOCK_50    ; 1.000        ; 0.003      ; 3.800      ;
; -2.721 ; q[1]      ; q[31]   ; CLOCK_50     ; CLOCK_50    ; 1.000        ; 0.003      ; 3.760      ;
; -2.712 ; q[1]      ; q[22]   ; CLOCK_50     ; CLOCK_50    ; 1.000        ; -0.001     ; 3.747      ;
; -2.690 ; q[0]      ; q[29]   ; CLOCK_50     ; CLOCK_50    ; 1.000        ; 0.003      ; 3.729      ;
; -2.685 ; q[0]      ; q[20]   ; CLOCK_50     ; CLOCK_50    ; 1.000        ; -0.001     ; 3.720      ;
; -2.650 ; q[2]      ; q[31]   ; CLOCK_50     ; CLOCK_50    ; 1.000        ; 0.003      ; 3.689      ;
; -2.650 ; q[1]      ; q[30]   ; CLOCK_50     ; CLOCK_50    ; 1.000        ; 0.003      ; 3.689      ;
; -2.641 ; q[2]      ; q[22]   ; CLOCK_50     ; CLOCK_50    ; 1.000        ; -0.001     ; 3.676      ;
; -2.619 ; q[0]      ; q[28]   ; CLOCK_50     ; CLOCK_50    ; 1.000        ; 0.003      ; 3.658      ;
; -2.619 ; q[3]      ; q[31]   ; CLOCK_50     ; CLOCK_50    ; 1.000        ; 0.003      ; 3.658      ;
; -2.610 ; q[3]      ; q[22]   ; CLOCK_50     ; CLOCK_50    ; 1.000        ; -0.001     ; 3.645      ;
; -2.579 ; q[2]      ; q[30]   ; CLOCK_50     ; CLOCK_50    ; 1.000        ; 0.003      ; 3.618      ;
; -2.579 ; q[1]      ; q[29]   ; CLOCK_50     ; CLOCK_50    ; 1.000        ; 0.003      ; 3.618      ;
; -2.574 ; q[1]      ; q[20]   ; CLOCK_50     ; CLOCK_50    ; 1.000        ; -0.001     ; 3.609      ;
; -2.548 ; q[0]      ; q[27]   ; CLOCK_50     ; CLOCK_50    ; 1.000        ; 0.003      ; 3.587      ;
; -2.548 ; q[3]      ; q[30]   ; CLOCK_50     ; CLOCK_50    ; 1.000        ; 0.003      ; 3.587      ;
; -2.511 ; q[4]      ; q[31]   ; CLOCK_50     ; CLOCK_50    ; 1.000        ; 0.003      ; 3.550      ;
; -2.508 ; q[2]      ; q[29]   ; CLOCK_50     ; CLOCK_50    ; 1.000        ; 0.003      ; 3.547      ;
; -2.508 ; q[1]      ; q[28]   ; CLOCK_50     ; CLOCK_50    ; 1.000        ; 0.003      ; 3.547      ;
; -2.503 ; q[2]      ; q[20]   ; CLOCK_50     ; CLOCK_50    ; 1.000        ; -0.001     ; 3.538      ;
; -2.502 ; q[4]      ; q[22]   ; CLOCK_50     ; CLOCK_50    ; 1.000        ; -0.001     ; 3.537      ;
; -2.497 ; q[0]      ; q[4]    ; CLOCK_50     ; CLOCK_50    ; 1.000        ; 0.000      ; 3.533      ;
; -2.484 ; q[0]      ; q[19]   ; CLOCK_50     ; CLOCK_50    ; 1.000        ; -0.001     ; 3.519      ;
; -2.478 ; q[5]      ; q[31]   ; CLOCK_50     ; CLOCK_50    ; 1.000        ; 0.003      ; 3.517      ;
; -2.477 ; q[0]      ; q[26]   ; CLOCK_50     ; CLOCK_50    ; 1.000        ; 0.003      ; 3.516      ;
; -2.477 ; q[3]      ; q[29]   ; CLOCK_50     ; CLOCK_50    ; 1.000        ; 0.003      ; 3.516      ;
; -2.472 ; q[3]      ; q[20]   ; CLOCK_50     ; CLOCK_50    ; 1.000        ; -0.001     ; 3.507      ;
; -2.469 ; q[5]      ; q[22]   ; CLOCK_50     ; CLOCK_50    ; 1.000        ; -0.001     ; 3.504      ;
; -2.464 ; q[4]      ; q[4]    ; CLOCK_50     ; CLOCK_50    ; 1.000        ; 0.000      ; 3.500      ;
; -2.455 ; q[0]      ; q[0]    ; CLOCK_50     ; CLOCK_50    ; 1.000        ; 0.000      ; 3.491      ;
; -2.440 ; q[4]      ; q[30]   ; CLOCK_50     ; CLOCK_50    ; 1.000        ; 0.003      ; 3.479      ;
; -2.437 ; q[2]      ; q[28]   ; CLOCK_50     ; CLOCK_50    ; 1.000        ; 0.003      ; 3.476      ;
; -2.437 ; q[1]      ; q[27]   ; CLOCK_50     ; CLOCK_50    ; 1.000        ; 0.003      ; 3.476      ;
; -2.422 ; q[4]      ; q[0]    ; CLOCK_50     ; CLOCK_50    ; 1.000        ; 0.000      ; 3.458      ;
; -2.413 ; q[8]      ; q[4]    ; CLOCK_50     ; CLOCK_50    ; 1.000        ; 0.000      ; 3.449      ;
; -2.410 ; q[0]      ; q[18]   ; CLOCK_50     ; CLOCK_50    ; 1.000        ; -0.001     ; 3.445      ;
; -2.407 ; q[6]      ; q[31]   ; CLOCK_50     ; CLOCK_50    ; 1.000        ; 0.003      ; 3.446      ;
; -2.407 ; q[5]      ; q[30]   ; CLOCK_50     ; CLOCK_50    ; 1.000        ; 0.003      ; 3.446      ;
; -2.406 ; q[0]      ; q[16]   ; CLOCK_50     ; CLOCK_50    ; 1.000        ; -0.001     ; 3.441      ;
; -2.406 ; q[0]      ; q[25]   ; CLOCK_50     ; CLOCK_50    ; 1.000        ; 0.003      ; 3.445      ;
; -2.406 ; q[3]      ; q[28]   ; CLOCK_50     ; CLOCK_50    ; 1.000        ; 0.003      ; 3.445      ;
; -2.398 ; q[6]      ; q[22]   ; CLOCK_50     ; CLOCK_50    ; 1.000        ; -0.001     ; 3.433      ;
; -2.381 ; q[1]      ; q[4]    ; CLOCK_50     ; CLOCK_50    ; 1.000        ; 0.000      ; 3.417      ;
; -2.373 ; q[1]      ; q[19]   ; CLOCK_50     ; CLOCK_50    ; 1.000        ; -0.001     ; 3.408      ;
; -2.371 ; q[8]      ; q[0]    ; CLOCK_50     ; CLOCK_50    ; 1.000        ; 0.000      ; 3.407      ;
; -2.369 ; q[4]      ; q[29]   ; CLOCK_50     ; CLOCK_50    ; 1.000        ; 0.003      ; 3.408      ;
; -2.366 ; q[2]      ; q[27]   ; CLOCK_50     ; CLOCK_50    ; 1.000        ; 0.003      ; 3.405      ;
; -2.366 ; q[1]      ; q[26]   ; CLOCK_50     ; CLOCK_50    ; 1.000        ; 0.003      ; 3.405      ;
; -2.364 ; q[4]      ; q[20]   ; CLOCK_50     ; CLOCK_50    ; 1.000        ; -0.001     ; 3.399      ;
; -2.341 ; q[0]      ; q[17]   ; CLOCK_50     ; CLOCK_50    ; 1.000        ; -0.001     ; 3.376      ;
; -2.341 ; q[27]     ; q[4]    ; CLOCK_50     ; CLOCK_50    ; 1.000        ; -0.003     ; 3.374      ;
; -2.339 ; q[1]      ; q[0]    ; CLOCK_50     ; CLOCK_50    ; 1.000        ; 0.000      ; 3.375      ;
; -2.336 ; q[6]      ; q[30]   ; CLOCK_50     ; CLOCK_50    ; 1.000        ; 0.003      ; 3.375      ;
; -2.336 ; q[5]      ; q[29]   ; CLOCK_50     ; CLOCK_50    ; 1.000        ; 0.003      ; 3.375      ;
; -2.335 ; q[0]      ; q[24]   ; CLOCK_50     ; CLOCK_50    ; 1.000        ; 0.003      ; 3.374      ;
; -2.335 ; q[3]      ; q[27]   ; CLOCK_50     ; CLOCK_50    ; 1.000        ; 0.003      ; 3.374      ;
; -2.333 ; q[2]      ; q[4]    ; CLOCK_50     ; CLOCK_50    ; 1.000        ; 0.000      ; 3.369      ;
; -2.331 ; q[5]      ; q[20]   ; CLOCK_50     ; CLOCK_50    ; 1.000        ; -0.001     ; 3.366      ;
; -2.314 ; q[24]     ; q[4]    ; CLOCK_50     ; CLOCK_50    ; 1.000        ; -0.003     ; 3.347      ;
; -2.302 ; q[2]      ; q[19]   ; CLOCK_50     ; CLOCK_50    ; 1.000        ; -0.001     ; 3.337      ;
; -2.300 ; q[7]      ; q[31]   ; CLOCK_50     ; CLOCK_50    ; 1.000        ; 0.003      ; 3.339      ;
; -2.299 ; q[1]      ; q[18]   ; CLOCK_50     ; CLOCK_50    ; 1.000        ; -0.001     ; 3.334      ;
; -2.298 ; q[4]      ; q[28]   ; CLOCK_50     ; CLOCK_50    ; 1.000        ; 0.003      ; 3.337      ;
; -2.296 ; q[27]     ; q[0]    ; CLOCK_50     ; CLOCK_50    ; 1.000        ; -0.003     ; 3.329      ;
; -2.295 ; q[2]      ; q[26]   ; CLOCK_50     ; CLOCK_50    ; 1.000        ; 0.003      ; 3.334      ;
; -2.295 ; q[1]      ; q[16]   ; CLOCK_50     ; CLOCK_50    ; 1.000        ; -0.001     ; 3.330      ;
; -2.295 ; q[1]      ; q[25]   ; CLOCK_50     ; CLOCK_50    ; 1.000        ; 0.003      ; 3.334      ;
; -2.291 ; q[7]      ; q[22]   ; CLOCK_50     ; CLOCK_50    ; 1.000        ; -0.001     ; 3.326      ;
; -2.291 ; q[2]      ; q[0]    ; CLOCK_50     ; CLOCK_50    ; 1.000        ; 0.000      ; 3.327      ;
; -2.271 ; q[3]      ; q[19]   ; CLOCK_50     ; CLOCK_50    ; 1.000        ; -0.001     ; 3.306      ;
; -2.269 ; q[24]     ; q[0]    ; CLOCK_50     ; CLOCK_50    ; 1.000        ; -0.003     ; 3.302      ;
; -2.265 ; q[6]      ; q[29]   ; CLOCK_50     ; CLOCK_50    ; 1.000        ; 0.003      ; 3.304      ;
; -2.265 ; q[5]      ; q[28]   ; CLOCK_50     ; CLOCK_50    ; 1.000        ; 0.003      ; 3.304      ;
; -2.264 ; q[3]      ; q[26]   ; CLOCK_50     ; CLOCK_50    ; 1.000        ; 0.003      ; 3.303      ;
; -2.260 ; q[6]      ; q[20]   ; CLOCK_50     ; CLOCK_50    ; 1.000        ; -0.001     ; 3.295      ;
; -2.253 ; q[9]      ; q[31]   ; CLOCK_50     ; CLOCK_50    ; 1.000        ; 0.007      ; 3.296      ;
; -2.244 ; q[9]      ; q[22]   ; CLOCK_50     ; CLOCK_50    ; 1.000        ; 0.003      ; 3.283      ;
; -2.240 ; q[26]     ; q[4]    ; CLOCK_50     ; CLOCK_50    ; 1.000        ; -0.003     ; 3.273      ;
; -2.230 ; q[1]      ; q[17]   ; CLOCK_50     ; CLOCK_50    ; 1.000        ; -0.001     ; 3.265      ;
; -2.229 ; q[7]      ; q[30]   ; CLOCK_50     ; CLOCK_50    ; 1.000        ; 0.003      ; 3.268      ;
; -2.228 ; q[2]      ; q[18]   ; CLOCK_50     ; CLOCK_50    ; 1.000        ; -0.001     ; 3.263      ;
; -2.227 ; q[4]      ; q[27]   ; CLOCK_50     ; CLOCK_50    ; 1.000        ; 0.003      ; 3.266      ;
; -2.224 ; q[2]      ; q[16]   ; CLOCK_50     ; CLOCK_50    ; 1.000        ; -0.001     ; 3.259      ;
; -2.224 ; q[2]      ; q[25]   ; CLOCK_50     ; CLOCK_50    ; 1.000        ; 0.003      ; 3.263      ;
; -2.224 ; q[1]      ; q[24]   ; CLOCK_50     ; CLOCK_50    ; 1.000        ; 0.003      ; 3.263      ;
; -2.214 ; q[9]      ; q[4]    ; CLOCK_50     ; CLOCK_50    ; 1.000        ; 0.004      ; 3.254      ;
; -2.197 ; q[3]      ; q[18]   ; CLOCK_50     ; CLOCK_50    ; 1.000        ; -0.001     ; 3.232      ;
; -2.195 ; q[26]     ; q[0]    ; CLOCK_50     ; CLOCK_50    ; 1.000        ; -0.003     ; 3.228      ;
; -2.194 ; q[6]      ; q[28]   ; CLOCK_50     ; CLOCK_50    ; 1.000        ; 0.003      ; 3.233      ;
; -2.194 ; q[5]      ; q[27]   ; CLOCK_50     ; CLOCK_50    ; 1.000        ; 0.003      ; 3.233      ;
; -2.193 ; q[3]      ; q[16]   ; CLOCK_50     ; CLOCK_50    ; 1.000        ; -0.001     ; 3.228      ;
; -2.193 ; q[3]      ; q[25]   ; CLOCK_50     ; CLOCK_50    ; 1.000        ; 0.003      ; 3.232      ;
; -2.182 ; q[10]     ; q[31]   ; CLOCK_50     ; CLOCK_50    ; 1.000        ; 0.007      ; 3.225      ;
; -2.182 ; q[9]      ; q[30]   ; CLOCK_50     ; CLOCK_50    ; 1.000        ; 0.007      ; 3.225      ;
; -2.177 ; q[6]      ; q[4]    ; CLOCK_50     ; CLOCK_50    ; 1.000        ; 0.000      ; 3.213      ;
; -2.176 ; q[0]      ; q[23]   ; CLOCK_50     ; CLOCK_50    ; 1.000        ; 0.003      ; 3.215      ;
; -2.174 ; q[30]     ; q[4]    ; CLOCK_50     ; CLOCK_50    ; 1.000        ; -0.003     ; 3.207      ;
; -2.173 ; q[10]     ; q[22]   ; CLOCK_50     ; CLOCK_50    ; 1.000        ; 0.003      ; 3.212      ;
+--------+-----------+---------+--------------+-------------+--------------+------------+------------+


+-------------------------------------------------------------------------------------------------------------------+
; Slow Model Setup: 'clock_4hz'                                                                                     ;
+-------+------------------+------------------+--------------+-------------+--------------+------------+------------+
; Slack ; From Node        ; To Node          ; Launch Clock ; Latch Clock ; Relationship ; Clock Skew ; Data Delay ;
+-------+------------------+------------------+--------------+-------------+--------------+------------+------------+
; 0.113 ; current_state.s0 ; current_state.s1 ; clock_4hz    ; clock_4hz   ; 1.000        ; 0.000      ; 0.923      ;
; 0.235 ; current_state.s6 ; current_state.s7 ; clock_4hz    ; clock_4hz   ; 1.000        ; 0.000      ; 0.801      ;
; 0.237 ; current_state.s7 ; current_state.s0 ; clock_4hz    ; clock_4hz   ; 1.000        ; 0.000      ; 0.799      ;
; 0.238 ; current_state.s2 ; current_state.s3 ; clock_4hz    ; clock_4hz   ; 1.000        ; 0.000      ; 0.798      ;
; 0.239 ; current_state.s5 ; current_state.s6 ; clock_4hz    ; clock_4hz   ; 1.000        ; 0.000      ; 0.797      ;
; 0.243 ; current_state.s1 ; current_state.s2 ; clock_4hz    ; clock_4hz   ; 1.000        ; 0.000      ; 0.793      ;
; 0.245 ; current_state.s3 ; current_state.s4 ; clock_4hz    ; clock_4hz   ; 1.000        ; 0.000      ; 0.791      ;
; 0.246 ; current_state.s4 ; current_state.s5 ; clock_4hz    ; clock_4hz   ; 1.000        ; 0.000      ; 0.790      ;
+-------+------------------+------------------+--------------+-------------+--------------+------------+------------+


+------------------------------------------------------------------------------------------------------+
; Slow Model Hold: 'CLOCK_50'                                                                          ;
+--------+-----------+-----------+--------------+-------------+--------------+------------+------------+
; Slack  ; From Node ; To Node   ; Launch Clock ; Latch Clock ; Relationship ; Clock Skew ; Data Delay ;
+--------+-----------+-----------+--------------+-------------+--------------+------------+------------+
; -2.541 ; clock_4hz ; clock_4hz ; clock_4hz    ; CLOCK_50    ; 0.000        ; 2.682      ; 0.657      ;
; -2.041 ; clock_4hz ; clock_4hz ; clock_4hz    ; CLOCK_50    ; -0.500       ; 2.682      ; 0.657      ;
; 0.531  ; q[31]     ; q[31]     ; CLOCK_50     ; CLOCK_50    ; 0.000        ; 0.000      ; 0.797      ;
; 0.795  ; q[23]     ; q[23]     ; CLOCK_50     ; CLOCK_50    ; 0.000        ; 0.000      ; 1.061      ;
; 0.801  ; q[1]      ; q[1]      ; CLOCK_50     ; CLOCK_50    ; 0.000        ; 0.000      ; 1.067      ;
; 0.801  ; q[2]      ; q[2]      ; CLOCK_50     ; CLOCK_50    ; 0.000        ; 0.000      ; 1.067      ;
; 0.801  ; q[25]     ; q[25]     ; CLOCK_50     ; CLOCK_50    ; 0.000        ; 0.000      ; 1.067      ;
; 0.802  ; q[15]     ; q[15]     ; CLOCK_50     ; CLOCK_50    ; 0.000        ; 0.000      ; 1.068      ;
; 0.802  ; q[13]     ; q[13]     ; CLOCK_50     ; CLOCK_50    ; 0.000        ; 0.000      ; 1.068      ;
; 0.802  ; q[7]      ; q[7]      ; CLOCK_50     ; CLOCK_50    ; 0.000        ; 0.000      ; 1.068      ;
; 0.802  ; q[27]     ; q[27]     ; CLOCK_50     ; CLOCK_50    ; 0.000        ; 0.000      ; 1.068      ;
; 0.806  ; q[29]     ; q[29]     ; CLOCK_50     ; CLOCK_50    ; 0.000        ; 0.000      ; 1.072      ;
; 0.806  ; q[30]     ; q[30]     ; CLOCK_50     ; CLOCK_50    ; 0.000        ; 0.000      ; 1.072      ;
; 0.828  ; q[21]     ; q[21]     ; CLOCK_50     ; CLOCK_50    ; 0.000        ; 0.000      ; 1.094      ;
; 0.832  ; q[8]      ; q[8]      ; CLOCK_50     ; CLOCK_50    ; 0.000        ; 0.000      ; 1.098      ;
; 0.838  ; q[3]      ; q[3]      ; CLOCK_50     ; CLOCK_50    ; 0.000        ; 0.000      ; 1.104      ;
; 0.838  ; q[24]     ; q[24]     ; CLOCK_50     ; CLOCK_50    ; 0.000        ; 0.000      ; 1.104      ;
; 0.838  ; q[26]     ; q[26]     ; CLOCK_50     ; CLOCK_50    ; 0.000        ; 0.000      ; 1.104      ;
; 0.838  ; q[28]     ; q[28]     ; CLOCK_50     ; CLOCK_50    ; 0.000        ; 0.000      ; 1.104      ;
; 0.839  ; q[5]      ; q[5]      ; CLOCK_50     ; CLOCK_50    ; 0.000        ; 0.000      ; 1.105      ;
; 0.839  ; q[6]      ; q[6]      ; CLOCK_50     ; CLOCK_50    ; 0.000        ; 0.000      ; 1.105      ;
; 1.184  ; q[1]      ; q[2]      ; CLOCK_50     ; CLOCK_50    ; 0.000        ; 0.000      ; 1.450      ;
; 1.184  ; q[2]      ; q[3]      ; CLOCK_50     ; CLOCK_50    ; 0.000        ; 0.000      ; 1.450      ;
; 1.184  ; q[25]     ; q[26]     ; CLOCK_50     ; CLOCK_50    ; 0.000        ; 0.000      ; 1.450      ;
; 1.185  ; q[27]     ; q[28]     ; CLOCK_50     ; CLOCK_50    ; 0.000        ; 0.000      ; 1.451      ;
; 1.187  ; q[4]      ; q[5]      ; CLOCK_50     ; CLOCK_50    ; 0.000        ; 0.000      ; 1.453      ;
; 1.189  ; q[30]     ; q[31]     ; CLOCK_50     ; CLOCK_50    ; 0.000        ; 0.000      ; 1.455      ;
; 1.189  ; q[29]     ; q[30]     ; CLOCK_50     ; CLOCK_50    ; 0.000        ; 0.000      ; 1.455      ;
; 1.224  ; q[0]      ; q[1]      ; CLOCK_50     ; CLOCK_50    ; 0.000        ; 0.000      ; 1.490      ;
; 1.224  ; q[24]     ; q[25]     ; CLOCK_50     ; CLOCK_50    ; 0.000        ; 0.000      ; 1.490      ;
; 1.224  ; q[26]     ; q[27]     ; CLOCK_50     ; CLOCK_50    ; 0.000        ; 0.000      ; 1.490      ;
; 1.224  ; q[28]     ; q[29]     ; CLOCK_50     ; CLOCK_50    ; 0.000        ; 0.000      ; 1.490      ;
; 1.225  ; q[6]      ; q[7]      ; CLOCK_50     ; CLOCK_50    ; 0.000        ; 0.000      ; 1.491      ;
; 1.225  ; q[5]      ; q[6]      ; CLOCK_50     ; CLOCK_50    ; 0.000        ; 0.000      ; 1.491      ;
; 1.255  ; q[1]      ; q[3]      ; CLOCK_50     ; CLOCK_50    ; 0.000        ; 0.000      ; 1.521      ;
; 1.255  ; q[25]     ; q[27]     ; CLOCK_50     ; CLOCK_50    ; 0.000        ; 0.000      ; 1.521      ;
; 1.256  ; q[13]     ; q[15]     ; CLOCK_50     ; CLOCK_50    ; 0.000        ; 0.000      ; 1.522      ;
; 1.256  ; q[27]     ; q[29]     ; CLOCK_50     ; CLOCK_50    ; 0.000        ; 0.000      ; 1.522      ;
; 1.258  ; q[4]      ; q[6]      ; CLOCK_50     ; CLOCK_50    ; 0.000        ; 0.000      ; 1.524      ;
; 1.260  ; q[29]     ; q[31]     ; CLOCK_50     ; CLOCK_50    ; 0.000        ; 0.000      ; 1.526      ;
; 1.270  ; q[23]     ; q[24]     ; CLOCK_50     ; CLOCK_50    ; 0.000        ; 0.000      ; 1.536      ;
; 1.277  ; q[7]      ; q[8]      ; CLOCK_50     ; CLOCK_50    ; 0.000        ; 0.000      ; 1.543      ;
; 1.285  ; q[21]     ; q[23]     ; CLOCK_50     ; CLOCK_50    ; 0.000        ; 0.000      ; 1.551      ;
; 1.295  ; q[0]      ; q[2]      ; CLOCK_50     ; CLOCK_50    ; 0.000        ; 0.000      ; 1.561      ;
; 1.295  ; q[24]     ; q[26]     ; CLOCK_50     ; CLOCK_50    ; 0.000        ; 0.000      ; 1.561      ;
; 1.295  ; q[26]     ; q[28]     ; CLOCK_50     ; CLOCK_50    ; 0.000        ; 0.000      ; 1.561      ;
; 1.295  ; q[3]      ; q[5]      ; CLOCK_50     ; CLOCK_50    ; 0.000        ; 0.000      ; 1.561      ;
; 1.295  ; q[28]     ; q[30]     ; CLOCK_50     ; CLOCK_50    ; 0.000        ; 0.000      ; 1.561      ;
; 1.296  ; q[5]      ; q[7]      ; CLOCK_50     ; CLOCK_50    ; 0.000        ; 0.000      ; 1.562      ;
; 1.326  ; q[25]     ; q[28]     ; CLOCK_50     ; CLOCK_50    ; 0.000        ; 0.000      ; 1.592      ;
; 1.326  ; q[2]      ; q[5]      ; CLOCK_50     ; CLOCK_50    ; 0.000        ; 0.000      ; 1.592      ;
; 1.327  ; q[27]     ; q[30]     ; CLOCK_50     ; CLOCK_50    ; 0.000        ; 0.000      ; 1.593      ;
; 1.329  ; q[4]      ; q[7]      ; CLOCK_50     ; CLOCK_50    ; 0.000        ; 0.000      ; 1.595      ;
; 1.341  ; q[23]     ; q[25]     ; CLOCK_50     ; CLOCK_50    ; 0.000        ; 0.000      ; 1.607      ;
; 1.358  ; q[20]     ; q[20]     ; CLOCK_50     ; CLOCK_50    ; 0.000        ; 0.000      ; 1.624      ;
; 1.363  ; q[20]     ; q[22]     ; CLOCK_50     ; CLOCK_50    ; 0.000        ; 0.000      ; 1.629      ;
; 1.364  ; q[20]     ; q[16]     ; CLOCK_50     ; CLOCK_50    ; 0.000        ; 0.000      ; 1.630      ;
; 1.366  ; q[0]      ; q[3]      ; CLOCK_50     ; CLOCK_50    ; 0.000        ; 0.000      ; 1.632      ;
; 1.366  ; q[24]     ; q[27]     ; CLOCK_50     ; CLOCK_50    ; 0.000        ; 0.000      ; 1.632      ;
; 1.366  ; q[26]     ; q[29]     ; CLOCK_50     ; CLOCK_50    ; 0.000        ; 0.000      ; 1.632      ;
; 1.366  ; q[3]      ; q[6]      ; CLOCK_50     ; CLOCK_50    ; 0.000        ; 0.000      ; 1.632      ;
; 1.366  ; q[28]     ; q[31]     ; CLOCK_50     ; CLOCK_50    ; 0.000        ; 0.000      ; 1.632      ;
; 1.373  ; q[12]     ; q[13]     ; CLOCK_50     ; CLOCK_50    ; 0.000        ; 0.004      ; 1.643      ;
; 1.384  ; q[6]      ; q[8]      ; CLOCK_50     ; CLOCK_50    ; 0.000        ; 0.000      ; 1.650      ;
; 1.393  ; q[20]     ; q[21]     ; CLOCK_50     ; CLOCK_50    ; 0.000        ; 0.004      ; 1.663      ;
; 1.394  ; q[14]     ; q[15]     ; CLOCK_50     ; CLOCK_50    ; 0.000        ; 0.004      ; 1.664      ;
; 1.395  ; q[22]     ; q[23]     ; CLOCK_50     ; CLOCK_50    ; 0.000        ; 0.004      ; 1.665      ;
; 1.397  ; q[1]      ; q[5]      ; CLOCK_50     ; CLOCK_50    ; 0.000        ; 0.000      ; 1.663      ;
; 1.397  ; q[25]     ; q[29]     ; CLOCK_50     ; CLOCK_50    ; 0.000        ; 0.000      ; 1.663      ;
; 1.397  ; q[2]      ; q[6]      ; CLOCK_50     ; CLOCK_50    ; 0.000        ; 0.000      ; 1.663      ;
; 1.398  ; q[27]     ; q[31]     ; CLOCK_50     ; CLOCK_50    ; 0.000        ; 0.000      ; 1.664      ;
; 1.412  ; q[23]     ; q[26]     ; CLOCK_50     ; CLOCK_50    ; 0.000        ; 0.000      ; 1.678      ;
; 1.424  ; q[19]     ; q[21]     ; CLOCK_50     ; CLOCK_50    ; 0.000        ; 0.004      ; 1.694      ;
; 1.429  ; q[11]     ; q[13]     ; CLOCK_50     ; CLOCK_50    ; 0.000        ; 0.004      ; 1.699      ;
; 1.437  ; q[24]     ; q[28]     ; CLOCK_50     ; CLOCK_50    ; 0.000        ; 0.000      ; 1.703      ;
; 1.437  ; q[26]     ; q[30]     ; CLOCK_50     ; CLOCK_50    ; 0.000        ; 0.000      ; 1.703      ;
; 1.437  ; q[3]      ; q[7]      ; CLOCK_50     ; CLOCK_50    ; 0.000        ; 0.000      ; 1.703      ;
; 1.444  ; q[21]     ; q[24]     ; CLOCK_50     ; CLOCK_50    ; 0.000        ; 0.000      ; 1.710      ;
; 1.455  ; q[5]      ; q[8]      ; CLOCK_50     ; CLOCK_50    ; 0.000        ; 0.000      ; 1.721      ;
; 1.468  ; q[1]      ; q[6]      ; CLOCK_50     ; CLOCK_50    ; 0.000        ; 0.000      ; 1.734      ;
; 1.468  ; q[25]     ; q[30]     ; CLOCK_50     ; CLOCK_50    ; 0.000        ; 0.000      ; 1.734      ;
; 1.468  ; q[2]      ; q[7]      ; CLOCK_50     ; CLOCK_50    ; 0.000        ; 0.000      ; 1.734      ;
; 1.483  ; q[23]     ; q[27]     ; CLOCK_50     ; CLOCK_50    ; 0.000        ; 0.000      ; 1.749      ;
; 1.488  ; q[4]      ; q[8]      ; CLOCK_50     ; CLOCK_50    ; 0.000        ; 0.000      ; 1.754      ;
; 1.502  ; q[8]      ; q[13]     ; CLOCK_50     ; CLOCK_50    ; 0.000        ; 0.000      ; 1.768      ;
; 1.508  ; q[0]      ; q[5]      ; CLOCK_50     ; CLOCK_50    ; 0.000        ; 0.000      ; 1.774      ;
; 1.508  ; q[24]     ; q[29]     ; CLOCK_50     ; CLOCK_50    ; 0.000        ; 0.000      ; 1.774      ;
; 1.508  ; q[26]     ; q[31]     ; CLOCK_50     ; CLOCK_50    ; 0.000        ; 0.000      ; 1.774      ;
; 1.514  ; q[10]     ; q[13]     ; CLOCK_50     ; CLOCK_50    ; 0.000        ; 0.004      ; 1.784      ;
; 1.515  ; q[12]     ; q[15]     ; CLOCK_50     ; CLOCK_50    ; 0.000        ; 0.004      ; 1.785      ;
; 1.515  ; q[21]     ; q[25]     ; CLOCK_50     ; CLOCK_50    ; 0.000        ; 0.000      ; 1.781      ;
; 1.535  ; q[20]     ; q[23]     ; CLOCK_50     ; CLOCK_50    ; 0.000        ; 0.004      ; 1.805      ;
; 1.539  ; q[1]      ; q[7]      ; CLOCK_50     ; CLOCK_50    ; 0.000        ; 0.000      ; 1.805      ;
; 1.539  ; q[25]     ; q[31]     ; CLOCK_50     ; CLOCK_50    ; 0.000        ; 0.000      ; 1.805      ;
; 1.543  ; q[18]     ; q[21]     ; CLOCK_50     ; CLOCK_50    ; 0.000        ; 0.004      ; 1.813      ;
; 1.554  ; q[23]     ; q[28]     ; CLOCK_50     ; CLOCK_50    ; 0.000        ; 0.000      ; 1.820      ;
; 1.554  ; q[22]     ; q[24]     ; CLOCK_50     ; CLOCK_50    ; 0.000        ; 0.004      ; 1.824      ;
; 1.559  ; q[19]     ; q[19]     ; CLOCK_50     ; CLOCK_50    ; 0.000        ; 0.000      ; 1.825      ;
; 1.564  ; q[17]     ; q[17]     ; CLOCK_50     ; CLOCK_50    ; 0.000        ; 0.000      ; 1.830      ;
; 1.565  ; q[11]     ; q[11]     ; CLOCK_50     ; CLOCK_50    ; 0.000        ; 0.000      ; 1.831      ;
+--------+-----------+-----------+--------------+-------------+--------------+------------+------------+


+-------------------------------------------------------------------------------------------------------------------+
; Slow Model Hold: 'clock_4hz'                                                                                      ;
+-------+------------------+------------------+--------------+-------------+--------------+------------+------------+
; Slack ; From Node        ; To Node          ; Launch Clock ; Latch Clock ; Relationship ; Clock Skew ; Data Delay ;
+-------+------------------+------------------+--------------+-------------+--------------+------------+------------+
; 0.524 ; current_state.s4 ; current_state.s5 ; clock_4hz    ; clock_4hz   ; 0.000        ; 0.000      ; 0.790      ;
; 0.525 ; current_state.s3 ; current_state.s4 ; clock_4hz    ; clock_4hz   ; 0.000        ; 0.000      ; 0.791      ;
; 0.527 ; current_state.s1 ; current_state.s2 ; clock_4hz    ; clock_4hz   ; 0.000        ; 0.000      ; 0.793      ;
; 0.531 ; current_state.s5 ; current_state.s6 ; clock_4hz    ; clock_4hz   ; 0.000        ; 0.000      ; 0.797      ;
; 0.532 ; current_state.s2 ; current_state.s3 ; clock_4hz    ; clock_4hz   ; 0.000        ; 0.000      ; 0.798      ;
; 0.533 ; current_state.s7 ; current_state.s0 ; clock_4hz    ; clock_4hz   ; 0.000        ; 0.000      ; 0.799      ;
; 0.535 ; current_state.s6 ; current_state.s7 ; clock_4hz    ; clock_4hz   ; 0.000        ; 0.000      ; 0.801      ;
; 0.657 ; current_state.s0 ; current_state.s1 ; clock_4hz    ; clock_4hz   ; 0.000        ; 0.000      ; 0.923      ;
+-------+------------------+------------------+--------------+-------------+--------------+------------+------------+


+---------------------------------------------------------------------------------------------------------------+
; Slow Model Minimum Pulse Width: 'CLOCK_50'                                                                    ;
+--------+--------------+----------------+------------------+----------+------------+---------------------------+
; Slack  ; Actual Width ; Required Width ; Type             ; Clock    ; Clock Edge ; Target                    ;
+--------+--------------+----------------+------------------+----------+------------+---------------------------+
; -1.380 ; 1.000        ; 2.380          ; Port Rate        ; CLOCK_50 ; Rise       ; CLOCK_50                  ;
; -0.500 ; 0.500        ; 1.000          ; High Pulse Width ; CLOCK_50 ; Rise       ; clock_4hz                 ;
; -0.500 ; 0.500        ; 1.000          ; Low Pulse Width  ; CLOCK_50 ; Rise       ; clock_4hz                 ;
; -0.500 ; 0.500        ; 1.000          ; High Pulse Width ; CLOCK_50 ; Rise       ; q[0]                      ;
; -0.500 ; 0.500        ; 1.000          ; Low Pulse Width  ; CLOCK_50 ; Rise       ; q[0]                      ;
; -0.500 ; 0.500        ; 1.000          ; High Pulse Width ; CLOCK_50 ; Rise       ; q[10]                     ;
; -0.500 ; 0.500        ; 1.000          ; Low Pulse Width  ; CLOCK_50 ; Rise       ; q[10]                     ;
; -0.500 ; 0.500        ; 1.000          ; High Pulse Width ; CLOCK_50 ; Rise       ; q[11]                     ;
; -0.500 ; 0.500        ; 1.000          ; Low Pulse Width  ; CLOCK_50 ; Rise       ; q[11]                     ;
; -0.500 ; 0.500        ; 1.000          ; High Pulse Width ; CLOCK_50 ; Rise       ; q[12]                     ;
; -0.500 ; 0.500        ; 1.000          ; Low Pulse Width  ; CLOCK_50 ; Rise       ; q[12]                     ;
; -0.500 ; 0.500        ; 1.000          ; High Pulse Width ; CLOCK_50 ; Rise       ; q[13]                     ;
; -0.500 ; 0.500        ; 1.000          ; Low Pulse Width  ; CLOCK_50 ; Rise       ; q[13]                     ;
; -0.500 ; 0.500        ; 1.000          ; High Pulse Width ; CLOCK_50 ; Rise       ; q[14]                     ;
; -0.500 ; 0.500        ; 1.000          ; Low Pulse Width  ; CLOCK_50 ; Rise       ; q[14]                     ;
; -0.500 ; 0.500        ; 1.000          ; High Pulse Width ; CLOCK_50 ; Rise       ; q[15]                     ;
; -0.500 ; 0.500        ; 1.000          ; Low Pulse Width  ; CLOCK_50 ; Rise       ; q[15]                     ;
; -0.500 ; 0.500        ; 1.000          ; High Pulse Width ; CLOCK_50 ; Rise       ; q[16]                     ;
; -0.500 ; 0.500        ; 1.000          ; Low Pulse Width  ; CLOCK_50 ; Rise       ; q[16]                     ;
; -0.500 ; 0.500        ; 1.000          ; High Pulse Width ; CLOCK_50 ; Rise       ; q[17]                     ;
; -0.500 ; 0.500        ; 1.000          ; Low Pulse Width  ; CLOCK_50 ; Rise       ; q[17]                     ;
; -0.500 ; 0.500        ; 1.000          ; High Pulse Width ; CLOCK_50 ; Rise       ; q[18]                     ;
; -0.500 ; 0.500        ; 1.000          ; Low Pulse Width  ; CLOCK_50 ; Rise       ; q[18]                     ;
; -0.500 ; 0.500        ; 1.000          ; High Pulse Width ; CLOCK_50 ; Rise       ; q[19]                     ;
; -0.500 ; 0.500        ; 1.000          ; Low Pulse Width  ; CLOCK_50 ; Rise       ; q[19]                     ;
; -0.500 ; 0.500        ; 1.000          ; High Pulse Width ; CLOCK_50 ; Rise       ; q[1]                      ;
; -0.500 ; 0.500        ; 1.000          ; Low Pulse Width  ; CLOCK_50 ; Rise       ; q[1]                      ;
; -0.500 ; 0.500        ; 1.000          ; High Pulse Width ; CLOCK_50 ; Rise       ; q[20]                     ;
; -0.500 ; 0.500        ; 1.000          ; Low Pulse Width  ; CLOCK_50 ; Rise       ; q[20]                     ;
; -0.500 ; 0.500        ; 1.000          ; High Pulse Width ; CLOCK_50 ; Rise       ; q[21]                     ;
; -0.500 ; 0.500        ; 1.000          ; Low Pulse Width  ; CLOCK_50 ; Rise       ; q[21]                     ;
; -0.500 ; 0.500        ; 1.000          ; High Pulse Width ; CLOCK_50 ; Rise       ; q[22]                     ;
; -0.500 ; 0.500        ; 1.000          ; Low Pulse Width  ; CLOCK_50 ; Rise       ; q[22]                     ;
; -0.500 ; 0.500        ; 1.000          ; High Pulse Width ; CLOCK_50 ; Rise       ; q[23]                     ;
; -0.500 ; 0.500        ; 1.000          ; Low Pulse Width  ; CLOCK_50 ; Rise       ; q[23]                     ;
; -0.500 ; 0.500        ; 1.000          ; High Pulse Width ; CLOCK_50 ; Rise       ; q[24]                     ;
; -0.500 ; 0.500        ; 1.000          ; Low Pulse Width  ; CLOCK_50 ; Rise       ; q[24]                     ;
; -0.500 ; 0.500        ; 1.000          ; High Pulse Width ; CLOCK_50 ; Rise       ; q[25]                     ;
; -0.500 ; 0.500        ; 1.000          ; Low Pulse Width  ; CLOCK_50 ; Rise       ; q[25]                     ;
; -0.500 ; 0.500        ; 1.000          ; High Pulse Width ; CLOCK_50 ; Rise       ; q[26]                     ;
; -0.500 ; 0.500        ; 1.000          ; Low Pulse Width  ; CLOCK_50 ; Rise       ; q[26]                     ;
; -0.500 ; 0.500        ; 1.000          ; High Pulse Width ; CLOCK_50 ; Rise       ; q[27]                     ;
; -0.500 ; 0.500        ; 1.000          ; Low Pulse Width  ; CLOCK_50 ; Rise       ; q[27]                     ;
; -0.500 ; 0.500        ; 1.000          ; High Pulse Width ; CLOCK_50 ; Rise       ; q[28]                     ;
; -0.500 ; 0.500        ; 1.000          ; Low Pulse Width  ; CLOCK_50 ; Rise       ; q[28]                     ;
; -0.500 ; 0.500        ; 1.000          ; High Pulse Width ; CLOCK_50 ; Rise       ; q[29]                     ;
; -0.500 ; 0.500        ; 1.000          ; Low Pulse Width  ; CLOCK_50 ; Rise       ; q[29]                     ;
; -0.500 ; 0.500        ; 1.000          ; High Pulse Width ; CLOCK_50 ; Rise       ; q[2]                      ;
; -0.500 ; 0.500        ; 1.000          ; Low Pulse Width  ; CLOCK_50 ; Rise       ; q[2]                      ;
; -0.500 ; 0.500        ; 1.000          ; High Pulse Width ; CLOCK_50 ; Rise       ; q[30]                     ;
; -0.500 ; 0.500        ; 1.000          ; Low Pulse Width  ; CLOCK_50 ; Rise       ; q[30]                     ;
; -0.500 ; 0.500        ; 1.000          ; High Pulse Width ; CLOCK_50 ; Rise       ; q[31]                     ;
; -0.500 ; 0.500        ; 1.000          ; Low Pulse Width  ; CLOCK_50 ; Rise       ; q[31]                     ;
; -0.500 ; 0.500        ; 1.000          ; High Pulse Width ; CLOCK_50 ; Rise       ; q[3]                      ;
; -0.500 ; 0.500        ; 1.000          ; Low Pulse Width  ; CLOCK_50 ; Rise       ; q[3]                      ;
; -0.500 ; 0.500        ; 1.000          ; High Pulse Width ; CLOCK_50 ; Rise       ; q[4]                      ;
; -0.500 ; 0.500        ; 1.000          ; Low Pulse Width  ; CLOCK_50 ; Rise       ; q[4]                      ;
; -0.500 ; 0.500        ; 1.000          ; High Pulse Width ; CLOCK_50 ; Rise       ; q[5]                      ;
; -0.500 ; 0.500        ; 1.000          ; Low Pulse Width  ; CLOCK_50 ; Rise       ; q[5]                      ;
; -0.500 ; 0.500        ; 1.000          ; High Pulse Width ; CLOCK_50 ; Rise       ; q[6]                      ;
; -0.500 ; 0.500        ; 1.000          ; Low Pulse Width  ; CLOCK_50 ; Rise       ; q[6]                      ;
; -0.500 ; 0.500        ; 1.000          ; High Pulse Width ; CLOCK_50 ; Rise       ; q[7]                      ;
; -0.500 ; 0.500        ; 1.000          ; Low Pulse Width  ; CLOCK_50 ; Rise       ; q[7]                      ;
; -0.500 ; 0.500        ; 1.000          ; High Pulse Width ; CLOCK_50 ; Rise       ; q[8]                      ;
; -0.500 ; 0.500        ; 1.000          ; Low Pulse Width  ; CLOCK_50 ; Rise       ; q[8]                      ;
; -0.500 ; 0.500        ; 1.000          ; High Pulse Width ; CLOCK_50 ; Rise       ; q[9]                      ;
; -0.500 ; 0.500        ; 1.000          ; Low Pulse Width  ; CLOCK_50 ; Rise       ; q[9]                      ;
; 0.500  ; 0.500        ; 0.000          ; High Pulse Width ; CLOCK_50 ; Rise       ; CLOCK_50|combout          ;
; 0.500  ; 0.500        ; 0.000          ; Low Pulse Width  ; CLOCK_50 ; Rise       ; CLOCK_50|combout          ;
; 0.500  ; 0.500        ; 0.000          ; High Pulse Width ; CLOCK_50 ; Rise       ; CLOCK_50~clkctrl|inclk[0] ;
; 0.500  ; 0.500        ; 0.000          ; Low Pulse Width  ; CLOCK_50 ; Rise       ; CLOCK_50~clkctrl|inclk[0] ;
; 0.500  ; 0.500        ; 0.000          ; High Pulse Width ; CLOCK_50 ; Rise       ; CLOCK_50~clkctrl|outclk   ;
; 0.500  ; 0.500        ; 0.000          ; Low Pulse Width  ; CLOCK_50 ; Rise       ; CLOCK_50~clkctrl|outclk   ;
; 0.500  ; 0.500        ; 0.000          ; High Pulse Width ; CLOCK_50 ; Rise       ; clock_4hz|clk             ;
; 0.500  ; 0.500        ; 0.000          ; Low Pulse Width  ; CLOCK_50 ; Rise       ; clock_4hz|clk             ;
; 0.500  ; 0.500        ; 0.000          ; High Pulse Width ; CLOCK_50 ; Rise       ; q[0]|clk                  ;
; 0.500  ; 0.500        ; 0.000          ; Low Pulse Width  ; CLOCK_50 ; Rise       ; q[0]|clk                  ;
; 0.500  ; 0.500        ; 0.000          ; High Pulse Width ; CLOCK_50 ; Rise       ; q[10]|clk                 ;
; 0.500  ; 0.500        ; 0.000          ; Low Pulse Width  ; CLOCK_50 ; Rise       ; q[10]|clk                 ;
; 0.500  ; 0.500        ; 0.000          ; High Pulse Width ; CLOCK_50 ; Rise       ; q[11]|clk                 ;
; 0.500  ; 0.500        ; 0.000          ; Low Pulse Width  ; CLOCK_50 ; Rise       ; q[11]|clk                 ;
; 0.500  ; 0.500        ; 0.000          ; High Pulse Width ; CLOCK_50 ; Rise       ; q[12]|clk                 ;
; 0.500  ; 0.500        ; 0.000          ; Low Pulse Width  ; CLOCK_50 ; Rise       ; q[12]|clk                 ;
; 0.500  ; 0.500        ; 0.000          ; High Pulse Width ; CLOCK_50 ; Rise       ; q[13]|clk                 ;
; 0.500  ; 0.500        ; 0.000          ; Low Pulse Width  ; CLOCK_50 ; Rise       ; q[13]|clk                 ;
; 0.500  ; 0.500        ; 0.000          ; High Pulse Width ; CLOCK_50 ; Rise       ; q[14]|clk                 ;
; 0.500  ; 0.500        ; 0.000          ; Low Pulse Width  ; CLOCK_50 ; Rise       ; q[14]|clk                 ;
; 0.500  ; 0.500        ; 0.000          ; High Pulse Width ; CLOCK_50 ; Rise       ; q[15]|clk                 ;
; 0.500  ; 0.500        ; 0.000          ; Low Pulse Width  ; CLOCK_50 ; Rise       ; q[15]|clk                 ;
; 0.500  ; 0.500        ; 0.000          ; High Pulse Width ; CLOCK_50 ; Rise       ; q[16]|clk                 ;
; 0.500  ; 0.500        ; 0.000          ; Low Pulse Width  ; CLOCK_50 ; Rise       ; q[16]|clk                 ;
; 0.500  ; 0.500        ; 0.000          ; High Pulse Width ; CLOCK_50 ; Rise       ; q[17]|clk                 ;
; 0.500  ; 0.500        ; 0.000          ; Low Pulse Width  ; CLOCK_50 ; Rise       ; q[17]|clk                 ;
; 0.500  ; 0.500        ; 0.000          ; High Pulse Width ; CLOCK_50 ; Rise       ; q[18]|clk                 ;
; 0.500  ; 0.500        ; 0.000          ; Low Pulse Width  ; CLOCK_50 ; Rise       ; q[18]|clk                 ;
; 0.500  ; 0.500        ; 0.000          ; High Pulse Width ; CLOCK_50 ; Rise       ; q[19]|clk                 ;
; 0.500  ; 0.500        ; 0.000          ; Low Pulse Width  ; CLOCK_50 ; Rise       ; q[19]|clk                 ;
; 0.500  ; 0.500        ; 0.000          ; High Pulse Width ; CLOCK_50 ; Rise       ; q[1]|clk                  ;
; 0.500  ; 0.500        ; 0.000          ; Low Pulse Width  ; CLOCK_50 ; Rise       ; q[1]|clk                  ;
; 0.500  ; 0.500        ; 0.000          ; High Pulse Width ; CLOCK_50 ; Rise       ; q[20]|clk                 ;
+--------+--------------+----------------+------------------+----------+------------+---------------------------+


+-----------------------------------------------------------------------------------------------------------------+
; Slow Model Minimum Pulse Width: 'clock_4hz'                                                                     ;
+--------+--------------+----------------+------------------+-----------+------------+----------------------------+
; Slack  ; Actual Width ; Required Width ; Type             ; Clock     ; Clock Edge ; Target                     ;
+--------+--------------+----------------+------------------+-----------+------------+----------------------------+
; -0.500 ; 0.500        ; 1.000          ; High Pulse Width ; clock_4hz ; Rise       ; current_state.s0           ;
; -0.500 ; 0.500        ; 1.000          ; Low Pulse Width  ; clock_4hz ; Rise       ; current_state.s0           ;
; -0.500 ; 0.500        ; 1.000          ; High Pulse Width ; clock_4hz ; Rise       ; current_state.s1           ;
; -0.500 ; 0.500        ; 1.000          ; Low Pulse Width  ; clock_4hz ; Rise       ; current_state.s1           ;
; -0.500 ; 0.500        ; 1.000          ; High Pulse Width ; clock_4hz ; Rise       ; current_state.s2           ;
; -0.500 ; 0.500        ; 1.000          ; Low Pulse Width  ; clock_4hz ; Rise       ; current_state.s2           ;
; -0.500 ; 0.500        ; 1.000          ; High Pulse Width ; clock_4hz ; Rise       ; current_state.s3           ;
; -0.500 ; 0.500        ; 1.000          ; Low Pulse Width  ; clock_4hz ; Rise       ; current_state.s3           ;
; -0.500 ; 0.500        ; 1.000          ; High Pulse Width ; clock_4hz ; Rise       ; current_state.s4           ;
; -0.500 ; 0.500        ; 1.000          ; Low Pulse Width  ; clock_4hz ; Rise       ; current_state.s4           ;
; -0.500 ; 0.500        ; 1.000          ; High Pulse Width ; clock_4hz ; Rise       ; current_state.s5           ;
; -0.500 ; 0.500        ; 1.000          ; Low Pulse Width  ; clock_4hz ; Rise       ; current_state.s5           ;
; -0.500 ; 0.500        ; 1.000          ; High Pulse Width ; clock_4hz ; Rise       ; current_state.s6           ;
; -0.500 ; 0.500        ; 1.000          ; Low Pulse Width  ; clock_4hz ; Rise       ; current_state.s6           ;
; -0.500 ; 0.500        ; 1.000          ; High Pulse Width ; clock_4hz ; Rise       ; current_state.s7           ;
; -0.500 ; 0.500        ; 1.000          ; Low Pulse Width  ; clock_4hz ; Rise       ; current_state.s7           ;
; 0.500  ; 0.500        ; 0.000          ; High Pulse Width ; clock_4hz ; Rise       ; clock_4hz|regout           ;
; 0.500  ; 0.500        ; 0.000          ; Low Pulse Width  ; clock_4hz ; Rise       ; clock_4hz|regout           ;
; 0.500  ; 0.500        ; 0.000          ; High Pulse Width ; clock_4hz ; Rise       ; clock_4hz~clkctrl|inclk[0] ;
; 0.500  ; 0.500        ; 0.000          ; Low Pulse Width  ; clock_4hz ; Rise       ; clock_4hz~clkctrl|inclk[0] ;
; 0.500  ; 0.500        ; 0.000          ; High Pulse Width ; clock_4hz ; Rise       ; clock_4hz~clkctrl|outclk   ;
; 0.500  ; 0.500        ; 0.000          ; Low Pulse Width  ; clock_4hz ; Rise       ; clock_4hz~clkctrl|outclk   ;
; 0.500  ; 0.500        ; 0.000          ; High Pulse Width ; clock_4hz ; Rise       ; current_state.s0|clk       ;
; 0.500  ; 0.500        ; 0.000          ; Low Pulse Width  ; clock_4hz ; Rise       ; current_state.s0|clk       ;
; 0.500  ; 0.500        ; 0.000          ; High Pulse Width ; clock_4hz ; Rise       ; current_state.s1|clk       ;
; 0.500  ; 0.500        ; 0.000          ; Low Pulse Width  ; clock_4hz ; Rise       ; current_state.s1|clk       ;
; 0.500  ; 0.500        ; 0.000          ; High Pulse Width ; clock_4hz ; Rise       ; current_state.s2|clk       ;
; 0.500  ; 0.500        ; 0.000          ; Low Pulse Width  ; clock_4hz ; Rise       ; current_state.s2|clk       ;
; 0.500  ; 0.500        ; 0.000          ; High Pulse Width ; clock_4hz ; Rise       ; current_state.s3|clk       ;
; 0.500  ; 0.500        ; 0.000          ; Low Pulse Width  ; clock_4hz ; Rise       ; current_state.s3|clk       ;
; 0.500  ; 0.500        ; 0.000          ; High Pulse Width ; clock_4hz ; Rise       ; current_state.s4|clk       ;
; 0.500  ; 0.500        ; 0.000          ; Low Pulse Width  ; clock_4hz ; Rise       ; current_state.s4|clk       ;
; 0.500  ; 0.500        ; 0.000          ; High Pulse Width ; clock_4hz ; Rise       ; current_state.s5|clk       ;
; 0.500  ; 0.500        ; 0.000          ; Low Pulse Width  ; clock_4hz ; Rise       ; current_state.s5|clk       ;
; 0.500  ; 0.500        ; 0.000          ; High Pulse Width ; clock_4hz ; Rise       ; current_state.s6|clk       ;
; 0.500  ; 0.500        ; 0.000          ; Low Pulse Width  ; clock_4hz ; Rise       ; current_state.s6|clk       ;
; 0.500  ; 0.500        ; 0.000          ; High Pulse Width ; clock_4hz ; Rise       ; current_state.s7|clk       ;
; 0.500  ; 0.500        ; 0.000          ; Low Pulse Width  ; clock_4hz ; Rise       ; current_state.s7|clk       ;
+--------+--------------+----------------+------------------+-----------+------------+----------------------------+


+-----------------------------------------------------------------------+
; Setup Times                                                           ;
+-----------+------------+-------+-------+------------+-----------------+
; Data Port ; Clock Port ; Rise  ; Fall  ; Clock Edge ; Clock Reference ;
+-----------+------------+-------+-------+------------+-----------------+
; SW[*]     ; clock_4hz  ; 0.208 ; 0.208 ; Rise       ; clock_4hz       ;
;  SW[1]    ; clock_4hz  ; 0.208 ; 0.208 ; Rise       ; clock_4hz       ;
+-----------+------------+-------+-------+------------+-----------------+


+-----------------------------------------------------------------------+
; Hold Times                                                            ;
+-----------+------------+-------+-------+------------+-----------------+
; Data Port ; Clock Port ; Rise  ; Fall  ; Clock Edge ; Clock Reference ;
+-----------+------------+-------+-------+------------+-----------------+
; SW[*]     ; clock_4hz  ; 0.118 ; 0.118 ; Rise       ; clock_4hz       ;
;  SW[1]    ; clock_4hz  ; 0.118 ; 0.118 ; Rise       ; clock_4hz       ;
+-----------+------------+-------+-------+------------+-----------------+


+-------------------------------------------------------------------------+
; Clock to Output Times                                                   ;
+-----------+------------+--------+--------+------------+-----------------+
; Data Port ; Clock Port ; Rise   ; Fall   ; Clock Edge ; Clock Reference ;
+-----------+------------+--------+--------+------------+-----------------+
; HEX0[*]   ; clock_4hz  ; 11.491 ; 11.491 ; Rise       ; clock_4hz       ;
;  HEX0[0]  ; clock_4hz  ; 8.561  ; 8.561  ; Rise       ; clock_4hz       ;
;  HEX0[1]  ; clock_4hz  ; 8.864  ; 8.864  ; Rise       ; clock_4hz       ;
;  HEX0[2]  ; clock_4hz  ; 8.325  ; 8.325  ; Rise       ; clock_4hz       ;
;  HEX0[3]  ; clock_4hz  ; 11.491 ; 11.491 ; Rise       ; clock_4hz       ;
;  HEX0[4]  ; clock_4hz  ; 9.205  ; 9.205  ; Rise       ; clock_4hz       ;
;  HEX0[5]  ; clock_4hz  ; 8.793  ; 8.793  ; Rise       ; clock_4hz       ;
;  HEX0[6]  ; clock_4hz  ; 8.904  ; 8.904  ; Rise       ; clock_4hz       ;
; HEX1[*]   ; clock_4hz  ; 12.599 ; 12.599 ; Rise       ; clock_4hz       ;
;  HEX1[0]  ; clock_4hz  ; 10.976 ; 10.976 ; Rise       ; clock_4hz       ;
;  HEX1[1]  ; clock_4hz  ; 10.722 ; 10.722 ; Rise       ; clock_4hz       ;
;  HEX1[2]  ; clock_4hz  ; 9.864  ; 9.864  ; Rise       ; clock_4hz       ;
;  HEX1[3]  ; clock_4hz  ; 12.599 ; 12.599 ; Rise       ; clock_4hz       ;
;  HEX1[4]  ; clock_4hz  ; 11.429 ; 11.429 ; Rise       ; clock_4hz       ;
;  HEX1[5]  ; clock_4hz  ; 9.605  ; 9.605  ; Rise       ; clock_4hz       ;
;  HEX1[6]  ; clock_4hz  ; 9.662  ; 9.662  ; Rise       ; clock_4hz       ;
; HEX2[*]   ; clock_4hz  ; 13.206 ; 13.206 ; Rise       ; clock_4hz       ;
;  HEX2[0]  ; clock_4hz  ; 13.206 ; 13.206 ; Rise       ; clock_4hz       ;
;  HEX2[1]  ; clock_4hz  ; 10.440 ; 10.440 ; Rise       ; clock_4hz       ;
;  HEX2[2]  ; clock_4hz  ; 9.663  ; 9.663  ; Rise       ; clock_4hz       ;
;  HEX2[3]  ; clock_4hz  ; 10.171 ; 10.171 ; Rise       ; clock_4hz       ;
;  HEX2[4]  ; clock_4hz  ; 9.362  ; 9.362  ; Rise       ; clock_4hz       ;
;  HEX2[5]  ; clock_4hz  ; 9.740  ; 9.740  ; Rise       ; clock_4hz       ;
;  HEX2[6]  ; clock_4hz  ; 9.707  ; 9.707  ; Rise       ; clock_4hz       ;
; HEX3[*]   ; clock_4hz  ; 12.105 ; 12.105 ; Rise       ; clock_4hz       ;
;  HEX3[0]  ; clock_4hz  ; 9.558  ; 9.558  ; Rise       ; clock_4hz       ;
;  HEX3[1]  ; clock_4hz  ; 9.747  ; 9.747  ; Rise       ; clock_4hz       ;
;  HEX3[2]  ; clock_4hz  ; 9.658  ; 9.658  ; Rise       ; clock_4hz       ;
;  HEX3[3]  ; clock_4hz  ; 12.105 ; 12.105 ; Rise       ; clock_4hz       ;
;  HEX3[4]  ; clock_4hz  ; 11.007 ; 11.007 ; Rise       ; clock_4hz       ;
;  HEX3[5]  ; clock_4hz  ; 10.640 ; 10.640 ; Rise       ; clock_4hz       ;
;  HEX3[6]  ; clock_4hz  ; 9.744  ; 9.744  ; Rise       ; clock_4hz       ;
; HEX4[*]   ; clock_4hz  ; 9.830  ; 9.830  ; Rise       ; clock_4hz       ;
;  HEX4[0]  ; clock_4hz  ; 9.193  ; 9.193  ; Rise       ; clock_4hz       ;
;  HEX4[1]  ; clock_4hz  ; 9.682  ; 9.682  ; Rise       ; clock_4hz       ;
;  HEX4[2]  ; clock_4hz  ; 9.830  ; 9.830  ; Rise       ; clock_4hz       ;
;  HEX4[3]  ; clock_4hz  ; 9.638  ; 9.638  ; Rise       ; clock_4hz       ;
;  HEX4[4]  ; clock_4hz  ; 9.700  ; 9.700  ; Rise       ; clock_4hz       ;
;  HEX4[5]  ; clock_4hz  ; 9.721  ; 9.721  ; Rise       ; clock_4hz       ;
;  HEX4[6]  ; clock_4hz  ; 9.253  ; 9.253  ; Rise       ; clock_4hz       ;
; HEX5[*]   ; clock_4hz  ; 10.106 ; 10.106 ; Rise       ; clock_4hz       ;
;  HEX5[0]  ; clock_4hz  ; 9.115  ; 9.115  ; Rise       ; clock_4hz       ;
;  HEX5[1]  ; clock_4hz  ; 9.667  ; 9.667  ; Rise       ; clock_4hz       ;
;  HEX5[2]  ; clock_4hz  ; 9.190  ; 9.190  ; Rise       ; clock_4hz       ;
;  HEX5[3]  ; clock_4hz  ; 9.424  ; 9.424  ; Rise       ; clock_4hz       ;
;  HEX5[4]  ; clock_4hz  ; 9.981  ; 9.981  ; Rise       ; clock_4hz       ;
;  HEX5[5]  ; clock_4hz  ; 9.973  ; 9.973  ; Rise       ; clock_4hz       ;
;  HEX5[6]  ; clock_4hz  ; 10.106 ; 10.106 ; Rise       ; clock_4hz       ;
; HEX6[*]   ; clock_4hz  ; 11.052 ; 11.052 ; Rise       ; clock_4hz       ;
;  HEX6[0]  ; clock_4hz  ; 10.019 ; 10.019 ; Rise       ; clock_4hz       ;
;  HEX6[1]  ; clock_4hz  ; 10.003 ; 10.003 ; Rise       ; clock_4hz       ;
;  HEX6[2]  ; clock_4hz  ; 9.651  ; 9.651  ; Rise       ; clock_4hz       ;
;  HEX6[3]  ; clock_4hz  ; 11.052 ; 11.052 ; Rise       ; clock_4hz       ;
;  HEX6[4]  ; clock_4hz  ; 10.217 ; 10.217 ; Rise       ; clock_4hz       ;
;  HEX6[5]  ; clock_4hz  ; 9.739  ; 9.739  ; Rise       ; clock_4hz       ;
;  HEX6[6]  ; clock_4hz  ; 10.372 ; 10.372 ; Rise       ; clock_4hz       ;
; HEX7[*]   ; clock_4hz  ; 10.837 ; 10.837 ; Rise       ; clock_4hz       ;
;  HEX7[0]  ; clock_4hz  ; 10.320 ; 10.320 ; Rise       ; clock_4hz       ;
;  HEX7[1]  ; clock_4hz  ; 10.132 ; 10.132 ; Rise       ; clock_4hz       ;
;  HEX7[2]  ; clock_4hz  ; 10.505 ; 10.505 ; Rise       ; clock_4hz       ;
;  HEX7[3]  ; clock_4hz  ; 10.837 ; 10.837 ; Rise       ; clock_4hz       ;
;  HEX7[4]  ; clock_4hz  ; 10.030 ; 10.030 ; Rise       ; clock_4hz       ;
;  HEX7[5]  ; clock_4hz  ; 9.802  ; 9.802  ; Rise       ; clock_4hz       ;
;  HEX7[6]  ; clock_4hz  ; 9.990  ; 9.990  ; Rise       ; clock_4hz       ;
+-----------+------------+--------+--------+------------+-----------------+


+-------------------------------------------------------------------------+
; Minimum Clock to Output Times                                           ;
+-----------+------------+--------+--------+------------+-----------------+
; Data Port ; Clock Port ; Rise   ; Fall   ; Clock Edge ; Clock Reference ;
+-----------+------------+--------+--------+------------+-----------------+
; HEX0[*]   ; clock_4hz  ; 8.166  ; 8.166  ; Rise       ; clock_4hz       ;
;  HEX0[0]  ; clock_4hz  ; 8.373  ; 8.373  ; Rise       ; clock_4hz       ;
;  HEX0[1]  ; clock_4hz  ; 8.187  ; 8.187  ; Rise       ; clock_4hz       ;
;  HEX0[2]  ; clock_4hz  ; 8.166  ; 8.166  ; Rise       ; clock_4hz       ;
;  HEX0[3]  ; clock_4hz  ; 10.631 ; 10.631 ; Rise       ; clock_4hz       ;
;  HEX0[4]  ; clock_4hz  ; 8.884  ; 8.884  ; Rise       ; clock_4hz       ;
;  HEX0[5]  ; clock_4hz  ; 8.687  ; 8.687  ; Rise       ; clock_4hz       ;
;  HEX0[6]  ; clock_4hz  ; 8.685  ; 8.685  ; Rise       ; clock_4hz       ;
; HEX1[*]   ; clock_4hz  ; 9.372  ; 9.372  ; Rise       ; clock_4hz       ;
;  HEX1[0]  ; clock_4hz  ; 10.863 ; 10.863 ; Rise       ; clock_4hz       ;
;  HEX1[1]  ; clock_4hz  ; 10.295 ; 10.295 ; Rise       ; clock_4hz       ;
;  HEX1[2]  ; clock_4hz  ; 9.649  ; 9.649  ; Rise       ; clock_4hz       ;
;  HEX1[3]  ; clock_4hz  ; 11.714 ; 11.714 ; Rise       ; clock_4hz       ;
;  HEX1[4]  ; clock_4hz  ; 11.008 ; 11.008 ; Rise       ; clock_4hz       ;
;  HEX1[5]  ; clock_4hz  ; 9.401  ; 9.401  ; Rise       ; clock_4hz       ;
;  HEX1[6]  ; clock_4hz  ; 9.372  ; 9.372  ; Rise       ; clock_4hz       ;
; HEX2[*]   ; clock_4hz  ; 9.120  ; 9.120  ; Rise       ; clock_4hz       ;
;  HEX2[0]  ; clock_4hz  ; 12.121 ; 12.121 ; Rise       ; clock_4hz       ;
;  HEX2[1]  ; clock_4hz  ; 10.162 ; 10.162 ; Rise       ; clock_4hz       ;
;  HEX2[2]  ; clock_4hz  ; 9.409  ; 9.409  ; Rise       ; clock_4hz       ;
;  HEX2[3]  ; clock_4hz  ; 9.749  ; 9.749  ; Rise       ; clock_4hz       ;
;  HEX2[4]  ; clock_4hz  ; 9.120  ; 9.120  ; Rise       ; clock_4hz       ;
;  HEX2[5]  ; clock_4hz  ; 9.341  ; 9.341  ; Rise       ; clock_4hz       ;
;  HEX2[6]  ; clock_4hz  ; 9.363  ; 9.363  ; Rise       ; clock_4hz       ;
; HEX3[*]   ; clock_4hz  ; 9.212  ; 9.212  ; Rise       ; clock_4hz       ;
;  HEX3[0]  ; clock_4hz  ; 9.212  ; 9.212  ; Rise       ; clock_4hz       ;
;  HEX3[1]  ; clock_4hz  ; 9.477  ; 9.477  ; Rise       ; clock_4hz       ;
;  HEX3[2]  ; clock_4hz  ; 9.559  ; 9.559  ; Rise       ; clock_4hz       ;
;  HEX3[3]  ; clock_4hz  ; 11.922 ; 11.922 ; Rise       ; clock_4hz       ;
;  HEX3[4]  ; clock_4hz  ; 10.763 ; 10.763 ; Rise       ; clock_4hz       ;
;  HEX3[5]  ; clock_4hz  ; 10.170 ; 10.170 ; Rise       ; clock_4hz       ;
;  HEX3[6]  ; clock_4hz  ; 9.274  ; 9.274  ; Rise       ; clock_4hz       ;
; HEX4[*]   ; clock_4hz  ; 8.612  ; 8.612  ; Rise       ; clock_4hz       ;
;  HEX4[0]  ; clock_4hz  ; 9.005  ; 9.005  ; Rise       ; clock_4hz       ;
;  HEX4[1]  ; clock_4hz  ; 9.000  ; 9.000  ; Rise       ; clock_4hz       ;
;  HEX4[2]  ; clock_4hz  ; 9.058  ; 9.058  ; Rise       ; clock_4hz       ;
;  HEX4[3]  ; clock_4hz  ; 9.532  ; 9.532  ; Rise       ; clock_4hz       ;
;  HEX4[4]  ; clock_4hz  ; 8.612  ; 8.612  ; Rise       ; clock_4hz       ;
;  HEX4[5]  ; clock_4hz  ; 8.861  ; 8.861  ; Rise       ; clock_4hz       ;
;  HEX4[6]  ; clock_4hz  ; 8.663  ; 8.663  ; Rise       ; clock_4hz       ;
; HEX5[*]   ; clock_4hz  ; 8.793  ; 8.793  ; Rise       ; clock_4hz       ;
;  HEX5[0]  ; clock_4hz  ; 9.002  ; 9.002  ; Rise       ; clock_4hz       ;
;  HEX5[1]  ; clock_4hz  ; 8.935  ; 8.935  ; Rise       ; clock_4hz       ;
;  HEX5[2]  ; clock_4hz  ; 8.793  ; 8.793  ; Rise       ; clock_4hz       ;
;  HEX5[3]  ; clock_4hz  ; 9.220  ; 9.220  ; Rise       ; clock_4hz       ;
;  HEX5[4]  ; clock_4hz  ; 9.221  ; 9.221  ; Rise       ; clock_4hz       ;
;  HEX5[5]  ; clock_4hz  ; 9.088  ; 9.088  ; Rise       ; clock_4hz       ;
;  HEX5[6]  ; clock_4hz  ; 8.938  ; 8.938  ; Rise       ; clock_4hz       ;
; HEX6[*]   ; clock_4hz  ; 8.934  ; 8.934  ; Rise       ; clock_4hz       ;
;  HEX6[0]  ; clock_4hz  ; 8.934  ; 8.934  ; Rise       ; clock_4hz       ;
;  HEX6[1]  ; clock_4hz  ; 9.114  ; 9.114  ; Rise       ; clock_4hz       ;
;  HEX6[2]  ; clock_4hz  ; 9.264  ; 9.264  ; Rise       ; clock_4hz       ;
;  HEX6[3]  ; clock_4hz  ; 10.653 ; 10.653 ; Rise       ; clock_4hz       ;
;  HEX6[4]  ; clock_4hz  ; 9.417  ; 9.417  ; Rise       ; clock_4hz       ;
;  HEX6[5]  ; clock_4hz  ; 9.317  ; 9.317  ; Rise       ; clock_4hz       ;
;  HEX6[6]  ; clock_4hz  ; 9.197  ; 9.197  ; Rise       ; clock_4hz       ;
; HEX7[*]   ; clock_4hz  ; 9.318  ; 9.318  ; Rise       ; clock_4hz       ;
;  HEX7[0]  ; clock_4hz  ; 9.974  ; 9.974  ; Rise       ; clock_4hz       ;
;  HEX7[1]  ; clock_4hz  ; 9.318  ; 9.318  ; Rise       ; clock_4hz       ;
;  HEX7[2]  ; clock_4hz  ; 10.039 ; 10.039 ; Rise       ; clock_4hz       ;
;  HEX7[3]  ; clock_4hz  ; 10.367 ; 10.367 ; Rise       ; clock_4hz       ;
;  HEX7[4]  ; clock_4hz  ; 9.727  ; 9.727  ; Rise       ; clock_4hz       ;
;  HEX7[5]  ; clock_4hz  ; 9.619  ; 9.619  ; Rise       ; clock_4hz       ;
;  HEX7[6]  ; clock_4hz  ; 9.925  ; 9.925  ; Rise       ; clock_4hz       ;
+-----------+------------+--------+--------+------------+-----------------+


+------------------------------------+
; Fast Model Setup Summary           ;
+-----------+--------+---------------+
; Clock     ; Slack  ; End Point TNS ;
+-----------+--------+---------------+
; CLOCK_50  ; -0.850 ; -14.211       ;
; clock_4hz ; 0.591  ; 0.000         ;
+-----------+--------+---------------+


+------------------------------------+
; Fast Model Hold Summary            ;
+-----------+--------+---------------+
; Clock     ; Slack  ; End Point TNS ;
+-----------+--------+---------------+
; CLOCK_50  ; -1.583 ; -1.583        ;
; clock_4hz ; 0.239  ; 0.000         ;
+-----------+--------+---------------+


-------------------------------
; Fast Model Recovery Summary ;
-------------------------------
No paths to report.


------------------------------
; Fast Model Removal Summary ;
------------------------------
No paths to report.


+----------------------------------------+
; Fast Model Minimum Pulse Width Summary ;
+-----------+--------+-------------------+
; Clock     ; Slack  ; End Point TNS     ;
+-----------+--------+-------------------+
; CLOCK_50  ; -1.380 ; -34.380           ;
; clock_4hz ; -0.500 ; -8.000            ;
+-----------+--------+-------------------+


+----------------------------------------------------------------------------------------------------+
; Fast Model Setup: 'CLOCK_50'                                                                       ;
+--------+-----------+---------+--------------+-------------+--------------+------------+------------+
; Slack  ; From Node ; To Node ; Launch Clock ; Latch Clock ; Relationship ; Clock Skew ; Data Delay ;
+--------+-----------+---------+--------------+-------------+--------------+------------+------------+
; -0.850 ; q[0]      ; q[31]   ; CLOCK_50     ; CLOCK_50    ; 1.000        ; 0.003      ; 1.885      ;
; -0.815 ; q[0]      ; q[30]   ; CLOCK_50     ; CLOCK_50    ; 1.000        ; 0.003      ; 1.850      ;
; -0.800 ; q[0]      ; q[22]   ; CLOCK_50     ; CLOCK_50    ; 1.000        ; 0.002      ; 1.834      ;
; -0.797 ; q[1]      ; q[31]   ; CLOCK_50     ; CLOCK_50    ; 1.000        ; 0.003      ; 1.832      ;
; -0.780 ; q[0]      ; q[29]   ; CLOCK_50     ; CLOCK_50    ; 1.000        ; 0.003      ; 1.815      ;
; -0.763 ; q[2]      ; q[31]   ; CLOCK_50     ; CLOCK_50    ; 1.000        ; 0.003      ; 1.798      ;
; -0.762 ; q[1]      ; q[30]   ; CLOCK_50     ; CLOCK_50    ; 1.000        ; 0.003      ; 1.797      ;
; -0.747 ; q[1]      ; q[22]   ; CLOCK_50     ; CLOCK_50    ; 1.000        ; 0.002      ; 1.781      ;
; -0.745 ; q[0]      ; q[28]   ; CLOCK_50     ; CLOCK_50    ; 1.000        ; 0.003      ; 1.780      ;
; -0.743 ; q[3]      ; q[31]   ; CLOCK_50     ; CLOCK_50    ; 1.000        ; 0.003      ; 1.778      ;
; -0.733 ; q[0]      ; q[20]   ; CLOCK_50     ; CLOCK_50    ; 1.000        ; 0.002      ; 1.767      ;
; -0.728 ; q[2]      ; q[30]   ; CLOCK_50     ; CLOCK_50    ; 1.000        ; 0.003      ; 1.763      ;
; -0.727 ; q[1]      ; q[29]   ; CLOCK_50     ; CLOCK_50    ; 1.000        ; 0.003      ; 1.762      ;
; -0.713 ; q[2]      ; q[22]   ; CLOCK_50     ; CLOCK_50    ; 1.000        ; 0.002      ; 1.747      ;
; -0.710 ; q[0]      ; q[27]   ; CLOCK_50     ; CLOCK_50    ; 1.000        ; 0.003      ; 1.745      ;
; -0.708 ; q[3]      ; q[30]   ; CLOCK_50     ; CLOCK_50    ; 1.000        ; 0.003      ; 1.743      ;
; -0.695 ; q[4]      ; q[31]   ; CLOCK_50     ; CLOCK_50    ; 1.000        ; 0.003      ; 1.730      ;
; -0.693 ; q[3]      ; q[22]   ; CLOCK_50     ; CLOCK_50    ; 1.000        ; 0.002      ; 1.727      ;
; -0.693 ; q[2]      ; q[29]   ; CLOCK_50     ; CLOCK_50    ; 1.000        ; 0.003      ; 1.728      ;
; -0.692 ; q[1]      ; q[28]   ; CLOCK_50     ; CLOCK_50    ; 1.000        ; 0.003      ; 1.727      ;
; -0.680 ; q[1]      ; q[20]   ; CLOCK_50     ; CLOCK_50    ; 1.000        ; 0.002      ; 1.714      ;
; -0.675 ; q[0]      ; q[26]   ; CLOCK_50     ; CLOCK_50    ; 1.000        ; 0.003      ; 1.710      ;
; -0.674 ; q[5]      ; q[31]   ; CLOCK_50     ; CLOCK_50    ; 1.000        ; 0.003      ; 1.709      ;
; -0.673 ; q[3]      ; q[29]   ; CLOCK_50     ; CLOCK_50    ; 1.000        ; 0.003      ; 1.708      ;
; -0.660 ; q[4]      ; q[30]   ; CLOCK_50     ; CLOCK_50    ; 1.000        ; 0.003      ; 1.695      ;
; -0.658 ; q[2]      ; q[28]   ; CLOCK_50     ; CLOCK_50    ; 1.000        ; 0.003      ; 1.693      ;
; -0.657 ; q[1]      ; q[27]   ; CLOCK_50     ; CLOCK_50    ; 1.000        ; 0.003      ; 1.692      ;
; -0.646 ; q[2]      ; q[20]   ; CLOCK_50     ; CLOCK_50    ; 1.000        ; 0.002      ; 1.680      ;
; -0.645 ; q[4]      ; q[22]   ; CLOCK_50     ; CLOCK_50    ; 1.000        ; 0.002      ; 1.679      ;
; -0.640 ; q[0]      ; q[25]   ; CLOCK_50     ; CLOCK_50    ; 1.000        ; 0.003      ; 1.675      ;
; -0.639 ; q[6]      ; q[31]   ; CLOCK_50     ; CLOCK_50    ; 1.000        ; 0.003      ; 1.674      ;
; -0.639 ; q[5]      ; q[30]   ; CLOCK_50     ; CLOCK_50    ; 1.000        ; 0.003      ; 1.674      ;
; -0.638 ; q[3]      ; q[28]   ; CLOCK_50     ; CLOCK_50    ; 1.000        ; 0.003      ; 1.673      ;
; -0.626 ; q[3]      ; q[20]   ; CLOCK_50     ; CLOCK_50    ; 1.000        ; 0.002      ; 1.660      ;
; -0.625 ; q[4]      ; q[29]   ; CLOCK_50     ; CLOCK_50    ; 1.000        ; 0.003      ; 1.660      ;
; -0.624 ; q[5]      ; q[22]   ; CLOCK_50     ; CLOCK_50    ; 1.000        ; 0.002      ; 1.658      ;
; -0.623 ; q[0]      ; q[19]   ; CLOCK_50     ; CLOCK_50    ; 1.000        ; 0.002      ; 1.657      ;
; -0.623 ; q[2]      ; q[27]   ; CLOCK_50     ; CLOCK_50    ; 1.000        ; 0.003      ; 1.658      ;
; -0.622 ; q[1]      ; q[26]   ; CLOCK_50     ; CLOCK_50    ; 1.000        ; 0.003      ; 1.657      ;
; -0.605 ; q[0]      ; q[4]    ; CLOCK_50     ; CLOCK_50    ; 1.000        ; 0.000      ; 1.637      ;
; -0.605 ; q[0]      ; q[24]   ; CLOCK_50     ; CLOCK_50    ; 1.000        ; 0.003      ; 1.640      ;
; -0.604 ; q[6]      ; q[30]   ; CLOCK_50     ; CLOCK_50    ; 1.000        ; 0.003      ; 1.639      ;
; -0.604 ; q[5]      ; q[29]   ; CLOCK_50     ; CLOCK_50    ; 1.000        ; 0.003      ; 1.639      ;
; -0.603 ; q[3]      ; q[27]   ; CLOCK_50     ; CLOCK_50    ; 1.000        ; 0.003      ; 1.638      ;
; -0.597 ; q[0]      ; q[16]   ; CLOCK_50     ; CLOCK_50    ; 1.000        ; 0.002      ; 1.631      ;
; -0.590 ; q[0]      ; q[0]    ; CLOCK_50     ; CLOCK_50    ; 1.000        ; 0.000      ; 1.622      ;
; -0.590 ; q[4]      ; q[28]   ; CLOCK_50     ; CLOCK_50    ; 1.000        ; 0.003      ; 1.625      ;
; -0.589 ; q[6]      ; q[22]   ; CLOCK_50     ; CLOCK_50    ; 1.000        ; 0.002      ; 1.623      ;
; -0.588 ; q[2]      ; q[26]   ; CLOCK_50     ; CLOCK_50    ; 1.000        ; 0.003      ; 1.623      ;
; -0.587 ; q[0]      ; q[18]   ; CLOCK_50     ; CLOCK_50    ; 1.000        ; 0.002      ; 1.621      ;
; -0.587 ; q[1]      ; q[25]   ; CLOCK_50     ; CLOCK_50    ; 1.000        ; 0.003      ; 1.622      ;
; -0.584 ; q[7]      ; q[31]   ; CLOCK_50     ; CLOCK_50    ; 1.000        ; 0.003      ; 1.619      ;
; -0.578 ; q[4]      ; q[20]   ; CLOCK_50     ; CLOCK_50    ; 1.000        ; 0.002      ; 1.612      ;
; -0.572 ; q[4]      ; q[4]    ; CLOCK_50     ; CLOCK_50    ; 1.000        ; 0.000      ; 1.604      ;
; -0.570 ; q[1]      ; q[19]   ; CLOCK_50     ; CLOCK_50    ; 1.000        ; 0.002      ; 1.604      ;
; -0.569 ; q[6]      ; q[29]   ; CLOCK_50     ; CLOCK_50    ; 1.000        ; 0.003      ; 1.604      ;
; -0.569 ; q[5]      ; q[28]   ; CLOCK_50     ; CLOCK_50    ; 1.000        ; 0.003      ; 1.604      ;
; -0.568 ; q[3]      ; q[26]   ; CLOCK_50     ; CLOCK_50    ; 1.000        ; 0.003      ; 1.603      ;
; -0.557 ; q[5]      ; q[20]   ; CLOCK_50     ; CLOCK_50    ; 1.000        ; 0.002      ; 1.591      ;
; -0.557 ; q[4]      ; q[0]    ; CLOCK_50     ; CLOCK_50    ; 1.000        ; 0.000      ; 1.589      ;
; -0.555 ; q[4]      ; q[27]   ; CLOCK_50     ; CLOCK_50    ; 1.000        ; 0.003      ; 1.590      ;
; -0.553 ; q[0]      ; q[17]   ; CLOCK_50     ; CLOCK_50    ; 1.000        ; 0.002      ; 1.587      ;
; -0.553 ; q[2]      ; q[25]   ; CLOCK_50     ; CLOCK_50    ; 1.000        ; 0.003      ; 1.588      ;
; -0.552 ; q[1]      ; q[24]   ; CLOCK_50     ; CLOCK_50    ; 1.000        ; 0.003      ; 1.587      ;
; -0.549 ; q[7]      ; q[30]   ; CLOCK_50     ; CLOCK_50    ; 1.000        ; 0.003      ; 1.584      ;
; -0.544 ; q[9]      ; q[31]   ; CLOCK_50     ; CLOCK_50    ; 1.000        ; 0.005      ; 1.581      ;
; -0.544 ; q[1]      ; q[16]   ; CLOCK_50     ; CLOCK_50    ; 1.000        ; 0.002      ; 1.578      ;
; -0.536 ; q[2]      ; q[19]   ; CLOCK_50     ; CLOCK_50    ; 1.000        ; 0.002      ; 1.570      ;
; -0.536 ; q[24]     ; q[4]    ; CLOCK_50     ; CLOCK_50    ; 1.000        ; -0.003     ; 1.565      ;
; -0.534 ; q[7]      ; q[22]   ; CLOCK_50     ; CLOCK_50    ; 1.000        ; 0.002      ; 1.568      ;
; -0.534 ; q[6]      ; q[28]   ; CLOCK_50     ; CLOCK_50    ; 1.000        ; 0.003      ; 1.569      ;
; -0.534 ; q[5]      ; q[27]   ; CLOCK_50     ; CLOCK_50    ; 1.000        ; 0.003      ; 1.569      ;
; -0.534 ; q[1]      ; q[18]   ; CLOCK_50     ; CLOCK_50    ; 1.000        ; 0.002      ; 1.568      ;
; -0.533 ; q[3]      ; q[25]   ; CLOCK_50     ; CLOCK_50    ; 1.000        ; 0.003      ; 1.568      ;
; -0.533 ; q[8]      ; q[4]    ; CLOCK_50     ; CLOCK_50    ; 1.000        ; 0.000      ; 1.565      ;
; -0.530 ; q[2]      ; q[4]    ; CLOCK_50     ; CLOCK_50    ; 1.000        ; 0.000      ; 1.562      ;
; -0.523 ; q[1]      ; q[4]    ; CLOCK_50     ; CLOCK_50    ; 1.000        ; 0.000      ; 1.555      ;
; -0.522 ; q[6]      ; q[20]   ; CLOCK_50     ; CLOCK_50    ; 1.000        ; 0.002      ; 1.556      ;
; -0.521 ; q[24]     ; q[0]    ; CLOCK_50     ; CLOCK_50    ; 1.000        ; -0.003     ; 1.550      ;
; -0.520 ; q[4]      ; q[26]   ; CLOCK_50     ; CLOCK_50    ; 1.000        ; 0.003      ; 1.555      ;
; -0.518 ; q[2]      ; q[24]   ; CLOCK_50     ; CLOCK_50    ; 1.000        ; 0.003      ; 1.553      ;
; -0.518 ; q[8]      ; q[0]    ; CLOCK_50     ; CLOCK_50    ; 1.000        ; 0.000      ; 1.550      ;
; -0.516 ; q[3]      ; q[19]   ; CLOCK_50     ; CLOCK_50    ; 1.000        ; 0.002      ; 1.550      ;
; -0.515 ; q[2]      ; q[0]    ; CLOCK_50     ; CLOCK_50    ; 1.000        ; 0.000      ; 1.547      ;
; -0.515 ; q[27]     ; q[4]    ; CLOCK_50     ; CLOCK_50    ; 1.000        ; -0.003     ; 1.544      ;
; -0.514 ; q[7]      ; q[29]   ; CLOCK_50     ; CLOCK_50    ; 1.000        ; 0.003      ; 1.549      ;
; -0.511 ; q[0]      ; q[23]   ; CLOCK_50     ; CLOCK_50    ; 1.000        ; 0.003      ; 1.546      ;
; -0.510 ; q[2]      ; q[16]   ; CLOCK_50     ; CLOCK_50    ; 1.000        ; 0.002      ; 1.544      ;
; -0.509 ; q[10]     ; q[31]   ; CLOCK_50     ; CLOCK_50    ; 1.000        ; 0.005      ; 1.546      ;
; -0.509 ; q[9]      ; q[30]   ; CLOCK_50     ; CLOCK_50    ; 1.000        ; 0.005      ; 1.546      ;
; -0.508 ; q[1]      ; q[0]    ; CLOCK_50     ; CLOCK_50    ; 1.000        ; 0.000      ; 1.540      ;
; -0.506 ; q[8]      ; q[31]   ; CLOCK_50     ; CLOCK_50    ; 1.000        ; 0.003      ; 1.541      ;
; -0.502 ; q[26]     ; q[4]    ; CLOCK_50     ; CLOCK_50    ; 1.000        ; -0.003     ; 1.531      ;
; -0.500 ; q[2]      ; q[18]   ; CLOCK_50     ; CLOCK_50    ; 1.000        ; 0.002      ; 1.534      ;
; -0.500 ; q[1]      ; q[17]   ; CLOCK_50     ; CLOCK_50    ; 1.000        ; 0.002      ; 1.534      ;
; -0.500 ; q[27]     ; q[0]    ; CLOCK_50     ; CLOCK_50    ; 1.000        ; -0.003     ; 1.529      ;
; -0.499 ; q[6]      ; q[27]   ; CLOCK_50     ; CLOCK_50    ; 1.000        ; 0.003      ; 1.534      ;
; -0.499 ; q[5]      ; q[26]   ; CLOCK_50     ; CLOCK_50    ; 1.000        ; 0.003      ; 1.534      ;
; -0.498 ; q[3]      ; q[24]   ; CLOCK_50     ; CLOCK_50    ; 1.000        ; 0.003      ; 1.533      ;
; -0.494 ; q[9]      ; q[22]   ; CLOCK_50     ; CLOCK_50    ; 1.000        ; 0.004      ; 1.530      ;
+--------+-----------+---------+--------------+-------------+--------------+------------+------------+


+-------------------------------------------------------------------------------------------------------------------+
; Fast Model Setup: 'clock_4hz'                                                                                     ;
+-------+------------------+------------------+--------------+-------------+--------------+------------+------------+
; Slack ; From Node        ; To Node          ; Launch Clock ; Latch Clock ; Relationship ; Clock Skew ; Data Delay ;
+-------+------------------+------------------+--------------+-------------+--------------+------------+------------+
; 0.591 ; current_state.s0 ; current_state.s1 ; clock_4hz    ; clock_4hz   ; 1.000        ; 0.000      ; 0.441      ;
; 0.634 ; current_state.s7 ; current_state.s0 ; clock_4hz    ; clock_4hz   ; 1.000        ; 0.000      ; 0.398      ;
; 0.635 ; current_state.s2 ; current_state.s3 ; clock_4hz    ; clock_4hz   ; 1.000        ; 0.000      ; 0.397      ;
; 0.635 ; current_state.s6 ; current_state.s7 ; clock_4hz    ; clock_4hz   ; 1.000        ; 0.000      ; 0.397      ;
; 0.636 ; current_state.s5 ; current_state.s6 ; clock_4hz    ; clock_4hz   ; 1.000        ; 0.000      ; 0.396      ;
; 0.638 ; current_state.s1 ; current_state.s2 ; clock_4hz    ; clock_4hz   ; 1.000        ; 0.000      ; 0.394      ;
; 0.639 ; current_state.s3 ; current_state.s4 ; clock_4hz    ; clock_4hz   ; 1.000        ; 0.000      ; 0.393      ;
; 0.641 ; current_state.s4 ; current_state.s5 ; clock_4hz    ; clock_4hz   ; 1.000        ; 0.000      ; 0.391      ;
+-------+------------------+------------------+--------------+-------------+--------------+------------+------------+


+------------------------------------------------------------------------------------------------------+
; Fast Model Hold: 'CLOCK_50'                                                                          ;
+--------+-----------+-----------+--------------+-------------+--------------+------------+------------+
; Slack  ; From Node ; To Node   ; Launch Clock ; Latch Clock ; Relationship ; Clock Skew ; Data Delay ;
+--------+-----------+-----------+--------------+-------------+--------------+------------+------------+
; -1.583 ; clock_4hz ; clock_4hz ; clock_4hz    ; CLOCK_50    ; 0.000        ; 1.657      ; 0.367      ;
; -1.083 ; clock_4hz ; clock_4hz ; clock_4hz    ; CLOCK_50    ; -0.500       ; 1.657      ; 0.367      ;
; 0.243  ; q[31]     ; q[31]     ; CLOCK_50     ; CLOCK_50    ; 0.000        ; 0.000      ; 0.395      ;
; 0.356  ; q[23]     ; q[23]     ; CLOCK_50     ; CLOCK_50    ; 0.000        ; 0.000      ; 0.508      ;
; 0.357  ; q[1]      ; q[1]      ; CLOCK_50     ; CLOCK_50    ; 0.000        ; 0.000      ; 0.509      ;
; 0.358  ; q[2]      ; q[2]      ; CLOCK_50     ; CLOCK_50    ; 0.000        ; 0.000      ; 0.510      ;
; 0.358  ; q[15]     ; q[15]     ; CLOCK_50     ; CLOCK_50    ; 0.000        ; 0.000      ; 0.510      ;
; 0.358  ; q[13]     ; q[13]     ; CLOCK_50     ; CLOCK_50    ; 0.000        ; 0.000      ; 0.510      ;
; 0.358  ; q[7]      ; q[7]      ; CLOCK_50     ; CLOCK_50    ; 0.000        ; 0.000      ; 0.510      ;
; 0.358  ; q[25]     ; q[25]     ; CLOCK_50     ; CLOCK_50    ; 0.000        ; 0.000      ; 0.510      ;
; 0.358  ; q[27]     ; q[27]     ; CLOCK_50     ; CLOCK_50    ; 0.000        ; 0.000      ; 0.510      ;
; 0.361  ; q[29]     ; q[29]     ; CLOCK_50     ; CLOCK_50    ; 0.000        ; 0.000      ; 0.513      ;
; 0.361  ; q[30]     ; q[30]     ; CLOCK_50     ; CLOCK_50    ; 0.000        ; 0.000      ; 0.513      ;
; 0.367  ; q[21]     ; q[21]     ; CLOCK_50     ; CLOCK_50    ; 0.000        ; 0.000      ; 0.519      ;
; 0.368  ; q[8]      ; q[8]      ; CLOCK_50     ; CLOCK_50    ; 0.000        ; 0.000      ; 0.520      ;
; 0.371  ; q[3]      ; q[3]      ; CLOCK_50     ; CLOCK_50    ; 0.000        ; 0.000      ; 0.523      ;
; 0.371  ; q[24]     ; q[24]     ; CLOCK_50     ; CLOCK_50    ; 0.000        ; 0.000      ; 0.523      ;
; 0.371  ; q[26]     ; q[26]     ; CLOCK_50     ; CLOCK_50    ; 0.000        ; 0.000      ; 0.523      ;
; 0.372  ; q[5]      ; q[5]      ; CLOCK_50     ; CLOCK_50    ; 0.000        ; 0.000      ; 0.524      ;
; 0.372  ; q[6]      ; q[6]      ; CLOCK_50     ; CLOCK_50    ; 0.000        ; 0.000      ; 0.524      ;
; 0.372  ; q[28]     ; q[28]     ; CLOCK_50     ; CLOCK_50    ; 0.000        ; 0.000      ; 0.524      ;
; 0.495  ; q[1]      ; q[2]      ; CLOCK_50     ; CLOCK_50    ; 0.000        ; 0.000      ; 0.647      ;
; 0.496  ; q[2]      ; q[3]      ; CLOCK_50     ; CLOCK_50    ; 0.000        ; 0.000      ; 0.648      ;
; 0.496  ; q[25]     ; q[26]     ; CLOCK_50     ; CLOCK_50    ; 0.000        ; 0.000      ; 0.648      ;
; 0.496  ; q[27]     ; q[28]     ; CLOCK_50     ; CLOCK_50    ; 0.000        ; 0.000      ; 0.648      ;
; 0.498  ; q[4]      ; q[5]      ; CLOCK_50     ; CLOCK_50    ; 0.000        ; 0.000      ; 0.650      ;
; 0.499  ; q[30]     ; q[31]     ; CLOCK_50     ; CLOCK_50    ; 0.000        ; 0.000      ; 0.651      ;
; 0.499  ; q[29]     ; q[30]     ; CLOCK_50     ; CLOCK_50    ; 0.000        ; 0.000      ; 0.651      ;
; 0.511  ; q[24]     ; q[25]     ; CLOCK_50     ; CLOCK_50    ; 0.000        ; 0.000      ; 0.663      ;
; 0.511  ; q[26]     ; q[27]     ; CLOCK_50     ; CLOCK_50    ; 0.000        ; 0.000      ; 0.663      ;
; 0.512  ; q[6]      ; q[7]      ; CLOCK_50     ; CLOCK_50    ; 0.000        ; 0.000      ; 0.664      ;
; 0.512  ; q[28]     ; q[29]     ; CLOCK_50     ; CLOCK_50    ; 0.000        ; 0.000      ; 0.664      ;
; 0.512  ; q[5]      ; q[6]      ; CLOCK_50     ; CLOCK_50    ; 0.000        ; 0.000      ; 0.664      ;
; 0.513  ; q[0]      ; q[1]      ; CLOCK_50     ; CLOCK_50    ; 0.000        ; 0.000      ; 0.665      ;
; 0.530  ; q[1]      ; q[3]      ; CLOCK_50     ; CLOCK_50    ; 0.000        ; 0.000      ; 0.682      ;
; 0.531  ; q[13]     ; q[15]     ; CLOCK_50     ; CLOCK_50    ; 0.000        ; 0.000      ; 0.683      ;
; 0.531  ; q[25]     ; q[27]     ; CLOCK_50     ; CLOCK_50    ; 0.000        ; 0.000      ; 0.683      ;
; 0.531  ; q[27]     ; q[29]     ; CLOCK_50     ; CLOCK_50    ; 0.000        ; 0.000      ; 0.683      ;
; 0.533  ; q[4]      ; q[6]      ; CLOCK_50     ; CLOCK_50    ; 0.000        ; 0.000      ; 0.685      ;
; 0.534  ; q[29]     ; q[31]     ; CLOCK_50     ; CLOCK_50    ; 0.000        ; 0.000      ; 0.686      ;
; 0.542  ; q[21]     ; q[23]     ; CLOCK_50     ; CLOCK_50    ; 0.000        ; 0.000      ; 0.694      ;
; 0.546  ; q[24]     ; q[26]     ; CLOCK_50     ; CLOCK_50    ; 0.000        ; 0.000      ; 0.698      ;
; 0.546  ; q[26]     ; q[28]     ; CLOCK_50     ; CLOCK_50    ; 0.000        ; 0.000      ; 0.698      ;
; 0.546  ; q[3]      ; q[5]      ; CLOCK_50     ; CLOCK_50    ; 0.000        ; 0.000      ; 0.698      ;
; 0.547  ; q[28]     ; q[30]     ; CLOCK_50     ; CLOCK_50    ; 0.000        ; 0.000      ; 0.699      ;
; 0.547  ; q[5]      ; q[7]      ; CLOCK_50     ; CLOCK_50    ; 0.000        ; 0.000      ; 0.699      ;
; 0.548  ; q[0]      ; q[2]      ; CLOCK_50     ; CLOCK_50    ; 0.000        ; 0.000      ; 0.700      ;
; 0.549  ; q[23]     ; q[24]     ; CLOCK_50     ; CLOCK_50    ; 0.000        ; 0.000      ; 0.701      ;
; 0.551  ; q[7]      ; q[8]      ; CLOCK_50     ; CLOCK_50    ; 0.000        ; 0.000      ; 0.703      ;
; 0.566  ; q[25]     ; q[28]     ; CLOCK_50     ; CLOCK_50    ; 0.000        ; 0.000      ; 0.718      ;
; 0.566  ; q[2]      ; q[5]      ; CLOCK_50     ; CLOCK_50    ; 0.000        ; 0.000      ; 0.718      ;
; 0.566  ; q[27]     ; q[30]     ; CLOCK_50     ; CLOCK_50    ; 0.000        ; 0.000      ; 0.718      ;
; 0.568  ; q[4]      ; q[7]      ; CLOCK_50     ; CLOCK_50    ; 0.000        ; 0.000      ; 0.720      ;
; 0.581  ; q[12]     ; q[13]     ; CLOCK_50     ; CLOCK_50    ; 0.000        ; 0.002      ; 0.735      ;
; 0.581  ; q[24]     ; q[27]     ; CLOCK_50     ; CLOCK_50    ; 0.000        ; 0.000      ; 0.733      ;
; 0.581  ; q[26]     ; q[29]     ; CLOCK_50     ; CLOCK_50    ; 0.000        ; 0.000      ; 0.733      ;
; 0.581  ; q[3]      ; q[6]      ; CLOCK_50     ; CLOCK_50    ; 0.000        ; 0.000      ; 0.733      ;
; 0.582  ; q[28]     ; q[31]     ; CLOCK_50     ; CLOCK_50    ; 0.000        ; 0.000      ; 0.734      ;
; 0.583  ; q[0]      ; q[3]      ; CLOCK_50     ; CLOCK_50    ; 0.000        ; 0.000      ; 0.735      ;
; 0.584  ; q[23]     ; q[25]     ; CLOCK_50     ; CLOCK_50    ; 0.000        ; 0.000      ; 0.736      ;
; 0.587  ; q[20]     ; q[21]     ; CLOCK_50     ; CLOCK_50    ; 0.000        ; 0.001      ; 0.740      ;
; 0.587  ; q[14]     ; q[15]     ; CLOCK_50     ; CLOCK_50    ; 0.000        ; 0.002      ; 0.741      ;
; 0.589  ; q[22]     ; q[23]     ; CLOCK_50     ; CLOCK_50    ; 0.000        ; 0.001      ; 0.742      ;
; 0.593  ; q[20]     ; q[20]     ; CLOCK_50     ; CLOCK_50    ; 0.000        ; 0.000      ; 0.745      ;
; 0.599  ; q[20]     ; q[16]     ; CLOCK_50     ; CLOCK_50    ; 0.000        ; 0.000      ; 0.751      ;
; 0.599  ; q[20]     ; q[22]     ; CLOCK_50     ; CLOCK_50    ; 0.000        ; 0.000      ; 0.751      ;
; 0.600  ; q[1]      ; q[5]      ; CLOCK_50     ; CLOCK_50    ; 0.000        ; 0.000      ; 0.752      ;
; 0.601  ; q[25]     ; q[29]     ; CLOCK_50     ; CLOCK_50    ; 0.000        ; 0.000      ; 0.753      ;
; 0.601  ; q[2]      ; q[6]      ; CLOCK_50     ; CLOCK_50    ; 0.000        ; 0.000      ; 0.753      ;
; 0.601  ; q[27]     ; q[31]     ; CLOCK_50     ; CLOCK_50    ; 0.000        ; 0.000      ; 0.753      ;
; 0.606  ; q[6]      ; q[8]      ; CLOCK_50     ; CLOCK_50    ; 0.000        ; 0.000      ; 0.758      ;
; 0.608  ; q[11]     ; q[13]     ; CLOCK_50     ; CLOCK_50    ; 0.000        ; 0.002      ; 0.762      ;
; 0.612  ; q[19]     ; q[21]     ; CLOCK_50     ; CLOCK_50    ; 0.000        ; 0.001      ; 0.765      ;
; 0.616  ; q[24]     ; q[28]     ; CLOCK_50     ; CLOCK_50    ; 0.000        ; 0.000      ; 0.768      ;
; 0.616  ; q[26]     ; q[30]     ; CLOCK_50     ; CLOCK_50    ; 0.000        ; 0.000      ; 0.768      ;
; 0.616  ; q[3]      ; q[7]      ; CLOCK_50     ; CLOCK_50    ; 0.000        ; 0.000      ; 0.768      ;
; 0.619  ; q[23]     ; q[26]     ; CLOCK_50     ; CLOCK_50    ; 0.000        ; 0.000      ; 0.771      ;
; 0.635  ; q[1]      ; q[6]      ; CLOCK_50     ; CLOCK_50    ; 0.000        ; 0.000      ; 0.787      ;
; 0.636  ; q[21]     ; q[24]     ; CLOCK_50     ; CLOCK_50    ; 0.000        ; 0.000      ; 0.788      ;
; 0.636  ; q[25]     ; q[30]     ; CLOCK_50     ; CLOCK_50    ; 0.000        ; 0.000      ; 0.788      ;
; 0.636  ; q[2]      ; q[7]      ; CLOCK_50     ; CLOCK_50    ; 0.000        ; 0.000      ; 0.788      ;
; 0.641  ; q[5]      ; q[8]      ; CLOCK_50     ; CLOCK_50    ; 0.000        ; 0.000      ; 0.793      ;
; 0.648  ; q[8]      ; q[13]     ; CLOCK_50     ; CLOCK_50    ; 0.000        ; 0.000      ; 0.800      ;
; 0.651  ; q[12]     ; q[15]     ; CLOCK_50     ; CLOCK_50    ; 0.000        ; 0.002      ; 0.805      ;
; 0.651  ; q[24]     ; q[29]     ; CLOCK_50     ; CLOCK_50    ; 0.000        ; 0.000      ; 0.803      ;
; 0.651  ; q[26]     ; q[31]     ; CLOCK_50     ; CLOCK_50    ; 0.000        ; 0.000      ; 0.803      ;
; 0.651  ; q[10]     ; q[13]     ; CLOCK_50     ; CLOCK_50    ; 0.000        ; 0.002      ; 0.805      ;
; 0.653  ; q[0]      ; q[5]      ; CLOCK_50     ; CLOCK_50    ; 0.000        ; 0.000      ; 0.805      ;
; 0.654  ; q[23]     ; q[27]     ; CLOCK_50     ; CLOCK_50    ; 0.000        ; 0.000      ; 0.806      ;
; 0.657  ; q[20]     ; q[23]     ; CLOCK_50     ; CLOCK_50    ; 0.000        ; 0.001      ; 0.810      ;
; 0.661  ; q[18]     ; q[21]     ; CLOCK_50     ; CLOCK_50    ; 0.000        ; 0.001      ; 0.814      ;
; 0.662  ; q[4]      ; q[8]      ; CLOCK_50     ; CLOCK_50    ; 0.000        ; 0.000      ; 0.814      ;
; 0.670  ; q[1]      ; q[7]      ; CLOCK_50     ; CLOCK_50    ; 0.000        ; 0.000      ; 0.822      ;
; 0.671  ; q[21]     ; q[25]     ; CLOCK_50     ; CLOCK_50    ; 0.000        ; 0.000      ; 0.823      ;
; 0.671  ; q[25]     ; q[31]     ; CLOCK_50     ; CLOCK_50    ; 0.000        ; 0.000      ; 0.823      ;
; 0.678  ; q[11]     ; q[15]     ; CLOCK_50     ; CLOCK_50    ; 0.000        ; 0.002      ; 0.832      ;
; 0.682  ; q[19]     ; q[23]     ; CLOCK_50     ; CLOCK_50    ; 0.000        ; 0.001      ; 0.835      ;
; 0.683  ; q[22]     ; q[24]     ; CLOCK_50     ; CLOCK_50    ; 0.000        ; 0.001      ; 0.836      ;
; 0.685  ; q[17]     ; q[21]     ; CLOCK_50     ; CLOCK_50    ; 0.000        ; 0.001      ; 0.838      ;
; 0.686  ; q[24]     ; q[30]     ; CLOCK_50     ; CLOCK_50    ; 0.000        ; 0.000      ; 0.838      ;
+--------+-----------+-----------+--------------+-------------+--------------+------------+------------+


+-------------------------------------------------------------------------------------------------------------------+
; Fast Model Hold: 'clock_4hz'                                                                                      ;
+-------+------------------+------------------+--------------+-------------+--------------+------------+------------+
; Slack ; From Node        ; To Node          ; Launch Clock ; Latch Clock ; Relationship ; Clock Skew ; Data Delay ;
+-------+------------------+------------------+--------------+-------------+--------------+------------+------------+
; 0.239 ; current_state.s4 ; current_state.s5 ; clock_4hz    ; clock_4hz   ; 0.000        ; 0.000      ; 0.391      ;
; 0.241 ; current_state.s3 ; current_state.s4 ; clock_4hz    ; clock_4hz   ; 0.000        ; 0.000      ; 0.393      ;
; 0.242 ; current_state.s1 ; current_state.s2 ; clock_4hz    ; clock_4hz   ; 0.000        ; 0.000      ; 0.394      ;
; 0.244 ; current_state.s5 ; current_state.s6 ; clock_4hz    ; clock_4hz   ; 0.000        ; 0.000      ; 0.396      ;
; 0.245 ; current_state.s2 ; current_state.s3 ; clock_4hz    ; clock_4hz   ; 0.000        ; 0.000      ; 0.397      ;
; 0.245 ; current_state.s6 ; current_state.s7 ; clock_4hz    ; clock_4hz   ; 0.000        ; 0.000      ; 0.397      ;
; 0.246 ; current_state.s7 ; current_state.s0 ; clock_4hz    ; clock_4hz   ; 0.000        ; 0.000      ; 0.398      ;
; 0.289 ; current_state.s0 ; current_state.s1 ; clock_4hz    ; clock_4hz   ; 0.000        ; 0.000      ; 0.441      ;
+-------+------------------+------------------+--------------+-------------+--------------+------------+------------+


+---------------------------------------------------------------------------------------------------------------+
; Fast Model Minimum Pulse Width: 'CLOCK_50'                                                                    ;
+--------+--------------+----------------+------------------+----------+------------+---------------------------+
; Slack  ; Actual Width ; Required Width ; Type             ; Clock    ; Clock Edge ; Target                    ;
+--------+--------------+----------------+------------------+----------+------------+---------------------------+
; -1.380 ; 1.000        ; 2.380          ; Port Rate        ; CLOCK_50 ; Rise       ; CLOCK_50                  ;
; -0.500 ; 0.500        ; 1.000          ; High Pulse Width ; CLOCK_50 ; Rise       ; clock_4hz                 ;
; -0.500 ; 0.500        ; 1.000          ; Low Pulse Width  ; CLOCK_50 ; Rise       ; clock_4hz                 ;
; -0.500 ; 0.500        ; 1.000          ; High Pulse Width ; CLOCK_50 ; Rise       ; q[0]                      ;
; -0.500 ; 0.500        ; 1.000          ; Low Pulse Width  ; CLOCK_50 ; Rise       ; q[0]                      ;
; -0.500 ; 0.500        ; 1.000          ; High Pulse Width ; CLOCK_50 ; Rise       ; q[10]                     ;
; -0.500 ; 0.500        ; 1.000          ; Low Pulse Width  ; CLOCK_50 ; Rise       ; q[10]                     ;
; -0.500 ; 0.500        ; 1.000          ; High Pulse Width ; CLOCK_50 ; Rise       ; q[11]                     ;
; -0.500 ; 0.500        ; 1.000          ; Low Pulse Width  ; CLOCK_50 ; Rise       ; q[11]                     ;
; -0.500 ; 0.500        ; 1.000          ; High Pulse Width ; CLOCK_50 ; Rise       ; q[12]                     ;
; -0.500 ; 0.500        ; 1.000          ; Low Pulse Width  ; CLOCK_50 ; Rise       ; q[12]                     ;
; -0.500 ; 0.500        ; 1.000          ; High Pulse Width ; CLOCK_50 ; Rise       ; q[13]                     ;
; -0.500 ; 0.500        ; 1.000          ; Low Pulse Width  ; CLOCK_50 ; Rise       ; q[13]                     ;
; -0.500 ; 0.500        ; 1.000          ; High Pulse Width ; CLOCK_50 ; Rise       ; q[14]                     ;
; -0.500 ; 0.500        ; 1.000          ; Low Pulse Width  ; CLOCK_50 ; Rise       ; q[14]                     ;
; -0.500 ; 0.500        ; 1.000          ; High Pulse Width ; CLOCK_50 ; Rise       ; q[15]                     ;
; -0.500 ; 0.500        ; 1.000          ; Low Pulse Width  ; CLOCK_50 ; Rise       ; q[15]                     ;
; -0.500 ; 0.500        ; 1.000          ; High Pulse Width ; CLOCK_50 ; Rise       ; q[16]                     ;
; -0.500 ; 0.500        ; 1.000          ; Low Pulse Width  ; CLOCK_50 ; Rise       ; q[16]                     ;
; -0.500 ; 0.500        ; 1.000          ; High Pulse Width ; CLOCK_50 ; Rise       ; q[17]                     ;
; -0.500 ; 0.500        ; 1.000          ; Low Pulse Width  ; CLOCK_50 ; Rise       ; q[17]                     ;
; -0.500 ; 0.500        ; 1.000          ; High Pulse Width ; CLOCK_50 ; Rise       ; q[18]                     ;
; -0.500 ; 0.500        ; 1.000          ; Low Pulse Width  ; CLOCK_50 ; Rise       ; q[18]                     ;
; -0.500 ; 0.500        ; 1.000          ; High Pulse Width ; CLOCK_50 ; Rise       ; q[19]                     ;
; -0.500 ; 0.500        ; 1.000          ; Low Pulse Width  ; CLOCK_50 ; Rise       ; q[19]                     ;
; -0.500 ; 0.500        ; 1.000          ; High Pulse Width ; CLOCK_50 ; Rise       ; q[1]                      ;
; -0.500 ; 0.500        ; 1.000          ; Low Pulse Width  ; CLOCK_50 ; Rise       ; q[1]                      ;
; -0.500 ; 0.500        ; 1.000          ; High Pulse Width ; CLOCK_50 ; Rise       ; q[20]                     ;
; -0.500 ; 0.500        ; 1.000          ; Low Pulse Width  ; CLOCK_50 ; Rise       ; q[20]                     ;
; -0.500 ; 0.500        ; 1.000          ; High Pulse Width ; CLOCK_50 ; Rise       ; q[21]                     ;
; -0.500 ; 0.500        ; 1.000          ; Low Pulse Width  ; CLOCK_50 ; Rise       ; q[21]                     ;
; -0.500 ; 0.500        ; 1.000          ; High Pulse Width ; CLOCK_50 ; Rise       ; q[22]                     ;
; -0.500 ; 0.500        ; 1.000          ; Low Pulse Width  ; CLOCK_50 ; Rise       ; q[22]                     ;
; -0.500 ; 0.500        ; 1.000          ; High Pulse Width ; CLOCK_50 ; Rise       ; q[23]                     ;
; -0.500 ; 0.500        ; 1.000          ; Low Pulse Width  ; CLOCK_50 ; Rise       ; q[23]                     ;
; -0.500 ; 0.500        ; 1.000          ; High Pulse Width ; CLOCK_50 ; Rise       ; q[24]                     ;
; -0.500 ; 0.500        ; 1.000          ; Low Pulse Width  ; CLOCK_50 ; Rise       ; q[24]                     ;
; -0.500 ; 0.500        ; 1.000          ; High Pulse Width ; CLOCK_50 ; Rise       ; q[25]                     ;
; -0.500 ; 0.500        ; 1.000          ; Low Pulse Width  ; CLOCK_50 ; Rise       ; q[25]                     ;
; -0.500 ; 0.500        ; 1.000          ; High Pulse Width ; CLOCK_50 ; Rise       ; q[26]                     ;
; -0.500 ; 0.500        ; 1.000          ; Low Pulse Width  ; CLOCK_50 ; Rise       ; q[26]                     ;
; -0.500 ; 0.500        ; 1.000          ; High Pulse Width ; CLOCK_50 ; Rise       ; q[27]                     ;
; -0.500 ; 0.500        ; 1.000          ; Low Pulse Width  ; CLOCK_50 ; Rise       ; q[27]                     ;
; -0.500 ; 0.500        ; 1.000          ; High Pulse Width ; CLOCK_50 ; Rise       ; q[28]                     ;
; -0.500 ; 0.500        ; 1.000          ; Low Pulse Width  ; CLOCK_50 ; Rise       ; q[28]                     ;
; -0.500 ; 0.500        ; 1.000          ; High Pulse Width ; CLOCK_50 ; Rise       ; q[29]                     ;
; -0.500 ; 0.500        ; 1.000          ; Low Pulse Width  ; CLOCK_50 ; Rise       ; q[29]                     ;
; -0.500 ; 0.500        ; 1.000          ; High Pulse Width ; CLOCK_50 ; Rise       ; q[2]                      ;
; -0.500 ; 0.500        ; 1.000          ; Low Pulse Width  ; CLOCK_50 ; Rise       ; q[2]                      ;
; -0.500 ; 0.500        ; 1.000          ; High Pulse Width ; CLOCK_50 ; Rise       ; q[30]                     ;
; -0.500 ; 0.500        ; 1.000          ; Low Pulse Width  ; CLOCK_50 ; Rise       ; q[30]                     ;
; -0.500 ; 0.500        ; 1.000          ; High Pulse Width ; CLOCK_50 ; Rise       ; q[31]                     ;
; -0.500 ; 0.500        ; 1.000          ; Low Pulse Width  ; CLOCK_50 ; Rise       ; q[31]                     ;
; -0.500 ; 0.500        ; 1.000          ; High Pulse Width ; CLOCK_50 ; Rise       ; q[3]                      ;
; -0.500 ; 0.500        ; 1.000          ; Low Pulse Width  ; CLOCK_50 ; Rise       ; q[3]                      ;
; -0.500 ; 0.500        ; 1.000          ; High Pulse Width ; CLOCK_50 ; Rise       ; q[4]                      ;
; -0.500 ; 0.500        ; 1.000          ; Low Pulse Width  ; CLOCK_50 ; Rise       ; q[4]                      ;
; -0.500 ; 0.500        ; 1.000          ; High Pulse Width ; CLOCK_50 ; Rise       ; q[5]                      ;
; -0.500 ; 0.500        ; 1.000          ; Low Pulse Width  ; CLOCK_50 ; Rise       ; q[5]                      ;
; -0.500 ; 0.500        ; 1.000          ; High Pulse Width ; CLOCK_50 ; Rise       ; q[6]                      ;
; -0.500 ; 0.500        ; 1.000          ; Low Pulse Width  ; CLOCK_50 ; Rise       ; q[6]                      ;
; -0.500 ; 0.500        ; 1.000          ; High Pulse Width ; CLOCK_50 ; Rise       ; q[7]                      ;
; -0.500 ; 0.500        ; 1.000          ; Low Pulse Width  ; CLOCK_50 ; Rise       ; q[7]                      ;
; -0.500 ; 0.500        ; 1.000          ; High Pulse Width ; CLOCK_50 ; Rise       ; q[8]                      ;
; -0.500 ; 0.500        ; 1.000          ; Low Pulse Width  ; CLOCK_50 ; Rise       ; q[8]                      ;
; -0.500 ; 0.500        ; 1.000          ; High Pulse Width ; CLOCK_50 ; Rise       ; q[9]                      ;
; -0.500 ; 0.500        ; 1.000          ; Low Pulse Width  ; CLOCK_50 ; Rise       ; q[9]                      ;
; 0.500  ; 0.500        ; 0.000          ; High Pulse Width ; CLOCK_50 ; Rise       ; CLOCK_50|combout          ;
; 0.500  ; 0.500        ; 0.000          ; Low Pulse Width  ; CLOCK_50 ; Rise       ; CLOCK_50|combout          ;
; 0.500  ; 0.500        ; 0.000          ; High Pulse Width ; CLOCK_50 ; Rise       ; CLOCK_50~clkctrl|inclk[0] ;
; 0.500  ; 0.500        ; 0.000          ; Low Pulse Width  ; CLOCK_50 ; Rise       ; CLOCK_50~clkctrl|inclk[0] ;
; 0.500  ; 0.500        ; 0.000          ; High Pulse Width ; CLOCK_50 ; Rise       ; CLOCK_50~clkctrl|outclk   ;
; 0.500  ; 0.500        ; 0.000          ; Low Pulse Width  ; CLOCK_50 ; Rise       ; CLOCK_50~clkctrl|outclk   ;
; 0.500  ; 0.500        ; 0.000          ; High Pulse Width ; CLOCK_50 ; Rise       ; clock_4hz|clk             ;
; 0.500  ; 0.500        ; 0.000          ; Low Pulse Width  ; CLOCK_50 ; Rise       ; clock_4hz|clk             ;
; 0.500  ; 0.500        ; 0.000          ; High Pulse Width ; CLOCK_50 ; Rise       ; q[0]|clk                  ;
; 0.500  ; 0.500        ; 0.000          ; Low Pulse Width  ; CLOCK_50 ; Rise       ; q[0]|clk                  ;
; 0.500  ; 0.500        ; 0.000          ; High Pulse Width ; CLOCK_50 ; Rise       ; q[10]|clk                 ;
; 0.500  ; 0.500        ; 0.000          ; Low Pulse Width  ; CLOCK_50 ; Rise       ; q[10]|clk                 ;
; 0.500  ; 0.500        ; 0.000          ; High Pulse Width ; CLOCK_50 ; Rise       ; q[11]|clk                 ;
; 0.500  ; 0.500        ; 0.000          ; Low Pulse Width  ; CLOCK_50 ; Rise       ; q[11]|clk                 ;
; 0.500  ; 0.500        ; 0.000          ; High Pulse Width ; CLOCK_50 ; Rise       ; q[12]|clk                 ;
; 0.500  ; 0.500        ; 0.000          ; Low Pulse Width  ; CLOCK_50 ; Rise       ; q[12]|clk                 ;
; 0.500  ; 0.500        ; 0.000          ; High Pulse Width ; CLOCK_50 ; Rise       ; q[13]|clk                 ;
; 0.500  ; 0.500        ; 0.000          ; Low Pulse Width  ; CLOCK_50 ; Rise       ; q[13]|clk                 ;
; 0.500  ; 0.500        ; 0.000          ; High Pulse Width ; CLOCK_50 ; Rise       ; q[14]|clk                 ;
; 0.500  ; 0.500        ; 0.000          ; Low Pulse Width  ; CLOCK_50 ; Rise       ; q[14]|clk                 ;
; 0.500  ; 0.500        ; 0.000          ; High Pulse Width ; CLOCK_50 ; Rise       ; q[15]|clk                 ;
; 0.500  ; 0.500        ; 0.000          ; Low Pulse Width  ; CLOCK_50 ; Rise       ; q[15]|clk                 ;
; 0.500  ; 0.500        ; 0.000          ; High Pulse Width ; CLOCK_50 ; Rise       ; q[16]|clk                 ;
; 0.500  ; 0.500        ; 0.000          ; Low Pulse Width  ; CLOCK_50 ; Rise       ; q[16]|clk                 ;
; 0.500  ; 0.500        ; 0.000          ; High Pulse Width ; CLOCK_50 ; Rise       ; q[17]|clk                 ;
; 0.500  ; 0.500        ; 0.000          ; Low Pulse Width  ; CLOCK_50 ; Rise       ; q[17]|clk                 ;
; 0.500  ; 0.500        ; 0.000          ; High Pulse Width ; CLOCK_50 ; Rise       ; q[18]|clk                 ;
; 0.500  ; 0.500        ; 0.000          ; Low Pulse Width  ; CLOCK_50 ; Rise       ; q[18]|clk                 ;
; 0.500  ; 0.500        ; 0.000          ; High Pulse Width ; CLOCK_50 ; Rise       ; q[19]|clk                 ;
; 0.500  ; 0.500        ; 0.000          ; Low Pulse Width  ; CLOCK_50 ; Rise       ; q[19]|clk                 ;
; 0.500  ; 0.500        ; 0.000          ; High Pulse Width ; CLOCK_50 ; Rise       ; q[1]|clk                  ;
; 0.500  ; 0.500        ; 0.000          ; Low Pulse Width  ; CLOCK_50 ; Rise       ; q[1]|clk                  ;
; 0.500  ; 0.500        ; 0.000          ; High Pulse Width ; CLOCK_50 ; Rise       ; q[20]|clk                 ;
+--------+--------------+----------------+------------------+----------+------------+---------------------------+


+-----------------------------------------------------------------------------------------------------------------+
; Fast Model Minimum Pulse Width: 'clock_4hz'                                                                     ;
+--------+--------------+----------------+------------------+-----------+------------+----------------------------+
; Slack  ; Actual Width ; Required Width ; Type             ; Clock     ; Clock Edge ; Target                     ;
+--------+--------------+----------------+------------------+-----------+------------+----------------------------+
; -0.500 ; 0.500        ; 1.000          ; High Pulse Width ; clock_4hz ; Rise       ; current_state.s0           ;
; -0.500 ; 0.500        ; 1.000          ; Low Pulse Width  ; clock_4hz ; Rise       ; current_state.s0           ;
; -0.500 ; 0.500        ; 1.000          ; High Pulse Width ; clock_4hz ; Rise       ; current_state.s1           ;
; -0.500 ; 0.500        ; 1.000          ; Low Pulse Width  ; clock_4hz ; Rise       ; current_state.s1           ;
; -0.500 ; 0.500        ; 1.000          ; High Pulse Width ; clock_4hz ; Rise       ; current_state.s2           ;
; -0.500 ; 0.500        ; 1.000          ; Low Pulse Width  ; clock_4hz ; Rise       ; current_state.s2           ;
; -0.500 ; 0.500        ; 1.000          ; High Pulse Width ; clock_4hz ; Rise       ; current_state.s3           ;
; -0.500 ; 0.500        ; 1.000          ; Low Pulse Width  ; clock_4hz ; Rise       ; current_state.s3           ;
; -0.500 ; 0.500        ; 1.000          ; High Pulse Width ; clock_4hz ; Rise       ; current_state.s4           ;
; -0.500 ; 0.500        ; 1.000          ; Low Pulse Width  ; clock_4hz ; Rise       ; current_state.s4           ;
; -0.500 ; 0.500        ; 1.000          ; High Pulse Width ; clock_4hz ; Rise       ; current_state.s5           ;
; -0.500 ; 0.500        ; 1.000          ; Low Pulse Width  ; clock_4hz ; Rise       ; current_state.s5           ;
; -0.500 ; 0.500        ; 1.000          ; High Pulse Width ; clock_4hz ; Rise       ; current_state.s6           ;
; -0.500 ; 0.500        ; 1.000          ; Low Pulse Width  ; clock_4hz ; Rise       ; current_state.s6           ;
; -0.500 ; 0.500        ; 1.000          ; High Pulse Width ; clock_4hz ; Rise       ; current_state.s7           ;
; -0.500 ; 0.500        ; 1.000          ; Low Pulse Width  ; clock_4hz ; Rise       ; current_state.s7           ;
; 0.500  ; 0.500        ; 0.000          ; High Pulse Width ; clock_4hz ; Rise       ; clock_4hz|regout           ;
; 0.500  ; 0.500        ; 0.000          ; Low Pulse Width  ; clock_4hz ; Rise       ; clock_4hz|regout           ;
; 0.500  ; 0.500        ; 0.000          ; High Pulse Width ; clock_4hz ; Rise       ; clock_4hz~clkctrl|inclk[0] ;
; 0.500  ; 0.500        ; 0.000          ; Low Pulse Width  ; clock_4hz ; Rise       ; clock_4hz~clkctrl|inclk[0] ;
; 0.500  ; 0.500        ; 0.000          ; High Pulse Width ; clock_4hz ; Rise       ; clock_4hz~clkctrl|outclk   ;
; 0.500  ; 0.500        ; 0.000          ; Low Pulse Width  ; clock_4hz ; Rise       ; clock_4hz~clkctrl|outclk   ;
; 0.500  ; 0.500        ; 0.000          ; High Pulse Width ; clock_4hz ; Rise       ; current_state.s0|clk       ;
; 0.500  ; 0.500        ; 0.000          ; Low Pulse Width  ; clock_4hz ; Rise       ; current_state.s0|clk       ;
; 0.500  ; 0.500        ; 0.000          ; High Pulse Width ; clock_4hz ; Rise       ; current_state.s1|clk       ;
; 0.500  ; 0.500        ; 0.000          ; Low Pulse Width  ; clock_4hz ; Rise       ; current_state.s1|clk       ;
; 0.500  ; 0.500        ; 0.000          ; High Pulse Width ; clock_4hz ; Rise       ; current_state.s2|clk       ;
; 0.500  ; 0.500        ; 0.000          ; Low Pulse Width  ; clock_4hz ; Rise       ; current_state.s2|clk       ;
; 0.500  ; 0.500        ; 0.000          ; High Pulse Width ; clock_4hz ; Rise       ; current_state.s3|clk       ;
; 0.500  ; 0.500        ; 0.000          ; Low Pulse Width  ; clock_4hz ; Rise       ; current_state.s3|clk       ;
; 0.500  ; 0.500        ; 0.000          ; High Pulse Width ; clock_4hz ; Rise       ; current_state.s4|clk       ;
; 0.500  ; 0.500        ; 0.000          ; Low Pulse Width  ; clock_4hz ; Rise       ; current_state.s4|clk       ;
; 0.500  ; 0.500        ; 0.000          ; High Pulse Width ; clock_4hz ; Rise       ; current_state.s5|clk       ;
; 0.500  ; 0.500        ; 0.000          ; Low Pulse Width  ; clock_4hz ; Rise       ; current_state.s5|clk       ;
; 0.500  ; 0.500        ; 0.000          ; High Pulse Width ; clock_4hz ; Rise       ; current_state.s6|clk       ;
; 0.500  ; 0.500        ; 0.000          ; Low Pulse Width  ; clock_4hz ; Rise       ; current_state.s6|clk       ;
; 0.500  ; 0.500        ; 0.000          ; High Pulse Width ; clock_4hz ; Rise       ; current_state.s7|clk       ;
; 0.500  ; 0.500        ; 0.000          ; Low Pulse Width  ; clock_4hz ; Rise       ; current_state.s7|clk       ;
+--------+--------------+----------------+------------------+-----------+------------+----------------------------+


+-------------------------------------------------------------------------+
; Setup Times                                                             ;
+-----------+------------+--------+--------+------------+-----------------+
; Data Port ; Clock Port ; Rise   ; Fall   ; Clock Edge ; Clock Reference ;
+-----------+------------+--------+--------+------------+-----------------+
; SW[*]     ; clock_4hz  ; -0.107 ; -0.107 ; Rise       ; clock_4hz       ;
;  SW[1]    ; clock_4hz  ; -0.107 ; -0.107 ; Rise       ; clock_4hz       ;
+-----------+------------+--------+--------+------------+-----------------+


+-----------------------------------------------------------------------+
; Hold Times                                                            ;
+-----------+------------+-------+-------+------------+-----------------+
; Data Port ; Clock Port ; Rise  ; Fall  ; Clock Edge ; Clock Reference ;
+-----------+------------+-------+-------+------------+-----------------+
; SW[*]     ; clock_4hz  ; 0.301 ; 0.301 ; Rise       ; clock_4hz       ;
;  SW[1]    ; clock_4hz  ; 0.301 ; 0.301 ; Rise       ; clock_4hz       ;
+-----------+------------+-------+-------+------------+-----------------+


+-----------------------------------------------------------------------+
; Clock to Output Times                                                 ;
+-----------+------------+-------+-------+------------+-----------------+
; Data Port ; Clock Port ; Rise  ; Fall  ; Clock Edge ; Clock Reference ;
+-----------+------------+-------+-------+------------+-----------------+
; HEX0[*]   ; clock_4hz  ; 6.065 ; 6.065 ; Rise       ; clock_4hz       ;
;  HEX0[0]  ; clock_4hz  ; 4.618 ; 4.618 ; Rise       ; clock_4hz       ;
;  HEX0[1]  ; clock_4hz  ; 4.728 ; 4.728 ; Rise       ; clock_4hz       ;
;  HEX0[2]  ; clock_4hz  ; 4.509 ; 4.509 ; Rise       ; clock_4hz       ;
;  HEX0[3]  ; clock_4hz  ; 6.065 ; 6.065 ; Rise       ; clock_4hz       ;
;  HEX0[4]  ; clock_4hz  ; 4.943 ; 4.943 ; Rise       ; clock_4hz       ;
;  HEX0[5]  ; clock_4hz  ; 4.752 ; 4.752 ; Rise       ; clock_4hz       ;
;  HEX0[6]  ; clock_4hz  ; 4.781 ; 4.781 ; Rise       ; clock_4hz       ;
; HEX1[*]   ; clock_4hz  ; 6.552 ; 6.552 ; Rise       ; clock_4hz       ;
;  HEX1[0]  ; clock_4hz  ; 5.839 ; 5.839 ; Rise       ; clock_4hz       ;
;  HEX1[1]  ; clock_4hz  ; 5.612 ; 5.612 ; Rise       ; clock_4hz       ;
;  HEX1[2]  ; clock_4hz  ; 5.186 ; 5.186 ; Rise       ; clock_4hz       ;
;  HEX1[3]  ; clock_4hz  ; 6.552 ; 6.552 ; Rise       ; clock_4hz       ;
;  HEX1[4]  ; clock_4hz  ; 6.010 ; 6.010 ; Rise       ; clock_4hz       ;
;  HEX1[5]  ; clock_4hz  ; 5.066 ; 5.066 ; Rise       ; clock_4hz       ;
;  HEX1[6]  ; clock_4hz  ; 5.132 ; 5.132 ; Rise       ; clock_4hz       ;
; HEX2[*]   ; clock_4hz  ; 6.946 ; 6.946 ; Rise       ; clock_4hz       ;
;  HEX2[0]  ; clock_4hz  ; 6.946 ; 6.946 ; Rise       ; clock_4hz       ;
;  HEX2[1]  ; clock_4hz  ; 5.441 ; 5.441 ; Rise       ; clock_4hz       ;
;  HEX2[2]  ; clock_4hz  ; 5.117 ; 5.117 ; Rise       ; clock_4hz       ;
;  HEX2[3]  ; clock_4hz  ; 5.344 ; 5.344 ; Rise       ; clock_4hz       ;
;  HEX2[4]  ; clock_4hz  ; 4.992 ; 4.992 ; Rise       ; clock_4hz       ;
;  HEX2[5]  ; clock_4hz  ; 5.151 ; 5.151 ; Rise       ; clock_4hz       ;
;  HEX2[6]  ; clock_4hz  ; 5.145 ; 5.145 ; Rise       ; clock_4hz       ;
; HEX3[*]   ; clock_4hz  ; 6.392 ; 6.392 ; Rise       ; clock_4hz       ;
;  HEX3[0]  ; clock_4hz  ; 5.066 ; 5.066 ; Rise       ; clock_4hz       ;
;  HEX3[1]  ; clock_4hz  ; 5.160 ; 5.160 ; Rise       ; clock_4hz       ;
;  HEX3[2]  ; clock_4hz  ; 5.094 ; 5.094 ; Rise       ; clock_4hz       ;
;  HEX3[3]  ; clock_4hz  ; 6.392 ; 6.392 ; Rise       ; clock_4hz       ;
;  HEX3[4]  ; clock_4hz  ; 5.840 ; 5.840 ; Rise       ; clock_4hz       ;
;  HEX3[5]  ; clock_4hz  ; 5.468 ; 5.468 ; Rise       ; clock_4hz       ;
;  HEX3[6]  ; clock_4hz  ; 5.116 ; 5.116 ; Rise       ; clock_4hz       ;
; HEX4[*]   ; clock_4hz  ; 5.254 ; 5.254 ; Rise       ; clock_4hz       ;
;  HEX4[0]  ; clock_4hz  ; 4.848 ; 4.848 ; Rise       ; clock_4hz       ;
;  HEX4[1]  ; clock_4hz  ; 5.179 ; 5.179 ; Rise       ; clock_4hz       ;
;  HEX4[2]  ; clock_4hz  ; 5.254 ; 5.254 ; Rise       ; clock_4hz       ;
;  HEX4[3]  ; clock_4hz  ; 5.205 ; 5.205 ; Rise       ; clock_4hz       ;
;  HEX4[4]  ; clock_4hz  ; 5.197 ; 5.197 ; Rise       ; clock_4hz       ;
;  HEX4[5]  ; clock_4hz  ; 5.208 ; 5.208 ; Rise       ; clock_4hz       ;
;  HEX4[6]  ; clock_4hz  ; 4.903 ; 4.903 ; Rise       ; clock_4hz       ;
; HEX5[*]   ; clock_4hz  ; 5.375 ; 5.375 ; Rise       ; clock_4hz       ;
;  HEX5[0]  ; clock_4hz  ; 4.852 ; 4.852 ; Rise       ; clock_4hz       ;
;  HEX5[1]  ; clock_4hz  ; 5.163 ; 5.163 ; Rise       ; clock_4hz       ;
;  HEX5[2]  ; clock_4hz  ; 4.884 ; 4.884 ; Rise       ; clock_4hz       ;
;  HEX5[3]  ; clock_4hz  ; 4.948 ; 4.948 ; Rise       ; clock_4hz       ;
;  HEX5[4]  ; clock_4hz  ; 5.312 ; 5.312 ; Rise       ; clock_4hz       ;
;  HEX5[5]  ; clock_4hz  ; 5.307 ; 5.307 ; Rise       ; clock_4hz       ;
;  HEX5[6]  ; clock_4hz  ; 5.375 ; 5.375 ; Rise       ; clock_4hz       ;
; HEX6[*]   ; clock_4hz  ; 5.842 ; 5.842 ; Rise       ; clock_4hz       ;
;  HEX6[0]  ; clock_4hz  ; 5.371 ; 5.371 ; Rise       ; clock_4hz       ;
;  HEX6[1]  ; clock_4hz  ; 5.334 ; 5.334 ; Rise       ; clock_4hz       ;
;  HEX6[2]  ; clock_4hz  ; 5.070 ; 5.070 ; Rise       ; clock_4hz       ;
;  HEX6[3]  ; clock_4hz  ; 5.842 ; 5.842 ; Rise       ; clock_4hz       ;
;  HEX6[4]  ; clock_4hz  ; 5.473 ; 5.473 ; Rise       ; clock_4hz       ;
;  HEX6[5]  ; clock_4hz  ; 5.142 ; 5.142 ; Rise       ; clock_4hz       ;
;  HEX6[6]  ; clock_4hz  ; 5.545 ; 5.545 ; Rise       ; clock_4hz       ;
; HEX7[*]   ; clock_4hz  ; 5.638 ; 5.638 ; Rise       ; clock_4hz       ;
;  HEX7[0]  ; clock_4hz  ; 5.428 ; 5.428 ; Rise       ; clock_4hz       ;
;  HEX7[1]  ; clock_4hz  ; 5.444 ; 5.444 ; Rise       ; clock_4hz       ;
;  HEX7[2]  ; clock_4hz  ; 5.622 ; 5.622 ; Rise       ; clock_4hz       ;
;  HEX7[3]  ; clock_4hz  ; 5.638 ; 5.638 ; Rise       ; clock_4hz       ;
;  HEX7[4]  ; clock_4hz  ; 5.270 ; 5.270 ; Rise       ; clock_4hz       ;
;  HEX7[5]  ; clock_4hz  ; 5.199 ; 5.199 ; Rise       ; clock_4hz       ;
;  HEX7[6]  ; clock_4hz  ; 5.257 ; 5.257 ; Rise       ; clock_4hz       ;
+-----------+------------+-------+-------+------------+-----------------+


+-----------------------------------------------------------------------+
; Minimum Clock to Output Times                                         ;
+-----------+------------+-------+-------+------------+-----------------+
; Data Port ; Clock Port ; Rise  ; Fall  ; Clock Edge ; Clock Reference ;
+-----------+------------+-------+-------+------------+-----------------+
; HEX0[*]   ; clock_4hz  ; 4.440 ; 4.440 ; Rise       ; clock_4hz       ;
;  HEX0[0]  ; clock_4hz  ; 4.571 ; 4.571 ; Rise       ; clock_4hz       ;
;  HEX0[1]  ; clock_4hz  ; 4.446 ; 4.446 ; Rise       ; clock_4hz       ;
;  HEX0[2]  ; clock_4hz  ; 4.440 ; 4.440 ; Rise       ; clock_4hz       ;
;  HEX0[3]  ; clock_4hz  ; 5.563 ; 5.563 ; Rise       ; clock_4hz       ;
;  HEX0[4]  ; clock_4hz  ; 4.789 ; 4.789 ; Rise       ; clock_4hz       ;
;  HEX0[5]  ; clock_4hz  ; 4.686 ; 4.686 ; Rise       ; clock_4hz       ;
;  HEX0[6]  ; clock_4hz  ; 4.701 ; 4.701 ; Rise       ; clock_4hz       ;
; HEX1[*]   ; clock_4hz  ; 5.000 ; 5.000 ; Rise       ; clock_4hz       ;
;  HEX1[0]  ; clock_4hz  ; 5.768 ; 5.768 ; Rise       ; clock_4hz       ;
;  HEX1[1]  ; clock_4hz  ; 5.452 ; 5.452 ; Rise       ; clock_4hz       ;
;  HEX1[2]  ; clock_4hz  ; 5.099 ; 5.099 ; Rise       ; clock_4hz       ;
;  HEX1[3]  ; clock_4hz  ; 6.065 ; 6.065 ; Rise       ; clock_4hz       ;
;  HEX1[4]  ; clock_4hz  ; 5.867 ; 5.867 ; Rise       ; clock_4hz       ;
;  HEX1[5]  ; clock_4hz  ; 5.000 ; 5.000 ; Rise       ; clock_4hz       ;
;  HEX1[6]  ; clock_4hz  ; 5.010 ; 5.010 ; Rise       ; clock_4hz       ;
; HEX2[*]   ; clock_4hz  ; 4.905 ; 4.905 ; Rise       ; clock_4hz       ;
;  HEX2[0]  ; clock_4hz  ; 6.353 ; 6.353 ; Rise       ; clock_4hz       ;
;  HEX2[1]  ; clock_4hz  ; 5.338 ; 5.338 ; Rise       ; clock_4hz       ;
;  HEX2[2]  ; clock_4hz  ; 5.031 ; 5.031 ; Rise       ; clock_4hz       ;
;  HEX2[3]  ; clock_4hz  ; 5.163 ; 5.163 ; Rise       ; clock_4hz       ;
;  HEX2[4]  ; clock_4hz  ; 4.905 ; 4.905 ; Rise       ; clock_4hz       ;
;  HEX2[5]  ; clock_4hz  ; 4.989 ; 4.989 ; Rise       ; clock_4hz       ;
;  HEX2[6]  ; clock_4hz  ; 4.983 ; 4.983 ; Rise       ; clock_4hz       ;
; HEX3[*]   ; clock_4hz  ; 4.887 ; 4.887 ; Rise       ; clock_4hz       ;
;  HEX3[0]  ; clock_4hz  ; 4.887 ; 4.887 ; Rise       ; clock_4hz       ;
;  HEX3[1]  ; clock_4hz  ; 5.067 ; 5.067 ; Rise       ; clock_4hz       ;
;  HEX3[2]  ; clock_4hz  ; 5.061 ; 5.061 ; Rise       ; clock_4hz       ;
;  HEX3[3]  ; clock_4hz  ; 6.320 ; 6.320 ; Rise       ; clock_4hz       ;
;  HEX3[4]  ; clock_4hz  ; 5.744 ; 5.744 ; Rise       ; clock_4hz       ;
;  HEX3[5]  ; clock_4hz  ; 5.271 ; 5.271 ; Rise       ; clock_4hz       ;
;  HEX3[6]  ; clock_4hz  ; 4.919 ; 4.919 ; Rise       ; clock_4hz       ;
; HEX4[*]   ; clock_4hz  ; 4.624 ; 4.624 ; Rise       ; clock_4hz       ;
;  HEX4[0]  ; clock_4hz  ; 4.801 ; 4.801 ; Rise       ; clock_4hz       ;
;  HEX4[1]  ; clock_4hz  ; 4.798 ; 4.798 ; Rise       ; clock_4hz       ;
;  HEX4[2]  ; clock_4hz  ; 4.792 ; 4.792 ; Rise       ; clock_4hz       ;
;  HEX4[3]  ; clock_4hz  ; 5.139 ; 5.139 ; Rise       ; clock_4hz       ;
;  HEX4[4]  ; clock_4hz  ; 4.624 ; 4.624 ; Rise       ; clock_4hz       ;
;  HEX4[5]  ; clock_4hz  ; 4.706 ; 4.706 ; Rise       ; clock_4hz       ;
;  HEX4[6]  ; clock_4hz  ; 4.659 ; 4.659 ; Rise       ; clock_4hz       ;
; HEX5[*]   ; clock_4hz  ; 4.685 ; 4.685 ; Rise       ; clock_4hz       ;
;  HEX5[0]  ; clock_4hz  ; 4.781 ; 4.781 ; Rise       ; clock_4hz       ;
;  HEX5[1]  ; clock_4hz  ; 4.755 ; 4.755 ; Rise       ; clock_4hz       ;
;  HEX5[2]  ; clock_4hz  ; 4.685 ; 4.685 ; Rise       ; clock_4hz       ;
;  HEX5[3]  ; clock_4hz  ; 4.882 ; 4.882 ; Rise       ; clock_4hz       ;
;  HEX5[4]  ; clock_4hz  ; 4.887 ; 4.887 ; Rise       ; clock_4hz       ;
;  HEX5[5]  ; clock_4hz  ; 4.820 ; 4.820 ; Rise       ; clock_4hz       ;
;  HEX5[6]  ; clock_4hz  ; 4.782 ; 4.782 ; Rise       ; clock_4hz       ;
; HEX6[*]   ; clock_4hz  ; 4.778 ; 4.778 ; Rise       ; clock_4hz       ;
;  HEX6[0]  ; clock_4hz  ; 4.778 ; 4.778 ; Rise       ; clock_4hz       ;
;  HEX6[1]  ; clock_4hz  ; 4.845 ; 4.845 ; Rise       ; clock_4hz       ;
;  HEX6[2]  ; clock_4hz  ; 4.890 ; 4.890 ; Rise       ; clock_4hz       ;
;  HEX6[3]  ; clock_4hz  ; 5.680 ; 5.680 ; Rise       ; clock_4hz       ;
;  HEX6[4]  ; clock_4hz  ; 5.032 ; 5.032 ; Rise       ; clock_4hz       ;
;  HEX6[5]  ; clock_4hz  ; 4.961 ; 4.961 ; Rise       ; clock_4hz       ;
;  HEX6[6]  ; clock_4hz  ; 4.946 ; 4.946 ; Rise       ; clock_4hz       ;
; HEX7[*]   ; clock_4hz  ; 4.990 ; 4.990 ; Rise       ; clock_4hz       ;
;  HEX7[0]  ; clock_4hz  ; 5.249 ; 5.249 ; Rise       ; clock_4hz       ;
;  HEX7[1]  ; clock_4hz  ; 4.990 ; 4.990 ; Rise       ; clock_4hz       ;
;  HEX7[2]  ; clock_4hz  ; 5.322 ; 5.322 ; Rise       ; clock_4hz       ;
;  HEX7[3]  ; clock_4hz  ; 5.441 ; 5.441 ; Rise       ; clock_4hz       ;
;  HEX7[4]  ; clock_4hz  ; 5.131 ; 5.131 ; Rise       ; clock_4hz       ;
;  HEX7[5]  ; clock_4hz  ; 5.127 ; 5.127 ; Rise       ; clock_4hz       ;
;  HEX7[6]  ; clock_4hz  ; 5.230 ; 5.230 ; Rise       ; clock_4hz       ;
+-----------+------------+-------+-------+------------+-----------------+


+--------------------------------------------------------------------------------+
; Multicorner Timing Analysis Summary                                            ;
+------------------+---------+--------+----------+---------+---------------------+
; Clock            ; Setup   ; Hold   ; Recovery ; Removal ; Minimum Pulse Width ;
+------------------+---------+--------+----------+---------+---------------------+
; Worst-case Slack ; -2.832  ; -2.541 ; N/A      ; N/A     ; -1.380              ;
;  CLOCK_50        ; -2.832  ; -2.541 ; N/A      ; N/A     ; -1.380              ;
;  clock_4hz       ; 0.113   ; 0.239  ; N/A      ; N/A     ; -0.500              ;
; Design-wide TNS  ; -64.56  ; -2.541 ; 0.0      ; 0.0     ; -42.38              ;
;  CLOCK_50        ; -64.560 ; -2.541 ; N/A      ; N/A     ; -34.380             ;
;  clock_4hz       ; 0.000   ; 0.000  ; N/A      ; N/A     ; -8.000              ;
+------------------+---------+--------+----------+---------+---------------------+


+-----------------------------------------------------------------------+
; Setup Times                                                           ;
+-----------+------------+-------+-------+------------+-----------------+
; Data Port ; Clock Port ; Rise  ; Fall  ; Clock Edge ; Clock Reference ;
+-----------+------------+-------+-------+------------+-----------------+
; SW[*]     ; clock_4hz  ; 0.208 ; 0.208 ; Rise       ; clock_4hz       ;
;  SW[1]    ; clock_4hz  ; 0.208 ; 0.208 ; Rise       ; clock_4hz       ;
+-----------+------------+-------+-------+------------+-----------------+


+-----------------------------------------------------------------------+
; Hold Times                                                            ;
+-----------+------------+-------+-------+------------+-----------------+
; Data Port ; Clock Port ; Rise  ; Fall  ; Clock Edge ; Clock Reference ;
+-----------+------------+-------+-------+------------+-----------------+
; SW[*]     ; clock_4hz  ; 0.301 ; 0.301 ; Rise       ; clock_4hz       ;
;  SW[1]    ; clock_4hz  ; 0.301 ; 0.301 ; Rise       ; clock_4hz       ;
+-----------+------------+-------+-------+------------+-----------------+


+-------------------------------------------------------------------------+
; Clock to Output Times                                                   ;
+-----------+------------+--------+--------+------------+-----------------+
; Data Port ; Clock Port ; Rise   ; Fall   ; Clock Edge ; Clock Reference ;
+-----------+------------+--------+--------+------------+-----------------+
; HEX0[*]   ; clock_4hz  ; 11.491 ; 11.491 ; Rise       ; clock_4hz       ;
;  HEX0[0]  ; clock_4hz  ; 8.561  ; 8.561  ; Rise       ; clock_4hz       ;
;  HEX0[1]  ; clock_4hz  ; 8.864  ; 8.864  ; Rise       ; clock_4hz       ;
;  HEX0[2]  ; clock_4hz  ; 8.325  ; 8.325  ; Rise       ; clock_4hz       ;
;  HEX0[3]  ; clock_4hz  ; 11.491 ; 11.491 ; Rise       ; clock_4hz       ;
;  HEX0[4]  ; clock_4hz  ; 9.205  ; 9.205  ; Rise       ; clock_4hz       ;
;  HEX0[5]  ; clock_4hz  ; 8.793  ; 8.793  ; Rise       ; clock_4hz       ;
;  HEX0[6]  ; clock_4hz  ; 8.904  ; 8.904  ; Rise       ; clock_4hz       ;
; HEX1[*]   ; clock_4hz  ; 12.599 ; 12.599 ; Rise       ; clock_4hz       ;
;  HEX1[0]  ; clock_4hz  ; 10.976 ; 10.976 ; Rise       ; clock_4hz       ;
;  HEX1[1]  ; clock_4hz  ; 10.722 ; 10.722 ; Rise       ; clock_4hz       ;
;  HEX1[2]  ; clock_4hz  ; 9.864  ; 9.864  ; Rise       ; clock_4hz       ;
;  HEX1[3]  ; clock_4hz  ; 12.599 ; 12.599 ; Rise       ; clock_4hz       ;
;  HEX1[4]  ; clock_4hz  ; 11.429 ; 11.429 ; Rise       ; clock_4hz       ;
;  HEX1[5]  ; clock_4hz  ; 9.605  ; 9.605  ; Rise       ; clock_4hz       ;
;  HEX1[6]  ; clock_4hz  ; 9.662  ; 9.662  ; Rise       ; clock_4hz       ;
; HEX2[*]   ; clock_4hz  ; 13.206 ; 13.206 ; Rise       ; clock_4hz       ;
;  HEX2[0]  ; clock_4hz  ; 13.206 ; 13.206 ; Rise       ; clock_4hz       ;
;  HEX2[1]  ; clock_4hz  ; 10.440 ; 10.440 ; Rise       ; clock_4hz       ;
;  HEX2[2]  ; clock_4hz  ; 9.663  ; 9.663  ; Rise       ; clock_4hz       ;
;  HEX2[3]  ; clock_4hz  ; 10.171 ; 10.171 ; Rise       ; clock_4hz       ;
;  HEX2[4]  ; clock_4hz  ; 9.362  ; 9.362  ; Rise       ; clock_4hz       ;
;  HEX2[5]  ; clock_4hz  ; 9.740  ; 9.740  ; Rise       ; clock_4hz       ;
;  HEX2[6]  ; clock_4hz  ; 9.707  ; 9.707  ; Rise       ; clock_4hz       ;
; HEX3[*]   ; clock_4hz  ; 12.105 ; 12.105 ; Rise       ; clock_4hz       ;
;  HEX3[0]  ; clock_4hz  ; 9.558  ; 9.558  ; Rise       ; clock_4hz       ;
;  HEX3[1]  ; clock_4hz  ; 9.747  ; 9.747  ; Rise       ; clock_4hz       ;
;  HEX3[2]  ; clock_4hz  ; 9.658  ; 9.658  ; Rise       ; clock_4hz       ;
;  HEX3[3]  ; clock_4hz  ; 12.105 ; 12.105 ; Rise       ; clock_4hz       ;
;  HEX3[4]  ; clock_4hz  ; 11.007 ; 11.007 ; Rise       ; clock_4hz       ;
;  HEX3[5]  ; clock_4hz  ; 10.640 ; 10.640 ; Rise       ; clock_4hz       ;
;  HEX3[6]  ; clock_4hz  ; 9.744  ; 9.744  ; Rise       ; clock_4hz       ;
; HEX4[*]   ; clock_4hz  ; 9.830  ; 9.830  ; Rise       ; clock_4hz       ;
;  HEX4[0]  ; clock_4hz  ; 9.193  ; 9.193  ; Rise       ; clock_4hz       ;
;  HEX4[1]  ; clock_4hz  ; 9.682  ; 9.682  ; Rise       ; clock_4hz       ;
;  HEX4[2]  ; clock_4hz  ; 9.830  ; 9.830  ; Rise       ; clock_4hz       ;
;  HEX4[3]  ; clock_4hz  ; 9.638  ; 9.638  ; Rise       ; clock_4hz       ;
;  HEX4[4]  ; clock_4hz  ; 9.700  ; 9.700  ; Rise       ; clock_4hz       ;
;  HEX4[5]  ; clock_4hz  ; 9.721  ; 9.721  ; Rise       ; clock_4hz       ;
;  HEX4[6]  ; clock_4hz  ; 9.253  ; 9.253  ; Rise       ; clock_4hz       ;
; HEX5[*]   ; clock_4hz  ; 10.106 ; 10.106 ; Rise       ; clock_4hz       ;
;  HEX5[0]  ; clock_4hz  ; 9.115  ; 9.115  ; Rise       ; clock_4hz       ;
;  HEX5[1]  ; clock_4hz  ; 9.667  ; 9.667  ; Rise       ; clock_4hz       ;
;  HEX5[2]  ; clock_4hz  ; 9.190  ; 9.190  ; Rise       ; clock_4hz       ;
;  HEX5[3]  ; clock_4hz  ; 9.424  ; 9.424  ; Rise       ; clock_4hz       ;
;  HEX5[4]  ; clock_4hz  ; 9.981  ; 9.981  ; Rise       ; clock_4hz       ;
;  HEX5[5]  ; clock_4hz  ; 9.973  ; 9.973  ; Rise       ; clock_4hz       ;
;  HEX5[6]  ; clock_4hz  ; 10.106 ; 10.106 ; Rise       ; clock_4hz       ;
; HEX6[*]   ; clock_4hz  ; 11.052 ; 11.052 ; Rise       ; clock_4hz       ;
;  HEX6[0]  ; clock_4hz  ; 10.019 ; 10.019 ; Rise       ; clock_4hz       ;
;  HEX6[1]  ; clock_4hz  ; 10.003 ; 10.003 ; Rise       ; clock_4hz       ;
;  HEX6[2]  ; clock_4hz  ; 9.651  ; 9.651  ; Rise       ; clock_4hz       ;
;  HEX6[3]  ; clock_4hz  ; 11.052 ; 11.052 ; Rise       ; clock_4hz       ;
;  HEX6[4]  ; clock_4hz  ; 10.217 ; 10.217 ; Rise       ; clock_4hz       ;
;  HEX6[5]  ; clock_4hz  ; 9.739  ; 9.739  ; Rise       ; clock_4hz       ;
;  HEX6[6]  ; clock_4hz  ; 10.372 ; 10.372 ; Rise       ; clock_4hz       ;
; HEX7[*]   ; clock_4hz  ; 10.837 ; 10.837 ; Rise       ; clock_4hz       ;
;  HEX7[0]  ; clock_4hz  ; 10.320 ; 10.320 ; Rise       ; clock_4hz       ;
;  HEX7[1]  ; clock_4hz  ; 10.132 ; 10.132 ; Rise       ; clock_4hz       ;
;  HEX7[2]  ; clock_4hz  ; 10.505 ; 10.505 ; Rise       ; clock_4hz       ;
;  HEX7[3]  ; clock_4hz  ; 10.837 ; 10.837 ; Rise       ; clock_4hz       ;
;  HEX7[4]  ; clock_4hz  ; 10.030 ; 10.030 ; Rise       ; clock_4hz       ;
;  HEX7[5]  ; clock_4hz  ; 9.802  ; 9.802  ; Rise       ; clock_4hz       ;
;  HEX7[6]  ; clock_4hz  ; 9.990  ; 9.990  ; Rise       ; clock_4hz       ;
+-----------+------------+--------+--------+------------+-----------------+


+-----------------------------------------------------------------------+
; Minimum Clock to Output Times                                         ;
+-----------+------------+-------+-------+------------+-----------------+
; Data Port ; Clock Port ; Rise  ; Fall  ; Clock Edge ; Clock Reference ;
+-----------+------------+-------+-------+------------+-----------------+
; HEX0[*]   ; clock_4hz  ; 4.440 ; 4.440 ; Rise       ; clock_4hz       ;
;  HEX0[0]  ; clock_4hz  ; 4.571 ; 4.571 ; Rise       ; clock_4hz       ;
;  HEX0[1]  ; clock_4hz  ; 4.446 ; 4.446 ; Rise       ; clock_4hz       ;
;  HEX0[2]  ; clock_4hz  ; 4.440 ; 4.440 ; Rise       ; clock_4hz       ;
;  HEX0[3]  ; clock_4hz  ; 5.563 ; 5.563 ; Rise       ; clock_4hz       ;
;  HEX0[4]  ; clock_4hz  ; 4.789 ; 4.789 ; Rise       ; clock_4hz       ;
;  HEX0[5]  ; clock_4hz  ; 4.686 ; 4.686 ; Rise       ; clock_4hz       ;
;  HEX0[6]  ; clock_4hz  ; 4.701 ; 4.701 ; Rise       ; clock_4hz       ;
; HEX1[*]   ; clock_4hz  ; 5.000 ; 5.000 ; Rise       ; clock_4hz       ;
;  HEX1[0]  ; clock_4hz  ; 5.768 ; 5.768 ; Rise       ; clock_4hz       ;
;  HEX1[1]  ; clock_4hz  ; 5.452 ; 5.452 ; Rise       ; clock_4hz       ;
;  HEX1[2]  ; clock_4hz  ; 5.099 ; 5.099 ; Rise       ; clock_4hz       ;
;  HEX1[3]  ; clock_4hz  ; 6.065 ; 6.065 ; Rise       ; clock_4hz       ;
;  HEX1[4]  ; clock_4hz  ; 5.867 ; 5.867 ; Rise       ; clock_4hz       ;
;  HEX1[5]  ; clock_4hz  ; 5.000 ; 5.000 ; Rise       ; clock_4hz       ;
;  HEX1[6]  ; clock_4hz  ; 5.010 ; 5.010 ; Rise       ; clock_4hz       ;
; HEX2[*]   ; clock_4hz  ; 4.905 ; 4.905 ; Rise       ; clock_4hz       ;
;  HEX2[0]  ; clock_4hz  ; 6.353 ; 6.353 ; Rise       ; clock_4hz       ;
;  HEX2[1]  ; clock_4hz  ; 5.338 ; 5.338 ; Rise       ; clock_4hz       ;
;  HEX2[2]  ; clock_4hz  ; 5.031 ; 5.031 ; Rise       ; clock_4hz       ;
;  HEX2[3]  ; clock_4hz  ; 5.163 ; 5.163 ; Rise       ; clock_4hz       ;
;  HEX2[4]  ; clock_4hz  ; 4.905 ; 4.905 ; Rise       ; clock_4hz       ;
;  HEX2[5]  ; clock_4hz  ; 4.989 ; 4.989 ; Rise       ; clock_4hz       ;
;  HEX2[6]  ; clock_4hz  ; 4.983 ; 4.983 ; Rise       ; clock_4hz       ;
; HEX3[*]   ; clock_4hz  ; 4.887 ; 4.887 ; Rise       ; clock_4hz       ;
;  HEX3[0]  ; clock_4hz  ; 4.887 ; 4.887 ; Rise       ; clock_4hz       ;
;  HEX3[1]  ; clock_4hz  ; 5.067 ; 5.067 ; Rise       ; clock_4hz       ;
;  HEX3[2]  ; clock_4hz  ; 5.061 ; 5.061 ; Rise       ; clock_4hz       ;
;  HEX3[3]  ; clock_4hz  ; 6.320 ; 6.320 ; Rise       ; clock_4hz       ;
;  HEX3[4]  ; clock_4hz  ; 5.744 ; 5.744 ; Rise       ; clock_4hz       ;
;  HEX3[5]  ; clock_4hz  ; 5.271 ; 5.271 ; Rise       ; clock_4hz       ;
;  HEX3[6]  ; clock_4hz  ; 4.919 ; 4.919 ; Rise       ; clock_4hz       ;
; HEX4[*]   ; clock_4hz  ; 4.624 ; 4.624 ; Rise       ; clock_4hz       ;
;  HEX4[0]  ; clock_4hz  ; 4.801 ; 4.801 ; Rise       ; clock_4hz       ;
;  HEX4[1]  ; clock_4hz  ; 4.798 ; 4.798 ; Rise       ; clock_4hz       ;
;  HEX4[2]  ; clock_4hz  ; 4.792 ; 4.792 ; Rise       ; clock_4hz       ;
;  HEX4[3]  ; clock_4hz  ; 5.139 ; 5.139 ; Rise       ; clock_4hz       ;
;  HEX4[4]  ; clock_4hz  ; 4.624 ; 4.624 ; Rise       ; clock_4hz       ;
;  HEX4[5]  ; clock_4hz  ; 4.706 ; 4.706 ; Rise       ; clock_4hz       ;
;  HEX4[6]  ; clock_4hz  ; 4.659 ; 4.659 ; Rise       ; clock_4hz       ;
; HEX5[*]   ; clock_4hz  ; 4.685 ; 4.685 ; Rise       ; clock_4hz       ;
;  HEX5[0]  ; clock_4hz  ; 4.781 ; 4.781 ; Rise       ; clock_4hz       ;
;  HEX5[1]  ; clock_4hz  ; 4.755 ; 4.755 ; Rise       ; clock_4hz       ;
;  HEX5[2]  ; clock_4hz  ; 4.685 ; 4.685 ; Rise       ; clock_4hz       ;
;  HEX5[3]  ; clock_4hz  ; 4.882 ; 4.882 ; Rise       ; clock_4hz       ;
;  HEX5[4]  ; clock_4hz  ; 4.887 ; 4.887 ; Rise       ; clock_4hz       ;
;  HEX5[5]  ; clock_4hz  ; 4.820 ; 4.820 ; Rise       ; clock_4hz       ;
;  HEX5[6]  ; clock_4hz  ; 4.782 ; 4.782 ; Rise       ; clock_4hz       ;
; HEX6[*]   ; clock_4hz  ; 4.778 ; 4.778 ; Rise       ; clock_4hz       ;
;  HEX6[0]  ; clock_4hz  ; 4.778 ; 4.778 ; Rise       ; clock_4hz       ;
;  HEX6[1]  ; clock_4hz  ; 4.845 ; 4.845 ; Rise       ; clock_4hz       ;
;  HEX6[2]  ; clock_4hz  ; 4.890 ; 4.890 ; Rise       ; clock_4hz       ;
;  HEX6[3]  ; clock_4hz  ; 5.680 ; 5.680 ; Rise       ; clock_4hz       ;
;  HEX6[4]  ; clock_4hz  ; 5.032 ; 5.032 ; Rise       ; clock_4hz       ;
;  HEX6[5]  ; clock_4hz  ; 4.961 ; 4.961 ; Rise       ; clock_4hz       ;
;  HEX6[6]  ; clock_4hz  ; 4.946 ; 4.946 ; Rise       ; clock_4hz       ;
; HEX7[*]   ; clock_4hz  ; 4.990 ; 4.990 ; Rise       ; clock_4hz       ;
;  HEX7[0]  ; clock_4hz  ; 5.249 ; 5.249 ; Rise       ; clock_4hz       ;
;  HEX7[1]  ; clock_4hz  ; 4.990 ; 4.990 ; Rise       ; clock_4hz       ;
;  HEX7[2]  ; clock_4hz  ; 5.322 ; 5.322 ; Rise       ; clock_4hz       ;
;  HEX7[3]  ; clock_4hz  ; 5.441 ; 5.441 ; Rise       ; clock_4hz       ;
;  HEX7[4]  ; clock_4hz  ; 5.131 ; 5.131 ; Rise       ; clock_4hz       ;
;  HEX7[5]  ; clock_4hz  ; 5.127 ; 5.127 ; Rise       ; clock_4hz       ;
;  HEX7[6]  ; clock_4hz  ; 5.230 ; 5.230 ; Rise       ; clock_4hz       ;
+-----------+------------+-------+-------+------------+-----------------+


+--------------------------------------------------------------------+
; Setup Transfers                                                    ;
+------------+-----------+----------+----------+----------+----------+
; From Clock ; To Clock  ; RR Paths ; FR Paths ; RF Paths ; FF Paths ;
+------------+-----------+----------+----------+----------+----------+
; clock_4hz  ; clock_4hz ; 8        ; 0        ; 0        ; 0        ;
; clock_4hz  ; CLOCK_50  ; 1        ; 1        ; 0        ; 0        ;
; CLOCK_50   ; CLOCK_50  ; 976      ; 0        ; 0        ; 0        ;
+------------+-----------+----------+----------+----------+----------+
Entries labeled "false path" only account for clock-to-clock false paths and not path-based false paths. As a result, actual path counts may be lower than reported.


+--------------------------------------------------------------------+
; Hold Transfers                                                     ;
+------------+-----------+----------+----------+----------+----------+
; From Clock ; To Clock  ; RR Paths ; FR Paths ; RF Paths ; FF Paths ;
+------------+-----------+----------+----------+----------+----------+
; clock_4hz  ; clock_4hz ; 8        ; 0        ; 0        ; 0        ;
; clock_4hz  ; CLOCK_50  ; 1        ; 1        ; 0        ; 0        ;
; CLOCK_50   ; CLOCK_50  ; 976      ; 0        ; 0        ; 0        ;
+------------+-----------+----------+----------+----------+----------+
Entries labeled "false path" only account for clock-to-clock false paths and not path-based false paths. As a result, actual path counts may be lower than reported.


---------------
; Report TCCS ;
---------------
No dedicated SERDES Transmitter circuitry present in device or used in design


---------------
; Report RSKM ;
---------------
No dedicated SERDES Receiver circuitry present in device or used in design


+------------------------------------------------+
; Unconstrained Paths                            ;
+---------------------------------+-------+------+
; Property                        ; Setup ; Hold ;
+---------------------------------+-------+------+
; Illegal Clocks                  ; 0     ; 0    ;
; Unconstrained Clocks            ; 0     ; 0    ;
; Unconstrained Input Ports       ; 1     ; 1    ;
; Unconstrained Input Port Paths  ; 8     ; 8    ;
; Unconstrained Output Ports      ; 56    ; 56   ;
; Unconstrained Output Port Paths ; 168   ; 168  ;
+---------------------------------+-------+------+


+------------------------------------+
; TimeQuest Timing Analyzer Messages ;
+------------------------------------+
Info: *******************************************************************
Info: Running Quartus II 64-Bit TimeQuest Timing Analyzer
    Info: Version 13.0.1 Build 232 06/12/2013 Service Pack 1 SJ Web Edition
    Info: Processing started: Thu May 07 15:26:39 2026
Info: Command: quartus_sta bt7 -c bt7
Info: qsta_default_script.tcl version: #1
Warning (20028): Parallel compilation is not licensed and has been disabled
Info (21077): Low junction temperature is 0 degrees C
Info (21077): High junction temperature is 85 degrees C
Critical Warning (332012): Synopsys Design Constraints File file not found: 'bt7.sdc'. A Synopsys Design Constraints File is required by the TimeQuest Timing Analyzer to get proper timing constraints. Without it, the Compiler will not properly optimize the design.
Info (332142): No user constrained base clocks found in the design. Calling "derive_clocks -period 1.0"
Info (332105): Deriving Clocks
    Info (332105): create_clock -period 1.000 -name CLOCK_50 CLOCK_50
    Info (332105): create_clock -period 1.000 -name clock_4hz clock_4hz
Info: Found TIMEQUEST_REPORT_SCRIPT_INCLUDE_DEFAULT_ANALYSIS = ON
Info: Analyzing Slow Model
Critical Warning (332148): Timing requirements not met
Info (332146): Worst-case setup slack is -2.832
    Info (332119):     Slack End Point TNS Clock 
    Info (332119): ========= ============= =====================
    Info (332119):    -2.832       -64.560 CLOCK_50 
    Info (332119):     0.113         0.000 clock_4hz 
Info (332146): Worst-case hold slack is -2.541
    Info (332119):     Slack End Point TNS Clock 
    Info (332119): ========= ============= =====================
    Info (332119):    -2.541        -2.541 CLOCK_50 
    Info (332119):     0.524         0.000 clock_4hz 
Info (332140): No Recovery paths to report
Info (332140): No Removal paths to report
Info (332146): Worst-case minimum pulse width slack is -1.380
    Info (332119):     Slack End Point TNS Clock 
    Info (332119): ========= ============= =====================
    Info (332119):    -1.380       -34.380 CLOCK_50 
    Info (332119):    -0.500        -8.000 clock_4hz 
Info (332001): The selected device family is not supported by the report_metastability command.
Info: Analyzing Fast Model
Critical Warning (332148): Timing requirements not met
Info (332146): Worst-case setup slack is -0.850
    Info (332119):     Slack End Point TNS Clock 
    Info (332119): ========= ============= =====================
    Info (332119):    -0.850       -14.211 CLOCK_50 
    Info (332119):     0.591         0.000 clock_4hz 
Info (332146): Worst-case hold slack is -1.583
    Info (332119):     Slack End Point TNS Clock 
    Info (332119): ========= ============= =====================
    Info (332119):    -1.583        -1.583 CLOCK_50 
    Info (332119):     0.239         0.000 clock_4hz 
Info (332140): No Recovery paths to report
Info (332140): No Removal paths to report
Info (332146): Worst-case minimum pulse width slack is -1.380
    Info (332119):     Slack End Point TNS Clock 
    Info (332119): ========= ============= =====================
    Info (332119):    -1.380       -34.380 CLOCK_50 
    Info (332119):    -0.500        -8.000 clock_4hz 
Info (332001): The selected device family is not supported by the report_metastability command.
Info (332102): Design is not fully constrained for setup requirements
Info (332102): Design is not fully constrained for hold requirements
Info: Quartus II 64-Bit TimeQuest Timing Analyzer was successful. 0 errors, 4 warnings
    Info: Peak virtual memory: 4565 megabytes
    Info: Processing ended: Thu May 07 15:26:40 2026
    Info: Elapsed time: 00:00:01
    Info: Total CPU time (on all processors): 00:00:00


