TimeQuest Timing Analyzer report for bt9
Thu May 07 13:49:51 2026
Quartus II 64-Bit Version 13.0.1 Build 232 06/12/2013 Service Pack 1 SJ Web Edition


---------------------
; Table of Contents ;
---------------------
  1. Legal Notice
  2. TimeQuest Timing Analyzer Summary
  3. Parallel Compilation
  4. Clocks
  5. Slow Model Fmax Summary
  6. Slow Model Setup Summary
  7. Slow Model Hold Summary
  8. Slow Model Recovery Summary
  9. Slow Model Removal Summary
 10. Slow Model Minimum Pulse Width Summary
 11. Slow Model Setup: 'CLOCK_50'
 12. Slow Model Setup: 'clock_10hz'
 13. Slow Model Setup: 'clock_4hz'
 14. Slow Model Setup: 'clock_2hz'
 15. Slow Model Hold: 'CLOCK_50'
 16. Slow Model Hold: 'clock_2hz'
 17. Slow Model Hold: 'clock_4hz'
 18. Slow Model Hold: 'clock_10hz'
 19. Slow Model Minimum Pulse Width: 'CLOCK_50'
 20. Slow Model Minimum Pulse Width: 'clock_10hz'
 21. Slow Model Minimum Pulse Width: 'clock_2hz'
 22. Slow Model Minimum Pulse Width: 'clock_4hz'
 23. Setup Times
 24. Hold Times
 25. Clock to Output Times
 26. Minimum Clock to Output Times
 27. Fast Model Setup Summary
 28. Fast Model Hold Summary
 29. Fast Model Recovery Summary
 30. Fast Model Removal Summary
 31. Fast Model Minimum Pulse Width Summary
 32. Fast Model Setup: 'CLOCK_50'
 33. Fast Model Setup: 'clock_10hz'
 34. Fast Model Setup: 'clock_4hz'
 35. Fast Model Setup: 'clock_2hz'
 36. Fast Model Hold: 'CLOCK_50'
 37. Fast Model Hold: 'clock_2hz'
 38. Fast Model Hold: 'clock_4hz'
 39. Fast Model Hold: 'clock_10hz'
 40. Fast Model Minimum Pulse Width: 'CLOCK_50'
 41. Fast Model Minimum Pulse Width: 'clock_10hz'
 42. Fast Model Minimum Pulse Width: 'clock_2hz'
 43. Fast Model Minimum Pulse Width: 'clock_4hz'
 44. Setup Times
 45. Hold Times
 46. Clock to Output Times
 47. Minimum Clock to Output Times
 48. Multicorner Timing Analysis Summary
 49. Setup Times
 50. Hold Times
 51. Clock to Output Times
 52. Minimum Clock to Output Times
 53. Setup Transfers
 54. Hold Transfers
 55. Report TCCS
 56. Report RSKM
 57. Unconstrained Paths
 58. TimeQuest Timing Analyzer Messages



----------------
; Legal Notice ;
----------------
Copyright (C) 1991-2013 Altera Corporation
Your use of Altera Corporation's design tools, logic functions 
and other software and tools, and its AMPP partner logic 
functions, and any output files from any of the foregoing 
(including device programming or simulation files), and any 
associated documentation or information are expressly subject 
to the terms and conditions of the Altera Program License 
Subscription Agreement, Altera MegaCore Function License 
Agreement, or other applicable license agreement, including, 
without limitation, that your use is for the sole purpose of 
programming logic devices manufactured by Altera and sold by 
Altera or its authorized distributors.  Please refer to the 
applicable agreement for further details.



+----------------------------------------------------------------------------------------+
; TimeQuest Timing Analyzer Summary                                                      ;
+--------------------+-------------------------------------------------------------------+
; Quartus II Version ; Version 13.0.1 Build 232 06/12/2013 Service Pack 1 SJ Web Edition ;
; Revision Name      ; bt9                                                               ;
; Device Family      ; Cyclone II                                                        ;
; Device Name        ; EP2C35F672C6                                                      ;
; Timing Models      ; Final                                                             ;
; Delay Model        ; Combined                                                          ;
; Rise/Fall Delays   ; Unavailable                                                       ;
+--------------------+-------------------------------------------------------------------+


Parallel compilation was disabled, but you have multiple processors available. Enable parallel compilation to reduce compilation time.
+-------------------------------------+
; Parallel Compilation                ;
+----------------------------+--------+
; Processors                 ; Number ;
+----------------------------+--------+
; Number detected on machine ; 16     ;
; Maximum allowed            ; 1      ;
+----------------------------+--------+


+----------------------------------------------------------------------------------------------------------------------------------------------------------------------------------------+
; Clocks                                                                                                                                                                                 ;
+------------+------+--------+------------+-------+-------+------------+-----------+-------------+-------+--------+-----------+------------+----------+--------+--------+----------------+
; Clock Name ; Type ; Period ; Frequency  ; Rise  ; Fall  ; Duty Cycle ; Divide by ; Multiply by ; Phase ; Offset ; Edge List ; Edge Shift ; Inverted ; Master ; Source ; Targets        ;
+------------+------+--------+------------+-------+-------+------------+-----------+-------------+-------+--------+-----------+------------+----------+--------+--------+----------------+
; clock_2hz  ; Base ; 1.000  ; 1000.0 MHz ; 0.000 ; 0.500 ;            ;           ;             ;       ;        ;           ;            ;          ;        ;        ; { clock_2hz }  ;
; clock_4hz  ; Base ; 1.000  ; 1000.0 MHz ; 0.000 ; 0.500 ;            ;           ;             ;       ;        ;           ;            ;          ;        ;        ; { clock_4hz }  ;
; clock_10hz ; Base ; 1.000  ; 1000.0 MHz ; 0.000 ; 0.500 ;            ;           ;             ;       ;        ;           ;            ;          ;        ;        ; { clock_10hz } ;
; CLOCK_50   ; Base ; 1.000  ; 1000.0 MHz ; 0.000 ; 0.500 ;            ;           ;             ;       ;        ;           ;            ;          ;        ;        ; { CLOCK_50 }   ;
+------------+------+--------+------------+-------+-------+------------+-----------+-------------+-------+--------+-----------+------------+----------+--------+--------+----------------+


+---------------------------------------------------------------------------------------------------+
; Slow Model Fmax Summary                                                                           ;
+-------------+-----------------+------------+------------------------------------------------------+
; Fmax        ; Restricted Fmax ; Clock Name ; Note                                                 ;
+-------------+-----------------+------------+------------------------------------------------------+
; 158.28 MHz  ; 158.28 MHz      ; CLOCK_50   ;                                                      ;
; 419.99 MHz  ; 419.99 MHz      ; clock_10hz ;                                                      ;
; 1303.78 MHz ; 500.0 MHz       ; clock_4hz  ; limit due to low minimum pulse width violation (tcl) ;
; 1317.52 MHz ; 500.0 MHz       ; clock_2hz  ; limit due to low minimum pulse width violation (tcl) ;
+-------------+-----------------+------------+------------------------------------------------------+
This panel reports FMAX for every clock in the design, regardless of the user-specified clock periods.  FMAX is only computed for paths where the source and destination registers or ports are driven by the same clock.  Paths of different clocks, including generated clocks, are ignored.  For paths between a clock and its inversion, FMAX is computed as if the rising and falling edges are scaled along with FMAX, such that the duty cycle (in terms of a percentage) is maintained. Altera recommends that you always use clock constraints and other slack reports for sign-off analysis.


+-------------------------------------+
; Slow Model Setup Summary            ;
+------------+--------+---------------+
; Clock      ; Slack  ; End Point TNS ;
+------------+--------+---------------+
; CLOCK_50   ; -5.318 ; -290.273      ;
; clock_10hz ; -1.381 ; -32.817       ;
; clock_4hz  ; 0.233  ; 0.000         ;
; clock_2hz  ; 0.241  ; 0.000         ;
+------------+--------+---------------+


+-------------------------------------+
; Slow Model Hold Summary             ;
+------------+--------+---------------+
; Clock      ; Slack  ; End Point TNS ;
+------------+--------+---------------+
; CLOCK_50   ; -2.534 ; -7.572        ;
; clock_2hz  ; 0.516  ; 0.000         ;
; clock_4hz  ; 0.520  ; 0.000         ;
; clock_10hz ; 0.707  ; 0.000         ;
+------------+--------+---------------+


-------------------------------
; Slow Model Recovery Summary ;
-------------------------------
No paths to report.


------------------------------
; Slow Model Removal Summary ;
------------------------------
No paths to report.


+----------------------------------------+
; Slow Model Minimum Pulse Width Summary ;
+------------+--------+------------------+
; Clock      ; Slack  ; End Point TNS    ;
+------------+--------+------------------+
; CLOCK_50   ; -1.380 ; -91.380          ;
; clock_10hz ; -0.500 ; -27.000          ;
; clock_2hz  ; -0.500 ; -3.000           ;
; clock_4hz  ; -0.500 ; -3.000           ;
+------------+--------+------------------+


+-------------------------------------------------------------------------------------------------------+
; Slow Model Setup: 'CLOCK_50'                                                                          ;
+--------+-----------+------------+--------------+-------------+--------------+------------+------------+
; Slack  ; From Node ; To Node    ; Launch Clock ; Latch Clock ; Relationship ; Clock Skew ; Data Delay ;
+--------+-----------+------------+--------------+-------------+--------------+------------+------------+
; -5.318 ; q_hex[1]  ; q_ledg[19] ; CLOCK_50     ; CLOCK_50    ; 1.000        ; 0.020      ; 6.374      ;
; -5.318 ; q_hex[1]  ; q_ledg[22] ; CLOCK_50     ; CLOCK_50    ; 1.000        ; 0.020      ; 6.374      ;
; -5.317 ; q_hex[1]  ; q_ledg[17] ; CLOCK_50     ; CLOCK_50    ; 1.000        ; 0.020      ; 6.373      ;
; -5.314 ; q_hex[1]  ; clock_4hz  ; CLOCK_50     ; CLOCK_50    ; 1.000        ; 0.020      ; 6.370      ;
; -5.266 ; q_hex[0]  ; q_ledg[19] ; CLOCK_50     ; CLOCK_50    ; 1.000        ; 0.020      ; 6.322      ;
; -5.266 ; q_hex[0]  ; q_ledg[22] ; CLOCK_50     ; CLOCK_50    ; 1.000        ; 0.020      ; 6.322      ;
; -5.265 ; q_hex[0]  ; q_ledg[17] ; CLOCK_50     ; CLOCK_50    ; 1.000        ; 0.020      ; 6.321      ;
; -5.262 ; q_hex[0]  ; clock_4hz  ; CLOCK_50     ; CLOCK_50    ; 1.000        ; 0.020      ; 6.318      ;
; -5.241 ; q_hex[1]  ; q_ledg[20] ; CLOCK_50     ; CLOCK_50    ; 1.000        ; 0.019      ; 6.296      ;
; -5.240 ; q_hex[1]  ; q_ledg[18] ; CLOCK_50     ; CLOCK_50    ; 1.000        ; 0.019      ; 6.295      ;
; -5.189 ; q_hex[0]  ; q_ledg[20] ; CLOCK_50     ; CLOCK_50    ; 1.000        ; 0.019      ; 6.244      ;
; -5.188 ; q_hex[0]  ; q_ledg[18] ; CLOCK_50     ; CLOCK_50    ; 1.000        ; 0.019      ; 6.243      ;
; -5.155 ; q_hex[2]  ; q_ledg[19] ; CLOCK_50     ; CLOCK_50    ; 1.000        ; 0.020      ; 6.211      ;
; -5.155 ; q_hex[2]  ; q_ledg[22] ; CLOCK_50     ; CLOCK_50    ; 1.000        ; 0.020      ; 6.211      ;
; -5.154 ; q_hex[2]  ; q_ledg[17] ; CLOCK_50     ; CLOCK_50    ; 1.000        ; 0.020      ; 6.210      ;
; -5.151 ; q_hex[2]  ; clock_4hz  ; CLOCK_50     ; CLOCK_50    ; 1.000        ; 0.020      ; 6.207      ;
; -5.112 ; q_hex[1]  ; q_ledr[8]  ; CLOCK_50     ; CLOCK_50    ; 1.000        ; 0.002      ; 6.150      ;
; -5.099 ; q_hex[3]  ; q_ledg[19] ; CLOCK_50     ; CLOCK_50    ; 1.000        ; 0.020      ; 6.155      ;
; -5.099 ; q_hex[3]  ; q_ledg[22] ; CLOCK_50     ; CLOCK_50    ; 1.000        ; 0.020      ; 6.155      ;
; -5.098 ; q_hex[3]  ; q_ledg[17] ; CLOCK_50     ; CLOCK_50    ; 1.000        ; 0.020      ; 6.154      ;
; -5.095 ; q_hex[3]  ; clock_4hz  ; CLOCK_50     ; CLOCK_50    ; 1.000        ; 0.020      ; 6.151      ;
; -5.091 ; q_hex[1]  ; q_ledg[16] ; CLOCK_50     ; CLOCK_50    ; 1.000        ; 0.020      ; 6.147      ;
; -5.078 ; q_hex[2]  ; q_ledg[20] ; CLOCK_50     ; CLOCK_50    ; 1.000        ; 0.019      ; 6.133      ;
; -5.077 ; q_hex[2]  ; q_ledg[18] ; CLOCK_50     ; CLOCK_50    ; 1.000        ; 0.019      ; 6.132      ;
; -5.039 ; q_hex[0]  ; q_ledg[16] ; CLOCK_50     ; CLOCK_50    ; 1.000        ; 0.020      ; 6.095      ;
; -5.022 ; q_hex[3]  ; q_ledg[20] ; CLOCK_50     ; CLOCK_50    ; 1.000        ; 0.019      ; 6.077      ;
; -5.021 ; q_hex[3]  ; q_ledg[18] ; CLOCK_50     ; CLOCK_50    ; 1.000        ; 0.019      ; 6.076      ;
; -4.989 ; q_hex[1]  ; q_ledg[4]  ; CLOCK_50     ; CLOCK_50    ; 1.000        ; 0.019      ; 6.044      ;
; -4.988 ; q_hex[1]  ; q_ledg[9]  ; CLOCK_50     ; CLOCK_50    ; 1.000        ; 0.019      ; 6.043      ;
; -4.987 ; q_hex[1]  ; q_ledg[14] ; CLOCK_50     ; CLOCK_50    ; 1.000        ; 0.019      ; 6.042      ;
; -4.982 ; q_hex[1]  ; q_ledg[11] ; CLOCK_50     ; CLOCK_50    ; 1.000        ; 0.019      ; 6.037      ;
; -4.980 ; q_hex[1]  ; q_ledg[10] ; CLOCK_50     ; CLOCK_50    ; 1.000        ; 0.019      ; 6.035      ;
; -4.975 ; q_hex[1]  ; q_ledg[12] ; CLOCK_50     ; CLOCK_50    ; 1.000        ; 0.019      ; 6.030      ;
; -4.973 ; q_hex[1]  ; q_ledr[21] ; CLOCK_50     ; CLOCK_50    ; 1.000        ; 0.008      ; 6.017      ;
; -4.973 ; q_hex[1]  ; clock_10hz ; CLOCK_50     ; CLOCK_50    ; 1.000        ; 0.008      ; 6.017      ;
; -4.972 ; q_hex[1]  ; q_ledr[13] ; CLOCK_50     ; CLOCK_50    ; 1.000        ; 0.008      ; 6.016      ;
; -4.971 ; q_hex[1]  ; q_ledr[18] ; CLOCK_50     ; CLOCK_50    ; 1.000        ; 0.008      ; 6.015      ;
; -4.966 ; q_hex[1]  ; q_ledr[5]  ; CLOCK_50     ; CLOCK_50    ; 1.000        ; 0.008      ; 6.010      ;
; -4.964 ; q_hex[1]  ; q_ledr[10] ; CLOCK_50     ; CLOCK_50    ; 1.000        ; 0.008      ; 6.008      ;
; -4.964 ; q_hex[1]  ; q_ledr[17] ; CLOCK_50     ; CLOCK_50    ; 1.000        ; 0.008      ; 6.008      ;
; -4.960 ; q_hex[1]  ; q_ledr[7]  ; CLOCK_50     ; CLOCK_50    ; 1.000        ; 0.008      ; 6.004      ;
; -4.938 ; q_hex[0]  ; q_ledr[8]  ; CLOCK_50     ; CLOCK_50    ; 1.000        ; 0.002      ; 5.976      ;
; -4.937 ; q_hex[0]  ; q_ledg[4]  ; CLOCK_50     ; CLOCK_50    ; 1.000        ; 0.019      ; 5.992      ;
; -4.936 ; q_hex[0]  ; q_ledg[9]  ; CLOCK_50     ; CLOCK_50    ; 1.000        ; 0.019      ; 5.991      ;
; -4.935 ; q_hex[0]  ; q_ledg[14] ; CLOCK_50     ; CLOCK_50    ; 1.000        ; 0.019      ; 5.990      ;
; -4.931 ; q_hex[0]  ; q_hex[19]  ; CLOCK_50     ; CLOCK_50    ; 1.000        ; 0.036      ; 6.003      ;
; -4.930 ; q_hex[0]  ; q_hex[20]  ; CLOCK_50     ; CLOCK_50    ; 1.000        ; 0.036      ; 6.002      ;
; -4.930 ; q_hex[0]  ; q_ledg[11] ; CLOCK_50     ; CLOCK_50    ; 1.000        ; 0.019      ; 5.985      ;
; -4.928 ; q_hex[0]  ; q_hex[17]  ; CLOCK_50     ; CLOCK_50    ; 1.000        ; 0.036      ; 6.000      ;
; -4.928 ; q_hex[2]  ; q_ledg[16] ; CLOCK_50     ; CLOCK_50    ; 1.000        ; 0.020      ; 5.984      ;
; -4.928 ; q_hex[0]  ; q_ledg[10] ; CLOCK_50     ; CLOCK_50    ; 1.000        ; 0.019      ; 5.983      ;
; -4.927 ; q_hex[0]  ; q_hex[23]  ; CLOCK_50     ; CLOCK_50    ; 1.000        ; 0.036      ; 5.999      ;
; -4.926 ; q_hex[0]  ; q_hex[18]  ; CLOCK_50     ; CLOCK_50    ; 1.000        ; 0.036      ; 5.998      ;
; -4.925 ; q_hex[0]  ; q_hex[21]  ; CLOCK_50     ; CLOCK_50    ; 1.000        ; 0.036      ; 5.997      ;
; -4.923 ; q_hex[0]  ; q_ledg[12] ; CLOCK_50     ; CLOCK_50    ; 1.000        ; 0.019      ; 5.978      ;
; -4.919 ; q_ledg[4] ; q_ledg[19] ; CLOCK_50     ; CLOCK_50    ; 1.000        ; 0.001      ; 5.956      ;
; -4.919 ; q_ledg[4] ; q_ledg[22] ; CLOCK_50     ; CLOCK_50    ; 1.000        ; 0.001      ; 5.956      ;
; -4.918 ; q_ledg[4] ; q_ledg[17] ; CLOCK_50     ; CLOCK_50    ; 1.000        ; 0.001      ; 5.955      ;
; -4.915 ; q_ledg[4] ; clock_4hz  ; CLOCK_50     ; CLOCK_50    ; 1.000        ; 0.001      ; 5.952      ;
; -4.872 ; q_hex[3]  ; q_ledg[16] ; CLOCK_50     ; CLOCK_50    ; 1.000        ; 0.020      ; 5.928      ;
; -4.860 ; q_hex[1]  ; q_hex[19]  ; CLOCK_50     ; CLOCK_50    ; 1.000        ; 0.036      ; 5.932      ;
; -4.859 ; q_hex[1]  ; q_hex[20]  ; CLOCK_50     ; CLOCK_50    ; 1.000        ; 0.036      ; 5.931      ;
; -4.857 ; q_hex[1]  ; q_hex[17]  ; CLOCK_50     ; CLOCK_50    ; 1.000        ; 0.036      ; 5.929      ;
; -4.856 ; q_hex[1]  ; q_hex[23]  ; CLOCK_50     ; CLOCK_50    ; 1.000        ; 0.036      ; 5.928      ;
; -4.855 ; q_hex[1]  ; q_hex[18]  ; CLOCK_50     ; CLOCK_50    ; 1.000        ; 0.036      ; 5.927      ;
; -4.854 ; q_hex[1]  ; q_hex[21]  ; CLOCK_50     ; CLOCK_50    ; 1.000        ; 0.036      ; 5.926      ;
; -4.844 ; q_ledr[5] ; q_ledr[8]  ; CLOCK_50     ; CLOCK_50    ; 1.000        ; -0.006     ; 5.874      ;
; -4.842 ; q_ledg[4] ; q_ledg[20] ; CLOCK_50     ; CLOCK_50    ; 1.000        ; 0.000      ; 5.878      ;
; -4.841 ; q_ledg[4] ; q_ledg[18] ; CLOCK_50     ; CLOCK_50    ; 1.000        ; 0.000      ; 5.877      ;
; -4.834 ; q_hex[5]  ; q_hex[19]  ; CLOCK_50     ; CLOCK_50    ; 1.000        ; 0.007      ; 5.877      ;
; -4.833 ; q_hex[5]  ; q_hex[20]  ; CLOCK_50     ; CLOCK_50    ; 1.000        ; 0.007      ; 5.876      ;
; -4.831 ; q_hex[5]  ; q_hex[17]  ; CLOCK_50     ; CLOCK_50    ; 1.000        ; 0.007      ; 5.874      ;
; -4.830 ; q_hex[5]  ; q_hex[23]  ; CLOCK_50     ; CLOCK_50    ; 1.000        ; 0.007      ; 5.873      ;
; -4.829 ; q_hex[5]  ; q_hex[18]  ; CLOCK_50     ; CLOCK_50    ; 1.000        ; 0.007      ; 5.872      ;
; -4.828 ; q_hex[5]  ; q_hex[21]  ; CLOCK_50     ; CLOCK_50    ; 1.000        ; 0.007      ; 5.871      ;
; -4.826 ; q_hex[2]  ; q_ledg[4]  ; CLOCK_50     ; CLOCK_50    ; 1.000        ; 0.019      ; 5.881      ;
; -4.825 ; q_hex[2]  ; q_ledg[9]  ; CLOCK_50     ; CLOCK_50    ; 1.000        ; 0.019      ; 5.880      ;
; -4.824 ; q_hex[2]  ; q_ledg[14] ; CLOCK_50     ; CLOCK_50    ; 1.000        ; 0.019      ; 5.879      ;
; -4.819 ; q_hex[2]  ; q_ledg[11] ; CLOCK_50     ; CLOCK_50    ; 1.000        ; 0.019      ; 5.874      ;
; -4.817 ; q_hex[2]  ; q_ledg[10] ; CLOCK_50     ; CLOCK_50    ; 1.000        ; 0.019      ; 5.872      ;
; -4.812 ; q_hex[2]  ; q_ledg[12] ; CLOCK_50     ; CLOCK_50    ; 1.000        ; 0.019      ; 5.867      ;
; -4.807 ; q_hex[0]  ; clock_2hz  ; CLOCK_50     ; CLOCK_50    ; 1.000        ; 0.029      ; 5.872      ;
; -4.799 ; q_hex[0]  ; q_ledr[21] ; CLOCK_50     ; CLOCK_50    ; 1.000        ; 0.008      ; 5.843      ;
; -4.799 ; q_hex[0]  ; clock_10hz ; CLOCK_50     ; CLOCK_50    ; 1.000        ; 0.008      ; 5.843      ;
; -4.798 ; q_hex[0]  ; q_ledr[13] ; CLOCK_50     ; CLOCK_50    ; 1.000        ; 0.008      ; 5.842      ;
; -4.797 ; q_hex[0]  ; q_ledr[18] ; CLOCK_50     ; CLOCK_50    ; 1.000        ; 0.008      ; 5.841      ;
; -4.795 ; q_hex[2]  ; q_hex[19]  ; CLOCK_50     ; CLOCK_50    ; 1.000        ; 0.036      ; 5.867      ;
; -4.794 ; q_hex[2]  ; q_hex[20]  ; CLOCK_50     ; CLOCK_50    ; 1.000        ; 0.036      ; 5.866      ;
; -4.792 ; q_hex[0]  ; q_ledr[5]  ; CLOCK_50     ; CLOCK_50    ; 1.000        ; 0.008      ; 5.836      ;
; -4.792 ; q_hex[2]  ; q_hex[17]  ; CLOCK_50     ; CLOCK_50    ; 1.000        ; 0.036      ; 5.864      ;
; -4.791 ; q_hex[2]  ; q_hex[23]  ; CLOCK_50     ; CLOCK_50    ; 1.000        ; 0.036      ; 5.863      ;
; -4.790 ; q_hex[0]  ; q_ledr[10] ; CLOCK_50     ; CLOCK_50    ; 1.000        ; 0.008      ; 5.834      ;
; -4.790 ; q_hex[0]  ; q_ledr[17] ; CLOCK_50     ; CLOCK_50    ; 1.000        ; 0.008      ; 5.834      ;
; -4.790 ; q_hex[2]  ; q_hex[18]  ; CLOCK_50     ; CLOCK_50    ; 1.000        ; 0.036      ; 5.862      ;
; -4.789 ; q_hex[2]  ; q_hex[21]  ; CLOCK_50     ; CLOCK_50    ; 1.000        ; 0.036      ; 5.861      ;
; -4.786 ; q_hex[0]  ; q_ledr[7]  ; CLOCK_50     ; CLOCK_50    ; 1.000        ; 0.008      ; 5.830      ;
; -4.784 ; q_hex[0]  ; q_hex[15]  ; CLOCK_50     ; CLOCK_50    ; 1.000        ; 0.029      ; 5.849      ;
; -4.784 ; q_hex[0]  ; q_hex[12]  ; CLOCK_50     ; CLOCK_50    ; 1.000        ; 0.029      ; 5.849      ;
; -4.778 ; q_hex[0]  ; q_hex[10]  ; CLOCK_50     ; CLOCK_50    ; 1.000        ; 0.029      ; 5.843      ;
; -4.777 ; q_hex[0]  ; q_hex[5]   ; CLOCK_50     ; CLOCK_50    ; 1.000        ; 0.029      ; 5.842      ;
+--------+-----------+------------+--------------+-------------+--------------+------------+------------+


+------------------------------------------------------------------------------------------------------------------+
; Slow Model Setup: 'clock_10hz'                                                                                   ;
+--------+--------------+--------------------+--------------+-------------+--------------+------------+------------+
; Slack  ; From Node    ; To Node            ; Launch Clock ; Latch Clock ; Relationship ; Clock Skew ; Data Delay ;
+--------+--------------+--------------------+--------------+-------------+--------------+------------+------------+
; -1.381 ; step_ledr[3] ; LEDR[2]~reg0       ; clock_10hz   ; clock_10hz  ; 1.000        ; 0.000      ; 2.417      ;
; -1.381 ; step_ledr[3] ; LEDR[1]~reg0       ; clock_10hz   ; clock_10hz  ; 1.000        ; 0.000      ; 2.417      ;
; -1.380 ; step_ledr[3] ; LEDR[5]~reg0       ; clock_10hz   ; clock_10hz  ; 1.000        ; 0.000      ; 2.416      ;
; -1.380 ; step_ledr[3] ; LEDR[4]~reg0       ; clock_10hz   ; clock_10hz  ; 1.000        ; 0.000      ; 2.416      ;
; -1.380 ; step_ledr[3] ; LEDR[3]~reg0       ; clock_10hz   ; clock_10hz  ; 1.000        ; 0.000      ; 2.416      ;
; -1.351 ; step_ledr[3] ; LEDR[0]~reg0       ; clock_10hz   ; clock_10hz  ; 1.000        ; 0.000      ; 2.387      ;
; -1.327 ; step_ledr[2] ; LEDR[2]~reg0       ; clock_10hz   ; clock_10hz  ; 1.000        ; 0.000      ; 2.363      ;
; -1.327 ; step_ledr[2] ; LEDR[1]~reg0       ; clock_10hz   ; clock_10hz  ; 1.000        ; 0.000      ; 2.363      ;
; -1.326 ; step_ledr[2] ; LEDR[5]~reg0       ; clock_10hz   ; clock_10hz  ; 1.000        ; 0.000      ; 2.362      ;
; -1.326 ; step_ledr[2] ; LEDR[4]~reg0       ; clock_10hz   ; clock_10hz  ; 1.000        ; 0.000      ; 2.362      ;
; -1.326 ; step_ledr[2] ; LEDR[3]~reg0       ; clock_10hz   ; clock_10hz  ; 1.000        ; 0.000      ; 2.362      ;
; -1.297 ; step_ledr[2] ; LEDR[0]~reg0       ; clock_10hz   ; clock_10hz  ; 1.000        ; 0.000      ; 2.333      ;
; -1.270 ; step_ledr[3] ; LEDR[11]~reg0      ; clock_10hz   ; clock_10hz  ; 1.000        ; 0.000      ; 2.306      ;
; -1.270 ; step_ledr[3] ; LEDR[10]~reg0      ; clock_10hz   ; clock_10hz  ; 1.000        ; 0.000      ; 2.306      ;
; -1.269 ; step_ledr[3] ; state_ledr.ledr_s0 ; clock_10hz   ; clock_10hz  ; 1.000        ; 0.000      ; 2.305      ;
; -1.269 ; step_ledr[3] ; LEDR[9]~reg0       ; clock_10hz   ; clock_10hz  ; 1.000        ; 0.000      ; 2.305      ;
; -1.268 ; step_ledr[3] ; LEDR[15]~reg0      ; clock_10hz   ; clock_10hz  ; 1.000        ; 0.000      ; 2.304      ;
; -1.268 ; step_ledr[3] ; LEDR[14]~reg0      ; clock_10hz   ; clock_10hz  ; 1.000        ; 0.000      ; 2.304      ;
; -1.267 ; step_ledr[3] ; LEDR[7]~reg0       ; clock_10hz   ; clock_10hz  ; 1.000        ; 0.000      ; 2.303      ;
; -1.267 ; step_ledr[3] ; LEDR[6]~reg0       ; clock_10hz   ; clock_10hz  ; 1.000        ; 0.000      ; 2.303      ;
; -1.266 ; step_ledr[3] ; LEDR[16]~reg0      ; clock_10hz   ; clock_10hz  ; 1.000        ; 0.000      ; 2.302      ;
; -1.266 ; step_ledr[3] ; LEDR[13]~reg0      ; clock_10hz   ; clock_10hz  ; 1.000        ; 0.000      ; 2.302      ;
; -1.264 ; step_ledr[3] ; LEDR[17]~reg0      ; clock_10hz   ; clock_10hz  ; 1.000        ; 0.000      ; 2.300      ;
; -1.264 ; step_ledr[3] ; LEDR[12]~reg0      ; clock_10hz   ; clock_10hz  ; 1.000        ; 0.000      ; 2.300      ;
; -1.262 ; step_ledr[3] ; LEDR[8]~reg0       ; clock_10hz   ; clock_10hz  ; 1.000        ; 0.000      ; 2.298      ;
; -1.244 ; step_ledr[1] ; LEDR[2]~reg0       ; clock_10hz   ; clock_10hz  ; 1.000        ; 0.000      ; 2.280      ;
; -1.244 ; step_ledr[1] ; LEDR[1]~reg0       ; clock_10hz   ; clock_10hz  ; 1.000        ; 0.000      ; 2.280      ;
; -1.243 ; step_ledr[1] ; LEDR[5]~reg0       ; clock_10hz   ; clock_10hz  ; 1.000        ; 0.000      ; 2.279      ;
; -1.243 ; step_ledr[1] ; LEDR[4]~reg0       ; clock_10hz   ; clock_10hz  ; 1.000        ; 0.000      ; 2.279      ;
; -1.243 ; step_ledr[1] ; LEDR[3]~reg0       ; clock_10hz   ; clock_10hz  ; 1.000        ; 0.000      ; 2.279      ;
; -1.241 ; step_ledr[3] ; step_ledr[1]       ; clock_10hz   ; clock_10hz  ; 1.000        ; 0.000      ; 2.277      ;
; -1.240 ; step_ledr[3] ; step_ledr[3]       ; clock_10hz   ; clock_10hz  ; 1.000        ; 0.000      ; 2.276      ;
; -1.240 ; step_ledr[3] ; step_ledr[4]       ; clock_10hz   ; clock_10hz  ; 1.000        ; 0.000      ; 2.276      ;
; -1.216 ; step_ledr[2] ; LEDR[11]~reg0      ; clock_10hz   ; clock_10hz  ; 1.000        ; 0.000      ; 2.252      ;
; -1.216 ; step_ledr[2] ; LEDR[10]~reg0      ; clock_10hz   ; clock_10hz  ; 1.000        ; 0.000      ; 2.252      ;
; -1.215 ; step_ledr[2] ; state_ledr.ledr_s0 ; clock_10hz   ; clock_10hz  ; 1.000        ; 0.000      ; 2.251      ;
; -1.215 ; step_ledr[2] ; LEDR[9]~reg0       ; clock_10hz   ; clock_10hz  ; 1.000        ; 0.000      ; 2.251      ;
; -1.214 ; step_ledr[1] ; LEDR[0]~reg0       ; clock_10hz   ; clock_10hz  ; 1.000        ; 0.000      ; 2.250      ;
; -1.214 ; step_ledr[2] ; LEDR[15]~reg0      ; clock_10hz   ; clock_10hz  ; 1.000        ; 0.000      ; 2.250      ;
; -1.214 ; step_ledr[2] ; LEDR[14]~reg0      ; clock_10hz   ; clock_10hz  ; 1.000        ; 0.000      ; 2.250      ;
; -1.213 ; step_ledr[2] ; LEDR[7]~reg0       ; clock_10hz   ; clock_10hz  ; 1.000        ; 0.000      ; 2.249      ;
; -1.213 ; step_ledr[2] ; LEDR[6]~reg0       ; clock_10hz   ; clock_10hz  ; 1.000        ; 0.000      ; 2.249      ;
; -1.212 ; step_ledr[2] ; LEDR[16]~reg0      ; clock_10hz   ; clock_10hz  ; 1.000        ; 0.000      ; 2.248      ;
; -1.212 ; step_ledr[2] ; LEDR[13]~reg0      ; clock_10hz   ; clock_10hz  ; 1.000        ; 0.000      ; 2.248      ;
; -1.210 ; step_ledr[2] ; LEDR[17]~reg0      ; clock_10hz   ; clock_10hz  ; 1.000        ; 0.000      ; 2.246      ;
; -1.210 ; step_ledr[2] ; LEDR[12]~reg0      ; clock_10hz   ; clock_10hz  ; 1.000        ; 0.000      ; 2.246      ;
; -1.208 ; step_ledr[2] ; LEDR[8]~reg0       ; clock_10hz   ; clock_10hz  ; 1.000        ; 0.000      ; 2.244      ;
; -1.187 ; step_ledr[2] ; step_ledr[1]       ; clock_10hz   ; clock_10hz  ; 1.000        ; 0.000      ; 2.223      ;
; -1.186 ; step_ledr[2] ; step_ledr[3]       ; clock_10hz   ; clock_10hz  ; 1.000        ; 0.000      ; 2.222      ;
; -1.186 ; step_ledr[2] ; step_ledr[4]       ; clock_10hz   ; clock_10hz  ; 1.000        ; 0.000      ; 2.222      ;
; -1.139 ; step_ledr[3] ; state_ledr.ledr_s2 ; clock_10hz   ; clock_10hz  ; 1.000        ; 0.000      ; 2.175      ;
; -1.133 ; step_ledr[1] ; LEDR[11]~reg0      ; clock_10hz   ; clock_10hz  ; 1.000        ; 0.000      ; 2.169      ;
; -1.133 ; step_ledr[1] ; LEDR[10]~reg0      ; clock_10hz   ; clock_10hz  ; 1.000        ; 0.000      ; 2.169      ;
; -1.132 ; step_ledr[1] ; state_ledr.ledr_s0 ; clock_10hz   ; clock_10hz  ; 1.000        ; 0.000      ; 2.168      ;
; -1.132 ; step_ledr[1] ; LEDR[9]~reg0       ; clock_10hz   ; clock_10hz  ; 1.000        ; 0.000      ; 2.168      ;
; -1.131 ; step_ledr[1] ; LEDR[15]~reg0      ; clock_10hz   ; clock_10hz  ; 1.000        ; 0.000      ; 2.167      ;
; -1.131 ; step_ledr[1] ; LEDR[14]~reg0      ; clock_10hz   ; clock_10hz  ; 1.000        ; 0.000      ; 2.167      ;
; -1.130 ; step_ledr[1] ; LEDR[7]~reg0       ; clock_10hz   ; clock_10hz  ; 1.000        ; 0.000      ; 2.166      ;
; -1.130 ; step_ledr[1] ; LEDR[6]~reg0       ; clock_10hz   ; clock_10hz  ; 1.000        ; 0.000      ; 2.166      ;
; -1.129 ; step_ledr[1] ; LEDR[16]~reg0      ; clock_10hz   ; clock_10hz  ; 1.000        ; 0.000      ; 2.165      ;
; -1.129 ; step_ledr[1] ; LEDR[13]~reg0      ; clock_10hz   ; clock_10hz  ; 1.000        ; 0.000      ; 2.165      ;
; -1.127 ; step_ledr[1] ; LEDR[17]~reg0      ; clock_10hz   ; clock_10hz  ; 1.000        ; 0.000      ; 2.163      ;
; -1.127 ; step_ledr[1] ; LEDR[12]~reg0      ; clock_10hz   ; clock_10hz  ; 1.000        ; 0.000      ; 2.163      ;
; -1.126 ; step_ledr[4] ; LEDR[2]~reg0       ; clock_10hz   ; clock_10hz  ; 1.000        ; 0.000      ; 2.162      ;
; -1.126 ; step_ledr[4] ; LEDR[1]~reg0       ; clock_10hz   ; clock_10hz  ; 1.000        ; 0.000      ; 2.162      ;
; -1.125 ; step_ledr[4] ; LEDR[5]~reg0       ; clock_10hz   ; clock_10hz  ; 1.000        ; 0.000      ; 2.161      ;
; -1.125 ; step_ledr[4] ; LEDR[4]~reg0       ; clock_10hz   ; clock_10hz  ; 1.000        ; 0.000      ; 2.161      ;
; -1.125 ; step_ledr[4] ; LEDR[3]~reg0       ; clock_10hz   ; clock_10hz  ; 1.000        ; 0.000      ; 2.161      ;
; -1.125 ; step_ledr[1] ; LEDR[8]~reg0       ; clock_10hz   ; clock_10hz  ; 1.000        ; 0.000      ; 2.161      ;
; -1.104 ; step_ledr[1] ; step_ledr[1]       ; clock_10hz   ; clock_10hz  ; 1.000        ; 0.000      ; 2.140      ;
; -1.103 ; step_ledr[1] ; step_ledr[3]       ; clock_10hz   ; clock_10hz  ; 1.000        ; 0.000      ; 2.139      ;
; -1.103 ; step_ledr[1] ; step_ledr[4]       ; clock_10hz   ; clock_10hz  ; 1.000        ; 0.000      ; 2.139      ;
; -1.096 ; step_ledr[4] ; LEDR[0]~reg0       ; clock_10hz   ; clock_10hz  ; 1.000        ; 0.000      ; 2.132      ;
; -1.085 ; step_ledr[2] ; state_ledr.ledr_s2 ; clock_10hz   ; clock_10hz  ; 1.000        ; 0.000      ; 2.121      ;
; -1.052 ; step_ledr[0] ; step_ledr[4]       ; clock_10hz   ; clock_10hz  ; 1.000        ; 0.000      ; 2.088      ;
; -1.050 ; step_ledr[0] ; step_ledr[2]       ; clock_10hz   ; clock_10hz  ; 1.000        ; 0.000      ; 2.086      ;
; -1.016 ; step_ledr[3] ; step_ledr[2]       ; clock_10hz   ; clock_10hz  ; 1.000        ; 0.000      ; 2.052      ;
; -1.015 ; step_ledr[3] ; step_ledr[0]       ; clock_10hz   ; clock_10hz  ; 1.000        ; 0.000      ; 2.051      ;
; -1.015 ; step_ledr[4] ; LEDR[11]~reg0      ; clock_10hz   ; clock_10hz  ; 1.000        ; 0.000      ; 2.051      ;
; -1.015 ; step_ledr[4] ; LEDR[10]~reg0      ; clock_10hz   ; clock_10hz  ; 1.000        ; 0.000      ; 2.051      ;
; -1.014 ; step_ledr[4] ; state_ledr.ledr_s0 ; clock_10hz   ; clock_10hz  ; 1.000        ; 0.000      ; 2.050      ;
; -1.014 ; step_ledr[4] ; LEDR[9]~reg0       ; clock_10hz   ; clock_10hz  ; 1.000        ; 0.000      ; 2.050      ;
; -1.013 ; step_ledr[4] ; LEDR[15]~reg0      ; clock_10hz   ; clock_10hz  ; 1.000        ; 0.000      ; 2.049      ;
; -1.013 ; step_ledr[4] ; LEDR[14]~reg0      ; clock_10hz   ; clock_10hz  ; 1.000        ; 0.000      ; 2.049      ;
; -1.012 ; step_ledr[4] ; LEDR[7]~reg0       ; clock_10hz   ; clock_10hz  ; 1.000        ; 0.000      ; 2.048      ;
; -1.012 ; step_ledr[4] ; LEDR[6]~reg0       ; clock_10hz   ; clock_10hz  ; 1.000        ; 0.000      ; 2.048      ;
; -1.011 ; step_ledr[4] ; LEDR[16]~reg0      ; clock_10hz   ; clock_10hz  ; 1.000        ; 0.000      ; 2.047      ;
; -1.011 ; step_ledr[4] ; LEDR[13]~reg0      ; clock_10hz   ; clock_10hz  ; 1.000        ; 0.000      ; 2.047      ;
; -1.009 ; step_ledr[4] ; LEDR[17]~reg0      ; clock_10hz   ; clock_10hz  ; 1.000        ; 0.000      ; 2.045      ;
; -1.009 ; step_ledr[4] ; LEDR[12]~reg0      ; clock_10hz   ; clock_10hz  ; 1.000        ; 0.000      ; 2.045      ;
; -1.007 ; step_ledr[4] ; LEDR[8]~reg0       ; clock_10hz   ; clock_10hz  ; 1.000        ; 0.000      ; 2.043      ;
; -1.002 ; step_ledr[1] ; state_ledr.ledr_s2 ; clock_10hz   ; clock_10hz  ; 1.000        ; 0.000      ; 2.038      ;
; -0.986 ; step_ledr[4] ; step_ledr[1]       ; clock_10hz   ; clock_10hz  ; 1.000        ; 0.000      ; 2.022      ;
; -0.985 ; step_ledr[4] ; step_ledr[3]       ; clock_10hz   ; clock_10hz  ; 1.000        ; 0.000      ; 2.021      ;
; -0.985 ; step_ledr[4] ; step_ledr[4]       ; clock_10hz   ; clock_10hz  ; 1.000        ; 0.000      ; 2.021      ;
; -0.983 ; step_ledr[0] ; step_ledr[3]       ; clock_10hz   ; clock_10hz  ; 1.000        ; 0.000      ; 2.019      ;
; -0.972 ; step_ledr[0] ; LEDR[2]~reg0       ; clock_10hz   ; clock_10hz  ; 1.000        ; 0.000      ; 2.008      ;
; -0.972 ; step_ledr[0] ; LEDR[1]~reg0       ; clock_10hz   ; clock_10hz  ; 1.000        ; 0.000      ; 2.008      ;
; -0.971 ; step_ledr[0] ; LEDR[5]~reg0       ; clock_10hz   ; clock_10hz  ; 1.000        ; 0.000      ; 2.007      ;
; -0.971 ; step_ledr[0] ; LEDR[4]~reg0       ; clock_10hz   ; clock_10hz  ; 1.000        ; 0.000      ; 2.007      ;
+--------+--------------+--------------------+--------------+-------------+--------------+------------+------------+


+-----------------------------------------------------------------------------------------------------------------------+
; Slow Model Setup: 'clock_4hz'                                                                                         ;
+-------+--------------------+--------------------+--------------+-------------+--------------+------------+------------+
; Slack ; From Node          ; To Node            ; Launch Clock ; Latch Clock ; Relationship ; Clock Skew ; Data Delay ;
+-------+--------------------+--------------------+--------------+-------------+--------------+------------+------------+
; 0.233 ; state_ledg.ledg_s1 ; state_ledg.ledg_s2 ; clock_4hz    ; clock_4hz   ; 1.000        ; 0.000      ; 0.803      ;
; 0.247 ; state_ledg.ledg_s2 ; state_ledg.ledg_s0 ; clock_4hz    ; clock_4hz   ; 1.000        ; 0.000      ; 0.789      ;
; 0.250 ; state_ledg.ledg_s0 ; state_ledg.ledg_s1 ; clock_4hz    ; clock_4hz   ; 1.000        ; 0.000      ; 0.786      ;
+-------+--------------------+--------------------+--------------+-------------+--------------+------------+------------+


+-------------------------------------------------------------------------------------------------------------------+
; Slow Model Setup: 'clock_2hz'                                                                                     ;
+-------+------------------+------------------+--------------+-------------+--------------+------------+------------+
; Slack ; From Node        ; To Node          ; Launch Clock ; Latch Clock ; Relationship ; Clock Skew ; Data Delay ;
+-------+------------------+------------------+--------------+-------------+--------------+------------+------------+
; 0.241 ; state_hex.hex_s1 ; state_hex.hex_s2 ; clock_2hz    ; clock_2hz   ; 1.000        ; 0.000      ; 0.795      ;
; 0.253 ; state_hex.hex_s0 ; state_hex.hex_s1 ; clock_2hz    ; clock_2hz   ; 1.000        ; 0.000      ; 0.783      ;
; 0.254 ; state_hex.hex_s2 ; state_hex.hex_s0 ; clock_2hz    ; clock_2hz   ; 1.000        ; 0.000      ; 0.782      ;
+-------+------------------+------------------+--------------+-------------+--------------+------------+------------+


+--------------------------------------------------------------------------------------------------------+
; Slow Model Hold: 'CLOCK_50'                                                                            ;
+--------+------------+------------+--------------+-------------+--------------+------------+------------+
; Slack  ; From Node  ; To Node    ; Launch Clock ; Latch Clock ; Relationship ; Clock Skew ; Data Delay ;
+--------+------------+------------+--------------+-------------+--------------+------------+------------+
; -2.534 ; clock_2hz  ; clock_2hz  ; clock_2hz    ; CLOCK_50    ; 0.000        ; 2.675      ; 0.657      ;
; -2.525 ; clock_4hz  ; clock_4hz  ; clock_4hz    ; CLOCK_50    ; 0.000        ; 2.666      ; 0.657      ;
; -2.513 ; clock_10hz ; clock_10hz ; clock_10hz   ; CLOCK_50    ; 0.000        ; 2.654      ; 0.657      ;
; -2.034 ; clock_2hz  ; clock_2hz  ; clock_2hz    ; CLOCK_50    ; -0.500       ; 2.675      ; 0.657      ;
; -2.025 ; clock_4hz  ; clock_4hz  ; clock_4hz    ; CLOCK_50    ; -0.500       ; 2.666      ; 0.657      ;
; -2.013 ; clock_10hz ; clock_10hz ; clock_10hz   ; CLOCK_50    ; -0.500       ; 2.654      ; 0.657      ;
; 0.524  ; q_ledr[31] ; q_ledr[31] ; CLOCK_50     ; CLOCK_50    ; 0.000        ; 0.000      ; 0.790      ;
; 0.524  ; q_hex[31]  ; q_hex[31]  ; CLOCK_50     ; CLOCK_50    ; 0.000        ; 0.000      ; 0.790      ;
; 0.524  ; q_ledg[31] ; q_ledg[31] ; CLOCK_50     ; CLOCK_50    ; 0.000        ; 0.000      ; 0.790      ;
; 0.788  ; q_ledr[16] ; q_ledr[16] ; CLOCK_50     ; CLOCK_50    ; 0.000        ; 0.000      ; 1.054      ;
; 0.788  ; q_hex[14]  ; q_hex[14]  ; CLOCK_50     ; CLOCK_50    ; 0.000        ; 0.000      ; 1.054      ;
; 0.788  ; q_hex[16]  ; q_hex[16]  ; CLOCK_50     ; CLOCK_50    ; 0.000        ; 0.000      ; 1.054      ;
; 0.788  ; q_ledg[7]  ; q_ledg[7]  ; CLOCK_50     ; CLOCK_50    ; 0.000        ; 0.000      ; 1.054      ;
; 0.788  ; q_ledg[23] ; q_ledg[23] ; CLOCK_50     ; CLOCK_50    ; 0.000        ; 0.000      ; 1.054      ;
; 0.794  ; q_ledr[9]  ; q_ledr[9]  ; CLOCK_50     ; CLOCK_50    ; 0.000        ; 0.000      ; 1.060      ;
; 0.794  ; q_ledr[25] ; q_ledr[25] ; CLOCK_50     ; CLOCK_50    ; 0.000        ; 0.000      ; 1.060      ;
; 0.794  ; q_hex[9]   ; q_hex[9]   ; CLOCK_50     ; CLOCK_50    ; 0.000        ; 0.000      ; 1.060      ;
; 0.794  ; q_hex[25]  ; q_hex[25]  ; CLOCK_50     ; CLOCK_50    ; 0.000        ; 0.000      ; 1.060      ;
; 0.794  ; q_ledg[25] ; q_ledg[25] ; CLOCK_50     ; CLOCK_50    ; 0.000        ; 0.000      ; 1.060      ;
; 0.795  ; q_ledr[11] ; q_ledr[11] ; CLOCK_50     ; CLOCK_50    ; 0.000        ; 0.000      ; 1.061      ;
; 0.795  ; q_ledr[14] ; q_ledr[14] ; CLOCK_50     ; CLOCK_50    ; 0.000        ; 0.000      ; 1.061      ;
; 0.795  ; q_ledr[15] ; q_ledr[15] ; CLOCK_50     ; CLOCK_50    ; 0.000        ; 0.000      ; 1.061      ;
; 0.795  ; q_ledr[20] ; q_ledr[20] ; CLOCK_50     ; CLOCK_50    ; 0.000        ; 0.000      ; 1.061      ;
; 0.795  ; q_ledr[23] ; q_ledr[23] ; CLOCK_50     ; CLOCK_50    ; 0.000        ; 0.000      ; 1.061      ;
; 0.795  ; q_ledr[27] ; q_ledr[27] ; CLOCK_50     ; CLOCK_50    ; 0.000        ; 0.000      ; 1.061      ;
; 0.795  ; q_hex[27]  ; q_hex[27]  ; CLOCK_50     ; CLOCK_50    ; 0.000        ; 0.000      ; 1.061      ;
; 0.795  ; q_ledg[27] ; q_ledg[27] ; CLOCK_50     ; CLOCK_50    ; 0.000        ; 0.000      ; 1.061      ;
; 0.795  ; q_ledg[15] ; q_ledg[15] ; CLOCK_50     ; CLOCK_50    ; 0.000        ; 0.000      ; 1.061      ;
; 0.795  ; q_ledg[13] ; q_ledg[13] ; CLOCK_50     ; CLOCK_50    ; 0.000        ; 0.000      ; 1.061      ;
; 0.799  ; q_ledr[29] ; q_ledr[29] ; CLOCK_50     ; CLOCK_50    ; 0.000        ; 0.000      ; 1.065      ;
; 0.799  ; q_ledr[30] ; q_ledr[30] ; CLOCK_50     ; CLOCK_50    ; 0.000        ; 0.000      ; 1.065      ;
; 0.799  ; q_hex[7]   ; q_hex[7]   ; CLOCK_50     ; CLOCK_50    ; 0.000        ; 0.000      ; 1.065      ;
; 0.799  ; q_hex[29]  ; q_hex[29]  ; CLOCK_50     ; CLOCK_50    ; 0.000        ; 0.000      ; 1.065      ;
; 0.799  ; q_hex[30]  ; q_hex[30]  ; CLOCK_50     ; CLOCK_50    ; 0.000        ; 0.000      ; 1.065      ;
; 0.799  ; q_ledg[29] ; q_ledg[29] ; CLOCK_50     ; CLOCK_50    ; 0.000        ; 0.000      ; 1.065      ;
; 0.799  ; q_ledg[30] ; q_ledg[30] ; CLOCK_50     ; CLOCK_50    ; 0.000        ; 0.000      ; 1.065      ;
; 0.800  ; q_hex[0]   ; q_hex[0]   ; CLOCK_50     ; CLOCK_50    ; 0.000        ; 0.000      ; 1.066      ;
; 0.800  ; q_hex[1]   ; q_hex[1]   ; CLOCK_50     ; CLOCK_50    ; 0.000        ; 0.000      ; 1.066      ;
; 0.806  ; q_hex[2]   ; q_hex[2]   ; CLOCK_50     ; CLOCK_50    ; 0.000        ; 0.000      ; 1.072      ;
; 0.806  ; q_hex[4]   ; q_hex[4]   ; CLOCK_50     ; CLOCK_50    ; 0.000        ; 0.000      ; 1.072      ;
; 0.820  ; q_hex[8]   ; q_hex[8]   ; CLOCK_50     ; CLOCK_50    ; 0.000        ; 0.000      ; 1.086      ;
; 0.820  ; q_ledg[8]  ; q_ledg[8]  ; CLOCK_50     ; CLOCK_50    ; 0.000        ; 0.000      ; 1.086      ;
; 0.821  ; q_ledr[6]  ; q_ledr[6]  ; CLOCK_50     ; CLOCK_50    ; 0.000        ; 0.000      ; 1.087      ;
; 0.821  ; q_ledr[12] ; q_ledr[12] ; CLOCK_50     ; CLOCK_50    ; 0.000        ; 0.000      ; 1.087      ;
; 0.821  ; q_hex[22]  ; q_hex[22]  ; CLOCK_50     ; CLOCK_50    ; 0.000        ; 0.000      ; 1.087      ;
; 0.821  ; q_ledg[21] ; q_ledg[21] ; CLOCK_50     ; CLOCK_50    ; 0.000        ; 0.000      ; 1.087      ;
; 0.828  ; q_ledr[19] ; q_ledr[19] ; CLOCK_50     ; CLOCK_50    ; 0.000        ; 0.000      ; 1.094      ;
; 0.828  ; q_ledr[22] ; q_ledr[22] ; CLOCK_50     ; CLOCK_50    ; 0.000        ; 0.000      ; 1.094      ;
; 0.828  ; q_hex[6]   ; q_hex[6]   ; CLOCK_50     ; CLOCK_50    ; 0.000        ; 0.000      ; 1.094      ;
; 0.828  ; q_ledg[5]  ; q_ledg[5]  ; CLOCK_50     ; CLOCK_50    ; 0.000        ; 0.000      ; 1.094      ;
; 0.828  ; q_ledg[6]  ; q_ledg[6]  ; CLOCK_50     ; CLOCK_50    ; 0.000        ; 0.000      ; 1.094      ;
; 0.831  ; q_ledr[24] ; q_ledr[24] ; CLOCK_50     ; CLOCK_50    ; 0.000        ; 0.000      ; 1.097      ;
; 0.831  ; q_ledr[26] ; q_ledr[26] ; CLOCK_50     ; CLOCK_50    ; 0.000        ; 0.000      ; 1.097      ;
; 0.831  ; q_ledr[28] ; q_ledr[28] ; CLOCK_50     ; CLOCK_50    ; 0.000        ; 0.000      ; 1.097      ;
; 0.831  ; q_hex[28]  ; q_hex[28]  ; CLOCK_50     ; CLOCK_50    ; 0.000        ; 0.000      ; 1.097      ;
; 0.831  ; q_hex[24]  ; q_hex[24]  ; CLOCK_50     ; CLOCK_50    ; 0.000        ; 0.000      ; 1.097      ;
; 0.831  ; q_hex[26]  ; q_hex[26]  ; CLOCK_50     ; CLOCK_50    ; 0.000        ; 0.000      ; 1.097      ;
; 0.831  ; q_ledg[24] ; q_ledg[24] ; CLOCK_50     ; CLOCK_50    ; 0.000        ; 0.000      ; 1.097      ;
; 0.831  ; q_ledg[26] ; q_ledg[26] ; CLOCK_50     ; CLOCK_50    ; 0.000        ; 0.000      ; 1.097      ;
; 0.831  ; q_ledg[28] ; q_ledg[28] ; CLOCK_50     ; CLOCK_50    ; 0.000        ; 0.000      ; 1.097      ;
; 0.835  ; q_hex[3]   ; q_hex[3]   ; CLOCK_50     ; CLOCK_50    ; 0.000        ; 0.000      ; 1.101      ;
; 1.177  ; q_ledr[25] ; q_ledr[26] ; CLOCK_50     ; CLOCK_50    ; 0.000        ; 0.000      ; 1.443      ;
; 1.177  ; q_hex[25]  ; q_hex[26]  ; CLOCK_50     ; CLOCK_50    ; 0.000        ; 0.000      ; 1.443      ;
; 1.177  ; q_ledg[25] ; q_ledg[26] ; CLOCK_50     ; CLOCK_50    ; 0.000        ; 0.000      ; 1.443      ;
; 1.178  ; q_ledr[14] ; q_ledr[15] ; CLOCK_50     ; CLOCK_50    ; 0.000        ; 0.000      ; 1.444      ;
; 1.178  ; q_ledr[11] ; q_ledr[12] ; CLOCK_50     ; CLOCK_50    ; 0.000        ; 0.000      ; 1.444      ;
; 1.178  ; q_ledr[27] ; q_ledr[28] ; CLOCK_50     ; CLOCK_50    ; 0.000        ; 0.000      ; 1.444      ;
; 1.178  ; q_hex[27]  ; q_hex[28]  ; CLOCK_50     ; CLOCK_50    ; 0.000        ; 0.000      ; 1.444      ;
; 1.178  ; q_ledg[27] ; q_ledg[28] ; CLOCK_50     ; CLOCK_50    ; 0.000        ; 0.000      ; 1.444      ;
; 1.182  ; q_ledr[30] ; q_ledr[31] ; CLOCK_50     ; CLOCK_50    ; 0.000        ; 0.000      ; 1.448      ;
; 1.182  ; q_hex[30]  ; q_hex[31]  ; CLOCK_50     ; CLOCK_50    ; 0.000        ; 0.000      ; 1.448      ;
; 1.182  ; q_ledg[30] ; q_ledg[31] ; CLOCK_50     ; CLOCK_50    ; 0.000        ; 0.000      ; 1.448      ;
; 1.182  ; q_ledr[29] ; q_ledr[30] ; CLOCK_50     ; CLOCK_50    ; 0.000        ; 0.000      ; 1.448      ;
; 1.182  ; q_hex[29]  ; q_hex[30]  ; CLOCK_50     ; CLOCK_50    ; 0.000        ; 0.000      ; 1.448      ;
; 1.182  ; q_ledg[29] ; q_ledg[30] ; CLOCK_50     ; CLOCK_50    ; 0.000        ; 0.000      ; 1.448      ;
; 1.183  ; q_hex[0]   ; q_hex[1]   ; CLOCK_50     ; CLOCK_50    ; 0.000        ; 0.000      ; 1.449      ;
; 1.183  ; q_hex[1]   ; q_hex[2]   ; CLOCK_50     ; CLOCK_50    ; 0.000        ; 0.000      ; 1.449      ;
; 1.189  ; q_hex[2]   ; q_hex[3]   ; CLOCK_50     ; CLOCK_50    ; 0.000        ; 0.000      ; 1.455      ;
; 1.206  ; q_hex[8]   ; q_hex[9]   ; CLOCK_50     ; CLOCK_50    ; 0.000        ; 0.000      ; 1.472      ;
; 1.214  ; q_ledg[6]  ; q_ledg[7]  ; CLOCK_50     ; CLOCK_50    ; 0.000        ; 0.000      ; 1.480      ;
; 1.214  ; q_ledr[19] ; q_ledr[20] ; CLOCK_50     ; CLOCK_50    ; 0.000        ; 0.000      ; 1.480      ;
; 1.214  ; q_ledr[22] ; q_ledr[23] ; CLOCK_50     ; CLOCK_50    ; 0.000        ; 0.000      ; 1.480      ;
; 1.214  ; q_hex[6]   ; q_hex[7]   ; CLOCK_50     ; CLOCK_50    ; 0.000        ; 0.000      ; 1.480      ;
; 1.214  ; q_ledg[5]  ; q_ledg[6]  ; CLOCK_50     ; CLOCK_50    ; 0.000        ; 0.000      ; 1.480      ;
; 1.217  ; q_ledr[24] ; q_ledr[25] ; CLOCK_50     ; CLOCK_50    ; 0.000        ; 0.000      ; 1.483      ;
; 1.217  ; q_hex[24]  ; q_hex[25]  ; CLOCK_50     ; CLOCK_50    ; 0.000        ; 0.000      ; 1.483      ;
; 1.217  ; q_ledg[24] ; q_ledg[25] ; CLOCK_50     ; CLOCK_50    ; 0.000        ; 0.000      ; 1.483      ;
; 1.217  ; q_ledr[26] ; q_ledr[27] ; CLOCK_50     ; CLOCK_50    ; 0.000        ; 0.000      ; 1.483      ;
; 1.217  ; q_hex[26]  ; q_hex[27]  ; CLOCK_50     ; CLOCK_50    ; 0.000        ; 0.000      ; 1.483      ;
; 1.217  ; q_ledg[26] ; q_ledg[27] ; CLOCK_50     ; CLOCK_50    ; 0.000        ; 0.000      ; 1.483      ;
; 1.217  ; q_ledr[28] ; q_ledr[29] ; CLOCK_50     ; CLOCK_50    ; 0.000        ; 0.000      ; 1.483      ;
; 1.217  ; q_hex[28]  ; q_hex[29]  ; CLOCK_50     ; CLOCK_50    ; 0.000        ; 0.000      ; 1.483      ;
; 1.217  ; q_ledg[28] ; q_ledg[29] ; CLOCK_50     ; CLOCK_50    ; 0.000        ; 0.000      ; 1.483      ;
; 1.221  ; q_hex[3]   ; q_hex[4]   ; CLOCK_50     ; CLOCK_50    ; 0.000        ; 0.000      ; 1.487      ;
; 1.248  ; q_ledr[9]  ; q_ledr[11] ; CLOCK_50     ; CLOCK_50    ; 0.000        ; 0.000      ; 1.514      ;
; 1.248  ; q_ledr[25] ; q_ledr[27] ; CLOCK_50     ; CLOCK_50    ; 0.000        ; 0.000      ; 1.514      ;
; 1.248  ; q_hex[25]  ; q_hex[27]  ; CLOCK_50     ; CLOCK_50    ; 0.000        ; 0.000      ; 1.514      ;
; 1.248  ; q_ledg[25] ; q_ledg[27] ; CLOCK_50     ; CLOCK_50    ; 0.000        ; 0.000      ; 1.514      ;
; 1.249  ; q_ledg[13] ; q_ledg[15] ; CLOCK_50     ; CLOCK_50    ; 0.000        ; 0.000      ; 1.515      ;
; 1.249  ; q_ledr[20] ; q_ledr[22] ; CLOCK_50     ; CLOCK_50    ; 0.000        ; 0.000      ; 1.515      ;
+--------+------------+------------+--------------+-------------+--------------+------------+------------+


+-------------------------------------------------------------------------------------------------------------------+
; Slow Model Hold: 'clock_2hz'                                                                                      ;
+-------+------------------+------------------+--------------+-------------+--------------+------------+------------+
; Slack ; From Node        ; To Node          ; Launch Clock ; Latch Clock ; Relationship ; Clock Skew ; Data Delay ;
+-------+------------------+------------------+--------------+-------------+--------------+------------+------------+
; 0.516 ; state_hex.hex_s2 ; state_hex.hex_s0 ; clock_2hz    ; clock_2hz   ; 0.000        ; 0.000      ; 0.782      ;
; 0.517 ; state_hex.hex_s0 ; state_hex.hex_s1 ; clock_2hz    ; clock_2hz   ; 0.000        ; 0.000      ; 0.783      ;
; 0.529 ; state_hex.hex_s1 ; state_hex.hex_s2 ; clock_2hz    ; clock_2hz   ; 0.000        ; 0.000      ; 0.795      ;
+-------+------------------+------------------+--------------+-------------+--------------+------------+------------+


+-----------------------------------------------------------------------------------------------------------------------+
; Slow Model Hold: 'clock_4hz'                                                                                          ;
+-------+--------------------+--------------------+--------------+-------------+--------------+------------+------------+
; Slack ; From Node          ; To Node            ; Launch Clock ; Latch Clock ; Relationship ; Clock Skew ; Data Delay ;
+-------+--------------------+--------------------+--------------+-------------+--------------+------------+------------+
; 0.520 ; state_ledg.ledg_s0 ; state_ledg.ledg_s1 ; clock_4hz    ; clock_4hz   ; 0.000        ; 0.000      ; 0.786      ;
; 0.523 ; state_ledg.ledg_s2 ; state_ledg.ledg_s0 ; clock_4hz    ; clock_4hz   ; 0.000        ; 0.000      ; 0.789      ;
; 0.537 ; state_ledg.ledg_s1 ; state_ledg.ledg_s2 ; clock_4hz    ; clock_4hz   ; 0.000        ; 0.000      ; 0.803      ;
+-------+--------------------+--------------------+--------------+-------------+--------------+------------+------------+


+-----------------------------------------------------------------------------------------------------------------------+
; Slow Model Hold: 'clock_10hz'                                                                                         ;
+-------+--------------------+--------------------+--------------+-------------+--------------+------------+------------+
; Slack ; From Node          ; To Node            ; Launch Clock ; Latch Clock ; Relationship ; Clock Skew ; Data Delay ;
+-------+--------------------+--------------------+--------------+-------------+--------------+------------+------------+
; 0.707 ; state_ledr.ledr_s3 ; state_ledr.ledr_s0 ; clock_10hz   ; clock_10hz  ; 0.000        ; 0.000      ; 0.973      ;
; 0.741 ; state_ledr.ledr_s2 ; state_ledr.ledr_s3 ; clock_10hz   ; clock_10hz  ; 0.000        ; 0.000      ; 1.007      ;
; 0.741 ; state_ledr.ledr_s0 ; state_ledr.ledr_s1 ; clock_10hz   ; clock_10hz  ; 0.000        ; 0.000      ; 1.007      ;
; 0.795 ; LEDR[3]~reg0       ; LEDR[4]~reg0       ; clock_10hz   ; clock_10hz  ; 0.000        ; 0.000      ; 1.061      ;
; 0.805 ; LEDR[6]~reg0       ; LEDR[7]~reg0       ; clock_10hz   ; clock_10hz  ; 0.000        ; 0.000      ; 1.071      ;
; 0.805 ; LEDR[1]~reg0       ; LEDR[0]~reg0       ; clock_10hz   ; clock_10hz  ; 0.000        ; 0.000      ; 1.071      ;
; 0.807 ; LEDR[2]~reg0       ; LEDR[3]~reg0       ; clock_10hz   ; clock_10hz  ; 0.000        ; 0.000      ; 1.073      ;
; 0.808 ; LEDR[1]~reg0       ; LEDR[2]~reg0       ; clock_10hz   ; clock_10hz  ; 0.000        ; 0.000      ; 1.074      ;
; 0.809 ; LEDR[7]~reg0       ; LEDR[6]~reg0       ; clock_10hz   ; clock_10hz  ; 0.000        ; 0.000      ; 1.075      ;
; 0.809 ; LEDR[2]~reg0       ; LEDR[1]~reg0       ; clock_10hz   ; clock_10hz  ; 0.000        ; 0.000      ; 1.075      ;
; 0.813 ; LEDR[9]~reg0       ; LEDR[10]~reg0      ; clock_10hz   ; clock_10hz  ; 0.000        ; 0.000      ; 1.079      ;
; 0.814 ; LEDR[11]~reg0      ; LEDR[12]~reg0      ; clock_10hz   ; clock_10hz  ; 0.000        ; 0.000      ; 1.080      ;
; 0.816 ; LEDR[9]~reg0       ; LEDR[8]~reg0       ; clock_10hz   ; clock_10hz  ; 0.000        ; 0.000      ; 1.082      ;
; 0.828 ; LEDR[0]~reg0       ; LEDR[1]~reg0       ; clock_10hz   ; clock_10hz  ; 0.000        ; 0.000      ; 1.094      ;
; 0.838 ; LEDR[4]~reg0       ; LEDR[3]~reg0       ; clock_10hz   ; clock_10hz  ; 0.000        ; 0.000      ; 1.104      ;
; 0.839 ; LEDR[4]~reg0       ; LEDR[5]~reg0       ; clock_10hz   ; clock_10hz  ; 0.000        ; 0.000      ; 1.105      ;
; 0.843 ; LEDR[17]~reg0      ; LEDR[16]~reg0      ; clock_10hz   ; clock_10hz  ; 0.000        ; 0.000      ; 1.109      ;
; 0.843 ; LEDR[10]~reg0      ; LEDR[11]~reg0      ; clock_10hz   ; clock_10hz  ; 0.000        ; 0.000      ; 1.109      ;
; 0.844 ; LEDR[8]~reg0       ; LEDR[7]~reg0       ; clock_10hz   ; clock_10hz  ; 0.000        ; 0.000      ; 1.110      ;
; 0.846 ; LEDR[13]~reg0      ; LEDR[12]~reg0      ; clock_10hz   ; clock_10hz  ; 0.000        ; 0.000      ; 1.112      ;
; 0.847 ; LEDR[13]~reg0      ; LEDR[14]~reg0      ; clock_10hz   ; clock_10hz  ; 0.000        ; 0.000      ; 1.113      ;
; 0.847 ; LEDR[10]~reg0      ; LEDR[9]~reg0       ; clock_10hz   ; clock_10hz  ; 0.000        ; 0.000      ; 1.113      ;
; 0.855 ; LEDR[12]~reg0      ; LEDR[11]~reg0      ; clock_10hz   ; clock_10hz  ; 0.000        ; 0.000      ; 1.121      ;
; 0.860 ; LEDR[14]~reg0      ; LEDR[15]~reg0      ; clock_10hz   ; clock_10hz  ; 0.000        ; 0.000      ; 1.126      ;
; 0.860 ; LEDR[15]~reg0      ; LEDR[14]~reg0      ; clock_10hz   ; clock_10hz  ; 0.000        ; 0.000      ; 1.126      ;
; 0.868 ; LEDR[14]~reg0      ; LEDR[13]~reg0      ; clock_10hz   ; clock_10hz  ; 0.000        ; 0.000      ; 1.134      ;
; 0.868 ; LEDR[15]~reg0      ; LEDR[16]~reg0      ; clock_10hz   ; clock_10hz  ; 0.000        ; 0.000      ; 1.134      ;
; 0.945 ; step_ledr[4]       ; step_ledr[4]       ; clock_10hz   ; clock_10hz  ; 0.000        ; 0.000      ; 1.211      ;
; 0.985 ; state_ledr.ledr_s3 ; LEDR[17]~reg0      ; clock_10hz   ; clock_10hz  ; 0.000        ; 0.000      ; 1.251      ;
; 0.987 ; LEDR[8]~reg0       ; LEDR[9]~reg0       ; clock_10hz   ; clock_10hz  ; 0.000        ; 0.000      ; 1.253      ;
; 1.006 ; step_ledr[0]       ; state_ledr.ledr_s1 ; clock_10hz   ; clock_10hz  ; 0.000        ; 0.000      ; 1.272      ;
; 1.007 ; step_ledr[0]       ; state_ledr.ledr_s3 ; clock_10hz   ; clock_10hz  ; 0.000        ; 0.000      ; 1.273      ;
; 1.016 ; LEDR[12]~reg0      ; LEDR[13]~reg0      ; clock_10hz   ; clock_10hz  ; 0.000        ; 0.000      ; 1.282      ;
; 1.018 ; LEDR[11]~reg0      ; LEDR[10]~reg0      ; clock_10hz   ; clock_10hz  ; 0.000        ; 0.000      ; 1.284      ;
; 1.024 ; LEDR[7]~reg0       ; LEDR[8]~reg0       ; clock_10hz   ; clock_10hz  ; 0.000        ; 0.000      ; 1.290      ;
; 1.024 ; LEDR[16]~reg0      ; LEDR[17]~reg0      ; clock_10hz   ; clock_10hz  ; 0.000        ; 0.000      ; 1.290      ;
; 1.026 ; LEDR[5]~reg0       ; LEDR[6]~reg0       ; clock_10hz   ; clock_10hz  ; 0.000        ; 0.000      ; 1.292      ;
; 1.026 ; LEDR[16]~reg0      ; LEDR[15]~reg0      ; clock_10hz   ; clock_10hz  ; 0.000        ; 0.000      ; 1.292      ;
; 1.051 ; LEDR[5]~reg0       ; LEDR[4]~reg0       ; clock_10hz   ; clock_10hz  ; 0.000        ; 0.000      ; 1.317      ;
; 1.054 ; state_ledr.ledr_s1 ; state_ledr.ledr_s2 ; clock_10hz   ; clock_10hz  ; 0.000        ; 0.000      ; 1.320      ;
; 1.099 ; step_ledr[4]       ; state_ledr.ledr_s1 ; clock_10hz   ; clock_10hz  ; 0.000        ; 0.000      ; 1.365      ;
; 1.100 ; step_ledr[4]       ; state_ledr.ledr_s3 ; clock_10hz   ; clock_10hz  ; 0.000        ; 0.000      ; 1.366      ;
; 1.164 ; state_ledr.ledr_s2 ; LEDR[8]~reg0       ; clock_10hz   ; clock_10hz  ; 0.000        ; 0.000      ; 1.430      ;
; 1.164 ; state_ledr.ledr_s2 ; LEDR[14]~reg0      ; clock_10hz   ; clock_10hz  ; 0.000        ; 0.000      ; 1.430      ;
; 1.164 ; state_ledr.ledr_s2 ; LEDR[15]~reg0      ; clock_10hz   ; clock_10hz  ; 0.000        ; 0.000      ; 1.430      ;
; 1.165 ; state_ledr.ledr_s2 ; LEDR[9]~reg0       ; clock_10hz   ; clock_10hz  ; 0.000        ; 0.000      ; 1.431      ;
; 1.166 ; state_ledr.ledr_s2 ; LEDR[10]~reg0      ; clock_10hz   ; clock_10hz  ; 0.000        ; 0.000      ; 1.432      ;
; 1.166 ; state_ledr.ledr_s2 ; LEDR[12]~reg0      ; clock_10hz   ; clock_10hz  ; 0.000        ; 0.000      ; 1.432      ;
; 1.166 ; state_ledr.ledr_s2 ; LEDR[11]~reg0      ; clock_10hz   ; clock_10hz  ; 0.000        ; 0.000      ; 1.432      ;
; 1.166 ; state_ledr.ledr_s2 ; LEDR[17]~reg0      ; clock_10hz   ; clock_10hz  ; 0.000        ; 0.000      ; 1.432      ;
; 1.166 ; state_ledr.ledr_s2 ; state_ledr.ledr_s2 ; clock_10hz   ; clock_10hz  ; 0.000        ; 0.000      ; 1.432      ;
; 1.168 ; state_ledr.ledr_s2 ; LEDR[7]~reg0       ; clock_10hz   ; clock_10hz  ; 0.000        ; 0.000      ; 1.434      ;
; 1.168 ; state_ledr.ledr_s2 ; LEDR[6]~reg0       ; clock_10hz   ; clock_10hz  ; 0.000        ; 0.000      ; 1.434      ;
; 1.168 ; state_ledr.ledr_s2 ; LEDR[16]~reg0      ; clock_10hz   ; clock_10hz  ; 0.000        ; 0.000      ; 1.434      ;
; 1.168 ; state_ledr.ledr_s2 ; LEDR[13]~reg0      ; clock_10hz   ; clock_10hz  ; 0.000        ; 0.000      ; 1.434      ;
; 1.172 ; state_ledr.ledr_s2 ; step_ledr[0]       ; clock_10hz   ; clock_10hz  ; 0.000        ; 0.000      ; 1.438      ;
; 1.173 ; state_ledr.ledr_s2 ; step_ledr[2]       ; clock_10hz   ; clock_10hz  ; 0.000        ; 0.000      ; 1.439      ;
; 1.203 ; step_ledr[1]       ; step_ledr[1]       ; clock_10hz   ; clock_10hz  ; 0.000        ; 0.000      ; 1.469      ;
; 1.205 ; LEDR[6]~reg0       ; LEDR[5]~reg0       ; clock_10hz   ; clock_10hz  ; 0.000        ; 0.000      ; 1.471      ;
; 1.217 ; step_ledr[1]       ; state_ledr.ledr_s1 ; clock_10hz   ; clock_10hz  ; 0.000        ; 0.000      ; 1.483      ;
; 1.218 ; step_ledr[1]       ; state_ledr.ledr_s3 ; clock_10hz   ; clock_10hz  ; 0.000        ; 0.000      ; 1.484      ;
; 1.230 ; state_ledr.ledr_s0 ; LEDR[4]~reg0       ; clock_10hz   ; clock_10hz  ; 0.000        ; 0.000      ; 1.496      ;
; 1.230 ; state_ledr.ledr_s0 ; LEDR[3]~reg0       ; clock_10hz   ; clock_10hz  ; 0.000        ; 0.000      ; 1.496      ;
; 1.232 ; state_ledr.ledr_s0 ; LEDR[2]~reg0       ; clock_10hz   ; clock_10hz  ; 0.000        ; 0.000      ; 1.498      ;
; 1.233 ; state_ledr.ledr_s0 ; LEDR[5]~reg0       ; clock_10hz   ; clock_10hz  ; 0.000        ; 0.000      ; 1.499      ;
; 1.234 ; state_ledr.ledr_s0 ; LEDR[0]~reg0       ; clock_10hz   ; clock_10hz  ; 0.000        ; 0.000      ; 1.500      ;
; 1.234 ; state_ledr.ledr_s0 ; LEDR[1]~reg0       ; clock_10hz   ; clock_10hz  ; 0.000        ; 0.000      ; 1.500      ;
; 1.245 ; step_ledr[3]       ; step_ledr[3]       ; clock_10hz   ; clock_10hz  ; 0.000        ; 0.000      ; 1.511      ;
; 1.258 ; state_ledr.ledr_s0 ; LEDR[8]~reg0       ; clock_10hz   ; clock_10hz  ; 0.000        ; 0.000      ; 1.524      ;
; 1.260 ; state_ledr.ledr_s0 ; LEDR[12]~reg0      ; clock_10hz   ; clock_10hz  ; 0.000        ; 0.000      ; 1.526      ;
; 1.260 ; state_ledr.ledr_s0 ; LEDR[17]~reg0      ; clock_10hz   ; clock_10hz  ; 0.000        ; 0.000      ; 1.526      ;
; 1.262 ; state_ledr.ledr_s0 ; LEDR[16]~reg0      ; clock_10hz   ; clock_10hz  ; 0.000        ; 0.000      ; 1.528      ;
; 1.262 ; state_ledr.ledr_s0 ; LEDR[13]~reg0      ; clock_10hz   ; clock_10hz  ; 0.000        ; 0.000      ; 1.528      ;
; 1.263 ; state_ledr.ledr_s0 ; LEDR[7]~reg0       ; clock_10hz   ; clock_10hz  ; 0.000        ; 0.000      ; 1.529      ;
; 1.263 ; state_ledr.ledr_s0 ; LEDR[6]~reg0       ; clock_10hz   ; clock_10hz  ; 0.000        ; 0.000      ; 1.529      ;
; 1.264 ; state_ledr.ledr_s0 ; LEDR[14]~reg0      ; clock_10hz   ; clock_10hz  ; 0.000        ; 0.000      ; 1.530      ;
; 1.264 ; state_ledr.ledr_s0 ; LEDR[15]~reg0      ; clock_10hz   ; clock_10hz  ; 0.000        ; 0.000      ; 1.530      ;
; 1.265 ; state_ledr.ledr_s0 ; state_ledr.ledr_s0 ; clock_10hz   ; clock_10hz  ; 0.000        ; 0.000      ; 1.531      ;
; 1.265 ; state_ledr.ledr_s1 ; LEDR[0]~reg0       ; clock_10hz   ; clock_10hz  ; 0.000        ; 0.000      ; 1.531      ;
; 1.265 ; state_ledr.ledr_s0 ; LEDR[9]~reg0       ; clock_10hz   ; clock_10hz  ; 0.000        ; 0.000      ; 1.531      ;
; 1.266 ; state_ledr.ledr_s0 ; LEDR[10]~reg0      ; clock_10hz   ; clock_10hz  ; 0.000        ; 0.000      ; 1.532      ;
; 1.266 ; state_ledr.ledr_s0 ; LEDR[11]~reg0      ; clock_10hz   ; clock_10hz  ; 0.000        ; 0.000      ; 1.532      ;
; 1.300 ; step_ledr[2]       ; state_ledr.ledr_s1 ; clock_10hz   ; clock_10hz  ; 0.000        ; 0.000      ; 1.566      ;
; 1.301 ; step_ledr[2]       ; state_ledr.ledr_s3 ; clock_10hz   ; clock_10hz  ; 0.000        ; 0.000      ; 1.567      ;
; 1.318 ; LEDR[3]~reg0       ; LEDR[2]~reg0       ; clock_10hz   ; clock_10hz  ; 0.000        ; 0.000      ; 1.584      ;
; 1.338 ; step_ledr[2]       ; step_ledr[2]       ; clock_10hz   ; clock_10hz  ; 0.000        ; 0.000      ; 1.604      ;
; 1.354 ; step_ledr[3]       ; state_ledr.ledr_s1 ; clock_10hz   ; clock_10hz  ; 0.000        ; 0.000      ; 1.620      ;
; 1.355 ; step_ledr[3]       ; state_ledr.ledr_s3 ; clock_10hz   ; clock_10hz  ; 0.000        ; 0.000      ; 1.621      ;
; 1.365 ; step_ledr[0]       ; step_ledr[0]       ; clock_10hz   ; clock_10hz  ; 0.000        ; 0.000      ; 1.631      ;
; 1.378 ; state_ledr.ledr_s2 ; LEDR[0]~reg0       ; clock_10hz   ; clock_10hz  ; 0.000        ; 0.000      ; 1.644      ;
; 1.397 ; state_ledr.ledr_s2 ; step_ledr[4]       ; clock_10hz   ; clock_10hz  ; 0.000        ; 0.000      ; 1.663      ;
; 1.397 ; state_ledr.ledr_s2 ; step_ledr[3]       ; clock_10hz   ; clock_10hz  ; 0.000        ; 0.000      ; 1.663      ;
; 1.398 ; state_ledr.ledr_s2 ; step_ledr[1]       ; clock_10hz   ; clock_10hz  ; 0.000        ; 0.000      ; 1.664      ;
; 1.407 ; state_ledr.ledr_s2 ; LEDR[4]~reg0       ; clock_10hz   ; clock_10hz  ; 0.000        ; 0.000      ; 1.673      ;
; 1.407 ; state_ledr.ledr_s2 ; LEDR[3]~reg0       ; clock_10hz   ; clock_10hz  ; 0.000        ; 0.000      ; 1.673      ;
; 1.407 ; state_ledr.ledr_s2 ; LEDR[5]~reg0       ; clock_10hz   ; clock_10hz  ; 0.000        ; 0.000      ; 1.673      ;
; 1.408 ; state_ledr.ledr_s2 ; LEDR[2]~reg0       ; clock_10hz   ; clock_10hz  ; 0.000        ; 0.000      ; 1.674      ;
; 1.408 ; state_ledr.ledr_s2 ; LEDR[1]~reg0       ; clock_10hz   ; clock_10hz  ; 0.000        ; 0.000      ; 1.674      ;
; 1.414 ; state_ledr.ledr_s0 ; step_ledr[0]       ; clock_10hz   ; clock_10hz  ; 0.000        ; 0.000      ; 1.680      ;
; 1.415 ; state_ledr.ledr_s0 ; step_ledr[2]       ; clock_10hz   ; clock_10hz  ; 0.000        ; 0.000      ; 1.681      ;
+-------+--------------------+--------------------+--------------+-------------+--------------+------------+------------+


+------------------------------------------------------------------------------------------------+
; Slow Model Minimum Pulse Width: 'CLOCK_50'                                                     ;
+--------+--------------+----------------+------------------+----------+------------+------------+
; Slack  ; Actual Width ; Required Width ; Type             ; Clock    ; Clock Edge ; Target     ;
+--------+--------------+----------------+------------------+----------+------------+------------+
; -1.380 ; 1.000        ; 2.380          ; Port Rate        ; CLOCK_50 ; Rise       ; CLOCK_50   ;
; -0.500 ; 0.500        ; 1.000          ; High Pulse Width ; CLOCK_50 ; Fall       ; clock_10hz ;
; -0.500 ; 0.500        ; 1.000          ; Low Pulse Width  ; CLOCK_50 ; Fall       ; clock_10hz ;
; -0.500 ; 0.500        ; 1.000          ; High Pulse Width ; CLOCK_50 ; Fall       ; clock_2hz  ;
; -0.500 ; 0.500        ; 1.000          ; Low Pulse Width  ; CLOCK_50 ; Fall       ; clock_2hz  ;
; -0.500 ; 0.500        ; 1.000          ; High Pulse Width ; CLOCK_50 ; Fall       ; clock_4hz  ;
; -0.500 ; 0.500        ; 1.000          ; Low Pulse Width  ; CLOCK_50 ; Fall       ; clock_4hz  ;
; -0.500 ; 0.500        ; 1.000          ; High Pulse Width ; CLOCK_50 ; Fall       ; q_hex[0]   ;
; -0.500 ; 0.500        ; 1.000          ; Low Pulse Width  ; CLOCK_50 ; Fall       ; q_hex[0]   ;
; -0.500 ; 0.500        ; 1.000          ; High Pulse Width ; CLOCK_50 ; Fall       ; q_hex[10]  ;
; -0.500 ; 0.500        ; 1.000          ; Low Pulse Width  ; CLOCK_50 ; Fall       ; q_hex[10]  ;
; -0.500 ; 0.500        ; 1.000          ; High Pulse Width ; CLOCK_50 ; Fall       ; q_hex[11]  ;
; -0.500 ; 0.500        ; 1.000          ; Low Pulse Width  ; CLOCK_50 ; Fall       ; q_hex[11]  ;
; -0.500 ; 0.500        ; 1.000          ; High Pulse Width ; CLOCK_50 ; Fall       ; q_hex[12]  ;
; -0.500 ; 0.500        ; 1.000          ; Low Pulse Width  ; CLOCK_50 ; Fall       ; q_hex[12]  ;
; -0.500 ; 0.500        ; 1.000          ; High Pulse Width ; CLOCK_50 ; Fall       ; q_hex[13]  ;
; -0.500 ; 0.500        ; 1.000          ; Low Pulse Width  ; CLOCK_50 ; Fall       ; q_hex[13]  ;
; -0.500 ; 0.500        ; 1.000          ; High Pulse Width ; CLOCK_50 ; Fall       ; q_hex[14]  ;
; -0.500 ; 0.500        ; 1.000          ; Low Pulse Width  ; CLOCK_50 ; Fall       ; q_hex[14]  ;
; -0.500 ; 0.500        ; 1.000          ; High Pulse Width ; CLOCK_50 ; Fall       ; q_hex[15]  ;
; -0.500 ; 0.500        ; 1.000          ; Low Pulse Width  ; CLOCK_50 ; Fall       ; q_hex[15]  ;
; -0.500 ; 0.500        ; 1.000          ; High Pulse Width ; CLOCK_50 ; Fall       ; q_hex[16]  ;
; -0.500 ; 0.500        ; 1.000          ; Low Pulse Width  ; CLOCK_50 ; Fall       ; q_hex[16]  ;
; -0.500 ; 0.500        ; 1.000          ; High Pulse Width ; CLOCK_50 ; Fall       ; q_hex[17]  ;
; -0.500 ; 0.500        ; 1.000          ; Low Pulse Width  ; CLOCK_50 ; Fall       ; q_hex[17]  ;
; -0.500 ; 0.500        ; 1.000          ; High Pulse Width ; CLOCK_50 ; Fall       ; q_hex[18]  ;
; -0.500 ; 0.500        ; 1.000          ; Low Pulse Width  ; CLOCK_50 ; Fall       ; q_hex[18]  ;
; -0.500 ; 0.500        ; 1.000          ; High Pulse Width ; CLOCK_50 ; Fall       ; q_hex[19]  ;
; -0.500 ; 0.500        ; 1.000          ; Low Pulse Width  ; CLOCK_50 ; Fall       ; q_hex[19]  ;
; -0.500 ; 0.500        ; 1.000          ; High Pulse Width ; CLOCK_50 ; Fall       ; q_hex[1]   ;
; -0.500 ; 0.500        ; 1.000          ; Low Pulse Width  ; CLOCK_50 ; Fall       ; q_hex[1]   ;
; -0.500 ; 0.500        ; 1.000          ; High Pulse Width ; CLOCK_50 ; Fall       ; q_hex[20]  ;
; -0.500 ; 0.500        ; 1.000          ; Low Pulse Width  ; CLOCK_50 ; Fall       ; q_hex[20]  ;
; -0.500 ; 0.500        ; 1.000          ; High Pulse Width ; CLOCK_50 ; Fall       ; q_hex[21]  ;
; -0.500 ; 0.500        ; 1.000          ; Low Pulse Width  ; CLOCK_50 ; Fall       ; q_hex[21]  ;
; -0.500 ; 0.500        ; 1.000          ; High Pulse Width ; CLOCK_50 ; Fall       ; q_hex[22]  ;
; -0.500 ; 0.500        ; 1.000          ; Low Pulse Width  ; CLOCK_50 ; Fall       ; q_hex[22]  ;
; -0.500 ; 0.500        ; 1.000          ; High Pulse Width ; CLOCK_50 ; Fall       ; q_hex[23]  ;
; -0.500 ; 0.500        ; 1.000          ; Low Pulse Width  ; CLOCK_50 ; Fall       ; q_hex[23]  ;
; -0.500 ; 0.500        ; 1.000          ; High Pulse Width ; CLOCK_50 ; Fall       ; q_hex[24]  ;
; -0.500 ; 0.500        ; 1.000          ; Low Pulse Width  ; CLOCK_50 ; Fall       ; q_hex[24]  ;
; -0.500 ; 0.500        ; 1.000          ; High Pulse Width ; CLOCK_50 ; Fall       ; q_hex[25]  ;
; -0.500 ; 0.500        ; 1.000          ; Low Pulse Width  ; CLOCK_50 ; Fall       ; q_hex[25]  ;
; -0.500 ; 0.500        ; 1.000          ; High Pulse Width ; CLOCK_50 ; Fall       ; q_hex[26]  ;
; -0.500 ; 0.500        ; 1.000          ; Low Pulse Width  ; CLOCK_50 ; Fall       ; q_hex[26]  ;
; -0.500 ; 0.500        ; 1.000          ; High Pulse Width ; CLOCK_50 ; Fall       ; q_hex[27]  ;
; -0.500 ; 0.500        ; 1.000          ; Low Pulse Width  ; CLOCK_50 ; Fall       ; q_hex[27]  ;
; -0.500 ; 0.500        ; 1.000          ; High Pulse Width ; CLOCK_50 ; Fall       ; q_hex[28]  ;
; -0.500 ; 0.500        ; 1.000          ; Low Pulse Width  ; CLOCK_50 ; Fall       ; q_hex[28]  ;
; -0.500 ; 0.500        ; 1.000          ; High Pulse Width ; CLOCK_50 ; Fall       ; q_hex[29]  ;
; -0.500 ; 0.500        ; 1.000          ; Low Pulse Width  ; CLOCK_50 ; Fall       ; q_hex[29]  ;
; -0.500 ; 0.500        ; 1.000          ; High Pulse Width ; CLOCK_50 ; Fall       ; q_hex[2]   ;
; -0.500 ; 0.500        ; 1.000          ; Low Pulse Width  ; CLOCK_50 ; Fall       ; q_hex[2]   ;
; -0.500 ; 0.500        ; 1.000          ; High Pulse Width ; CLOCK_50 ; Fall       ; q_hex[30]  ;
; -0.500 ; 0.500        ; 1.000          ; Low Pulse Width  ; CLOCK_50 ; Fall       ; q_hex[30]  ;
; -0.500 ; 0.500        ; 1.000          ; High Pulse Width ; CLOCK_50 ; Fall       ; q_hex[31]  ;
; -0.500 ; 0.500        ; 1.000          ; Low Pulse Width  ; CLOCK_50 ; Fall       ; q_hex[31]  ;
; -0.500 ; 0.500        ; 1.000          ; High Pulse Width ; CLOCK_50 ; Fall       ; q_hex[3]   ;
; -0.500 ; 0.500        ; 1.000          ; Low Pulse Width  ; CLOCK_50 ; Fall       ; q_hex[3]   ;
; -0.500 ; 0.500        ; 1.000          ; High Pulse Width ; CLOCK_50 ; Fall       ; q_hex[4]   ;
; -0.500 ; 0.500        ; 1.000          ; Low Pulse Width  ; CLOCK_50 ; Fall       ; q_hex[4]   ;
; -0.500 ; 0.500        ; 1.000          ; High Pulse Width ; CLOCK_50 ; Fall       ; q_hex[5]   ;
; -0.500 ; 0.500        ; 1.000          ; Low Pulse Width  ; CLOCK_50 ; Fall       ; q_hex[5]   ;
; -0.500 ; 0.500        ; 1.000          ; High Pulse Width ; CLOCK_50 ; Fall       ; q_hex[6]   ;
; -0.500 ; 0.500        ; 1.000          ; Low Pulse Width  ; CLOCK_50 ; Fall       ; q_hex[6]   ;
; -0.500 ; 0.500        ; 1.000          ; High Pulse Width ; CLOCK_50 ; Fall       ; q_hex[7]   ;
; -0.500 ; 0.500        ; 1.000          ; Low Pulse Width  ; CLOCK_50 ; Fall       ; q_hex[7]   ;
; -0.500 ; 0.500        ; 1.000          ; High Pulse Width ; CLOCK_50 ; Fall       ; q_hex[8]   ;
; -0.500 ; 0.500        ; 1.000          ; Low Pulse Width  ; CLOCK_50 ; Fall       ; q_hex[8]   ;
; -0.500 ; 0.500        ; 1.000          ; High Pulse Width ; CLOCK_50 ; Fall       ; q_hex[9]   ;
; -0.500 ; 0.500        ; 1.000          ; Low Pulse Width  ; CLOCK_50 ; Fall       ; q_hex[9]   ;
; -0.500 ; 0.500        ; 1.000          ; High Pulse Width ; CLOCK_50 ; Fall       ; q_ledg[10] ;
; -0.500 ; 0.500        ; 1.000          ; Low Pulse Width  ; CLOCK_50 ; Fall       ; q_ledg[10] ;
; -0.500 ; 0.500        ; 1.000          ; High Pulse Width ; CLOCK_50 ; Fall       ; q_ledg[11] ;
; -0.500 ; 0.500        ; 1.000          ; Low Pulse Width  ; CLOCK_50 ; Fall       ; q_ledg[11] ;
; -0.500 ; 0.500        ; 1.000          ; High Pulse Width ; CLOCK_50 ; Fall       ; q_ledg[12] ;
; -0.500 ; 0.500        ; 1.000          ; Low Pulse Width  ; CLOCK_50 ; Fall       ; q_ledg[12] ;
; -0.500 ; 0.500        ; 1.000          ; High Pulse Width ; CLOCK_50 ; Fall       ; q_ledg[13] ;
; -0.500 ; 0.500        ; 1.000          ; Low Pulse Width  ; CLOCK_50 ; Fall       ; q_ledg[13] ;
; -0.500 ; 0.500        ; 1.000          ; High Pulse Width ; CLOCK_50 ; Fall       ; q_ledg[14] ;
; -0.500 ; 0.500        ; 1.000          ; Low Pulse Width  ; CLOCK_50 ; Fall       ; q_ledg[14] ;
; -0.500 ; 0.500        ; 1.000          ; High Pulse Width ; CLOCK_50 ; Fall       ; q_ledg[15] ;
; -0.500 ; 0.500        ; 1.000          ; Low Pulse Width  ; CLOCK_50 ; Fall       ; q_ledg[15] ;
; -0.500 ; 0.500        ; 1.000          ; High Pulse Width ; CLOCK_50 ; Fall       ; q_ledg[16] ;
; -0.500 ; 0.500        ; 1.000          ; Low Pulse Width  ; CLOCK_50 ; Fall       ; q_ledg[16] ;
; -0.500 ; 0.500        ; 1.000          ; High Pulse Width ; CLOCK_50 ; Fall       ; q_ledg[17] ;
; -0.500 ; 0.500        ; 1.000          ; Low Pulse Width  ; CLOCK_50 ; Fall       ; q_ledg[17] ;
; -0.500 ; 0.500        ; 1.000          ; High Pulse Width ; CLOCK_50 ; Fall       ; q_ledg[18] ;
; -0.500 ; 0.500        ; 1.000          ; Low Pulse Width  ; CLOCK_50 ; Fall       ; q_ledg[18] ;
; -0.500 ; 0.500        ; 1.000          ; High Pulse Width ; CLOCK_50 ; Fall       ; q_ledg[19] ;
; -0.500 ; 0.500        ; 1.000          ; Low Pulse Width  ; CLOCK_50 ; Fall       ; q_ledg[19] ;
; -0.500 ; 0.500        ; 1.000          ; High Pulse Width ; CLOCK_50 ; Fall       ; q_ledg[20] ;
; -0.500 ; 0.500        ; 1.000          ; Low Pulse Width  ; CLOCK_50 ; Fall       ; q_ledg[20] ;
; -0.500 ; 0.500        ; 1.000          ; High Pulse Width ; CLOCK_50 ; Fall       ; q_ledg[21] ;
; -0.500 ; 0.500        ; 1.000          ; Low Pulse Width  ; CLOCK_50 ; Fall       ; q_ledg[21] ;
; -0.500 ; 0.500        ; 1.000          ; High Pulse Width ; CLOCK_50 ; Fall       ; q_ledg[22] ;
; -0.500 ; 0.500        ; 1.000          ; Low Pulse Width  ; CLOCK_50 ; Fall       ; q_ledg[22] ;
; -0.500 ; 0.500        ; 1.000          ; High Pulse Width ; CLOCK_50 ; Fall       ; q_ledg[23] ;
; -0.500 ; 0.500        ; 1.000          ; Low Pulse Width  ; CLOCK_50 ; Fall       ; q_ledg[23] ;
; -0.500 ; 0.500        ; 1.000          ; High Pulse Width ; CLOCK_50 ; Fall       ; q_ledg[24] ;
+--------+--------------+----------------+------------------+----------+------------+------------+


+-------------------------------------------------------------------------------------------------------------------+
; Slow Model Minimum Pulse Width: 'clock_10hz'                                                                      ;
+--------+--------------+----------------+------------------+------------+------------+-----------------------------+
; Slack  ; Actual Width ; Required Width ; Type             ; Clock      ; Clock Edge ; Target                      ;
+--------+--------------+----------------+------------------+------------+------------+-----------------------------+
; -0.500 ; 0.500        ; 1.000          ; High Pulse Width ; clock_10hz ; Fall       ; LEDR[0]~reg0                ;
; -0.500 ; 0.500        ; 1.000          ; Low Pulse Width  ; clock_10hz ; Fall       ; LEDR[0]~reg0                ;
; -0.500 ; 0.500        ; 1.000          ; High Pulse Width ; clock_10hz ; Fall       ; LEDR[10]~reg0               ;
; -0.500 ; 0.500        ; 1.000          ; Low Pulse Width  ; clock_10hz ; Fall       ; LEDR[10]~reg0               ;
; -0.500 ; 0.500        ; 1.000          ; High Pulse Width ; clock_10hz ; Fall       ; LEDR[11]~reg0               ;
; -0.500 ; 0.500        ; 1.000          ; Low Pulse Width  ; clock_10hz ; Fall       ; LEDR[11]~reg0               ;
; -0.500 ; 0.500        ; 1.000          ; High Pulse Width ; clock_10hz ; Fall       ; LEDR[12]~reg0               ;
; -0.500 ; 0.500        ; 1.000          ; Low Pulse Width  ; clock_10hz ; Fall       ; LEDR[12]~reg0               ;
; -0.500 ; 0.500        ; 1.000          ; High Pulse Width ; clock_10hz ; Fall       ; LEDR[13]~reg0               ;
; -0.500 ; 0.500        ; 1.000          ; Low Pulse Width  ; clock_10hz ; Fall       ; LEDR[13]~reg0               ;
; -0.500 ; 0.500        ; 1.000          ; High Pulse Width ; clock_10hz ; Fall       ; LEDR[14]~reg0               ;
; -0.500 ; 0.500        ; 1.000          ; Low Pulse Width  ; clock_10hz ; Fall       ; LEDR[14]~reg0               ;
; -0.500 ; 0.500        ; 1.000          ; High Pulse Width ; clock_10hz ; Fall       ; LEDR[15]~reg0               ;
; -0.500 ; 0.500        ; 1.000          ; Low Pulse Width  ; clock_10hz ; Fall       ; LEDR[15]~reg0               ;
; -0.500 ; 0.500        ; 1.000          ; High Pulse Width ; clock_10hz ; Fall       ; LEDR[16]~reg0               ;
; -0.500 ; 0.500        ; 1.000          ; Low Pulse Width  ; clock_10hz ; Fall       ; LEDR[16]~reg0               ;
; -0.500 ; 0.500        ; 1.000          ; High Pulse Width ; clock_10hz ; Fall       ; LEDR[17]~reg0               ;
; -0.500 ; 0.500        ; 1.000          ; Low Pulse Width  ; clock_10hz ; Fall       ; LEDR[17]~reg0               ;
; -0.500 ; 0.500        ; 1.000          ; High Pulse Width ; clock_10hz ; Fall       ; LEDR[1]~reg0                ;
; -0.500 ; 0.500        ; 1.000          ; Low Pulse Width  ; clock_10hz ; Fall       ; LEDR[1]~reg0                ;
; -0.500 ; 0.500        ; 1.000          ; High Pulse Width ; clock_10hz ; Fall       ; LEDR[2]~reg0                ;
; -0.500 ; 0.500        ; 1.000          ; Low Pulse Width  ; clock_10hz ; Fall       ; LEDR[2]~reg0                ;
; -0.500 ; 0.500        ; 1.000          ; High Pulse Width ; clock_10hz ; Fall       ; LEDR[3]~reg0                ;
; -0.500 ; 0.500        ; 1.000          ; Low Pulse Width  ; clock_10hz ; Fall       ; LEDR[3]~reg0                ;
; -0.500 ; 0.500        ; 1.000          ; High Pulse Width ; clock_10hz ; Fall       ; LEDR[4]~reg0                ;
; -0.500 ; 0.500        ; 1.000          ; Low Pulse Width  ; clock_10hz ; Fall       ; LEDR[4]~reg0                ;
; -0.500 ; 0.500        ; 1.000          ; High Pulse Width ; clock_10hz ; Fall       ; LEDR[5]~reg0                ;
; -0.500 ; 0.500        ; 1.000          ; Low Pulse Width  ; clock_10hz ; Fall       ; LEDR[5]~reg0                ;
; -0.500 ; 0.500        ; 1.000          ; High Pulse Width ; clock_10hz ; Fall       ; LEDR[6]~reg0                ;
; -0.500 ; 0.500        ; 1.000          ; Low Pulse Width  ; clock_10hz ; Fall       ; LEDR[6]~reg0                ;
; -0.500 ; 0.500        ; 1.000          ; High Pulse Width ; clock_10hz ; Fall       ; LEDR[7]~reg0                ;
; -0.500 ; 0.500        ; 1.000          ; Low Pulse Width  ; clock_10hz ; Fall       ; LEDR[7]~reg0                ;
; -0.500 ; 0.500        ; 1.000          ; High Pulse Width ; clock_10hz ; Fall       ; LEDR[8]~reg0                ;
; -0.500 ; 0.500        ; 1.000          ; Low Pulse Width  ; clock_10hz ; Fall       ; LEDR[8]~reg0                ;
; -0.500 ; 0.500        ; 1.000          ; High Pulse Width ; clock_10hz ; Fall       ; LEDR[9]~reg0                ;
; -0.500 ; 0.500        ; 1.000          ; Low Pulse Width  ; clock_10hz ; Fall       ; LEDR[9]~reg0                ;
; -0.500 ; 0.500        ; 1.000          ; High Pulse Width ; clock_10hz ; Fall       ; state_ledr.ledr_s0          ;
; -0.500 ; 0.500        ; 1.000          ; Low Pulse Width  ; clock_10hz ; Fall       ; state_ledr.ledr_s0          ;
; -0.500 ; 0.500        ; 1.000          ; High Pulse Width ; clock_10hz ; Fall       ; state_ledr.ledr_s1          ;
; -0.500 ; 0.500        ; 1.000          ; Low Pulse Width  ; clock_10hz ; Fall       ; state_ledr.ledr_s1          ;
; -0.500 ; 0.500        ; 1.000          ; High Pulse Width ; clock_10hz ; Fall       ; state_ledr.ledr_s2          ;
; -0.500 ; 0.500        ; 1.000          ; Low Pulse Width  ; clock_10hz ; Fall       ; state_ledr.ledr_s2          ;
; -0.500 ; 0.500        ; 1.000          ; High Pulse Width ; clock_10hz ; Fall       ; state_ledr.ledr_s3          ;
; -0.500 ; 0.500        ; 1.000          ; Low Pulse Width  ; clock_10hz ; Fall       ; state_ledr.ledr_s3          ;
; -0.500 ; 0.500        ; 1.000          ; High Pulse Width ; clock_10hz ; Fall       ; step_ledr[0]                ;
; -0.500 ; 0.500        ; 1.000          ; Low Pulse Width  ; clock_10hz ; Fall       ; step_ledr[0]                ;
; -0.500 ; 0.500        ; 1.000          ; High Pulse Width ; clock_10hz ; Fall       ; step_ledr[1]                ;
; -0.500 ; 0.500        ; 1.000          ; Low Pulse Width  ; clock_10hz ; Fall       ; step_ledr[1]                ;
; -0.500 ; 0.500        ; 1.000          ; High Pulse Width ; clock_10hz ; Fall       ; step_ledr[2]                ;
; -0.500 ; 0.500        ; 1.000          ; Low Pulse Width  ; clock_10hz ; Fall       ; step_ledr[2]                ;
; -0.500 ; 0.500        ; 1.000          ; High Pulse Width ; clock_10hz ; Fall       ; step_ledr[3]                ;
; -0.500 ; 0.500        ; 1.000          ; Low Pulse Width  ; clock_10hz ; Fall       ; step_ledr[3]                ;
; -0.500 ; 0.500        ; 1.000          ; High Pulse Width ; clock_10hz ; Fall       ; step_ledr[4]                ;
; -0.500 ; 0.500        ; 1.000          ; Low Pulse Width  ; clock_10hz ; Fall       ; step_ledr[4]                ;
; 0.500  ; 0.500        ; 0.000          ; High Pulse Width ; clock_10hz ; Rise       ; LEDR[0]~reg0|clk            ;
; 0.500  ; 0.500        ; 0.000          ; Low Pulse Width  ; clock_10hz ; Rise       ; LEDR[0]~reg0|clk            ;
; 0.500  ; 0.500        ; 0.000          ; High Pulse Width ; clock_10hz ; Rise       ; LEDR[10]~reg0|clk           ;
; 0.500  ; 0.500        ; 0.000          ; Low Pulse Width  ; clock_10hz ; Rise       ; LEDR[10]~reg0|clk           ;
; 0.500  ; 0.500        ; 0.000          ; High Pulse Width ; clock_10hz ; Rise       ; LEDR[11]~reg0|clk           ;
; 0.500  ; 0.500        ; 0.000          ; Low Pulse Width  ; clock_10hz ; Rise       ; LEDR[11]~reg0|clk           ;
; 0.500  ; 0.500        ; 0.000          ; High Pulse Width ; clock_10hz ; Rise       ; LEDR[12]~reg0|clk           ;
; 0.500  ; 0.500        ; 0.000          ; Low Pulse Width  ; clock_10hz ; Rise       ; LEDR[12]~reg0|clk           ;
; 0.500  ; 0.500        ; 0.000          ; High Pulse Width ; clock_10hz ; Rise       ; LEDR[13]~reg0|clk           ;
; 0.500  ; 0.500        ; 0.000          ; Low Pulse Width  ; clock_10hz ; Rise       ; LEDR[13]~reg0|clk           ;
; 0.500  ; 0.500        ; 0.000          ; High Pulse Width ; clock_10hz ; Rise       ; LEDR[14]~reg0|clk           ;
; 0.500  ; 0.500        ; 0.000          ; Low Pulse Width  ; clock_10hz ; Rise       ; LEDR[14]~reg0|clk           ;
; 0.500  ; 0.500        ; 0.000          ; High Pulse Width ; clock_10hz ; Rise       ; LEDR[15]~reg0|clk           ;
; 0.500  ; 0.500        ; 0.000          ; Low Pulse Width  ; clock_10hz ; Rise       ; LEDR[15]~reg0|clk           ;
; 0.500  ; 0.500        ; 0.000          ; High Pulse Width ; clock_10hz ; Rise       ; LEDR[16]~reg0|clk           ;
; 0.500  ; 0.500        ; 0.000          ; Low Pulse Width  ; clock_10hz ; Rise       ; LEDR[16]~reg0|clk           ;
; 0.500  ; 0.500        ; 0.000          ; High Pulse Width ; clock_10hz ; Rise       ; LEDR[17]~reg0|clk           ;
; 0.500  ; 0.500        ; 0.000          ; Low Pulse Width  ; clock_10hz ; Rise       ; LEDR[17]~reg0|clk           ;
; 0.500  ; 0.500        ; 0.000          ; High Pulse Width ; clock_10hz ; Rise       ; LEDR[1]~reg0|clk            ;
; 0.500  ; 0.500        ; 0.000          ; Low Pulse Width  ; clock_10hz ; Rise       ; LEDR[1]~reg0|clk            ;
; 0.500  ; 0.500        ; 0.000          ; High Pulse Width ; clock_10hz ; Rise       ; LEDR[2]~reg0|clk            ;
; 0.500  ; 0.500        ; 0.000          ; Low Pulse Width  ; clock_10hz ; Rise       ; LEDR[2]~reg0|clk            ;
; 0.500  ; 0.500        ; 0.000          ; High Pulse Width ; clock_10hz ; Rise       ; LEDR[3]~reg0|clk            ;
; 0.500  ; 0.500        ; 0.000          ; Low Pulse Width  ; clock_10hz ; Rise       ; LEDR[3]~reg0|clk            ;
; 0.500  ; 0.500        ; 0.000          ; High Pulse Width ; clock_10hz ; Rise       ; LEDR[4]~reg0|clk            ;
; 0.500  ; 0.500        ; 0.000          ; Low Pulse Width  ; clock_10hz ; Rise       ; LEDR[4]~reg0|clk            ;
; 0.500  ; 0.500        ; 0.000          ; High Pulse Width ; clock_10hz ; Rise       ; LEDR[5]~reg0|clk            ;
; 0.500  ; 0.500        ; 0.000          ; Low Pulse Width  ; clock_10hz ; Rise       ; LEDR[5]~reg0|clk            ;
; 0.500  ; 0.500        ; 0.000          ; High Pulse Width ; clock_10hz ; Rise       ; LEDR[6]~reg0|clk            ;
; 0.500  ; 0.500        ; 0.000          ; Low Pulse Width  ; clock_10hz ; Rise       ; LEDR[6]~reg0|clk            ;
; 0.500  ; 0.500        ; 0.000          ; High Pulse Width ; clock_10hz ; Rise       ; LEDR[7]~reg0|clk            ;
; 0.500  ; 0.500        ; 0.000          ; Low Pulse Width  ; clock_10hz ; Rise       ; LEDR[7]~reg0|clk            ;
; 0.500  ; 0.500        ; 0.000          ; High Pulse Width ; clock_10hz ; Rise       ; LEDR[8]~reg0|clk            ;
; 0.500  ; 0.500        ; 0.000          ; Low Pulse Width  ; clock_10hz ; Rise       ; LEDR[8]~reg0|clk            ;
; 0.500  ; 0.500        ; 0.000          ; High Pulse Width ; clock_10hz ; Rise       ; LEDR[9]~reg0|clk            ;
; 0.500  ; 0.500        ; 0.000          ; Low Pulse Width  ; clock_10hz ; Rise       ; LEDR[9]~reg0|clk            ;
; 0.500  ; 0.500        ; 0.000          ; High Pulse Width ; clock_10hz ; Rise       ; clock_10hz|regout           ;
; 0.500  ; 0.500        ; 0.000          ; Low Pulse Width  ; clock_10hz ; Rise       ; clock_10hz|regout           ;
; 0.500  ; 0.500        ; 0.000          ; High Pulse Width ; clock_10hz ; Rise       ; clock_10hz~clkctrl|inclk[0] ;
; 0.500  ; 0.500        ; 0.000          ; Low Pulse Width  ; clock_10hz ; Rise       ; clock_10hz~clkctrl|inclk[0] ;
; 0.500  ; 0.500        ; 0.000          ; High Pulse Width ; clock_10hz ; Rise       ; clock_10hz~clkctrl|outclk   ;
; 0.500  ; 0.500        ; 0.000          ; Low Pulse Width  ; clock_10hz ; Rise       ; clock_10hz~clkctrl|outclk   ;
; 0.500  ; 0.500        ; 0.000          ; High Pulse Width ; clock_10hz ; Rise       ; state_ledr.ledr_s0|clk      ;
; 0.500  ; 0.500        ; 0.000          ; Low Pulse Width  ; clock_10hz ; Rise       ; state_ledr.ledr_s0|clk      ;
; 0.500  ; 0.500        ; 0.000          ; High Pulse Width ; clock_10hz ; Rise       ; state_ledr.ledr_s1|clk      ;
; 0.500  ; 0.500        ; 0.000          ; Low Pulse Width  ; clock_10hz ; Rise       ; state_ledr.ledr_s1|clk      ;
+--------+--------------+----------------+------------------+------------+------------+-----------------------------+


+-----------------------------------------------------------------------------------------------------------------+
; Slow Model Minimum Pulse Width: 'clock_2hz'                                                                     ;
+--------+--------------+----------------+------------------+-----------+------------+----------------------------+
; Slack  ; Actual Width ; Required Width ; Type             ; Clock     ; Clock Edge ; Target                     ;
+--------+--------------+----------------+------------------+-----------+------------+----------------------------+
; -0.500 ; 0.500        ; 1.000          ; High Pulse Width ; clock_2hz ; Fall       ; state_hex.hex_s0           ;
; -0.500 ; 0.500        ; 1.000          ; Low Pulse Width  ; clock_2hz ; Fall       ; state_hex.hex_s0           ;
; -0.500 ; 0.500        ; 1.000          ; High Pulse Width ; clock_2hz ; Fall       ; state_hex.hex_s1           ;
; -0.500 ; 0.500        ; 1.000          ; Low Pulse Width  ; clock_2hz ; Fall       ; state_hex.hex_s1           ;
; -0.500 ; 0.500        ; 1.000          ; High Pulse Width ; clock_2hz ; Fall       ; state_hex.hex_s2           ;
; -0.500 ; 0.500        ; 1.000          ; Low Pulse Width  ; clock_2hz ; Fall       ; state_hex.hex_s2           ;
; 0.500  ; 0.500        ; 0.000          ; High Pulse Width ; clock_2hz ; Rise       ; clock_2hz|regout           ;
; 0.500  ; 0.500        ; 0.000          ; Low Pulse Width  ; clock_2hz ; Rise       ; clock_2hz|regout           ;
; 0.500  ; 0.500        ; 0.000          ; High Pulse Width ; clock_2hz ; Rise       ; clock_2hz~clkctrl|inclk[0] ;
; 0.500  ; 0.500        ; 0.000          ; Low Pulse Width  ; clock_2hz ; Rise       ; clock_2hz~clkctrl|inclk[0] ;
; 0.500  ; 0.500        ; 0.000          ; High Pulse Width ; clock_2hz ; Rise       ; clock_2hz~clkctrl|outclk   ;
; 0.500  ; 0.500        ; 0.000          ; Low Pulse Width  ; clock_2hz ; Rise       ; clock_2hz~clkctrl|outclk   ;
; 0.500  ; 0.500        ; 0.000          ; High Pulse Width ; clock_2hz ; Rise       ; state_hex.hex_s0|clk       ;
; 0.500  ; 0.500        ; 0.000          ; Low Pulse Width  ; clock_2hz ; Rise       ; state_hex.hex_s0|clk       ;
; 0.500  ; 0.500        ; 0.000          ; High Pulse Width ; clock_2hz ; Rise       ; state_hex.hex_s1|clk       ;
; 0.500  ; 0.500        ; 0.000          ; Low Pulse Width  ; clock_2hz ; Rise       ; state_hex.hex_s1|clk       ;
; 0.500  ; 0.500        ; 0.000          ; High Pulse Width ; clock_2hz ; Rise       ; state_hex.hex_s2|clk       ;
; 0.500  ; 0.500        ; 0.000          ; Low Pulse Width  ; clock_2hz ; Rise       ; state_hex.hex_s2|clk       ;
+--------+--------------+----------------+------------------+-----------+------------+----------------------------+


+-----------------------------------------------------------------------------------------------------------------+
; Slow Model Minimum Pulse Width: 'clock_4hz'                                                                     ;
+--------+--------------+----------------+------------------+-----------+------------+----------------------------+
; Slack  ; Actual Width ; Required Width ; Type             ; Clock     ; Clock Edge ; Target                     ;
+--------+--------------+----------------+------------------+-----------+------------+----------------------------+
; -0.500 ; 0.500        ; 1.000          ; High Pulse Width ; clock_4hz ; Fall       ; state_ledg.ledg_s0         ;
; -0.500 ; 0.500        ; 1.000          ; Low Pulse Width  ; clock_4hz ; Fall       ; state_ledg.ledg_s0         ;
; -0.500 ; 0.500        ; 1.000          ; High Pulse Width ; clock_4hz ; Fall       ; state_ledg.ledg_s1         ;
; -0.500 ; 0.500        ; 1.000          ; Low Pulse Width  ; clock_4hz ; Fall       ; state_ledg.ledg_s1         ;
; -0.500 ; 0.500        ; 1.000          ; High Pulse Width ; clock_4hz ; Fall       ; state_ledg.ledg_s2         ;
; -0.500 ; 0.500        ; 1.000          ; Low Pulse Width  ; clock_4hz ; Fall       ; state_ledg.ledg_s2         ;
; 0.500  ; 0.500        ; 0.000          ; High Pulse Width ; clock_4hz ; Rise       ; clock_4hz|regout           ;
; 0.500  ; 0.500        ; 0.000          ; Low Pulse Width  ; clock_4hz ; Rise       ; clock_4hz|regout           ;
; 0.500  ; 0.500        ; 0.000          ; High Pulse Width ; clock_4hz ; Rise       ; clock_4hz~clkctrl|inclk[0] ;
; 0.500  ; 0.500        ; 0.000          ; Low Pulse Width  ; clock_4hz ; Rise       ; clock_4hz~clkctrl|inclk[0] ;
; 0.500  ; 0.500        ; 0.000          ; High Pulse Width ; clock_4hz ; Rise       ; clock_4hz~clkctrl|outclk   ;
; 0.500  ; 0.500        ; 0.000          ; Low Pulse Width  ; clock_4hz ; Rise       ; clock_4hz~clkctrl|outclk   ;
; 0.500  ; 0.500        ; 0.000          ; High Pulse Width ; clock_4hz ; Rise       ; state_ledg.ledg_s0|clk     ;
; 0.500  ; 0.500        ; 0.000          ; Low Pulse Width  ; clock_4hz ; Rise       ; state_ledg.ledg_s0|clk     ;
; 0.500  ; 0.500        ; 0.000          ; High Pulse Width ; clock_4hz ; Rise       ; state_ledg.ledg_s1|clk     ;
; 0.500  ; 0.500        ; 0.000          ; Low Pulse Width  ; clock_4hz ; Rise       ; state_ledg.ledg_s1|clk     ;
; 0.500  ; 0.500        ; 0.000          ; High Pulse Width ; clock_4hz ; Rise       ; state_ledg.ledg_s2|clk     ;
; 0.500  ; 0.500        ; 0.000          ; Low Pulse Width  ; clock_4hz ; Rise       ; state_ledg.ledg_s2|clk     ;
+--------+--------------+----------------+------------------+-----------+------------+----------------------------+


+-----------------------------------------------------------------------+
; Setup Times                                                           ;
+-----------+------------+-------+-------+------------+-----------------+
; Data Port ; Clock Port ; Rise  ; Fall  ; Clock Edge ; Clock Reference ;
+-----------+------------+-------+-------+------------+-----------------+
; SW[*]     ; clock_10hz ; 0.348 ; 0.348 ; Fall       ; clock_10hz      ;
;  SW[1]    ; clock_10hz ; 0.348 ; 0.348 ; Fall       ; clock_10hz      ;
; SW[*]     ; clock_2hz  ; 1.155 ; 1.155 ; Fall       ; clock_2hz       ;
;  SW[1]    ; clock_2hz  ; 1.155 ; 1.155 ; Fall       ; clock_2hz       ;
; SW[*]     ; clock_4hz  ; 0.825 ; 0.825 ; Fall       ; clock_4hz       ;
;  SW[1]    ; clock_4hz  ; 0.825 ; 0.825 ; Fall       ; clock_4hz       ;
+-----------+------------+-------+-------+------------+-----------------+


+-------------------------------------------------------------------------+
; Hold Times                                                              ;
+-----------+------------+--------+--------+------------+-----------------+
; Data Port ; Clock Port ; Rise   ; Fall   ; Clock Edge ; Clock Reference ;
+-----------+------------+--------+--------+------------+-----------------+
; SW[*]     ; clock_10hz ; 0.089  ; 0.089  ; Fall       ; clock_10hz      ;
;  SW[1]    ; clock_10hz ; 0.089  ; 0.089  ; Fall       ; clock_10hz      ;
; SW[*]     ; clock_2hz  ; -0.921 ; -0.921 ; Fall       ; clock_2hz       ;
;  SW[1]    ; clock_2hz  ; -0.921 ; -0.921 ; Fall       ; clock_2hz       ;
; SW[*]     ; clock_4hz  ; -0.594 ; -0.594 ; Fall       ; clock_4hz       ;
;  SW[1]    ; clock_4hz  ; -0.594 ; -0.594 ; Fall       ; clock_4hz       ;
+-----------+------------+--------+--------+------------+-----------------+


+-------------------------------------------------------------------------+
; Clock to Output Times                                                   ;
+-----------+------------+--------+--------+------------+-----------------+
; Data Port ; Clock Port ; Rise   ; Fall   ; Clock Edge ; Clock Reference ;
+-----------+------------+--------+--------+------------+-----------------+
; LEDR[*]   ; clock_10hz ; 8.089  ; 8.089  ; Fall       ; clock_10hz      ;
;  LEDR[0]  ; clock_10hz ; 8.089  ; 8.089  ; Fall       ; clock_10hz      ;
;  LEDR[1]  ; clock_10hz ; 7.991  ; 7.991  ; Fall       ; clock_10hz      ;
;  LEDR[2]  ; clock_10hz ; 8.045  ; 8.045  ; Fall       ; clock_10hz      ;
;  LEDR[3]  ; clock_10hz ; 8.078  ; 8.078  ; Fall       ; clock_10hz      ;
;  LEDR[4]  ; clock_10hz ; 8.072  ; 8.072  ; Fall       ; clock_10hz      ;
;  LEDR[5]  ; clock_10hz ; 8.082  ; 8.082  ; Fall       ; clock_10hz      ;
;  LEDR[6]  ; clock_10hz ; 8.011  ; 8.011  ; Fall       ; clock_10hz      ;
;  LEDR[7]  ; clock_10hz ; 8.082  ; 8.082  ; Fall       ; clock_10hz      ;
;  LEDR[8]  ; clock_10hz ; 7.406  ; 7.406  ; Fall       ; clock_10hz      ;
;  LEDR[9]  ; clock_10hz ; 7.357  ; 7.357  ; Fall       ; clock_10hz      ;
;  LEDR[10] ; clock_10hz ; 7.354  ; 7.354  ; Fall       ; clock_10hz      ;
;  LEDR[11] ; clock_10hz ; 7.361  ; 7.361  ; Fall       ; clock_10hz      ;
;  LEDR[12] ; clock_10hz ; 7.374  ; 7.374  ; Fall       ; clock_10hz      ;
;  LEDR[13] ; clock_10hz ; 7.585  ; 7.585  ; Fall       ; clock_10hz      ;
;  LEDR[14] ; clock_10hz ; 7.721  ; 7.721  ; Fall       ; clock_10hz      ;
;  LEDR[15] ; clock_10hz ; 7.729  ; 7.729  ; Fall       ; clock_10hz      ;
;  LEDR[16] ; clock_10hz ; 7.620  ; 7.620  ; Fall       ; clock_10hz      ;
;  LEDR[17] ; clock_10hz ; 7.618  ; 7.618  ; Fall       ; clock_10hz      ;
; HEX0[*]   ; clock_2hz  ; 8.598  ; 8.598  ; Fall       ; clock_2hz       ;
;  HEX0[1]  ; clock_2hz  ; 8.588  ; 8.588  ; Fall       ; clock_2hz       ;
;  HEX0[2]  ; clock_2hz  ; 8.598  ; 8.598  ; Fall       ; clock_2hz       ;
; HEX1[*]   ; clock_2hz  ; 8.441  ; 8.441  ; Fall       ; clock_2hz       ;
;  HEX1[0]  ; clock_2hz  ; 8.441  ; 8.441  ; Fall       ; clock_2hz       ;
;  HEX1[3]  ; clock_2hz  ; 8.260  ; 8.260  ; Fall       ; clock_2hz       ;
;  HEX1[4]  ; clock_2hz  ; 8.280  ; 8.280  ; Fall       ; clock_2hz       ;
;  HEX1[5]  ; clock_2hz  ; 7.987  ; 7.987  ; Fall       ; clock_2hz       ;
;  HEX1[6]  ; clock_2hz  ; 8.007  ; 8.007  ; Fall       ; clock_2hz       ;
; HEX2[*]   ; clock_2hz  ; 8.020  ; 8.020  ; Fall       ; clock_2hz       ;
;  HEX2[1]  ; clock_2hz  ; 7.970  ; 7.970  ; Fall       ; clock_2hz       ;
;  HEX2[2]  ; clock_2hz  ; 8.010  ; 8.010  ; Fall       ; clock_2hz       ;
;  HEX2[3]  ; clock_2hz  ; 8.020  ; 8.020  ; Fall       ; clock_2hz       ;
;  HEX2[5]  ; clock_2hz  ; 7.988  ; 7.988  ; Fall       ; clock_2hz       ;
;  HEX2[6]  ; clock_2hz  ; 7.978  ; 7.978  ; Fall       ; clock_2hz       ;
; HEX3[*]   ; clock_2hz  ; 7.971  ; 7.971  ; Fall       ; clock_2hz       ;
;  HEX3[2]  ; clock_2hz  ; 7.971  ; 7.971  ; Fall       ; clock_2hz       ;
;  HEX3[3]  ; clock_2hz  ; 7.971  ; 7.971  ; Fall       ; clock_2hz       ;
;  HEX3[4]  ; clock_2hz  ; 7.971  ; 7.971  ; Fall       ; clock_2hz       ;
;  HEX3[5]  ; clock_2hz  ; 7.446  ; 7.446  ; Fall       ; clock_2hz       ;
;  HEX3[6]  ; clock_2hz  ; 7.456  ; 7.456  ; Fall       ; clock_2hz       ;
; HEX4[*]   ; clock_2hz  ; 10.012 ; 10.012 ; Fall       ; clock_2hz       ;
;  HEX4[1]  ; clock_2hz  ; 10.012 ; 10.012 ; Fall       ; clock_2hz       ;
;  HEX4[2]  ; clock_2hz  ; 10.012 ; 10.012 ; Fall       ; clock_2hz       ;
;  HEX4[3]  ; clock_2hz  ; 9.986  ; 9.986  ; Fall       ; clock_2hz       ;
;  HEX4[4]  ; clock_2hz  ; 10.006 ; 10.006 ; Fall       ; clock_2hz       ;
;  HEX4[6]  ; clock_2hz  ; 9.995  ; 9.995  ; Fall       ; clock_2hz       ;
; HEX5[*]   ; clock_2hz  ; 9.995  ; 9.995  ; Fall       ; clock_2hz       ;
;  HEX5[0]  ; clock_2hz  ; 9.995  ; 9.995  ; Fall       ; clock_2hz       ;
;  HEX5[1]  ; clock_2hz  ; 9.965  ; 9.965  ; Fall       ; clock_2hz       ;
;  HEX5[2]  ; clock_2hz  ; 9.965  ; 9.965  ; Fall       ; clock_2hz       ;
;  HEX5[3]  ; clock_2hz  ; 9.978  ; 9.978  ; Fall       ; clock_2hz       ;
;  HEX5[4]  ; clock_2hz  ; 9.958  ; 9.958  ; Fall       ; clock_2hz       ;
;  HEX5[5]  ; clock_2hz  ; 9.958  ; 9.958  ; Fall       ; clock_2hz       ;
; HEX6[*]   ; clock_2hz  ; 9.663  ; 9.663  ; Fall       ; clock_2hz       ;
;  HEX6[0]  ; clock_2hz  ; 9.663  ; 9.663  ; Fall       ; clock_2hz       ;
;  HEX6[1]  ; clock_2hz  ; 9.663  ; 9.663  ; Fall       ; clock_2hz       ;
;  HEX6[2]  ; clock_2hz  ; 9.663  ; 9.663  ; Fall       ; clock_2hz       ;
;  HEX6[3]  ; clock_2hz  ; 9.194  ; 9.194  ; Fall       ; clock_2hz       ;
;  HEX6[4]  ; clock_2hz  ; 9.194  ; 9.194  ; Fall       ; clock_2hz       ;
;  HEX6[5]  ; clock_2hz  ; 9.174  ; 9.174  ; Fall       ; clock_2hz       ;
; HEX7[*]   ; clock_2hz  ; 9.506  ; 9.506  ; Fall       ; clock_2hz       ;
;  HEX7[0]  ; clock_2hz  ; 9.491  ; 9.491  ; Fall       ; clock_2hz       ;
;  HEX7[2]  ; clock_2hz  ; 9.461  ; 9.461  ; Fall       ; clock_2hz       ;
;  HEX7[3]  ; clock_2hz  ; 9.461  ; 9.461  ; Fall       ; clock_2hz       ;
;  HEX7[4]  ; clock_2hz  ; 9.461  ; 9.461  ; Fall       ; clock_2hz       ;
;  HEX7[5]  ; clock_2hz  ; 9.506  ; 9.506  ; Fall       ; clock_2hz       ;
; LEDG[*]   ; clock_4hz  ; 7.243  ; 7.243  ; Fall       ; clock_4hz       ;
;  LEDG[0]  ; clock_4hz  ; 7.243  ; 7.243  ; Fall       ; clock_4hz       ;
;  LEDG[1]  ; clock_4hz  ; 7.243  ; 7.243  ; Fall       ; clock_4hz       ;
;  LEDG[2]  ; clock_4hz  ; 7.005  ; 7.005  ; Fall       ; clock_4hz       ;
;  LEDG[3]  ; clock_4hz  ; 7.005  ; 7.005  ; Fall       ; clock_4hz       ;
;  LEDG[4]  ; clock_4hz  ; 7.048  ; 7.048  ; Fall       ; clock_4hz       ;
;  LEDG[5]  ; clock_4hz  ; 7.038  ; 7.038  ; Fall       ; clock_4hz       ;
;  LEDG[6]  ; clock_4hz  ; 7.028  ; 7.028  ; Fall       ; clock_4hz       ;
;  LEDG[7]  ; clock_4hz  ; 6.978  ; 6.978  ; Fall       ; clock_4hz       ;
+-----------+------------+--------+--------+------------+-----------------+


+-------------------------------------------------------------------------+
; Minimum Clock to Output Times                                           ;
+-----------+------------+--------+--------+------------+-----------------+
; Data Port ; Clock Port ; Rise   ; Fall   ; Clock Edge ; Clock Reference ;
+-----------+------------+--------+--------+------------+-----------------+
; LEDR[*]   ; clock_10hz ; 7.354  ; 7.354  ; Fall       ; clock_10hz      ;
;  LEDR[0]  ; clock_10hz ; 8.089  ; 8.089  ; Fall       ; clock_10hz      ;
;  LEDR[1]  ; clock_10hz ; 7.991  ; 7.991  ; Fall       ; clock_10hz      ;
;  LEDR[2]  ; clock_10hz ; 8.045  ; 8.045  ; Fall       ; clock_10hz      ;
;  LEDR[3]  ; clock_10hz ; 8.078  ; 8.078  ; Fall       ; clock_10hz      ;
;  LEDR[4]  ; clock_10hz ; 8.072  ; 8.072  ; Fall       ; clock_10hz      ;
;  LEDR[5]  ; clock_10hz ; 8.082  ; 8.082  ; Fall       ; clock_10hz      ;
;  LEDR[6]  ; clock_10hz ; 8.011  ; 8.011  ; Fall       ; clock_10hz      ;
;  LEDR[7]  ; clock_10hz ; 8.082  ; 8.082  ; Fall       ; clock_10hz      ;
;  LEDR[8]  ; clock_10hz ; 7.406  ; 7.406  ; Fall       ; clock_10hz      ;
;  LEDR[9]  ; clock_10hz ; 7.357  ; 7.357  ; Fall       ; clock_10hz      ;
;  LEDR[10] ; clock_10hz ; 7.354  ; 7.354  ; Fall       ; clock_10hz      ;
;  LEDR[11] ; clock_10hz ; 7.361  ; 7.361  ; Fall       ; clock_10hz      ;
;  LEDR[12] ; clock_10hz ; 7.374  ; 7.374  ; Fall       ; clock_10hz      ;
;  LEDR[13] ; clock_10hz ; 7.585  ; 7.585  ; Fall       ; clock_10hz      ;
;  LEDR[14] ; clock_10hz ; 7.721  ; 7.721  ; Fall       ; clock_10hz      ;
;  LEDR[15] ; clock_10hz ; 7.729  ; 7.729  ; Fall       ; clock_10hz      ;
;  LEDR[16] ; clock_10hz ; 7.620  ; 7.620  ; Fall       ; clock_10hz      ;
;  LEDR[17] ; clock_10hz ; 7.618  ; 7.618  ; Fall       ; clock_10hz      ;
; HEX0[*]   ; clock_2hz  ; 8.588  ; 8.588  ; Fall       ; clock_2hz       ;
;  HEX0[1]  ; clock_2hz  ; 8.588  ; 8.588  ; Fall       ; clock_2hz       ;
;  HEX0[2]  ; clock_2hz  ; 8.598  ; 8.598  ; Fall       ; clock_2hz       ;
; HEX1[*]   ; clock_2hz  ; 7.987  ; 7.987  ; Fall       ; clock_2hz       ;
;  HEX1[0]  ; clock_2hz  ; 8.441  ; 8.441  ; Fall       ; clock_2hz       ;
;  HEX1[3]  ; clock_2hz  ; 8.260  ; 8.260  ; Fall       ; clock_2hz       ;
;  HEX1[4]  ; clock_2hz  ; 8.280  ; 8.280  ; Fall       ; clock_2hz       ;
;  HEX1[5]  ; clock_2hz  ; 7.987  ; 7.987  ; Fall       ; clock_2hz       ;
;  HEX1[6]  ; clock_2hz  ; 8.007  ; 8.007  ; Fall       ; clock_2hz       ;
; HEX2[*]   ; clock_2hz  ; 7.970  ; 7.970  ; Fall       ; clock_2hz       ;
;  HEX2[1]  ; clock_2hz  ; 7.970  ; 7.970  ; Fall       ; clock_2hz       ;
;  HEX2[2]  ; clock_2hz  ; 8.010  ; 8.010  ; Fall       ; clock_2hz       ;
;  HEX2[3]  ; clock_2hz  ; 8.020  ; 8.020  ; Fall       ; clock_2hz       ;
;  HEX2[5]  ; clock_2hz  ; 7.988  ; 7.988  ; Fall       ; clock_2hz       ;
;  HEX2[6]  ; clock_2hz  ; 7.978  ; 7.978  ; Fall       ; clock_2hz       ;
; HEX3[*]   ; clock_2hz  ; 7.446  ; 7.446  ; Fall       ; clock_2hz       ;
;  HEX3[2]  ; clock_2hz  ; 7.971  ; 7.971  ; Fall       ; clock_2hz       ;
;  HEX3[3]  ; clock_2hz  ; 7.971  ; 7.971  ; Fall       ; clock_2hz       ;
;  HEX3[4]  ; clock_2hz  ; 7.971  ; 7.971  ; Fall       ; clock_2hz       ;
;  HEX3[5]  ; clock_2hz  ; 7.446  ; 7.446  ; Fall       ; clock_2hz       ;
;  HEX3[6]  ; clock_2hz  ; 7.456  ; 7.456  ; Fall       ; clock_2hz       ;
; HEX4[*]   ; clock_2hz  ; 9.986  ; 9.986  ; Fall       ; clock_2hz       ;
;  HEX4[1]  ; clock_2hz  ; 10.012 ; 10.012 ; Fall       ; clock_2hz       ;
;  HEX4[2]  ; clock_2hz  ; 10.012 ; 10.012 ; Fall       ; clock_2hz       ;
;  HEX4[3]  ; clock_2hz  ; 9.986  ; 9.986  ; Fall       ; clock_2hz       ;
;  HEX4[4]  ; clock_2hz  ; 10.006 ; 10.006 ; Fall       ; clock_2hz       ;
;  HEX4[6]  ; clock_2hz  ; 9.995  ; 9.995  ; Fall       ; clock_2hz       ;
; HEX5[*]   ; clock_2hz  ; 9.958  ; 9.958  ; Fall       ; clock_2hz       ;
;  HEX5[0]  ; clock_2hz  ; 9.995  ; 9.995  ; Fall       ; clock_2hz       ;
;  HEX5[1]  ; clock_2hz  ; 9.965  ; 9.965  ; Fall       ; clock_2hz       ;
;  HEX5[2]  ; clock_2hz  ; 9.965  ; 9.965  ; Fall       ; clock_2hz       ;
;  HEX5[3]  ; clock_2hz  ; 9.978  ; 9.978  ; Fall       ; clock_2hz       ;
;  HEX5[4]  ; clock_2hz  ; 9.958  ; 9.958  ; Fall       ; clock_2hz       ;
;  HEX5[5]  ; clock_2hz  ; 9.958  ; 9.958  ; Fall       ; clock_2hz       ;
; HEX6[*]   ; clock_2hz  ; 9.174  ; 9.174  ; Fall       ; clock_2hz       ;
;  HEX6[0]  ; clock_2hz  ; 9.663  ; 9.663  ; Fall       ; clock_2hz       ;
;  HEX6[1]  ; clock_2hz  ; 9.663  ; 9.663  ; Fall       ; clock_2hz       ;
;  HEX6[2]  ; clock_2hz  ; 9.663  ; 9.663  ; Fall       ; clock_2hz       ;
;  HEX6[3]  ; clock_2hz  ; 9.194  ; 9.194  ; Fall       ; clock_2hz       ;
;  HEX6[4]  ; clock_2hz  ; 9.194  ; 9.194  ; Fall       ; clock_2hz       ;
;  HEX6[5]  ; clock_2hz  ; 9.174  ; 9.174  ; Fall       ; clock_2hz       ;
; HEX7[*]   ; clock_2hz  ; 9.461  ; 9.461  ; Fall       ; clock_2hz       ;
;  HEX7[0]  ; clock_2hz  ; 9.491  ; 9.491  ; Fall       ; clock_2hz       ;
;  HEX7[2]  ; clock_2hz  ; 9.461  ; 9.461  ; Fall       ; clock_2hz       ;
;  HEX7[3]  ; clock_2hz  ; 9.461  ; 9.461  ; Fall       ; clock_2hz       ;
;  HEX7[4]  ; clock_2hz  ; 9.461  ; 9.461  ; Fall       ; clock_2hz       ;
;  HEX7[5]  ; clock_2hz  ; 9.506  ; 9.506  ; Fall       ; clock_2hz       ;
; LEDG[*]   ; clock_4hz  ; 6.978  ; 6.978  ; Fall       ; clock_4hz       ;
;  LEDG[0]  ; clock_4hz  ; 7.243  ; 7.243  ; Fall       ; clock_4hz       ;
;  LEDG[1]  ; clock_4hz  ; 7.243  ; 7.243  ; Fall       ; clock_4hz       ;
;  LEDG[2]  ; clock_4hz  ; 7.005  ; 7.005  ; Fall       ; clock_4hz       ;
;  LEDG[3]  ; clock_4hz  ; 7.005  ; 7.005  ; Fall       ; clock_4hz       ;
;  LEDG[4]  ; clock_4hz  ; 7.048  ; 7.048  ; Fall       ; clock_4hz       ;
;  LEDG[5]  ; clock_4hz  ; 7.038  ; 7.038  ; Fall       ; clock_4hz       ;
;  LEDG[6]  ; clock_4hz  ; 7.028  ; 7.028  ; Fall       ; clock_4hz       ;
;  LEDG[7]  ; clock_4hz  ; 6.978  ; 6.978  ; Fall       ; clock_4hz       ;
+-----------+------------+--------+--------+------------+-----------------+


+-------------------------------------+
; Fast Model Setup Summary            ;
+------------+--------+---------------+
; Clock      ; Slack  ; End Point TNS ;
+------------+--------+---------------+
; CLOCK_50   ; -1.972 ; -91.327       ;
; clock_10hz ; -0.089 ; -1.126        ;
; clock_4hz  ; 0.634  ; 0.000         ;
; clock_2hz  ; 0.637  ; 0.000         ;
+------------+--------+---------------+


+-------------------------------------+
; Fast Model Hold Summary             ;
+------------+--------+---------------+
; Clock      ; Slack  ; End Point TNS ;
+------------+--------+---------------+
; CLOCK_50   ; -1.576 ; -4.707        ;
; clock_2hz  ; 0.237  ; 0.000         ;
; clock_4hz  ; 0.239  ; 0.000         ;
; clock_10hz ; 0.320  ; 0.000         ;
+------------+--------+---------------+


-------------------------------
; Fast Model Recovery Summary ;
-------------------------------
No paths to report.


------------------------------
; Fast Model Removal Summary ;
------------------------------
No paths to report.


+----------------------------------------+
; Fast Model Minimum Pulse Width Summary ;
+------------+--------+------------------+
; Clock      ; Slack  ; End Point TNS    ;
+------------+--------+------------------+
; CLOCK_50   ; -1.380 ; -91.380          ;
; clock_10hz ; -0.500 ; -27.000          ;
; clock_2hz  ; -0.500 ; -3.000           ;
; clock_4hz  ; -0.500 ; -3.000           ;
+------------+--------+------------------+


+-------------------------------------------------------------------------------------------------------+
; Fast Model Setup: 'CLOCK_50'                                                                          ;
+--------+-----------+------------+--------------+-------------+--------------+------------+------------+
; Slack  ; From Node ; To Node    ; Launch Clock ; Latch Clock ; Relationship ; Clock Skew ; Data Delay ;
+--------+-----------+------------+--------------+-------------+--------------+------------+------------+
; -1.972 ; q_hex[1]  ; q_ledg[19] ; CLOCK_50     ; CLOCK_50    ; 1.000        ; 0.019      ; 3.023      ;
; -1.972 ; q_hex[1]  ; q_ledg[22] ; CLOCK_50     ; CLOCK_50    ; 1.000        ; 0.019      ; 3.023      ;
; -1.971 ; q_hex[1]  ; q_ledg[17] ; CLOCK_50     ; CLOCK_50    ; 1.000        ; 0.019      ; 3.022      ;
; -1.969 ; q_hex[1]  ; clock_4hz  ; CLOCK_50     ; CLOCK_50    ; 1.000        ; 0.019      ; 3.020      ;
; -1.929 ; q_hex[1]  ; q_ledg[20] ; CLOCK_50     ; CLOCK_50    ; 1.000        ; 0.017      ; 2.978      ;
; -1.928 ; q_hex[1]  ; q_ledg[18] ; CLOCK_50     ; CLOCK_50    ; 1.000        ; 0.017      ; 2.977      ;
; -1.921 ; q_hex[0]  ; q_ledg[19] ; CLOCK_50     ; CLOCK_50    ; 1.000        ; 0.019      ; 2.972      ;
; -1.921 ; q_hex[0]  ; q_ledg[22] ; CLOCK_50     ; CLOCK_50    ; 1.000        ; 0.019      ; 2.972      ;
; -1.920 ; q_hex[0]  ; q_ledg[17] ; CLOCK_50     ; CLOCK_50    ; 1.000        ; 0.019      ; 2.971      ;
; -1.918 ; q_hex[0]  ; clock_4hz  ; CLOCK_50     ; CLOCK_50    ; 1.000        ; 0.019      ; 2.969      ;
; -1.878 ; q_hex[0]  ; q_ledg[20] ; CLOCK_50     ; CLOCK_50    ; 1.000        ; 0.017      ; 2.927      ;
; -1.877 ; q_hex[0]  ; q_ledg[18] ; CLOCK_50     ; CLOCK_50    ; 1.000        ; 0.017      ; 2.926      ;
; -1.871 ; q_hex[1]  ; q_ledg[16] ; CLOCK_50     ; CLOCK_50    ; 1.000        ; 0.019      ; 2.922      ;
; -1.863 ; q_hex[2]  ; q_ledg[19] ; CLOCK_50     ; CLOCK_50    ; 1.000        ; 0.019      ; 2.914      ;
; -1.863 ; q_hex[2]  ; q_ledg[22] ; CLOCK_50     ; CLOCK_50    ; 1.000        ; 0.019      ; 2.914      ;
; -1.862 ; q_hex[2]  ; q_ledg[17] ; CLOCK_50     ; CLOCK_50    ; 1.000        ; 0.019      ; 2.913      ;
; -1.860 ; q_hex[2]  ; clock_4hz  ; CLOCK_50     ; CLOCK_50    ; 1.000        ; 0.019      ; 2.911      ;
; -1.842 ; q_hex[1]  ; q_ledg[4]  ; CLOCK_50     ; CLOCK_50    ; 1.000        ; 0.017      ; 2.891      ;
; -1.841 ; q_hex[1]  ; q_ledg[9]  ; CLOCK_50     ; CLOCK_50    ; 1.000        ; 0.017      ; 2.890      ;
; -1.840 ; q_hex[1]  ; q_ledg[14] ; CLOCK_50     ; CLOCK_50    ; 1.000        ; 0.017      ; 2.889      ;
; -1.838 ; q_hex[3]  ; q_ledg[19] ; CLOCK_50     ; CLOCK_50    ; 1.000        ; 0.019      ; 2.889      ;
; -1.838 ; q_hex[3]  ; q_ledg[22] ; CLOCK_50     ; CLOCK_50    ; 1.000        ; 0.019      ; 2.889      ;
; -1.837 ; q_hex[3]  ; q_ledg[17] ; CLOCK_50     ; CLOCK_50    ; 1.000        ; 0.019      ; 2.888      ;
; -1.835 ; q_hex[1]  ; q_ledg[11] ; CLOCK_50     ; CLOCK_50    ; 1.000        ; 0.017      ; 2.884      ;
; -1.835 ; q_hex[3]  ; clock_4hz  ; CLOCK_50     ; CLOCK_50    ; 1.000        ; 0.019      ; 2.886      ;
; -1.833 ; q_hex[1]  ; q_ledg[10] ; CLOCK_50     ; CLOCK_50    ; 1.000        ; 0.017      ; 2.882      ;
; -1.831 ; q_hex[1]  ; q_ledg[12] ; CLOCK_50     ; CLOCK_50    ; 1.000        ; 0.017      ; 2.880      ;
; -1.820 ; q_hex[2]  ; q_ledg[20] ; CLOCK_50     ; CLOCK_50    ; 1.000        ; 0.017      ; 2.869      ;
; -1.820 ; q_hex[0]  ; q_ledg[16] ; CLOCK_50     ; CLOCK_50    ; 1.000        ; 0.019      ; 2.871      ;
; -1.819 ; q_hex[2]  ; q_ledg[18] ; CLOCK_50     ; CLOCK_50    ; 1.000        ; 0.017      ; 2.868      ;
; -1.818 ; q_hex[1]  ; q_ledr[8]  ; CLOCK_50     ; CLOCK_50    ; 1.000        ; 0.002      ; 2.852      ;
; -1.795 ; q_hex[3]  ; q_ledg[20] ; CLOCK_50     ; CLOCK_50    ; 1.000        ; 0.017      ; 2.844      ;
; -1.794 ; q_hex[3]  ; q_ledg[18] ; CLOCK_50     ; CLOCK_50    ; 1.000        ; 0.017      ; 2.843      ;
; -1.791 ; q_hex[0]  ; q_ledg[4]  ; CLOCK_50     ; CLOCK_50    ; 1.000        ; 0.017      ; 2.840      ;
; -1.790 ; q_hex[0]  ; q_ledg[9]  ; CLOCK_50     ; CLOCK_50    ; 1.000        ; 0.017      ; 2.839      ;
; -1.789 ; q_hex[0]  ; q_ledg[14] ; CLOCK_50     ; CLOCK_50    ; 1.000        ; 0.017      ; 2.838      ;
; -1.784 ; q_hex[0]  ; q_ledg[11] ; CLOCK_50     ; CLOCK_50    ; 1.000        ; 0.017      ; 2.833      ;
; -1.782 ; q_hex[0]  ; q_ledg[10] ; CLOCK_50     ; CLOCK_50    ; 1.000        ; 0.017      ; 2.831      ;
; -1.780 ; q_hex[0]  ; q_ledg[12] ; CLOCK_50     ; CLOCK_50    ; 1.000        ; 0.017      ; 2.829      ;
; -1.767 ; q_hex[0]  ; q_hex[19]  ; CLOCK_50     ; CLOCK_50    ; 1.000        ; 0.030      ; 2.829      ;
; -1.767 ; q_hex[0]  ; q_hex[20]  ; CLOCK_50     ; CLOCK_50    ; 1.000        ; 0.030      ; 2.829      ;
; -1.766 ; q_hex[0]  ; q_hex[17]  ; CLOCK_50     ; CLOCK_50    ; 1.000        ; 0.030      ; 2.828      ;
; -1.765 ; q_hex[0]  ; q_hex[23]  ; CLOCK_50     ; CLOCK_50    ; 1.000        ; 0.030      ; 2.827      ;
; -1.764 ; q_hex[1]  ; q_ledr[13] ; CLOCK_50     ; CLOCK_50    ; 1.000        ; 0.008      ; 2.804      ;
; -1.764 ; q_hex[1]  ; q_ledr[21] ; CLOCK_50     ; CLOCK_50    ; 1.000        ; 0.008      ; 2.804      ;
; -1.764 ; q_hex[1]  ; clock_10hz ; CLOCK_50     ; CLOCK_50    ; 1.000        ; 0.008      ; 2.804      ;
; -1.764 ; q_hex[0]  ; q_hex[18]  ; CLOCK_50     ; CLOCK_50    ; 1.000        ; 0.030      ; 2.826      ;
; -1.763 ; q_hex[1]  ; q_ledr[18] ; CLOCK_50     ; CLOCK_50    ; 1.000        ; 0.008      ; 2.803      ;
; -1.762 ; q_hex[2]  ; q_ledg[16] ; CLOCK_50     ; CLOCK_50    ; 1.000        ; 0.019      ; 2.813      ;
; -1.761 ; q_hex[0]  ; q_hex[21]  ; CLOCK_50     ; CLOCK_50    ; 1.000        ; 0.030      ; 2.823      ;
; -1.758 ; q_hex[1]  ; q_ledr[5]  ; CLOCK_50     ; CLOCK_50    ; 1.000        ; 0.008      ; 2.798      ;
; -1.756 ; q_hex[1]  ; q_ledr[10] ; CLOCK_50     ; CLOCK_50    ; 1.000        ; 0.008      ; 2.796      ;
; -1.756 ; q_hex[1]  ; q_ledr[17] ; CLOCK_50     ; CLOCK_50    ; 1.000        ; 0.008      ; 2.796      ;
; -1.752 ; q_hex[1]  ; q_ledr[7]  ; CLOCK_50     ; CLOCK_50    ; 1.000        ; 0.008      ; 2.792      ;
; -1.744 ; q_ledg[4] ; q_ledg[19] ; CLOCK_50     ; CLOCK_50    ; 1.000        ; 0.002      ; 2.778      ;
; -1.744 ; q_ledg[4] ; q_ledg[22] ; CLOCK_50     ; CLOCK_50    ; 1.000        ; 0.002      ; 2.778      ;
; -1.743 ; q_ledg[4] ; q_ledg[17] ; CLOCK_50     ; CLOCK_50    ; 1.000        ; 0.002      ; 2.777      ;
; -1.742 ; q_hex[0]  ; q_ledr[8]  ; CLOCK_50     ; CLOCK_50    ; 1.000        ; 0.002      ; 2.776      ;
; -1.741 ; q_ledg[4] ; clock_4hz  ; CLOCK_50     ; CLOCK_50    ; 1.000        ; 0.002      ; 2.775      ;
; -1.737 ; q_hex[3]  ; q_ledg[16] ; CLOCK_50     ; CLOCK_50    ; 1.000        ; 0.019      ; 2.788      ;
; -1.733 ; q_hex[2]  ; q_ledg[4]  ; CLOCK_50     ; CLOCK_50    ; 1.000        ; 0.017      ; 2.782      ;
; -1.732 ; q_hex[2]  ; q_ledg[9]  ; CLOCK_50     ; CLOCK_50    ; 1.000        ; 0.017      ; 2.781      ;
; -1.732 ; q_hex[1]  ; q_hex[19]  ; CLOCK_50     ; CLOCK_50    ; 1.000        ; 0.030      ; 2.794      ;
; -1.732 ; q_hex[1]  ; q_hex[20]  ; CLOCK_50     ; CLOCK_50    ; 1.000        ; 0.030      ; 2.794      ;
; -1.731 ; q_hex[2]  ; q_ledg[14] ; CLOCK_50     ; CLOCK_50    ; 1.000        ; 0.017      ; 2.780      ;
; -1.731 ; q_hex[1]  ; q_hex[17]  ; CLOCK_50     ; CLOCK_50    ; 1.000        ; 0.030      ; 2.793      ;
; -1.730 ; q_hex[1]  ; q_hex[23]  ; CLOCK_50     ; CLOCK_50    ; 1.000        ; 0.030      ; 2.792      ;
; -1.729 ; q_hex[1]  ; q_hex[18]  ; CLOCK_50     ; CLOCK_50    ; 1.000        ; 0.030      ; 2.791      ;
; -1.726 ; q_hex[2]  ; q_ledg[11] ; CLOCK_50     ; CLOCK_50    ; 1.000        ; 0.017      ; 2.775      ;
; -1.726 ; q_hex[1]  ; q_hex[21]  ; CLOCK_50     ; CLOCK_50    ; 1.000        ; 0.030      ; 2.788      ;
; -1.724 ; q_hex[2]  ; q_ledg[10] ; CLOCK_50     ; CLOCK_50    ; 1.000        ; 0.017      ; 2.773      ;
; -1.722 ; q_hex[2]  ; q_ledg[12] ; CLOCK_50     ; CLOCK_50    ; 1.000        ; 0.017      ; 2.771      ;
; -1.720 ; q_hex[5]  ; q_hex[19]  ; CLOCK_50     ; CLOCK_50    ; 1.000        ; 0.006      ; 2.758      ;
; -1.720 ; q_hex[5]  ; q_hex[20]  ; CLOCK_50     ; CLOCK_50    ; 1.000        ; 0.006      ; 2.758      ;
; -1.719 ; q_hex[5]  ; q_hex[17]  ; CLOCK_50     ; CLOCK_50    ; 1.000        ; 0.006      ; 2.757      ;
; -1.718 ; q_hex[5]  ; q_hex[23]  ; CLOCK_50     ; CLOCK_50    ; 1.000        ; 0.006      ; 2.756      ;
; -1.717 ; q_hex[5]  ; q_hex[18]  ; CLOCK_50     ; CLOCK_50    ; 1.000        ; 0.006      ; 2.755      ;
; -1.714 ; q_hex[5]  ; q_hex[21]  ; CLOCK_50     ; CLOCK_50    ; 1.000        ; 0.006      ; 2.752      ;
; -1.712 ; q_hex[0]  ; q_hex[12]  ; CLOCK_50     ; CLOCK_50    ; 1.000        ; 0.024      ; 2.768      ;
; -1.711 ; q_hex[0]  ; q_hex[15]  ; CLOCK_50     ; CLOCK_50    ; 1.000        ; 0.024      ; 2.767      ;
; -1.708 ; q_hex[3]  ; q_ledg[4]  ; CLOCK_50     ; CLOCK_50    ; 1.000        ; 0.017      ; 2.757      ;
; -1.707 ; q_hex[3]  ; q_ledg[9]  ; CLOCK_50     ; CLOCK_50    ; 1.000        ; 0.017      ; 2.756      ;
; -1.706 ; q_hex[0]  ; q_hex[10]  ; CLOCK_50     ; CLOCK_50    ; 1.000        ; 0.024      ; 2.762      ;
; -1.706 ; q_hex[3]  ; q_ledg[14] ; CLOCK_50     ; CLOCK_50    ; 1.000        ; 0.017      ; 2.755      ;
; -1.703 ; q_hex[0]  ; q_hex[5]   ; CLOCK_50     ; CLOCK_50    ; 1.000        ; 0.024      ; 2.759      ;
; -1.702 ; q_hex[0]  ; clock_2hz  ; CLOCK_50     ; CLOCK_50    ; 1.000        ; 0.024      ; 2.758      ;
; -1.701 ; q_ledg[4] ; q_ledg[20] ; CLOCK_50     ; CLOCK_50    ; 1.000        ; 0.000      ; 2.733      ;
; -1.701 ; q_hex[3]  ; q_ledg[11] ; CLOCK_50     ; CLOCK_50    ; 1.000        ; 0.017      ; 2.750      ;
; -1.700 ; q_ledg[4] ; q_ledg[18] ; CLOCK_50     ; CLOCK_50    ; 1.000        ; 0.000      ; 2.732      ;
; -1.700 ; q_hex[2]  ; q_hex[19]  ; CLOCK_50     ; CLOCK_50    ; 1.000        ; 0.030      ; 2.762      ;
; -1.700 ; q_hex[2]  ; q_hex[20]  ; CLOCK_50     ; CLOCK_50    ; 1.000        ; 0.030      ; 2.762      ;
; -1.699 ; q_hex[3]  ; q_ledg[10] ; CLOCK_50     ; CLOCK_50    ; 1.000        ; 0.017      ; 2.748      ;
; -1.699 ; q_hex[2]  ; q_hex[17]  ; CLOCK_50     ; CLOCK_50    ; 1.000        ; 0.030      ; 2.761      ;
; -1.698 ; q_hex[2]  ; q_hex[23]  ; CLOCK_50     ; CLOCK_50    ; 1.000        ; 0.030      ; 2.760      ;
; -1.697 ; q_hex[3]  ; q_ledg[12] ; CLOCK_50     ; CLOCK_50    ; 1.000        ; 0.017      ; 2.746      ;
; -1.697 ; q_hex[2]  ; q_hex[18]  ; CLOCK_50     ; CLOCK_50    ; 1.000        ; 0.030      ; 2.759      ;
; -1.694 ; q_hex[2]  ; q_hex[21]  ; CLOCK_50     ; CLOCK_50    ; 1.000        ; 0.030      ; 2.756      ;
; -1.688 ; q_hex[0]  ; q_ledr[13] ; CLOCK_50     ; CLOCK_50    ; 1.000        ; 0.008      ; 2.728      ;
; -1.688 ; q_hex[0]  ; q_ledr[21] ; CLOCK_50     ; CLOCK_50    ; 1.000        ; 0.008      ; 2.728      ;
; -1.688 ; q_hex[0]  ; clock_10hz ; CLOCK_50     ; CLOCK_50    ; 1.000        ; 0.008      ; 2.728      ;
+--------+-----------+------------+--------------+-------------+--------------+------------+------------+


+------------------------------------------------------------------------------------------------------------------+
; Fast Model Setup: 'clock_10hz'                                                                                   ;
+--------+--------------+--------------------+--------------+-------------+--------------+------------+------------+
; Slack  ; From Node    ; To Node            ; Launch Clock ; Latch Clock ; Relationship ; Clock Skew ; Data Delay ;
+--------+--------------+--------------------+--------------+-------------+--------------+------------+------------+
; -0.089 ; step_ledr[3] ; LEDR[2]~reg0       ; clock_10hz   ; clock_10hz  ; 1.000        ; 0.001      ; 1.122      ;
; -0.088 ; step_ledr[3] ; LEDR[1]~reg0       ; clock_10hz   ; clock_10hz  ; 1.000        ; 0.001      ; 1.121      ;
; -0.087 ; step_ledr[3] ; LEDR[5]~reg0       ; clock_10hz   ; clock_10hz  ; 1.000        ; 0.001      ; 1.120      ;
; -0.087 ; step_ledr[3] ; LEDR[4]~reg0       ; clock_10hz   ; clock_10hz  ; 1.000        ; 0.001      ; 1.120      ;
; -0.087 ; step_ledr[3] ; LEDR[3]~reg0       ; clock_10hz   ; clock_10hz  ; 1.000        ; 0.001      ; 1.120      ;
; -0.085 ; step_ledr[3] ; LEDR[0]~reg0       ; clock_10hz   ; clock_10hz  ; 1.000        ; 0.001      ; 1.118      ;
; -0.070 ; step_ledr[2] ; LEDR[2]~reg0       ; clock_10hz   ; clock_10hz  ; 1.000        ; 0.001      ; 1.103      ;
; -0.069 ; step_ledr[2] ; LEDR[1]~reg0       ; clock_10hz   ; clock_10hz  ; 1.000        ; 0.001      ; 1.102      ;
; -0.068 ; step_ledr[2] ; LEDR[5]~reg0       ; clock_10hz   ; clock_10hz  ; 1.000        ; 0.001      ; 1.101      ;
; -0.068 ; step_ledr[2] ; LEDR[4]~reg0       ; clock_10hz   ; clock_10hz  ; 1.000        ; 0.001      ; 1.101      ;
; -0.068 ; step_ledr[2] ; LEDR[3]~reg0       ; clock_10hz   ; clock_10hz  ; 1.000        ; 0.001      ; 1.101      ;
; -0.066 ; step_ledr[2] ; LEDR[0]~reg0       ; clock_10hz   ; clock_10hz  ; 1.000        ; 0.001      ; 1.099      ;
; -0.062 ; step_ledr[3] ; state_ledr.ledr_s0 ; clock_10hz   ; clock_10hz  ; 1.000        ; 0.001      ; 1.095      ;
; -0.054 ; step_ledr[3] ; step_ledr[1]       ; clock_10hz   ; clock_10hz  ; 1.000        ; 0.000      ; 1.086      ;
; -0.053 ; step_ledr[3] ; step_ledr[3]       ; clock_10hz   ; clock_10hz  ; 1.000        ; 0.000      ; 1.085      ;
; -0.053 ; step_ledr[3] ; step_ledr[4]       ; clock_10hz   ; clock_10hz  ; 1.000        ; 0.000      ; 1.085      ;
; -0.043 ; step_ledr[2] ; state_ledr.ledr_s0 ; clock_10hz   ; clock_10hz  ; 1.000        ; 0.001      ; 1.076      ;
; -0.035 ; step_ledr[3] ; LEDR[11]~reg0      ; clock_10hz   ; clock_10hz  ; 1.000        ; 0.001      ; 1.068      ;
; -0.035 ; step_ledr[3] ; LEDR[10]~reg0      ; clock_10hz   ; clock_10hz  ; 1.000        ; 0.001      ; 1.068      ;
; -0.035 ; step_ledr[1] ; LEDR[2]~reg0       ; clock_10hz   ; clock_10hz  ; 1.000        ; 0.001      ; 1.068      ;
; -0.035 ; step_ledr[2] ; step_ledr[1]       ; clock_10hz   ; clock_10hz  ; 1.000        ; 0.000      ; 1.067      ;
; -0.034 ; step_ledr[3] ; LEDR[9]~reg0       ; clock_10hz   ; clock_10hz  ; 1.000        ; 0.001      ; 1.067      ;
; -0.034 ; step_ledr[1] ; LEDR[1]~reg0       ; clock_10hz   ; clock_10hz  ; 1.000        ; 0.001      ; 1.067      ;
; -0.034 ; step_ledr[2] ; step_ledr[3]       ; clock_10hz   ; clock_10hz  ; 1.000        ; 0.000      ; 1.066      ;
; -0.034 ; step_ledr[2] ; step_ledr[4]       ; clock_10hz   ; clock_10hz  ; 1.000        ; 0.000      ; 1.066      ;
; -0.033 ; step_ledr[3] ; LEDR[15]~reg0      ; clock_10hz   ; clock_10hz  ; 1.000        ; 0.001      ; 1.066      ;
; -0.033 ; step_ledr[3] ; LEDR[14]~reg0      ; clock_10hz   ; clock_10hz  ; 1.000        ; 0.001      ; 1.066      ;
; -0.033 ; step_ledr[1] ; LEDR[5]~reg0       ; clock_10hz   ; clock_10hz  ; 1.000        ; 0.001      ; 1.066      ;
; -0.033 ; step_ledr[1] ; LEDR[4]~reg0       ; clock_10hz   ; clock_10hz  ; 1.000        ; 0.001      ; 1.066      ;
; -0.033 ; step_ledr[1] ; LEDR[3]~reg0       ; clock_10hz   ; clock_10hz  ; 1.000        ; 0.001      ; 1.066      ;
; -0.032 ; step_ledr[3] ; LEDR[7]~reg0       ; clock_10hz   ; clock_10hz  ; 1.000        ; 0.001      ; 1.065      ;
; -0.032 ; step_ledr[3] ; LEDR[6]~reg0       ; clock_10hz   ; clock_10hz  ; 1.000        ; 0.001      ; 1.065      ;
; -0.031 ; step_ledr[3] ; LEDR[16]~reg0      ; clock_10hz   ; clock_10hz  ; 1.000        ; 0.001      ; 1.064      ;
; -0.031 ; step_ledr[3] ; LEDR[13]~reg0      ; clock_10hz   ; clock_10hz  ; 1.000        ; 0.001      ; 1.064      ;
; -0.031 ; step_ledr[1] ; LEDR[0]~reg0       ; clock_10hz   ; clock_10hz  ; 1.000        ; 0.001      ; 1.064      ;
; -0.029 ; step_ledr[3] ; LEDR[17]~reg0      ; clock_10hz   ; clock_10hz  ; 1.000        ; 0.001      ; 1.062      ;
; -0.029 ; step_ledr[3] ; LEDR[12]~reg0      ; clock_10hz   ; clock_10hz  ; 1.000        ; 0.001      ; 1.062      ;
; -0.027 ; step_ledr[3] ; LEDR[8]~reg0       ; clock_10hz   ; clock_10hz  ; 1.000        ; 0.001      ; 1.060      ;
; -0.016 ; step_ledr[2] ; LEDR[11]~reg0      ; clock_10hz   ; clock_10hz  ; 1.000        ; 0.001      ; 1.049      ;
; -0.016 ; step_ledr[2] ; LEDR[10]~reg0      ; clock_10hz   ; clock_10hz  ; 1.000        ; 0.001      ; 1.049      ;
; -0.015 ; step_ledr[2] ; LEDR[9]~reg0       ; clock_10hz   ; clock_10hz  ; 1.000        ; 0.001      ; 1.048      ;
; -0.014 ; step_ledr[2] ; LEDR[15]~reg0      ; clock_10hz   ; clock_10hz  ; 1.000        ; 0.001      ; 1.047      ;
; -0.014 ; step_ledr[2] ; LEDR[14]~reg0      ; clock_10hz   ; clock_10hz  ; 1.000        ; 0.001      ; 1.047      ;
; -0.013 ; step_ledr[2] ; LEDR[7]~reg0       ; clock_10hz   ; clock_10hz  ; 1.000        ; 0.001      ; 1.046      ;
; -0.013 ; step_ledr[2] ; LEDR[6]~reg0       ; clock_10hz   ; clock_10hz  ; 1.000        ; 0.001      ; 1.046      ;
; -0.012 ; step_ledr[2] ; LEDR[16]~reg0      ; clock_10hz   ; clock_10hz  ; 1.000        ; 0.001      ; 1.045      ;
; -0.012 ; step_ledr[2] ; LEDR[13]~reg0      ; clock_10hz   ; clock_10hz  ; 1.000        ; 0.001      ; 1.045      ;
; -0.010 ; step_ledr[2] ; LEDR[17]~reg0      ; clock_10hz   ; clock_10hz  ; 1.000        ; 0.001      ; 1.043      ;
; -0.010 ; step_ledr[2] ; LEDR[12]~reg0      ; clock_10hz   ; clock_10hz  ; 1.000        ; 0.001      ; 1.043      ;
; -0.008 ; step_ledr[1] ; state_ledr.ledr_s0 ; clock_10hz   ; clock_10hz  ; 1.000        ; 0.001      ; 1.041      ;
; -0.008 ; step_ledr[2] ; LEDR[8]~reg0       ; clock_10hz   ; clock_10hz  ; 1.000        ; 0.001      ; 1.041      ;
; 0.000  ; step_ledr[1] ; step_ledr[1]       ; clock_10hz   ; clock_10hz  ; 1.000        ; 0.000      ; 1.032      ;
; 0.001  ; step_ledr[1] ; step_ledr[3]       ; clock_10hz   ; clock_10hz  ; 1.000        ; 0.000      ; 1.031      ;
; 0.001  ; step_ledr[1] ; step_ledr[4]       ; clock_10hz   ; clock_10hz  ; 1.000        ; 0.000      ; 1.031      ;
; 0.018  ; step_ledr[3] ; state_ledr.ledr_s2 ; clock_10hz   ; clock_10hz  ; 1.000        ; 0.001      ; 1.015      ;
; 0.019  ; step_ledr[1] ; LEDR[11]~reg0      ; clock_10hz   ; clock_10hz  ; 1.000        ; 0.001      ; 1.014      ;
; 0.019  ; step_ledr[1] ; LEDR[10]~reg0      ; clock_10hz   ; clock_10hz  ; 1.000        ; 0.001      ; 1.014      ;
; 0.020  ; step_ledr[1] ; LEDR[9]~reg0       ; clock_10hz   ; clock_10hz  ; 1.000        ; 0.001      ; 1.013      ;
; 0.021  ; step_ledr[1] ; LEDR[15]~reg0      ; clock_10hz   ; clock_10hz  ; 1.000        ; 0.001      ; 1.012      ;
; 0.021  ; step_ledr[1] ; LEDR[14]~reg0      ; clock_10hz   ; clock_10hz  ; 1.000        ; 0.001      ; 1.012      ;
; 0.022  ; step_ledr[1] ; LEDR[7]~reg0       ; clock_10hz   ; clock_10hz  ; 1.000        ; 0.001      ; 1.011      ;
; 0.022  ; step_ledr[1] ; LEDR[6]~reg0       ; clock_10hz   ; clock_10hz  ; 1.000        ; 0.001      ; 1.011      ;
; 0.023  ; step_ledr[1] ; LEDR[16]~reg0      ; clock_10hz   ; clock_10hz  ; 1.000        ; 0.001      ; 1.010      ;
; 0.023  ; step_ledr[1] ; LEDR[13]~reg0      ; clock_10hz   ; clock_10hz  ; 1.000        ; 0.001      ; 1.010      ;
; 0.025  ; step_ledr[1] ; LEDR[17]~reg0      ; clock_10hz   ; clock_10hz  ; 1.000        ; 0.001      ; 1.008      ;
; 0.025  ; step_ledr[1] ; LEDR[12]~reg0      ; clock_10hz   ; clock_10hz  ; 1.000        ; 0.001      ; 1.008      ;
; 0.027  ; step_ledr[1] ; LEDR[8]~reg0       ; clock_10hz   ; clock_10hz  ; 1.000        ; 0.001      ; 1.006      ;
; 0.032  ; step_ledr[4] ; LEDR[2]~reg0       ; clock_10hz   ; clock_10hz  ; 1.000        ; 0.001      ; 1.001      ;
; 0.033  ; step_ledr[4] ; LEDR[1]~reg0       ; clock_10hz   ; clock_10hz  ; 1.000        ; 0.001      ; 1.000      ;
; 0.034  ; step_ledr[4] ; LEDR[5]~reg0       ; clock_10hz   ; clock_10hz  ; 1.000        ; 0.001      ; 0.999      ;
; 0.034  ; step_ledr[4] ; LEDR[4]~reg0       ; clock_10hz   ; clock_10hz  ; 1.000        ; 0.001      ; 0.999      ;
; 0.034  ; step_ledr[4] ; LEDR[3]~reg0       ; clock_10hz   ; clock_10hz  ; 1.000        ; 0.001      ; 0.999      ;
; 0.036  ; step_ledr[4] ; LEDR[0]~reg0       ; clock_10hz   ; clock_10hz  ; 1.000        ; 0.001      ; 0.997      ;
; 0.037  ; step_ledr[2] ; state_ledr.ledr_s2 ; clock_10hz   ; clock_10hz  ; 1.000        ; 0.001      ; 0.996      ;
; 0.059  ; step_ledr[4] ; state_ledr.ledr_s0 ; clock_10hz   ; clock_10hz  ; 1.000        ; 0.001      ; 0.974      ;
; 0.065  ; step_ledr[3] ; step_ledr[2]       ; clock_10hz   ; clock_10hz  ; 1.000        ; 0.000      ; 0.967      ;
; 0.067  ; step_ledr[3] ; step_ledr[0]       ; clock_10hz   ; clock_10hz  ; 1.000        ; 0.000      ; 0.965      ;
; 0.067  ; step_ledr[4] ; step_ledr[1]       ; clock_10hz   ; clock_10hz  ; 1.000        ; 0.000      ; 0.965      ;
; 0.068  ; step_ledr[4] ; step_ledr[3]       ; clock_10hz   ; clock_10hz  ; 1.000        ; 0.000      ; 0.964      ;
; 0.068  ; step_ledr[4] ; step_ledr[4]       ; clock_10hz   ; clock_10hz  ; 1.000        ; 0.000      ; 0.964      ;
; 0.072  ; step_ledr[1] ; state_ledr.ledr_s2 ; clock_10hz   ; clock_10hz  ; 1.000        ; 0.001      ; 0.961      ;
; 0.084  ; step_ledr[0] ; step_ledr[2]       ; clock_10hz   ; clock_10hz  ; 1.000        ; 0.000      ; 0.948      ;
; 0.084  ; step_ledr[2] ; step_ledr[2]       ; clock_10hz   ; clock_10hz  ; 1.000        ; 0.000      ; 0.948      ;
; 0.086  ; step_ledr[4] ; LEDR[11]~reg0      ; clock_10hz   ; clock_10hz  ; 1.000        ; 0.001      ; 0.947      ;
; 0.086  ; step_ledr[4] ; LEDR[10]~reg0      ; clock_10hz   ; clock_10hz  ; 1.000        ; 0.001      ; 0.947      ;
; 0.086  ; step_ledr[2] ; step_ledr[0]       ; clock_10hz   ; clock_10hz  ; 1.000        ; 0.000      ; 0.946      ;
; 0.087  ; step_ledr[4] ; LEDR[9]~reg0       ; clock_10hz   ; clock_10hz  ; 1.000        ; 0.001      ; 0.946      ;
; 0.088  ; step_ledr[4] ; LEDR[15]~reg0      ; clock_10hz   ; clock_10hz  ; 1.000        ; 0.001      ; 0.945      ;
; 0.088  ; step_ledr[4] ; LEDR[14]~reg0      ; clock_10hz   ; clock_10hz  ; 1.000        ; 0.001      ; 0.945      ;
; 0.089  ; step_ledr[4] ; LEDR[7]~reg0       ; clock_10hz   ; clock_10hz  ; 1.000        ; 0.001      ; 0.944      ;
; 0.089  ; step_ledr[4] ; LEDR[6]~reg0       ; clock_10hz   ; clock_10hz  ; 1.000        ; 0.001      ; 0.944      ;
; 0.090  ; step_ledr[4] ; LEDR[16]~reg0      ; clock_10hz   ; clock_10hz  ; 1.000        ; 0.001      ; 0.943      ;
; 0.090  ; step_ledr[4] ; LEDR[13]~reg0      ; clock_10hz   ; clock_10hz  ; 1.000        ; 0.001      ; 0.943      ;
; 0.092  ; step_ledr[4] ; LEDR[17]~reg0      ; clock_10hz   ; clock_10hz  ; 1.000        ; 0.001      ; 0.941      ;
; 0.092  ; step_ledr[4] ; LEDR[12]~reg0      ; clock_10hz   ; clock_10hz  ; 1.000        ; 0.001      ; 0.941      ;
; 0.094  ; step_ledr[0] ; LEDR[2]~reg0       ; clock_10hz   ; clock_10hz  ; 1.000        ; 0.001      ; 0.939      ;
; 0.094  ; step_ledr[4] ; LEDR[8]~reg0       ; clock_10hz   ; clock_10hz  ; 1.000        ; 0.001      ; 0.939      ;
; 0.095  ; step_ledr[0] ; LEDR[1]~reg0       ; clock_10hz   ; clock_10hz  ; 1.000        ; 0.001      ; 0.938      ;
; 0.096  ; step_ledr[0] ; LEDR[5]~reg0       ; clock_10hz   ; clock_10hz  ; 1.000        ; 0.001      ; 0.937      ;
; 0.096  ; step_ledr[0] ; LEDR[4]~reg0       ; clock_10hz   ; clock_10hz  ; 1.000        ; 0.001      ; 0.937      ;
+--------+--------------+--------------------+--------------+-------------+--------------+------------+------------+


+-----------------------------------------------------------------------------------------------------------------------+
; Fast Model Setup: 'clock_4hz'                                                                                         ;
+-------+--------------------+--------------------+--------------+-------------+--------------+------------+------------+
; Slack ; From Node          ; To Node            ; Launch Clock ; Latch Clock ; Relationship ; Clock Skew ; Data Delay ;
+-------+--------------------+--------------------+--------------+-------------+--------------+------------+------------+
; 0.634 ; state_ledg.ledg_s1 ; state_ledg.ledg_s2 ; clock_4hz    ; clock_4hz   ; 1.000        ; 0.000      ; 0.398      ;
; 0.637 ; state_ledg.ledg_s2 ; state_ledg.ledg_s0 ; clock_4hz    ; clock_4hz   ; 1.000        ; 0.000      ; 0.395      ;
; 0.641 ; state_ledg.ledg_s0 ; state_ledg.ledg_s1 ; clock_4hz    ; clock_4hz   ; 1.000        ; 0.000      ; 0.391      ;
+-------+--------------------+--------------------+--------------+-------------+--------------+------------+------------+


+-------------------------------------------------------------------------------------------------------------------+
; Fast Model Setup: 'clock_2hz'                                                                                     ;
+-------+------------------+------------------+--------------+-------------+--------------+------------+------------+
; Slack ; From Node        ; To Node          ; Launch Clock ; Latch Clock ; Relationship ; Clock Skew ; Data Delay ;
+-------+------------------+------------------+--------------+-------------+--------------+------------+------------+
; 0.637 ; state_hex.hex_s1 ; state_hex.hex_s2 ; clock_2hz    ; clock_2hz   ; 1.000        ; 0.000      ; 0.395      ;
; 0.643 ; state_hex.hex_s2 ; state_hex.hex_s0 ; clock_2hz    ; clock_2hz   ; 1.000        ; 0.000      ; 0.389      ;
; 0.643 ; state_hex.hex_s0 ; state_hex.hex_s1 ; clock_2hz    ; clock_2hz   ; 1.000        ; 0.000      ; 0.389      ;
+-------+------------------+------------------+--------------+-------------+--------------+------------+------------+


+--------------------------------------------------------------------------------------------------------+
; Fast Model Hold: 'CLOCK_50'                                                                            ;
+--------+------------+------------+--------------+-------------+--------------+------------+------------+
; Slack  ; From Node  ; To Node    ; Launch Clock ; Latch Clock ; Relationship ; Clock Skew ; Data Delay ;
+--------+------------+------------+--------------+-------------+--------------+------------+------------+
; -1.576 ; clock_2hz  ; clock_2hz  ; clock_2hz    ; CLOCK_50    ; 0.000        ; 1.650      ; 0.367      ;
; -1.571 ; clock_4hz  ; clock_4hz  ; clock_4hz    ; CLOCK_50    ; 0.000        ; 1.645      ; 0.367      ;
; -1.560 ; clock_10hz ; clock_10hz ; clock_10hz   ; CLOCK_50    ; 0.000        ; 1.634      ; 0.367      ;
; -1.076 ; clock_2hz  ; clock_2hz  ; clock_2hz    ; CLOCK_50    ; -0.500       ; 1.650      ; 0.367      ;
; -1.071 ; clock_4hz  ; clock_4hz  ; clock_4hz    ; CLOCK_50    ; -0.500       ; 1.645      ; 0.367      ;
; -1.060 ; clock_10hz ; clock_10hz ; clock_10hz   ; CLOCK_50    ; -0.500       ; 1.634      ; 0.367      ;
; 0.241  ; q_ledr[31] ; q_ledr[31] ; CLOCK_50     ; CLOCK_50    ; 0.000        ; 0.000      ; 0.393      ;
; 0.241  ; q_hex[31]  ; q_hex[31]  ; CLOCK_50     ; CLOCK_50    ; 0.000        ; 0.000      ; 0.393      ;
; 0.241  ; q_ledg[31] ; q_ledg[31] ; CLOCK_50     ; CLOCK_50    ; 0.000        ; 0.000      ; 0.393      ;
; 0.353  ; q_ledr[16] ; q_ledr[16] ; CLOCK_50     ; CLOCK_50    ; 0.000        ; 0.000      ; 0.505      ;
; 0.353  ; q_hex[16]  ; q_hex[16]  ; CLOCK_50     ; CLOCK_50    ; 0.000        ; 0.000      ; 0.505      ;
; 0.354  ; q_ledg[7]  ; q_ledg[7]  ; CLOCK_50     ; CLOCK_50    ; 0.000        ; 0.000      ; 0.506      ;
; 0.354  ; q_ledg[23] ; q_ledg[23] ; CLOCK_50     ; CLOCK_50    ; 0.000        ; 0.000      ; 0.506      ;
; 0.355  ; q_hex[9]   ; q_hex[9]   ; CLOCK_50     ; CLOCK_50    ; 0.000        ; 0.000      ; 0.507      ;
; 0.355  ; q_hex[14]  ; q_hex[14]  ; CLOCK_50     ; CLOCK_50    ; 0.000        ; 0.000      ; 0.507      ;
; 0.356  ; q_ledr[9]  ; q_ledr[9]  ; CLOCK_50     ; CLOCK_50    ; 0.000        ; 0.000      ; 0.508      ;
; 0.356  ; q_ledr[11] ; q_ledr[11] ; CLOCK_50     ; CLOCK_50    ; 0.000        ; 0.000      ; 0.508      ;
; 0.356  ; q_ledr[14] ; q_ledr[14] ; CLOCK_50     ; CLOCK_50    ; 0.000        ; 0.000      ; 0.508      ;
; 0.356  ; q_ledr[15] ; q_ledr[15] ; CLOCK_50     ; CLOCK_50    ; 0.000        ; 0.000      ; 0.508      ;
; 0.356  ; q_ledr[20] ; q_ledr[20] ; CLOCK_50     ; CLOCK_50    ; 0.000        ; 0.000      ; 0.508      ;
; 0.356  ; q_ledr[23] ; q_ledr[23] ; CLOCK_50     ; CLOCK_50    ; 0.000        ; 0.000      ; 0.508      ;
; 0.356  ; q_ledr[25] ; q_ledr[25] ; CLOCK_50     ; CLOCK_50    ; 0.000        ; 0.000      ; 0.508      ;
; 0.356  ; q_ledr[27] ; q_ledr[27] ; CLOCK_50     ; CLOCK_50    ; 0.000        ; 0.000      ; 0.508      ;
; 0.356  ; q_hex[27]  ; q_hex[27]  ; CLOCK_50     ; CLOCK_50    ; 0.000        ; 0.000      ; 0.508      ;
; 0.356  ; q_hex[25]  ; q_hex[25]  ; CLOCK_50     ; CLOCK_50    ; 0.000        ; 0.000      ; 0.508      ;
; 0.356  ; q_ledg[27] ; q_ledg[27] ; CLOCK_50     ; CLOCK_50    ; 0.000        ; 0.000      ; 0.508      ;
; 0.356  ; q_ledg[25] ; q_ledg[25] ; CLOCK_50     ; CLOCK_50    ; 0.000        ; 0.000      ; 0.508      ;
; 0.356  ; q_ledg[15] ; q_ledg[15] ; CLOCK_50     ; CLOCK_50    ; 0.000        ; 0.000      ; 0.508      ;
; 0.356  ; q_ledg[13] ; q_ledg[13] ; CLOCK_50     ; CLOCK_50    ; 0.000        ; 0.000      ; 0.508      ;
; 0.357  ; q_hex[0]   ; q_hex[0]   ; CLOCK_50     ; CLOCK_50    ; 0.000        ; 0.000      ; 0.509      ;
; 0.357  ; q_hex[1]   ; q_hex[1]   ; CLOCK_50     ; CLOCK_50    ; 0.000        ; 0.000      ; 0.509      ;
; 0.359  ; q_ledr[29] ; q_ledr[29] ; CLOCK_50     ; CLOCK_50    ; 0.000        ; 0.000      ; 0.511      ;
; 0.359  ; q_ledr[30] ; q_ledr[30] ; CLOCK_50     ; CLOCK_50    ; 0.000        ; 0.000      ; 0.511      ;
; 0.359  ; q_hex[7]   ; q_hex[7]   ; CLOCK_50     ; CLOCK_50    ; 0.000        ; 0.000      ; 0.511      ;
; 0.359  ; q_hex[29]  ; q_hex[29]  ; CLOCK_50     ; CLOCK_50    ; 0.000        ; 0.000      ; 0.511      ;
; 0.359  ; q_hex[30]  ; q_hex[30]  ; CLOCK_50     ; CLOCK_50    ; 0.000        ; 0.000      ; 0.511      ;
; 0.359  ; q_ledg[29] ; q_ledg[29] ; CLOCK_50     ; CLOCK_50    ; 0.000        ; 0.000      ; 0.511      ;
; 0.359  ; q_ledg[30] ; q_ledg[30] ; CLOCK_50     ; CLOCK_50    ; 0.000        ; 0.000      ; 0.511      ;
; 0.360  ; q_hex[2]   ; q_hex[2]   ; CLOCK_50     ; CLOCK_50    ; 0.000        ; 0.000      ; 0.512      ;
; 0.361  ; q_hex[4]   ; q_hex[4]   ; CLOCK_50     ; CLOCK_50    ; 0.000        ; 0.000      ; 0.513      ;
; 0.364  ; q_hex[8]   ; q_hex[8]   ; CLOCK_50     ; CLOCK_50    ; 0.000        ; 0.000      ; 0.516      ;
; 0.364  ; q_ledg[8]  ; q_ledg[8]  ; CLOCK_50     ; CLOCK_50    ; 0.000        ; 0.000      ; 0.516      ;
; 0.365  ; q_ledr[6]  ; q_ledr[6]  ; CLOCK_50     ; CLOCK_50    ; 0.000        ; 0.000      ; 0.517      ;
; 0.365  ; q_ledr[12] ; q_ledr[12] ; CLOCK_50     ; CLOCK_50    ; 0.000        ; 0.000      ; 0.517      ;
; 0.365  ; q_hex[22]  ; q_hex[22]  ; CLOCK_50     ; CLOCK_50    ; 0.000        ; 0.000      ; 0.517      ;
; 0.365  ; q_ledg[21] ; q_ledg[21] ; CLOCK_50     ; CLOCK_50    ; 0.000        ; 0.000      ; 0.517      ;
; 0.367  ; q_ledr[19] ; q_ledr[19] ; CLOCK_50     ; CLOCK_50    ; 0.000        ; 0.000      ; 0.519      ;
; 0.367  ; q_ledr[22] ; q_ledr[22] ; CLOCK_50     ; CLOCK_50    ; 0.000        ; 0.000      ; 0.519      ;
; 0.367  ; q_hex[6]   ; q_hex[6]   ; CLOCK_50     ; CLOCK_50    ; 0.000        ; 0.000      ; 0.519      ;
; 0.367  ; q_ledg[5]  ; q_ledg[5]  ; CLOCK_50     ; CLOCK_50    ; 0.000        ; 0.000      ; 0.519      ;
; 0.367  ; q_ledg[6]  ; q_ledg[6]  ; CLOCK_50     ; CLOCK_50    ; 0.000        ; 0.000      ; 0.519      ;
; 0.369  ; q_hex[3]   ; q_hex[3]   ; CLOCK_50     ; CLOCK_50    ; 0.000        ; 0.000      ; 0.521      ;
; 0.369  ; q_ledr[24] ; q_ledr[24] ; CLOCK_50     ; CLOCK_50    ; 0.000        ; 0.000      ; 0.521      ;
; 0.369  ; q_ledr[26] ; q_ledr[26] ; CLOCK_50     ; CLOCK_50    ; 0.000        ; 0.000      ; 0.521      ;
; 0.369  ; q_hex[24]  ; q_hex[24]  ; CLOCK_50     ; CLOCK_50    ; 0.000        ; 0.000      ; 0.521      ;
; 0.369  ; q_hex[26]  ; q_hex[26]  ; CLOCK_50     ; CLOCK_50    ; 0.000        ; 0.000      ; 0.521      ;
; 0.369  ; q_ledg[24] ; q_ledg[24] ; CLOCK_50     ; CLOCK_50    ; 0.000        ; 0.000      ; 0.521      ;
; 0.369  ; q_ledg[26] ; q_ledg[26] ; CLOCK_50     ; CLOCK_50    ; 0.000        ; 0.000      ; 0.521      ;
; 0.370  ; q_ledr[28] ; q_ledr[28] ; CLOCK_50     ; CLOCK_50    ; 0.000        ; 0.000      ; 0.522      ;
; 0.370  ; q_hex[28]  ; q_hex[28]  ; CLOCK_50     ; CLOCK_50    ; 0.000        ; 0.000      ; 0.522      ;
; 0.370  ; q_ledg[28] ; q_ledg[28] ; CLOCK_50     ; CLOCK_50    ; 0.000        ; 0.000      ; 0.522      ;
; 0.494  ; q_ledr[14] ; q_ledr[15] ; CLOCK_50     ; CLOCK_50    ; 0.000        ; 0.000      ; 0.646      ;
; 0.494  ; q_ledr[11] ; q_ledr[12] ; CLOCK_50     ; CLOCK_50    ; 0.000        ; 0.000      ; 0.646      ;
; 0.494  ; q_ledr[25] ; q_ledr[26] ; CLOCK_50     ; CLOCK_50    ; 0.000        ; 0.000      ; 0.646      ;
; 0.494  ; q_hex[25]  ; q_hex[26]  ; CLOCK_50     ; CLOCK_50    ; 0.000        ; 0.000      ; 0.646      ;
; 0.494  ; q_ledg[25] ; q_ledg[26] ; CLOCK_50     ; CLOCK_50    ; 0.000        ; 0.000      ; 0.646      ;
; 0.494  ; q_ledr[27] ; q_ledr[28] ; CLOCK_50     ; CLOCK_50    ; 0.000        ; 0.000      ; 0.646      ;
; 0.494  ; q_hex[27]  ; q_hex[28]  ; CLOCK_50     ; CLOCK_50    ; 0.000        ; 0.000      ; 0.646      ;
; 0.494  ; q_ledg[27] ; q_ledg[28] ; CLOCK_50     ; CLOCK_50    ; 0.000        ; 0.000      ; 0.646      ;
; 0.495  ; q_hex[0]   ; q_hex[1]   ; CLOCK_50     ; CLOCK_50    ; 0.000        ; 0.000      ; 0.647      ;
; 0.495  ; q_hex[1]   ; q_hex[2]   ; CLOCK_50     ; CLOCK_50    ; 0.000        ; 0.000      ; 0.647      ;
; 0.497  ; q_ledr[30] ; q_ledr[31] ; CLOCK_50     ; CLOCK_50    ; 0.000        ; 0.000      ; 0.649      ;
; 0.497  ; q_hex[30]  ; q_hex[31]  ; CLOCK_50     ; CLOCK_50    ; 0.000        ; 0.000      ; 0.649      ;
; 0.497  ; q_ledg[30] ; q_ledg[31] ; CLOCK_50     ; CLOCK_50    ; 0.000        ; 0.000      ; 0.649      ;
; 0.497  ; q_ledr[29] ; q_ledr[30] ; CLOCK_50     ; CLOCK_50    ; 0.000        ; 0.000      ; 0.649      ;
; 0.497  ; q_hex[29]  ; q_hex[30]  ; CLOCK_50     ; CLOCK_50    ; 0.000        ; 0.000      ; 0.649      ;
; 0.497  ; q_ledg[29] ; q_ledg[30] ; CLOCK_50     ; CLOCK_50    ; 0.000        ; 0.000      ; 0.649      ;
; 0.498  ; q_hex[2]   ; q_hex[3]   ; CLOCK_50     ; CLOCK_50    ; 0.000        ; 0.000      ; 0.650      ;
; 0.504  ; q_hex[8]   ; q_hex[9]   ; CLOCK_50     ; CLOCK_50    ; 0.000        ; 0.000      ; 0.656      ;
; 0.507  ; q_ledg[6]  ; q_ledg[7]  ; CLOCK_50     ; CLOCK_50    ; 0.000        ; 0.000      ; 0.659      ;
; 0.507  ; q_ledr[19] ; q_ledr[20] ; CLOCK_50     ; CLOCK_50    ; 0.000        ; 0.000      ; 0.659      ;
; 0.507  ; q_ledr[22] ; q_ledr[23] ; CLOCK_50     ; CLOCK_50    ; 0.000        ; 0.000      ; 0.659      ;
; 0.507  ; q_hex[6]   ; q_hex[7]   ; CLOCK_50     ; CLOCK_50    ; 0.000        ; 0.000      ; 0.659      ;
; 0.507  ; q_ledg[5]  ; q_ledg[6]  ; CLOCK_50     ; CLOCK_50    ; 0.000        ; 0.000      ; 0.659      ;
; 0.509  ; q_ledr[24] ; q_ledr[25] ; CLOCK_50     ; CLOCK_50    ; 0.000        ; 0.000      ; 0.661      ;
; 0.509  ; q_ledr[26] ; q_ledr[27] ; CLOCK_50     ; CLOCK_50    ; 0.000        ; 0.000      ; 0.661      ;
; 0.509  ; q_hex[26]  ; q_hex[27]  ; CLOCK_50     ; CLOCK_50    ; 0.000        ; 0.000      ; 0.661      ;
; 0.509  ; q_hex[24]  ; q_hex[25]  ; CLOCK_50     ; CLOCK_50    ; 0.000        ; 0.000      ; 0.661      ;
; 0.509  ; q_ledg[26] ; q_ledg[27] ; CLOCK_50     ; CLOCK_50    ; 0.000        ; 0.000      ; 0.661      ;
; 0.509  ; q_ledg[24] ; q_ledg[25] ; CLOCK_50     ; CLOCK_50    ; 0.000        ; 0.000      ; 0.661      ;
; 0.509  ; q_hex[3]   ; q_hex[4]   ; CLOCK_50     ; CLOCK_50    ; 0.000        ; 0.000      ; 0.661      ;
; 0.510  ; q_ledr[28] ; q_ledr[29] ; CLOCK_50     ; CLOCK_50    ; 0.000        ; 0.000      ; 0.662      ;
; 0.510  ; q_hex[28]  ; q_hex[29]  ; CLOCK_50     ; CLOCK_50    ; 0.000        ; 0.000      ; 0.662      ;
; 0.510  ; q_ledg[28] ; q_ledg[29] ; CLOCK_50     ; CLOCK_50    ; 0.000        ; 0.000      ; 0.662      ;
; 0.529  ; q_ledr[9]  ; q_ledr[11] ; CLOCK_50     ; CLOCK_50    ; 0.000        ; 0.000      ; 0.681      ;
; 0.529  ; q_ledg[13] ; q_ledg[15] ; CLOCK_50     ; CLOCK_50    ; 0.000        ; 0.000      ; 0.681      ;
; 0.529  ; q_ledr[20] ; q_ledr[22] ; CLOCK_50     ; CLOCK_50    ; 0.000        ; 0.000      ; 0.681      ;
; 0.529  ; q_ledr[25] ; q_ledr[27] ; CLOCK_50     ; CLOCK_50    ; 0.000        ; 0.000      ; 0.681      ;
; 0.529  ; q_hex[25]  ; q_hex[27]  ; CLOCK_50     ; CLOCK_50    ; 0.000        ; 0.000      ; 0.681      ;
; 0.529  ; q_ledg[25] ; q_ledg[27] ; CLOCK_50     ; CLOCK_50    ; 0.000        ; 0.000      ; 0.681      ;
+--------+------------+------------+--------------+-------------+--------------+------------+------------+


+-------------------------------------------------------------------------------------------------------------------+
; Fast Model Hold: 'clock_2hz'                                                                                      ;
+-------+------------------+------------------+--------------+-------------+--------------+------------+------------+
; Slack ; From Node        ; To Node          ; Launch Clock ; Latch Clock ; Relationship ; Clock Skew ; Data Delay ;
+-------+------------------+------------------+--------------+-------------+--------------+------------+------------+
; 0.237 ; state_hex.hex_s2 ; state_hex.hex_s0 ; clock_2hz    ; clock_2hz   ; 0.000        ; 0.000      ; 0.389      ;
; 0.237 ; state_hex.hex_s0 ; state_hex.hex_s1 ; clock_2hz    ; clock_2hz   ; 0.000        ; 0.000      ; 0.389      ;
; 0.243 ; state_hex.hex_s1 ; state_hex.hex_s2 ; clock_2hz    ; clock_2hz   ; 0.000        ; 0.000      ; 0.395      ;
+-------+------------------+------------------+--------------+-------------+--------------+------------+------------+


+-----------------------------------------------------------------------------------------------------------------------+
; Fast Model Hold: 'clock_4hz'                                                                                          ;
+-------+--------------------+--------------------+--------------+-------------+--------------+------------+------------+
; Slack ; From Node          ; To Node            ; Launch Clock ; Latch Clock ; Relationship ; Clock Skew ; Data Delay ;
+-------+--------------------+--------------------+--------------+-------------+--------------+------------+------------+
; 0.239 ; state_ledg.ledg_s0 ; state_ledg.ledg_s1 ; clock_4hz    ; clock_4hz   ; 0.000        ; 0.000      ; 0.391      ;
; 0.243 ; state_ledg.ledg_s2 ; state_ledg.ledg_s0 ; clock_4hz    ; clock_4hz   ; 0.000        ; 0.000      ; 0.395      ;
; 0.246 ; state_ledg.ledg_s1 ; state_ledg.ledg_s2 ; clock_4hz    ; clock_4hz   ; 0.000        ; 0.000      ; 0.398      ;
+-------+--------------------+--------------------+--------------+-------------+--------------+------------+------------+


+-----------------------------------------------------------------------------------------------------------------------+
; Fast Model Hold: 'clock_10hz'                                                                                         ;
+-------+--------------------+--------------------+--------------+-------------+--------------+------------+------------+
; Slack ; From Node          ; To Node            ; Launch Clock ; Latch Clock ; Relationship ; Clock Skew ; Data Delay ;
+-------+--------------------+--------------------+--------------+-------------+--------------+------------+------------+
; 0.320 ; state_ledr.ledr_s3 ; state_ledr.ledr_s0 ; clock_10hz   ; clock_10hz  ; 0.000        ; 0.001      ; 0.473      ;
; 0.340 ; state_ledr.ledr_s2 ; state_ledr.ledr_s3 ; clock_10hz   ; clock_10hz  ; 0.000        ; -0.001     ; 0.491      ;
; 0.341 ; state_ledr.ledr_s0 ; state_ledr.ledr_s1 ; clock_10hz   ; clock_10hz  ; 0.000        ; -0.001     ; 0.492      ;
; 0.359 ; LEDR[1]~reg0       ; LEDR[0]~reg0       ; clock_10hz   ; clock_10hz  ; 0.000        ; 0.000      ; 0.511      ;
; 0.361 ; LEDR[3]~reg0       ; LEDR[4]~reg0       ; clock_10hz   ; clock_10hz  ; 0.000        ; 0.000      ; 0.513      ;
; 0.362 ; LEDR[6]~reg0       ; LEDR[7]~reg0       ; clock_10hz   ; clock_10hz  ; 0.000        ; 0.000      ; 0.514      ;
; 0.365 ; LEDR[7]~reg0       ; LEDR[6]~reg0       ; clock_10hz   ; clock_10hz  ; 0.000        ; 0.000      ; 0.517      ;
; 0.366 ; LEDR[2]~reg0       ; LEDR[3]~reg0       ; clock_10hz   ; clock_10hz  ; 0.000        ; 0.000      ; 0.518      ;
; 0.367 ; LEDR[9]~reg0       ; LEDR[10]~reg0      ; clock_10hz   ; clock_10hz  ; 0.000        ; 0.000      ; 0.519      ;
; 0.367 ; LEDR[2]~reg0       ; LEDR[1]~reg0       ; clock_10hz   ; clock_10hz  ; 0.000        ; 0.000      ; 0.519      ;
; 0.368 ; LEDR[1]~reg0       ; LEDR[2]~reg0       ; clock_10hz   ; clock_10hz  ; 0.000        ; 0.000      ; 0.520      ;
; 0.369 ; LEDR[11]~reg0      ; LEDR[12]~reg0      ; clock_10hz   ; clock_10hz  ; 0.000        ; 0.000      ; 0.521      ;
; 0.370 ; LEDR[9]~reg0       ; LEDR[8]~reg0       ; clock_10hz   ; clock_10hz  ; 0.000        ; 0.000      ; 0.522      ;
; 0.371 ; LEDR[4]~reg0       ; LEDR[3]~reg0       ; clock_10hz   ; clock_10hz  ; 0.000        ; 0.000      ; 0.523      ;
; 0.374 ; LEDR[17]~reg0      ; LEDR[16]~reg0      ; clock_10hz   ; clock_10hz  ; 0.000        ; 0.000      ; 0.526      ;
; 0.374 ; LEDR[0]~reg0       ; LEDR[1]~reg0       ; clock_10hz   ; clock_10hz  ; 0.000        ; 0.000      ; 0.526      ;
; 0.375 ; LEDR[8]~reg0       ; LEDR[7]~reg0       ; clock_10hz   ; clock_10hz  ; 0.000        ; 0.000      ; 0.527      ;
; 0.376 ; LEDR[10]~reg0      ; LEDR[11]~reg0      ; clock_10hz   ; clock_10hz  ; 0.000        ; 0.000      ; 0.528      ;
; 0.376 ; LEDR[13]~reg0      ; LEDR[12]~reg0      ; clock_10hz   ; clock_10hz  ; 0.000        ; 0.000      ; 0.528      ;
; 0.377 ; LEDR[10]~reg0      ; LEDR[9]~reg0       ; clock_10hz   ; clock_10hz  ; 0.000        ; 0.000      ; 0.529      ;
; 0.379 ; LEDR[13]~reg0      ; LEDR[14]~reg0      ; clock_10hz   ; clock_10hz  ; 0.000        ; 0.000      ; 0.531      ;
; 0.379 ; LEDR[4]~reg0       ; LEDR[5]~reg0       ; clock_10hz   ; clock_10hz  ; 0.000        ; 0.000      ; 0.531      ;
; 0.395 ; LEDR[14]~reg0      ; LEDR[15]~reg0      ; clock_10hz   ; clock_10hz  ; 0.000        ; 0.000      ; 0.547      ;
; 0.395 ; LEDR[12]~reg0      ; LEDR[11]~reg0      ; clock_10hz   ; clock_10hz  ; 0.000        ; 0.000      ; 0.547      ;
; 0.395 ; LEDR[15]~reg0      ; LEDR[14]~reg0      ; clock_10hz   ; clock_10hz  ; 0.000        ; 0.000      ; 0.547      ;
; 0.402 ; LEDR[14]~reg0      ; LEDR[13]~reg0      ; clock_10hz   ; clock_10hz  ; 0.000        ; 0.000      ; 0.554      ;
; 0.402 ; LEDR[15]~reg0      ; LEDR[16]~reg0      ; clock_10hz   ; clock_10hz  ; 0.000        ; 0.000      ; 0.554      ;
; 0.421 ; step_ledr[4]       ; step_ledr[4]       ; clock_10hz   ; clock_10hz  ; 0.000        ; 0.000      ; 0.573      ;
; 0.441 ; state_ledr.ledr_s3 ; LEDR[17]~reg0      ; clock_10hz   ; clock_10hz  ; 0.000        ; 0.001      ; 0.594      ;
; 0.445 ; LEDR[8]~reg0       ; LEDR[9]~reg0       ; clock_10hz   ; clock_10hz  ; 0.000        ; 0.000      ; 0.597      ;
; 0.451 ; LEDR[12]~reg0      ; LEDR[13]~reg0      ; clock_10hz   ; clock_10hz  ; 0.000        ; 0.000      ; 0.603      ;
; 0.452 ; LEDR[11]~reg0      ; LEDR[10]~reg0      ; clock_10hz   ; clock_10hz  ; 0.000        ; 0.000      ; 0.604      ;
; 0.455 ; LEDR[16]~reg0      ; LEDR[17]~reg0      ; clock_10hz   ; clock_10hz  ; 0.000        ; 0.000      ; 0.607      ;
; 0.456 ; LEDR[7]~reg0       ; LEDR[8]~reg0       ; clock_10hz   ; clock_10hz  ; 0.000        ; 0.000      ; 0.608      ;
; 0.456 ; LEDR[16]~reg0      ; LEDR[15]~reg0      ; clock_10hz   ; clock_10hz  ; 0.000        ; 0.000      ; 0.608      ;
; 0.458 ; LEDR[5]~reg0       ; LEDR[6]~reg0       ; clock_10hz   ; clock_10hz  ; 0.000        ; 0.000      ; 0.610      ;
; 0.463 ; state_ledr.ledr_s1 ; state_ledr.ledr_s2 ; clock_10hz   ; clock_10hz  ; 0.000        ; 0.001      ; 0.616      ;
; 0.468 ; step_ledr[0]       ; state_ledr.ledr_s3 ; clock_10hz   ; clock_10hz  ; 0.000        ; 0.000      ; 0.620      ;
; 0.474 ; step_ledr[0]       ; state_ledr.ledr_s1 ; clock_10hz   ; clock_10hz  ; 0.000        ; 0.000      ; 0.626      ;
; 0.475 ; LEDR[5]~reg0       ; LEDR[4]~reg0       ; clock_10hz   ; clock_10hz  ; 0.000        ; 0.000      ; 0.627      ;
; 0.509 ; step_ledr[4]       ; state_ledr.ledr_s3 ; clock_10hz   ; clock_10hz  ; 0.000        ; 0.000      ; 0.661      ;
; 0.510 ; step_ledr[4]       ; state_ledr.ledr_s1 ; clock_10hz   ; clock_10hz  ; 0.000        ; 0.000      ; 0.662      ;
; 0.525 ; state_ledr.ledr_s2 ; step_ledr[0]       ; clock_10hz   ; clock_10hz  ; 0.000        ; -0.001     ; 0.676      ;
; 0.527 ; state_ledr.ledr_s2 ; step_ledr[2]       ; clock_10hz   ; clock_10hz  ; 0.000        ; -0.001     ; 0.678      ;
; 0.530 ; step_ledr[1]       ; step_ledr[1]       ; clock_10hz   ; clock_10hz  ; 0.000        ; 0.000      ; 0.682      ;
; 0.542 ; LEDR[6]~reg0       ; LEDR[5]~reg0       ; clock_10hz   ; clock_10hz  ; 0.000        ; 0.000      ; 0.694      ;
; 0.545 ; state_ledr.ledr_s2 ; LEDR[8]~reg0       ; clock_10hz   ; clock_10hz  ; 0.000        ; 0.000      ; 0.697      ;
; 0.545 ; state_ledr.ledr_s2 ; LEDR[14]~reg0      ; clock_10hz   ; clock_10hz  ; 0.000        ; 0.000      ; 0.697      ;
; 0.545 ; state_ledr.ledr_s2 ; LEDR[15]~reg0      ; clock_10hz   ; clock_10hz  ; 0.000        ; 0.000      ; 0.697      ;
; 0.546 ; state_ledr.ledr_s2 ; LEDR[9]~reg0       ; clock_10hz   ; clock_10hz  ; 0.000        ; 0.000      ; 0.698      ;
; 0.547 ; step_ledr[3]       ; step_ledr[3]       ; clock_10hz   ; clock_10hz  ; 0.000        ; 0.000      ; 0.699      ;
; 0.547 ; state_ledr.ledr_s2 ; LEDR[10]~reg0      ; clock_10hz   ; clock_10hz  ; 0.000        ; 0.000      ; 0.699      ;
; 0.547 ; state_ledr.ledr_s2 ; LEDR[12]~reg0      ; clock_10hz   ; clock_10hz  ; 0.000        ; 0.000      ; 0.699      ;
; 0.547 ; state_ledr.ledr_s2 ; LEDR[11]~reg0      ; clock_10hz   ; clock_10hz  ; 0.000        ; 0.000      ; 0.699      ;
; 0.547 ; state_ledr.ledr_s2 ; LEDR[17]~reg0      ; clock_10hz   ; clock_10hz  ; 0.000        ; 0.000      ; 0.699      ;
; 0.547 ; state_ledr.ledr_s2 ; state_ledr.ledr_s2 ; clock_10hz   ; clock_10hz  ; 0.000        ; 0.000      ; 0.699      ;
; 0.549 ; state_ledr.ledr_s2 ; LEDR[16]~reg0      ; clock_10hz   ; clock_10hz  ; 0.000        ; 0.000      ; 0.701      ;
; 0.549 ; state_ledr.ledr_s2 ; LEDR[13]~reg0      ; clock_10hz   ; clock_10hz  ; 0.000        ; 0.000      ; 0.701      ;
; 0.550 ; state_ledr.ledr_s2 ; LEDR[7]~reg0       ; clock_10hz   ; clock_10hz  ; 0.000        ; 0.000      ; 0.702      ;
; 0.550 ; state_ledr.ledr_s2 ; LEDR[6]~reg0       ; clock_10hz   ; clock_10hz  ; 0.000        ; 0.000      ; 0.702      ;
; 0.561 ; state_ledr.ledr_s0 ; LEDR[4]~reg0       ; clock_10hz   ; clock_10hz  ; 0.000        ; 0.000      ; 0.713      ;
; 0.561 ; state_ledr.ledr_s0 ; LEDR[3]~reg0       ; clock_10hz   ; clock_10hz  ; 0.000        ; 0.000      ; 0.713      ;
; 0.562 ; state_ledr.ledr_s0 ; LEDR[2]~reg0       ; clock_10hz   ; clock_10hz  ; 0.000        ; 0.000      ; 0.714      ;
; 0.564 ; state_ledr.ledr_s0 ; LEDR[0]~reg0       ; clock_10hz   ; clock_10hz  ; 0.000        ; 0.000      ; 0.716      ;
; 0.564 ; state_ledr.ledr_s0 ; LEDR[1]~reg0       ; clock_10hz   ; clock_10hz  ; 0.000        ; 0.000      ; 0.716      ;
; 0.564 ; state_ledr.ledr_s0 ; LEDR[5]~reg0       ; clock_10hz   ; clock_10hz  ; 0.000        ; 0.000      ; 0.716      ;
; 0.565 ; state_ledr.ledr_s1 ; LEDR[0]~reg0       ; clock_10hz   ; clock_10hz  ; 0.000        ; 0.001      ; 0.718      ;
; 0.567 ; state_ledr.ledr_s0 ; LEDR[8]~reg0       ; clock_10hz   ; clock_10hz  ; 0.000        ; 0.000      ; 0.719      ;
; 0.569 ; state_ledr.ledr_s0 ; LEDR[12]~reg0      ; clock_10hz   ; clock_10hz  ; 0.000        ; 0.000      ; 0.721      ;
; 0.569 ; state_ledr.ledr_s0 ; LEDR[17]~reg0      ; clock_10hz   ; clock_10hz  ; 0.000        ; 0.000      ; 0.721      ;
; 0.571 ; state_ledr.ledr_s0 ; LEDR[16]~reg0      ; clock_10hz   ; clock_10hz  ; 0.000        ; 0.000      ; 0.723      ;
; 0.571 ; state_ledr.ledr_s0 ; LEDR[13]~reg0      ; clock_10hz   ; clock_10hz  ; 0.000        ; 0.000      ; 0.723      ;
; 0.572 ; state_ledr.ledr_s0 ; LEDR[7]~reg0       ; clock_10hz   ; clock_10hz  ; 0.000        ; 0.000      ; 0.724      ;
; 0.572 ; state_ledr.ledr_s0 ; LEDR[6]~reg0       ; clock_10hz   ; clock_10hz  ; 0.000        ; 0.000      ; 0.724      ;
; 0.573 ; state_ledr.ledr_s0 ; LEDR[14]~reg0      ; clock_10hz   ; clock_10hz  ; 0.000        ; 0.000      ; 0.725      ;
; 0.573 ; state_ledr.ledr_s0 ; LEDR[15]~reg0      ; clock_10hz   ; clock_10hz  ; 0.000        ; 0.000      ; 0.725      ;
; 0.574 ; state_ledr.ledr_s0 ; LEDR[9]~reg0       ; clock_10hz   ; clock_10hz  ; 0.000        ; 0.000      ; 0.726      ;
; 0.575 ; state_ledr.ledr_s0 ; LEDR[10]~reg0      ; clock_10hz   ; clock_10hz  ; 0.000        ; 0.000      ; 0.727      ;
; 0.575 ; state_ledr.ledr_s0 ; LEDR[11]~reg0      ; clock_10hz   ; clock_10hz  ; 0.000        ; 0.000      ; 0.727      ;
; 0.576 ; step_ledr[1]       ; state_ledr.ledr_s3 ; clock_10hz   ; clock_10hz  ; 0.000        ; 0.000      ; 0.728      ;
; 0.577 ; step_ledr[1]       ; state_ledr.ledr_s1 ; clock_10hz   ; clock_10hz  ; 0.000        ; 0.000      ; 0.729      ;
; 0.595 ; LEDR[3]~reg0       ; LEDR[2]~reg0       ; clock_10hz   ; clock_10hz  ; 0.000        ; 0.000      ; 0.747      ;
; 0.602 ; state_ledr.ledr_s0 ; state_ledr.ledr_s0 ; clock_10hz   ; clock_10hz  ; 0.000        ; 0.000      ; 0.754      ;
; 0.609 ; step_ledr[2]       ; step_ledr[2]       ; clock_10hz   ; clock_10hz  ; 0.000        ; 0.000      ; 0.761      ;
; 0.611 ; step_ledr[2]       ; state_ledr.ledr_s3 ; clock_10hz   ; clock_10hz  ; 0.000        ; 0.000      ; 0.763      ;
; 0.612 ; step_ledr[2]       ; state_ledr.ledr_s1 ; clock_10hz   ; clock_10hz  ; 0.000        ; 0.000      ; 0.764      ;
; 0.623 ; step_ledr[0]       ; step_ledr[0]       ; clock_10hz   ; clock_10hz  ; 0.000        ; 0.000      ; 0.775      ;
; 0.630 ; step_ledr[3]       ; state_ledr.ledr_s3 ; clock_10hz   ; clock_10hz  ; 0.000        ; 0.000      ; 0.782      ;
; 0.631 ; step_ledr[3]       ; state_ledr.ledr_s1 ; clock_10hz   ; clock_10hz  ; 0.000        ; 0.000      ; 0.783      ;
; 0.643 ; state_ledr.ledr_s0 ; step_ledr[0]       ; clock_10hz   ; clock_10hz  ; 0.000        ; -0.001     ; 0.794      ;
; 0.645 ; state_ledr.ledr_s2 ; step_ledr[4]       ; clock_10hz   ; clock_10hz  ; 0.000        ; -0.001     ; 0.796      ;
; 0.645 ; state_ledr.ledr_s0 ; step_ledr[2]       ; clock_10hz   ; clock_10hz  ; 0.000        ; -0.001     ; 0.796      ;
; 0.645 ; state_ledr.ledr_s2 ; step_ledr[3]       ; clock_10hz   ; clock_10hz  ; 0.000        ; -0.001     ; 0.796      ;
; 0.646 ; state_ledr.ledr_s2 ; step_ledr[1]       ; clock_10hz   ; clock_10hz  ; 0.000        ; -0.001     ; 0.797      ;
; 0.650 ; state_ledr.ledr_s2 ; LEDR[0]~reg0       ; clock_10hz   ; clock_10hz  ; 0.000        ; 0.000      ; 0.802      ;
; 0.652 ; state_ledr.ledr_s2 ; LEDR[4]~reg0       ; clock_10hz   ; clock_10hz  ; 0.000        ; 0.000      ; 0.804      ;
; 0.652 ; state_ledr.ledr_s2 ; LEDR[3]~reg0       ; clock_10hz   ; clock_10hz  ; 0.000        ; 0.000      ; 0.804      ;
; 0.652 ; state_ledr.ledr_s2 ; LEDR[5]~reg0       ; clock_10hz   ; clock_10hz  ; 0.000        ; 0.000      ; 0.804      ;
; 0.653 ; state_ledr.ledr_s2 ; LEDR[1]~reg0       ; clock_10hz   ; clock_10hz  ; 0.000        ; 0.000      ; 0.805      ;
; 0.654 ; state_ledr.ledr_s2 ; LEDR[2]~reg0       ; clock_10hz   ; clock_10hz  ; 0.000        ; 0.000      ; 0.806      ;
+-------+--------------------+--------------------+--------------+-------------+--------------+------------+------------+


+------------------------------------------------------------------------------------------------+
; Fast Model Minimum Pulse Width: 'CLOCK_50'                                                     ;
+--------+--------------+----------------+------------------+----------+------------+------------+
; Slack  ; Actual Width ; Required Width ; Type             ; Clock    ; Clock Edge ; Target     ;
+--------+--------------+----------------+------------------+----------+------------+------------+
; -1.380 ; 1.000        ; 2.380          ; Port Rate        ; CLOCK_50 ; Rise       ; CLOCK_50   ;
; -0.500 ; 0.500        ; 1.000          ; High Pulse Width ; CLOCK_50 ; Fall       ; clock_10hz ;
; -0.500 ; 0.500        ; 1.000          ; Low Pulse Width  ; CLOCK_50 ; Fall       ; clock_10hz ;
; -0.500 ; 0.500        ; 1.000          ; High Pulse Width ; CLOCK_50 ; Fall       ; clock_2hz  ;
; -0.500 ; 0.500        ; 1.000          ; Low Pulse Width  ; CLOCK_50 ; Fall       ; clock_2hz  ;
; -0.500 ; 0.500        ; 1.000          ; High Pulse Width ; CLOCK_50 ; Fall       ; clock_4hz  ;
; -0.500 ; 0.500        ; 1.000          ; Low Pulse Width  ; CLOCK_50 ; Fall       ; clock_4hz  ;
; -0.500 ; 0.500        ; 1.000          ; High Pulse Width ; CLOCK_50 ; Fall       ; q_hex[0]   ;
; -0.500 ; 0.500        ; 1.000          ; Low Pulse Width  ; CLOCK_50 ; Fall       ; q_hex[0]   ;
; -0.500 ; 0.500        ; 1.000          ; High Pulse Width ; CLOCK_50 ; Fall       ; q_hex[10]  ;
; -0.500 ; 0.500        ; 1.000          ; Low Pulse Width  ; CLOCK_50 ; Fall       ; q_hex[10]  ;
; -0.500 ; 0.500        ; 1.000          ; High Pulse Width ; CLOCK_50 ; Fall       ; q_hex[11]  ;
; -0.500 ; 0.500        ; 1.000          ; Low Pulse Width  ; CLOCK_50 ; Fall       ; q_hex[11]  ;
; -0.500 ; 0.500        ; 1.000          ; High Pulse Width ; CLOCK_50 ; Fall       ; q_hex[12]  ;
; -0.500 ; 0.500        ; 1.000          ; Low Pulse Width  ; CLOCK_50 ; Fall       ; q_hex[12]  ;
; -0.500 ; 0.500        ; 1.000          ; High Pulse Width ; CLOCK_50 ; Fall       ; q_hex[13]  ;
; -0.500 ; 0.500        ; 1.000          ; Low Pulse Width  ; CLOCK_50 ; Fall       ; q_hex[13]  ;
; -0.500 ; 0.500        ; 1.000          ; High Pulse Width ; CLOCK_50 ; Fall       ; q_hex[14]  ;
; -0.500 ; 0.500        ; 1.000          ; Low Pulse Width  ; CLOCK_50 ; Fall       ; q_hex[14]  ;
; -0.500 ; 0.500        ; 1.000          ; High Pulse Width ; CLOCK_50 ; Fall       ; q_hex[15]  ;
; -0.500 ; 0.500        ; 1.000          ; Low Pulse Width  ; CLOCK_50 ; Fall       ; q_hex[15]  ;
; -0.500 ; 0.500        ; 1.000          ; High Pulse Width ; CLOCK_50 ; Fall       ; q_hex[16]  ;
; -0.500 ; 0.500        ; 1.000          ; Low Pulse Width  ; CLOCK_50 ; Fall       ; q_hex[16]  ;
; -0.500 ; 0.500        ; 1.000          ; High Pulse Width ; CLOCK_50 ; Fall       ; q_hex[17]  ;
; -0.500 ; 0.500        ; 1.000          ; Low Pulse Width  ; CLOCK_50 ; Fall       ; q_hex[17]  ;
; -0.500 ; 0.500        ; 1.000          ; High Pulse Width ; CLOCK_50 ; Fall       ; q_hex[18]  ;
; -0.500 ; 0.500        ; 1.000          ; Low Pulse Width  ; CLOCK_50 ; Fall       ; q_hex[18]  ;
; -0.500 ; 0.500        ; 1.000          ; High Pulse Width ; CLOCK_50 ; Fall       ; q_hex[19]  ;
; -0.500 ; 0.500        ; 1.000          ; Low Pulse Width  ; CLOCK_50 ; Fall       ; q_hex[19]  ;
; -0.500 ; 0.500        ; 1.000          ; High Pulse Width ; CLOCK_50 ; Fall       ; q_hex[1]   ;
; -0.500 ; 0.500        ; 1.000          ; Low Pulse Width  ; CLOCK_50 ; Fall       ; q_hex[1]   ;
; -0.500 ; 0.500        ; 1.000          ; High Pulse Width ; CLOCK_50 ; Fall       ; q_hex[20]  ;
; -0.500 ; 0.500        ; 1.000          ; Low Pulse Width  ; CLOCK_50 ; Fall       ; q_hex[20]  ;
; -0.500 ; 0.500        ; 1.000          ; High Pulse Width ; CLOCK_50 ; Fall       ; q_hex[21]  ;
; -0.500 ; 0.500        ; 1.000          ; Low Pulse Width  ; CLOCK_50 ; Fall       ; q_hex[21]  ;
; -0.500 ; 0.500        ; 1.000          ; High Pulse Width ; CLOCK_50 ; Fall       ; q_hex[22]  ;
; -0.500 ; 0.500        ; 1.000          ; Low Pulse Width  ; CLOCK_50 ; Fall       ; q_hex[22]  ;
; -0.500 ; 0.500        ; 1.000          ; High Pulse Width ; CLOCK_50 ; Fall       ; q_hex[23]  ;
; -0.500 ; 0.500        ; 1.000          ; Low Pulse Width  ; CLOCK_50 ; Fall       ; q_hex[23]  ;
; -0.500 ; 0.500        ; 1.000          ; High Pulse Width ; CLOCK_50 ; Fall       ; q_hex[24]  ;
; -0.500 ; 0.500        ; 1.000          ; Low Pulse Width  ; CLOCK_50 ; Fall       ; q_hex[24]  ;
; -0.500 ; 0.500        ; 1.000          ; High Pulse Width ; CLOCK_50 ; Fall       ; q_hex[25]  ;
; -0.500 ; 0.500        ; 1.000          ; Low Pulse Width  ; CLOCK_50 ; Fall       ; q_hex[25]  ;
; -0.500 ; 0.500        ; 1.000          ; High Pulse Width ; CLOCK_50 ; Fall       ; q_hex[26]  ;
; -0.500 ; 0.500        ; 1.000          ; Low Pulse Width  ; CLOCK_50 ; Fall       ; q_hex[26]  ;
; -0.500 ; 0.500        ; 1.000          ; High Pulse Width ; CLOCK_50 ; Fall       ; q_hex[27]  ;
; -0.500 ; 0.500        ; 1.000          ; Low Pulse Width  ; CLOCK_50 ; Fall       ; q_hex[27]  ;
; -0.500 ; 0.500        ; 1.000          ; High Pulse Width ; CLOCK_50 ; Fall       ; q_hex[28]  ;
; -0.500 ; 0.500        ; 1.000          ; Low Pulse Width  ; CLOCK_50 ; Fall       ; q_hex[28]  ;
; -0.500 ; 0.500        ; 1.000          ; High Pulse Width ; CLOCK_50 ; Fall       ; q_hex[29]  ;
; -0.500 ; 0.500        ; 1.000          ; Low Pulse Width  ; CLOCK_50 ; Fall       ; q_hex[29]  ;
; -0.500 ; 0.500        ; 1.000          ; High Pulse Width ; CLOCK_50 ; Fall       ; q_hex[2]   ;
; -0.500 ; 0.500        ; 1.000          ; Low Pulse Width  ; CLOCK_50 ; Fall       ; q_hex[2]   ;
; -0.500 ; 0.500        ; 1.000          ; High Pulse Width ; CLOCK_50 ; Fall       ; q_hex[30]  ;
; -0.500 ; 0.500        ; 1.000          ; Low Pulse Width  ; CLOCK_50 ; Fall       ; q_hex[30]  ;
; -0.500 ; 0.500        ; 1.000          ; High Pulse Width ; CLOCK_50 ; Fall       ; q_hex[31]  ;
; -0.500 ; 0.500        ; 1.000          ; Low Pulse Width  ; CLOCK_50 ; Fall       ; q_hex[31]  ;
; -0.500 ; 0.500        ; 1.000          ; High Pulse Width ; CLOCK_50 ; Fall       ; q_hex[3]   ;
; -0.500 ; 0.500        ; 1.000          ; Low Pulse Width  ; CLOCK_50 ; Fall       ; q_hex[3]   ;
; -0.500 ; 0.500        ; 1.000          ; High Pulse Width ; CLOCK_50 ; Fall       ; q_hex[4]   ;
; -0.500 ; 0.500        ; 1.000          ; Low Pulse Width  ; CLOCK_50 ; Fall       ; q_hex[4]   ;
; -0.500 ; 0.500        ; 1.000          ; High Pulse Width ; CLOCK_50 ; Fall       ; q_hex[5]   ;
; -0.500 ; 0.500        ; 1.000          ; Low Pulse Width  ; CLOCK_50 ; Fall       ; q_hex[5]   ;
; -0.500 ; 0.500        ; 1.000          ; High Pulse Width ; CLOCK_50 ; Fall       ; q_hex[6]   ;
; -0.500 ; 0.500        ; 1.000          ; Low Pulse Width  ; CLOCK_50 ; Fall       ; q_hex[6]   ;
; -0.500 ; 0.500        ; 1.000          ; High Pulse Width ; CLOCK_50 ; Fall       ; q_hex[7]   ;
; -0.500 ; 0.500        ; 1.000          ; Low Pulse Width  ; CLOCK_50 ; Fall       ; q_hex[7]   ;
; -0.500 ; 0.500        ; 1.000          ; High Pulse Width ; CLOCK_50 ; Fall       ; q_hex[8]   ;
; -0.500 ; 0.500        ; 1.000          ; Low Pulse Width  ; CLOCK_50 ; Fall       ; q_hex[8]   ;
; -0.500 ; 0.500        ; 1.000          ; High Pulse Width ; CLOCK_50 ; Fall       ; q_hex[9]   ;
; -0.500 ; 0.500        ; 1.000          ; Low Pulse Width  ; CLOCK_50 ; Fall       ; q_hex[9]   ;
; -0.500 ; 0.500        ; 1.000          ; High Pulse Width ; CLOCK_50 ; Fall       ; q_ledg[10] ;
; -0.500 ; 0.500        ; 1.000          ; Low Pulse Width  ; CLOCK_50 ; Fall       ; q_ledg[10] ;
; -0.500 ; 0.500        ; 1.000          ; High Pulse Width ; CLOCK_50 ; Fall       ; q_ledg[11] ;
; -0.500 ; 0.500        ; 1.000          ; Low Pulse Width  ; CLOCK_50 ; Fall       ; q_ledg[11] ;
; -0.500 ; 0.500        ; 1.000          ; High Pulse Width ; CLOCK_50 ; Fall       ; q_ledg[12] ;
; -0.500 ; 0.500        ; 1.000          ; Low Pulse Width  ; CLOCK_50 ; Fall       ; q_ledg[12] ;
; -0.500 ; 0.500        ; 1.000          ; High Pulse Width ; CLOCK_50 ; Fall       ; q_ledg[13] ;
; -0.500 ; 0.500        ; 1.000          ; Low Pulse Width  ; CLOCK_50 ; Fall       ; q_ledg[13] ;
; -0.500 ; 0.500        ; 1.000          ; High Pulse Width ; CLOCK_50 ; Fall       ; q_ledg[14] ;
; -0.500 ; 0.500        ; 1.000          ; Low Pulse Width  ; CLOCK_50 ; Fall       ; q_ledg[14] ;
; -0.500 ; 0.500        ; 1.000          ; High Pulse Width ; CLOCK_50 ; Fall       ; q_ledg[15] ;
; -0.500 ; 0.500        ; 1.000          ; Low Pulse Width  ; CLOCK_50 ; Fall       ; q_ledg[15] ;
; -0.500 ; 0.500        ; 1.000          ; High Pulse Width ; CLOCK_50 ; Fall       ; q_ledg[16] ;
; -0.500 ; 0.500        ; 1.000          ; Low Pulse Width  ; CLOCK_50 ; Fall       ; q_ledg[16] ;
; -0.500 ; 0.500        ; 1.000          ; High Pulse Width ; CLOCK_50 ; Fall       ; q_ledg[17] ;
; -0.500 ; 0.500        ; 1.000          ; Low Pulse Width  ; CLOCK_50 ; Fall       ; q_ledg[17] ;
; -0.500 ; 0.500        ; 1.000          ; High Pulse Width ; CLOCK_50 ; Fall       ; q_ledg[18] ;
; -0.500 ; 0.500        ; 1.000          ; Low Pulse Width  ; CLOCK_50 ; Fall       ; q_ledg[18] ;
; -0.500 ; 0.500        ; 1.000          ; High Pulse Width ; CLOCK_50 ; Fall       ; q_ledg[19] ;
; -0.500 ; 0.500        ; 1.000          ; Low Pulse Width  ; CLOCK_50 ; Fall       ; q_ledg[19] ;
; -0.500 ; 0.500        ; 1.000          ; High Pulse Width ; CLOCK_50 ; Fall       ; q_ledg[20] ;
; -0.500 ; 0.500        ; 1.000          ; Low Pulse Width  ; CLOCK_50 ; Fall       ; q_ledg[20] ;
; -0.500 ; 0.500        ; 1.000          ; High Pulse Width ; CLOCK_50 ; Fall       ; q_ledg[21] ;
; -0.500 ; 0.500        ; 1.000          ; Low Pulse Width  ; CLOCK_50 ; Fall       ; q_ledg[21] ;
; -0.500 ; 0.500        ; 1.000          ; High Pulse Width ; CLOCK_50 ; Fall       ; q_ledg[22] ;
; -0.500 ; 0.500        ; 1.000          ; Low Pulse Width  ; CLOCK_50 ; Fall       ; q_ledg[22] ;
; -0.500 ; 0.500        ; 1.000          ; High Pulse Width ; CLOCK_50 ; Fall       ; q_ledg[23] ;
; -0.500 ; 0.500        ; 1.000          ; Low Pulse Width  ; CLOCK_50 ; Fall       ; q_ledg[23] ;
; -0.500 ; 0.500        ; 1.000          ; High Pulse Width ; CLOCK_50 ; Fall       ; q_ledg[24] ;
+--------+--------------+----------------+------------------+----------+------------+------------+


+-------------------------------------------------------------------------------------------------------------------+
; Fast Model Minimum Pulse Width: 'clock_10hz'                                                                      ;
+--------+--------------+----------------+------------------+------------+------------+-----------------------------+
; Slack  ; Actual Width ; Required Width ; Type             ; Clock      ; Clock Edge ; Target                      ;
+--------+--------------+----------------+------------------+------------+------------+-----------------------------+
; -0.500 ; 0.500        ; 1.000          ; High Pulse Width ; clock_10hz ; Fall       ; LEDR[0]~reg0                ;
; -0.500 ; 0.500        ; 1.000          ; Low Pulse Width  ; clock_10hz ; Fall       ; LEDR[0]~reg0                ;
; -0.500 ; 0.500        ; 1.000          ; High Pulse Width ; clock_10hz ; Fall       ; LEDR[10]~reg0               ;
; -0.500 ; 0.500        ; 1.000          ; Low Pulse Width  ; clock_10hz ; Fall       ; LEDR[10]~reg0               ;
; -0.500 ; 0.500        ; 1.000          ; High Pulse Width ; clock_10hz ; Fall       ; LEDR[11]~reg0               ;
; -0.500 ; 0.500        ; 1.000          ; Low Pulse Width  ; clock_10hz ; Fall       ; LEDR[11]~reg0               ;
; -0.500 ; 0.500        ; 1.000          ; High Pulse Width ; clock_10hz ; Fall       ; LEDR[12]~reg0               ;
; -0.500 ; 0.500        ; 1.000          ; Low Pulse Width  ; clock_10hz ; Fall       ; LEDR[12]~reg0               ;
; -0.500 ; 0.500        ; 1.000          ; High Pulse Width ; clock_10hz ; Fall       ; LEDR[13]~reg0               ;
; -0.500 ; 0.500        ; 1.000          ; Low Pulse Width  ; clock_10hz ; Fall       ; LEDR[13]~reg0               ;
; -0.500 ; 0.500        ; 1.000          ; High Pulse Width ; clock_10hz ; Fall       ; LEDR[14]~reg0               ;
; -0.500 ; 0.500        ; 1.000          ; Low Pulse Width  ; clock_10hz ; Fall       ; LEDR[14]~reg0               ;
; -0.500 ; 0.500        ; 1.000          ; High Pulse Width ; clock_10hz ; Fall       ; LEDR[15]~reg0               ;
; -0.500 ; 0.500        ; 1.000          ; Low Pulse Width  ; clock_10hz ; Fall       ; LEDR[15]~reg0               ;
; -0.500 ; 0.500        ; 1.000          ; High Pulse Width ; clock_10hz ; Fall       ; LEDR[16]~reg0               ;
; -0.500 ; 0.500        ; 1.000          ; Low Pulse Width  ; clock_10hz ; Fall       ; LEDR[16]~reg0               ;
; -0.500 ; 0.500        ; 1.000          ; High Pulse Width ; clock_10hz ; Fall       ; LEDR[17]~reg0               ;
; -0.500 ; 0.500        ; 1.000          ; Low Pulse Width  ; clock_10hz ; Fall       ; LEDR[17]~reg0               ;
; -0.500 ; 0.500        ; 1.000          ; High Pulse Width ; clock_10hz ; Fall       ; LEDR[1]~reg0                ;
; -0.500 ; 0.500        ; 1.000          ; Low Pulse Width  ; clock_10hz ; Fall       ; LEDR[1]~reg0                ;
; -0.500 ; 0.500        ; 1.000          ; High Pulse Width ; clock_10hz ; Fall       ; LEDR[2]~reg0                ;
; -0.500 ; 0.500        ; 1.000          ; Low Pulse Width  ; clock_10hz ; Fall       ; LEDR[2]~reg0                ;
; -0.500 ; 0.500        ; 1.000          ; High Pulse Width ; clock_10hz ; Fall       ; LEDR[3]~reg0                ;
; -0.500 ; 0.500        ; 1.000          ; Low Pulse Width  ; clock_10hz ; Fall       ; LEDR[3]~reg0                ;
; -0.500 ; 0.500        ; 1.000          ; High Pulse Width ; clock_10hz ; Fall       ; LEDR[4]~reg0                ;
; -0.500 ; 0.500        ; 1.000          ; Low Pulse Width  ; clock_10hz ; Fall       ; LEDR[4]~reg0                ;
; -0.500 ; 0.500        ; 1.000          ; High Pulse Width ; clock_10hz ; Fall       ; LEDR[5]~reg0                ;
; -0.500 ; 0.500        ; 1.000          ; Low Pulse Width  ; clock_10hz ; Fall       ; LEDR[5]~reg0                ;
; -0.500 ; 0.500        ; 1.000          ; High Pulse Width ; clock_10hz ; Fall       ; LEDR[6]~reg0                ;
; -0.500 ; 0.500        ; 1.000          ; Low Pulse Width  ; clock_10hz ; Fall       ; LEDR[6]~reg0                ;
; -0.500 ; 0.500        ; 1.000          ; High Pulse Width ; clock_10hz ; Fall       ; LEDR[7]~reg0                ;
; -0.500 ; 0.500        ; 1.000          ; Low Pulse Width  ; clock_10hz ; Fall       ; LEDR[7]~reg0                ;
; -0.500 ; 0.500        ; 1.000          ; High Pulse Width ; clock_10hz ; Fall       ; LEDR[8]~reg0                ;
; -0.500 ; 0.500        ; 1.000          ; Low Pulse Width  ; clock_10hz ; Fall       ; LEDR[8]~reg0                ;
; -0.500 ; 0.500        ; 1.000          ; High Pulse Width ; clock_10hz ; Fall       ; LEDR[9]~reg0                ;
; -0.500 ; 0.500        ; 1.000          ; Low Pulse Width  ; clock_10hz ; Fall       ; LEDR[9]~reg0                ;
; -0.500 ; 0.500        ; 1.000          ; High Pulse Width ; clock_10hz ; Fall       ; state_ledr.ledr_s0          ;
; -0.500 ; 0.500        ; 1.000          ; Low Pulse Width  ; clock_10hz ; Fall       ; state_ledr.ledr_s0          ;
; -0.500 ; 0.500        ; 1.000          ; High Pulse Width ; clock_10hz ; Fall       ; state_ledr.ledr_s1          ;
; -0.500 ; 0.500        ; 1.000          ; Low Pulse Width  ; clock_10hz ; Fall       ; state_ledr.ledr_s1          ;
; -0.500 ; 0.500        ; 1.000          ; High Pulse Width ; clock_10hz ; Fall       ; state_ledr.ledr_s2          ;
; -0.500 ; 0.500        ; 1.000          ; Low Pulse Width  ; clock_10hz ; Fall       ; state_ledr.ledr_s2          ;
; -0.500 ; 0.500        ; 1.000          ; High Pulse Width ; clock_10hz ; Fall       ; state_ledr.ledr_s3          ;
; -0.500 ; 0.500        ; 1.000          ; Low Pulse Width  ; clock_10hz ; Fall       ; state_ledr.ledr_s3          ;
; -0.500 ; 0.500        ; 1.000          ; High Pulse Width ; clock_10hz ; Fall       ; step_ledr[0]                ;
; -0.500 ; 0.500        ; 1.000          ; Low Pulse Width  ; clock_10hz ; Fall       ; step_ledr[0]                ;
; -0.500 ; 0.500        ; 1.000          ; High Pulse Width ; clock_10hz ; Fall       ; step_ledr[1]                ;
; -0.500 ; 0.500        ; 1.000          ; Low Pulse Width  ; clock_10hz ; Fall       ; step_ledr[1]                ;
; -0.500 ; 0.500        ; 1.000          ; High Pulse Width ; clock_10hz ; Fall       ; step_ledr[2]                ;
; -0.500 ; 0.500        ; 1.000          ; Low Pulse Width  ; clock_10hz ; Fall       ; step_ledr[2]                ;
; -0.500 ; 0.500        ; 1.000          ; High Pulse Width ; clock_10hz ; Fall       ; step_ledr[3]                ;
; -0.500 ; 0.500        ; 1.000          ; Low Pulse Width  ; clock_10hz ; Fall       ; step_ledr[3]                ;
; -0.500 ; 0.500        ; 1.000          ; High Pulse Width ; clock_10hz ; Fall       ; step_ledr[4]                ;
; -0.500 ; 0.500        ; 1.000          ; Low Pulse Width  ; clock_10hz ; Fall       ; step_ledr[4]                ;
; 0.500  ; 0.500        ; 0.000          ; High Pulse Width ; clock_10hz ; Rise       ; LEDR[0]~reg0|clk            ;
; 0.500  ; 0.500        ; 0.000          ; Low Pulse Width  ; clock_10hz ; Rise       ; LEDR[0]~reg0|clk            ;
; 0.500  ; 0.500        ; 0.000          ; High Pulse Width ; clock_10hz ; Rise       ; LEDR[10]~reg0|clk           ;
; 0.500  ; 0.500        ; 0.000          ; Low Pulse Width  ; clock_10hz ; Rise       ; LEDR[10]~reg0|clk           ;
; 0.500  ; 0.500        ; 0.000          ; High Pulse Width ; clock_10hz ; Rise       ; LEDR[11]~reg0|clk           ;
; 0.500  ; 0.500        ; 0.000          ; Low Pulse Width  ; clock_10hz ; Rise       ; LEDR[11]~reg0|clk           ;
; 0.500  ; 0.500        ; 0.000          ; High Pulse Width ; clock_10hz ; Rise       ; LEDR[12]~reg0|clk           ;
; 0.500  ; 0.500        ; 0.000          ; Low Pulse Width  ; clock_10hz ; Rise       ; LEDR[12]~reg0|clk           ;
; 0.500  ; 0.500        ; 0.000          ; High Pulse Width ; clock_10hz ; Rise       ; LEDR[13]~reg0|clk           ;
; 0.500  ; 0.500        ; 0.000          ; Low Pulse Width  ; clock_10hz ; Rise       ; LEDR[13]~reg0|clk           ;
; 0.500  ; 0.500        ; 0.000          ; High Pulse Width ; clock_10hz ; Rise       ; LEDR[14]~reg0|clk           ;
; 0.500  ; 0.500        ; 0.000          ; Low Pulse Width  ; clock_10hz ; Rise       ; LEDR[14]~reg0|clk           ;
; 0.500  ; 0.500        ; 0.000          ; High Pulse Width ; clock_10hz ; Rise       ; LEDR[15]~reg0|clk           ;
; 0.500  ; 0.500        ; 0.000          ; Low Pulse Width  ; clock_10hz ; Rise       ; LEDR[15]~reg0|clk           ;
; 0.500  ; 0.500        ; 0.000          ; High Pulse Width ; clock_10hz ; Rise       ; LEDR[16]~reg0|clk           ;
; 0.500  ; 0.500        ; 0.000          ; Low Pulse Width  ; clock_10hz ; Rise       ; LEDR[16]~reg0|clk           ;
; 0.500  ; 0.500        ; 0.000          ; High Pulse Width ; clock_10hz ; Rise       ; LEDR[17]~reg0|clk           ;
; 0.500  ; 0.500        ; 0.000          ; Low Pulse Width  ; clock_10hz ; Rise       ; LEDR[17]~reg0|clk           ;
; 0.500  ; 0.500        ; 0.000          ; High Pulse Width ; clock_10hz ; Rise       ; LEDR[1]~reg0|clk            ;
; 0.500  ; 0.500        ; 0.000          ; Low Pulse Width  ; clock_10hz ; Rise       ; LEDR[1]~reg0|clk            ;
; 0.500  ; 0.500        ; 0.000          ; High Pulse Width ; clock_10hz ; Rise       ; LEDR[2]~reg0|clk            ;
; 0.500  ; 0.500        ; 0.000          ; Low Pulse Width  ; clock_10hz ; Rise       ; LEDR[2]~reg0|clk            ;
; 0.500  ; 0.500        ; 0.000          ; High Pulse Width ; clock_10hz ; Rise       ; LEDR[3]~reg0|clk            ;
; 0.500  ; 0.500        ; 0.000          ; Low Pulse Width  ; clock_10hz ; Rise       ; LEDR[3]~reg0|clk            ;
; 0.500  ; 0.500        ; 0.000          ; High Pulse Width ; clock_10hz ; Rise       ; LEDR[4]~reg0|clk            ;
; 0.500  ; 0.500        ; 0.000          ; Low Pulse Width  ; clock_10hz ; Rise       ; LEDR[4]~reg0|clk            ;
; 0.500  ; 0.500        ; 0.000          ; High Pulse Width ; clock_10hz ; Rise       ; LEDR[5]~reg0|clk            ;
; 0.500  ; 0.500        ; 0.000          ; Low Pulse Width  ; clock_10hz ; Rise       ; LEDR[5]~reg0|clk            ;
; 0.500  ; 0.500        ; 0.000          ; High Pulse Width ; clock_10hz ; Rise       ; LEDR[6]~reg0|clk            ;
; 0.500  ; 0.500        ; 0.000          ; Low Pulse Width  ; clock_10hz ; Rise       ; LEDR[6]~reg0|clk            ;
; 0.500  ; 0.500        ; 0.000          ; High Pulse Width ; clock_10hz ; Rise       ; LEDR[7]~reg0|clk            ;
; 0.500  ; 0.500        ; 0.000          ; Low Pulse Width  ; clock_10hz ; Rise       ; LEDR[7]~reg0|clk            ;
; 0.500  ; 0.500        ; 0.000          ; High Pulse Width ; clock_10hz ; Rise       ; LEDR[8]~reg0|clk            ;
; 0.500  ; 0.500        ; 0.000          ; Low Pulse Width  ; clock_10hz ; Rise       ; LEDR[8]~reg0|clk            ;
; 0.500  ; 0.500        ; 0.000          ; High Pulse Width ; clock_10hz ; Rise       ; LEDR[9]~reg0|clk            ;
; 0.500  ; 0.500        ; 0.000          ; Low Pulse Width  ; clock_10hz ; Rise       ; LEDR[9]~reg0|clk            ;
; 0.500  ; 0.500        ; 0.000          ; High Pulse Width ; clock_10hz ; Rise       ; clock_10hz|regout           ;
; 0.500  ; 0.500        ; 0.000          ; Low Pulse Width  ; clock_10hz ; Rise       ; clock_10hz|regout           ;
; 0.500  ; 0.500        ; 0.000          ; High Pulse Width ; clock_10hz ; Rise       ; clock_10hz~clkctrl|inclk[0] ;
; 0.500  ; 0.500        ; 0.000          ; Low Pulse Width  ; clock_10hz ; Rise       ; clock_10hz~clkctrl|inclk[0] ;
; 0.500  ; 0.500        ; 0.000          ; High Pulse Width ; clock_10hz ; Rise       ; clock_10hz~clkctrl|outclk   ;
; 0.500  ; 0.500        ; 0.000          ; Low Pulse Width  ; clock_10hz ; Rise       ; clock_10hz~clkctrl|outclk   ;
; 0.500  ; 0.500        ; 0.000          ; High Pulse Width ; clock_10hz ; Rise       ; state_ledr.ledr_s0|clk      ;
; 0.500  ; 0.500        ; 0.000          ; Low Pulse Width  ; clock_10hz ; Rise       ; state_ledr.ledr_s0|clk      ;
; 0.500  ; 0.500        ; 0.000          ; High Pulse Width ; clock_10hz ; Rise       ; state_ledr.ledr_s1|clk      ;
; 0.500  ; 0.500        ; 0.000          ; Low Pulse Width  ; clock_10hz ; Rise       ; state_ledr.ledr_s1|clk      ;
+--------+--------------+----------------+------------------+------------+------------+-----------------------------+


+-----------------------------------------------------------------------------------------------------------------+
; Fast Model Minimum Pulse Width: 'clock_2hz'                                                                     ;
+--------+--------------+----------------+------------------+-----------+------------+----------------------------+
; Slack  ; Actual Width ; Required Width ; Type             ; Clock     ; Clock Edge ; Target                     ;
+--------+--------------+----------------+------------------+-----------+------------+----------------------------+
; -0.500 ; 0.500        ; 1.000          ; High Pulse Width ; clock_2hz ; Fall       ; state_hex.hex_s0           ;
; -0.500 ; 0.500        ; 1.000          ; Low Pulse Width  ; clock_2hz ; Fall       ; state_hex.hex_s0           ;
; -0.500 ; 0.500        ; 1.000          ; High Pulse Width ; clock_2hz ; Fall       ; state_hex.hex_s1           ;
; -0.500 ; 0.500        ; 1.000          ; Low Pulse Width  ; clock_2hz ; Fall       ; state_hex.hex_s1           ;
; -0.500 ; 0.500        ; 1.000          ; High Pulse Width ; clock_2hz ; Fall       ; state_hex.hex_s2           ;
; -0.500 ; 0.500        ; 1.000          ; Low Pulse Width  ; clock_2hz ; Fall       ; state_hex.hex_s2           ;
; 0.500  ; 0.500        ; 0.000          ; High Pulse Width ; clock_2hz ; Rise       ; clock_2hz|regout           ;
; 0.500  ; 0.500        ; 0.000          ; Low Pulse Width  ; clock_2hz ; Rise       ; clock_2hz|regout           ;
; 0.500  ; 0.500        ; 0.000          ; High Pulse Width ; clock_2hz ; Rise       ; clock_2hz~clkctrl|inclk[0] ;
; 0.500  ; 0.500        ; 0.000          ; Low Pulse Width  ; clock_2hz ; Rise       ; clock_2hz~clkctrl|inclk[0] ;
; 0.500  ; 0.500        ; 0.000          ; High Pulse Width ; clock_2hz ; Rise       ; clock_2hz~clkctrl|outclk   ;
; 0.500  ; 0.500        ; 0.000          ; Low Pulse Width  ; clock_2hz ; Rise       ; clock_2hz~clkctrl|outclk   ;
; 0.500  ; 0.500        ; 0.000          ; High Pulse Width ; clock_2hz ; Rise       ; state_hex.hex_s0|clk       ;
; 0.500  ; 0.500        ; 0.000          ; Low Pulse Width  ; clock_2hz ; Rise       ; state_hex.hex_s0|clk       ;
; 0.500  ; 0.500        ; 0.000          ; High Pulse Width ; clock_2hz ; Rise       ; state_hex.hex_s1|clk       ;
; 0.500  ; 0.500        ; 0.000          ; Low Pulse Width  ; clock_2hz ; Rise       ; state_hex.hex_s1|clk       ;
; 0.500  ; 0.500        ; 0.000          ; High Pulse Width ; clock_2hz ; Rise       ; state_hex.hex_s2|clk       ;
; 0.500  ; 0.500        ; 0.000          ; Low Pulse Width  ; clock_2hz ; Rise       ; state_hex.hex_s2|clk       ;
+--------+--------------+----------------+------------------+-----------+------------+----------------------------+


+-----------------------------------------------------------------------------------------------------------------+
; Fast Model Minimum Pulse Width: 'clock_4hz'                                                                     ;
+--------+--------------+----------------+------------------+-----------+------------+----------------------------+
; Slack  ; Actual Width ; Required Width ; Type             ; Clock     ; Clock Edge ; Target                     ;
+--------+--------------+----------------+------------------+-----------+------------+----------------------------+
; -0.500 ; 0.500        ; 1.000          ; High Pulse Width ; clock_4hz ; Fall       ; state_ledg.ledg_s0         ;
; -0.500 ; 0.500        ; 1.000          ; Low Pulse Width  ; clock_4hz ; Fall       ; state_ledg.ledg_s0         ;
; -0.500 ; 0.500        ; 1.000          ; High Pulse Width ; clock_4hz ; Fall       ; state_ledg.ledg_s1         ;
; -0.500 ; 0.500        ; 1.000          ; Low Pulse Width  ; clock_4hz ; Fall       ; state_ledg.ledg_s1         ;
; -0.500 ; 0.500        ; 1.000          ; High Pulse Width ; clock_4hz ; Fall       ; state_ledg.ledg_s2         ;
; -0.500 ; 0.500        ; 1.000          ; Low Pulse Width  ; clock_4hz ; Fall       ; state_ledg.ledg_s2         ;
; 0.500  ; 0.500        ; 0.000          ; High Pulse Width ; clock_4hz ; Rise       ; clock_4hz|regout           ;
; 0.500  ; 0.500        ; 0.000          ; Low Pulse Width  ; clock_4hz ; Rise       ; clock_4hz|regout           ;
; 0.500  ; 0.500        ; 0.000          ; High Pulse Width ; clock_4hz ; Rise       ; clock_4hz~clkctrl|inclk[0] ;
; 0.500  ; 0.500        ; 0.000          ; Low Pulse Width  ; clock_4hz ; Rise       ; clock_4hz~clkctrl|inclk[0] ;
; 0.500  ; 0.500        ; 0.000          ; High Pulse Width ; clock_4hz ; Rise       ; clock_4hz~clkctrl|outclk   ;
; 0.500  ; 0.500        ; 0.000          ; Low Pulse Width  ; clock_4hz ; Rise       ; clock_4hz~clkctrl|outclk   ;
; 0.500  ; 0.500        ; 0.000          ; High Pulse Width ; clock_4hz ; Rise       ; state_ledg.ledg_s0|clk     ;
; 0.500  ; 0.500        ; 0.000          ; Low Pulse Width  ; clock_4hz ; Rise       ; state_ledg.ledg_s0|clk     ;
; 0.500  ; 0.500        ; 0.000          ; High Pulse Width ; clock_4hz ; Rise       ; state_ledg.ledg_s1|clk     ;
; 0.500  ; 0.500        ; 0.000          ; Low Pulse Width  ; clock_4hz ; Rise       ; state_ledg.ledg_s1|clk     ;
; 0.500  ; 0.500        ; 0.000          ; High Pulse Width ; clock_4hz ; Rise       ; state_ledg.ledg_s2|clk     ;
; 0.500  ; 0.500        ; 0.000          ; Low Pulse Width  ; clock_4hz ; Rise       ; state_ledg.ledg_s2|clk     ;
+--------+--------------+----------------+------------------+-----------+------------+----------------------------+


+-----------------------------------------------------------------------+
; Setup Times                                                           ;
+-----------+------------+-------+-------+------------+-----------------+
; Data Port ; Clock Port ; Rise  ; Fall  ; Clock Edge ; Clock Reference ;
+-----------+------------+-------+-------+------------+-----------------+
; SW[*]     ; clock_10hz ; 0.026 ; 0.026 ; Fall       ; clock_10hz      ;
;  SW[1]    ; clock_10hz ; 0.026 ; 0.026 ; Fall       ; clock_10hz      ;
; SW[*]     ; clock_2hz  ; 0.395 ; 0.395 ; Fall       ; clock_2hz       ;
;  SW[1]    ; clock_2hz  ; 0.395 ; 0.395 ; Fall       ; clock_2hz       ;
; SW[*]     ; clock_4hz  ; 0.215 ; 0.215 ; Fall       ; clock_4hz       ;
;  SW[1]    ; clock_4hz  ; 0.215 ; 0.215 ; Fall       ; clock_4hz       ;
+-----------+------------+-------+-------+------------+-----------------+


+-------------------------------------------------------------------------+
; Hold Times                                                              ;
+-----------+------------+--------+--------+------------+-----------------+
; Data Port ; Clock Port ; Rise   ; Fall   ; Clock Edge ; Clock Reference ;
+-----------+------------+--------+--------+------------+-----------------+
; SW[*]     ; clock_10hz ; 0.234  ; 0.234  ; Fall       ; clock_10hz      ;
;  SW[1]    ; clock_10hz ; 0.234  ; 0.234  ; Fall       ; clock_10hz      ;
; SW[*]     ; clock_2hz  ; -0.271 ; -0.271 ; Fall       ; clock_2hz       ;
;  SW[1]    ; clock_2hz  ; -0.271 ; -0.271 ; Fall       ; clock_2hz       ;
; SW[*]     ; clock_4hz  ; -0.092 ; -0.092 ; Fall       ; clock_4hz       ;
;  SW[1]    ; clock_4hz  ; -0.092 ; -0.092 ; Fall       ; clock_4hz       ;
+-----------+------------+--------+--------+------------+-----------------+


+-----------------------------------------------------------------------+
; Clock to Output Times                                                 ;
+-----------+------------+-------+-------+------------+-----------------+
; Data Port ; Clock Port ; Rise  ; Fall  ; Clock Edge ; Clock Reference ;
+-----------+------------+-------+-------+------------+-----------------+
; LEDR[*]   ; clock_10hz ; 4.389 ; 4.389 ; Fall       ; clock_10hz      ;
;  LEDR[0]  ; clock_10hz ; 4.389 ; 4.389 ; Fall       ; clock_10hz      ;
;  LEDR[1]  ; clock_10hz ; 4.359 ; 4.359 ; Fall       ; clock_10hz      ;
;  LEDR[2]  ; clock_10hz ; 4.351 ; 4.351 ; Fall       ; clock_10hz      ;
;  LEDR[3]  ; clock_10hz ; 4.369 ; 4.369 ; Fall       ; clock_10hz      ;
;  LEDR[4]  ; clock_10hz ; 4.373 ; 4.373 ; Fall       ; clock_10hz      ;
;  LEDR[5]  ; clock_10hz ; 4.380 ; 4.380 ; Fall       ; clock_10hz      ;
;  LEDR[6]  ; clock_10hz ; 4.361 ; 4.361 ; Fall       ; clock_10hz      ;
;  LEDR[7]  ; clock_10hz ; 4.374 ; 4.374 ; Fall       ; clock_10hz      ;
;  LEDR[8]  ; clock_10hz ; 4.065 ; 4.065 ; Fall       ; clock_10hz      ;
;  LEDR[9]  ; clock_10hz ; 4.037 ; 4.037 ; Fall       ; clock_10hz      ;
;  LEDR[10] ; clock_10hz ; 4.035 ; 4.035 ; Fall       ; clock_10hz      ;
;  LEDR[11] ; clock_10hz ; 4.038 ; 4.038 ; Fall       ; clock_10hz      ;
;  LEDR[12] ; clock_10hz ; 4.050 ; 4.050 ; Fall       ; clock_10hz      ;
;  LEDR[13] ; clock_10hz ; 4.171 ; 4.171 ; Fall       ; clock_10hz      ;
;  LEDR[14] ; clock_10hz ; 4.231 ; 4.231 ; Fall       ; clock_10hz      ;
;  LEDR[15] ; clock_10hz ; 4.263 ; 4.263 ; Fall       ; clock_10hz      ;
;  LEDR[16] ; clock_10hz ; 4.168 ; 4.168 ; Fall       ; clock_10hz      ;
;  LEDR[17] ; clock_10hz ; 4.167 ; 4.167 ; Fall       ; clock_10hz      ;
; HEX0[*]   ; clock_2hz  ; 4.612 ; 4.612 ; Fall       ; clock_2hz       ;
;  HEX0[1]  ; clock_2hz  ; 4.602 ; 4.602 ; Fall       ; clock_2hz       ;
;  HEX0[2]  ; clock_2hz  ; 4.612 ; 4.612 ; Fall       ; clock_2hz       ;
; HEX1[*]   ; clock_2hz  ; 4.604 ; 4.604 ; Fall       ; clock_2hz       ;
;  HEX1[0]  ; clock_2hz  ; 4.604 ; 4.604 ; Fall       ; clock_2hz       ;
;  HEX1[3]  ; clock_2hz  ; 4.462 ; 4.462 ; Fall       ; clock_2hz       ;
;  HEX1[4]  ; clock_2hz  ; 4.482 ; 4.482 ; Fall       ; clock_2hz       ;
;  HEX1[5]  ; clock_2hz  ; 4.345 ; 4.345 ; Fall       ; clock_2hz       ;
;  HEX1[6]  ; clock_2hz  ; 4.365 ; 4.365 ; Fall       ; clock_2hz       ;
; HEX2[*]   ; clock_2hz  ; 4.378 ; 4.378 ; Fall       ; clock_2hz       ;
;  HEX2[1]  ; clock_2hz  ; 4.328 ; 4.328 ; Fall       ; clock_2hz       ;
;  HEX2[2]  ; clock_2hz  ; 4.368 ; 4.368 ; Fall       ; clock_2hz       ;
;  HEX2[3]  ; clock_2hz  ; 4.378 ; 4.378 ; Fall       ; clock_2hz       ;
;  HEX2[5]  ; clock_2hz  ; 4.347 ; 4.347 ; Fall       ; clock_2hz       ;
;  HEX2[6]  ; clock_2hz  ; 4.337 ; 4.337 ; Fall       ; clock_2hz       ;
; HEX3[*]   ; clock_2hz  ; 4.332 ; 4.332 ; Fall       ; clock_2hz       ;
;  HEX3[2]  ; clock_2hz  ; 4.332 ; 4.332 ; Fall       ; clock_2hz       ;
;  HEX3[3]  ; clock_2hz  ; 4.332 ; 4.332 ; Fall       ; clock_2hz       ;
;  HEX3[4]  ; clock_2hz  ; 4.332 ; 4.332 ; Fall       ; clock_2hz       ;
;  HEX3[5]  ; clock_2hz  ; 4.086 ; 4.086 ; Fall       ; clock_2hz       ;
;  HEX3[6]  ; clock_2hz  ; 4.096 ; 4.096 ; Fall       ; clock_2hz       ;
; HEX4[*]   ; clock_2hz  ; 5.457 ; 5.457 ; Fall       ; clock_2hz       ;
;  HEX4[1]  ; clock_2hz  ; 5.457 ; 5.457 ; Fall       ; clock_2hz       ;
;  HEX4[2]  ; clock_2hz  ; 5.457 ; 5.457 ; Fall       ; clock_2hz       ;
;  HEX4[3]  ; clock_2hz  ; 5.432 ; 5.432 ; Fall       ; clock_2hz       ;
;  HEX4[4]  ; clock_2hz  ; 5.452 ; 5.452 ; Fall       ; clock_2hz       ;
;  HEX4[6]  ; clock_2hz  ; 5.441 ; 5.441 ; Fall       ; clock_2hz       ;
; HEX5[*]   ; clock_2hz  ; 5.441 ; 5.441 ; Fall       ; clock_2hz       ;
;  HEX5[0]  ; clock_2hz  ; 5.441 ; 5.441 ; Fall       ; clock_2hz       ;
;  HEX5[1]  ; clock_2hz  ; 5.411 ; 5.411 ; Fall       ; clock_2hz       ;
;  HEX5[2]  ; clock_2hz  ; 5.411 ; 5.411 ; Fall       ; clock_2hz       ;
;  HEX5[3]  ; clock_2hz  ; 5.426 ; 5.426 ; Fall       ; clock_2hz       ;
;  HEX5[4]  ; clock_2hz  ; 5.406 ; 5.406 ; Fall       ; clock_2hz       ;
;  HEX5[5]  ; clock_2hz  ; 5.406 ; 5.406 ; Fall       ; clock_2hz       ;
; HEX6[*]   ; clock_2hz  ; 5.278 ; 5.278 ; Fall       ; clock_2hz       ;
;  HEX6[0]  ; clock_2hz  ; 5.278 ; 5.278 ; Fall       ; clock_2hz       ;
;  HEX6[1]  ; clock_2hz  ; 5.278 ; 5.278 ; Fall       ; clock_2hz       ;
;  HEX6[2]  ; clock_2hz  ; 5.278 ; 5.278 ; Fall       ; clock_2hz       ;
;  HEX6[3]  ; clock_2hz  ; 5.030 ; 5.030 ; Fall       ; clock_2hz       ;
;  HEX6[4]  ; clock_2hz  ; 5.030 ; 5.030 ; Fall       ; clock_2hz       ;
;  HEX6[5]  ; clock_2hz  ; 5.010 ; 5.010 ; Fall       ; clock_2hz       ;
; HEX7[*]   ; clock_2hz  ; 5.180 ; 5.180 ; Fall       ; clock_2hz       ;
;  HEX7[0]  ; clock_2hz  ; 5.168 ; 5.168 ; Fall       ; clock_2hz       ;
;  HEX7[2]  ; clock_2hz  ; 5.138 ; 5.138 ; Fall       ; clock_2hz       ;
;  HEX7[3]  ; clock_2hz  ; 5.138 ; 5.138 ; Fall       ; clock_2hz       ;
;  HEX7[4]  ; clock_2hz  ; 5.138 ; 5.138 ; Fall       ; clock_2hz       ;
;  HEX7[5]  ; clock_2hz  ; 5.180 ; 5.180 ; Fall       ; clock_2hz       ;
; LEDG[*]   ; clock_4hz  ; 4.027 ; 4.027 ; Fall       ; clock_4hz       ;
;  LEDG[0]  ; clock_4hz  ; 4.027 ; 4.027 ; Fall       ; clock_4hz       ;
;  LEDG[1]  ; clock_4hz  ; 4.027 ; 4.027 ; Fall       ; clock_4hz       ;
;  LEDG[2]  ; clock_4hz  ; 3.911 ; 3.911 ; Fall       ; clock_4hz       ;
;  LEDG[3]  ; clock_4hz  ; 3.911 ; 3.911 ; Fall       ; clock_4hz       ;
;  LEDG[4]  ; clock_4hz  ; 3.953 ; 3.953 ; Fall       ; clock_4hz       ;
;  LEDG[5]  ; clock_4hz  ; 3.943 ; 3.943 ; Fall       ; clock_4hz       ;
;  LEDG[6]  ; clock_4hz  ; 3.933 ; 3.933 ; Fall       ; clock_4hz       ;
;  LEDG[7]  ; clock_4hz  ; 3.883 ; 3.883 ; Fall       ; clock_4hz       ;
+-----------+------------+-------+-------+------------+-----------------+


+-----------------------------------------------------------------------+
; Minimum Clock to Output Times                                         ;
+-----------+------------+-------+-------+------------+-----------------+
; Data Port ; Clock Port ; Rise  ; Fall  ; Clock Edge ; Clock Reference ;
+-----------+------------+-------+-------+------------+-----------------+
; LEDR[*]   ; clock_10hz ; 4.035 ; 4.035 ; Fall       ; clock_10hz      ;
;  LEDR[0]  ; clock_10hz ; 4.389 ; 4.389 ; Fall       ; clock_10hz      ;
;  LEDR[1]  ; clock_10hz ; 4.359 ; 4.359 ; Fall       ; clock_10hz      ;
;  LEDR[2]  ; clock_10hz ; 4.351 ; 4.351 ; Fall       ; clock_10hz      ;
;  LEDR[3]  ; clock_10hz ; 4.369 ; 4.369 ; Fall       ; clock_10hz      ;
;  LEDR[4]  ; clock_10hz ; 4.373 ; 4.373 ; Fall       ; clock_10hz      ;
;  LEDR[5]  ; clock_10hz ; 4.380 ; 4.380 ; Fall       ; clock_10hz      ;
;  LEDR[6]  ; clock_10hz ; 4.361 ; 4.361 ; Fall       ; clock_10hz      ;
;  LEDR[7]  ; clock_10hz ; 4.374 ; 4.374 ; Fall       ; clock_10hz      ;
;  LEDR[8]  ; clock_10hz ; 4.065 ; 4.065 ; Fall       ; clock_10hz      ;
;  LEDR[9]  ; clock_10hz ; 4.037 ; 4.037 ; Fall       ; clock_10hz      ;
;  LEDR[10] ; clock_10hz ; 4.035 ; 4.035 ; Fall       ; clock_10hz      ;
;  LEDR[11] ; clock_10hz ; 4.038 ; 4.038 ; Fall       ; clock_10hz      ;
;  LEDR[12] ; clock_10hz ; 4.050 ; 4.050 ; Fall       ; clock_10hz      ;
;  LEDR[13] ; clock_10hz ; 4.171 ; 4.171 ; Fall       ; clock_10hz      ;
;  LEDR[14] ; clock_10hz ; 4.231 ; 4.231 ; Fall       ; clock_10hz      ;
;  LEDR[15] ; clock_10hz ; 4.263 ; 4.263 ; Fall       ; clock_10hz      ;
;  LEDR[16] ; clock_10hz ; 4.168 ; 4.168 ; Fall       ; clock_10hz      ;
;  LEDR[17] ; clock_10hz ; 4.167 ; 4.167 ; Fall       ; clock_10hz      ;
; HEX0[*]   ; clock_2hz  ; 4.602 ; 4.602 ; Fall       ; clock_2hz       ;
;  HEX0[1]  ; clock_2hz  ; 4.602 ; 4.602 ; Fall       ; clock_2hz       ;
;  HEX0[2]  ; clock_2hz  ; 4.612 ; 4.612 ; Fall       ; clock_2hz       ;
; HEX1[*]   ; clock_2hz  ; 4.345 ; 4.345 ; Fall       ; clock_2hz       ;
;  HEX1[0]  ; clock_2hz  ; 4.604 ; 4.604 ; Fall       ; clock_2hz       ;
;  HEX1[3]  ; clock_2hz  ; 4.462 ; 4.462 ; Fall       ; clock_2hz       ;
;  HEX1[4]  ; clock_2hz  ; 4.482 ; 4.482 ; Fall       ; clock_2hz       ;
;  HEX1[5]  ; clock_2hz  ; 4.345 ; 4.345 ; Fall       ; clock_2hz       ;
;  HEX1[6]  ; clock_2hz  ; 4.365 ; 4.365 ; Fall       ; clock_2hz       ;
; HEX2[*]   ; clock_2hz  ; 4.328 ; 4.328 ; Fall       ; clock_2hz       ;
;  HEX2[1]  ; clock_2hz  ; 4.328 ; 4.328 ; Fall       ; clock_2hz       ;
;  HEX2[2]  ; clock_2hz  ; 4.368 ; 4.368 ; Fall       ; clock_2hz       ;
;  HEX2[3]  ; clock_2hz  ; 4.378 ; 4.378 ; Fall       ; clock_2hz       ;
;  HEX2[5]  ; clock_2hz  ; 4.347 ; 4.347 ; Fall       ; clock_2hz       ;
;  HEX2[6]  ; clock_2hz  ; 4.337 ; 4.337 ; Fall       ; clock_2hz       ;
; HEX3[*]   ; clock_2hz  ; 4.086 ; 4.086 ; Fall       ; clock_2hz       ;
;  HEX3[2]  ; clock_2hz  ; 4.332 ; 4.332 ; Fall       ; clock_2hz       ;
;  HEX3[3]  ; clock_2hz  ; 4.332 ; 4.332 ; Fall       ; clock_2hz       ;
;  HEX3[4]  ; clock_2hz  ; 4.332 ; 4.332 ; Fall       ; clock_2hz       ;
;  HEX3[5]  ; clock_2hz  ; 4.086 ; 4.086 ; Fall       ; clock_2hz       ;
;  HEX3[6]  ; clock_2hz  ; 4.096 ; 4.096 ; Fall       ; clock_2hz       ;
; HEX4[*]   ; clock_2hz  ; 5.432 ; 5.432 ; Fall       ; clock_2hz       ;
;  HEX4[1]  ; clock_2hz  ; 5.457 ; 5.457 ; Fall       ; clock_2hz       ;
;  HEX4[2]  ; clock_2hz  ; 5.457 ; 5.457 ; Fall       ; clock_2hz       ;
;  HEX4[3]  ; clock_2hz  ; 5.432 ; 5.432 ; Fall       ; clock_2hz       ;
;  HEX4[4]  ; clock_2hz  ; 5.452 ; 5.452 ; Fall       ; clock_2hz       ;
;  HEX4[6]  ; clock_2hz  ; 5.441 ; 5.441 ; Fall       ; clock_2hz       ;
; HEX5[*]   ; clock_2hz  ; 5.406 ; 5.406 ; Fall       ; clock_2hz       ;
;  HEX5[0]  ; clock_2hz  ; 5.441 ; 5.441 ; Fall       ; clock_2hz       ;
;  HEX5[1]  ; clock_2hz  ; 5.411 ; 5.411 ; Fall       ; clock_2hz       ;
;  HEX5[2]  ; clock_2hz  ; 5.411 ; 5.411 ; Fall       ; clock_2hz       ;
;  HEX5[3]  ; clock_2hz  ; 5.426 ; 5.426 ; Fall       ; clock_2hz       ;
;  HEX5[4]  ; clock_2hz  ; 5.406 ; 5.406 ; Fall       ; clock_2hz       ;
;  HEX5[5]  ; clock_2hz  ; 5.406 ; 5.406 ; Fall       ; clock_2hz       ;
; HEX6[*]   ; clock_2hz  ; 5.010 ; 5.010 ; Fall       ; clock_2hz       ;
;  HEX6[0]  ; clock_2hz  ; 5.278 ; 5.278 ; Fall       ; clock_2hz       ;
;  HEX6[1]  ; clock_2hz  ; 5.278 ; 5.278 ; Fall       ; clock_2hz       ;
;  HEX6[2]  ; clock_2hz  ; 5.278 ; 5.278 ; Fall       ; clock_2hz       ;
;  HEX6[3]  ; clock_2hz  ; 5.030 ; 5.030 ; Fall       ; clock_2hz       ;
;  HEX6[4]  ; clock_2hz  ; 5.030 ; 5.030 ; Fall       ; clock_2hz       ;
;  HEX6[5]  ; clock_2hz  ; 5.010 ; 5.010 ; Fall       ; clock_2hz       ;
; HEX7[*]   ; clock_2hz  ; 5.138 ; 5.138 ; Fall       ; clock_2hz       ;
;  HEX7[0]  ; clock_2hz  ; 5.168 ; 5.168 ; Fall       ; clock_2hz       ;
;  HEX7[2]  ; clock_2hz  ; 5.138 ; 5.138 ; Fall       ; clock_2hz       ;
;  HEX7[3]  ; clock_2hz  ; 5.138 ; 5.138 ; Fall       ; clock_2hz       ;
;  HEX7[4]  ; clock_2hz  ; 5.138 ; 5.138 ; Fall       ; clock_2hz       ;
;  HEX7[5]  ; clock_2hz  ; 5.180 ; 5.180 ; Fall       ; clock_2hz       ;
; LEDG[*]   ; clock_4hz  ; 3.883 ; 3.883 ; Fall       ; clock_4hz       ;
;  LEDG[0]  ; clock_4hz  ; 4.027 ; 4.027 ; Fall       ; clock_4hz       ;
;  LEDG[1]  ; clock_4hz  ; 4.027 ; 4.027 ; Fall       ; clock_4hz       ;
;  LEDG[2]  ; clock_4hz  ; 3.911 ; 3.911 ; Fall       ; clock_4hz       ;
;  LEDG[3]  ; clock_4hz  ; 3.911 ; 3.911 ; Fall       ; clock_4hz       ;
;  LEDG[4]  ; clock_4hz  ; 3.953 ; 3.953 ; Fall       ; clock_4hz       ;
;  LEDG[5]  ; clock_4hz  ; 3.943 ; 3.943 ; Fall       ; clock_4hz       ;
;  LEDG[6]  ; clock_4hz  ; 3.933 ; 3.933 ; Fall       ; clock_4hz       ;
;  LEDG[7]  ; clock_4hz  ; 3.883 ; 3.883 ; Fall       ; clock_4hz       ;
+-----------+------------+-------+-------+------------+-----------------+


+---------------------------------------------------------------------------------+
; Multicorner Timing Analysis Summary                                             ;
+------------------+----------+--------+----------+---------+---------------------+
; Clock            ; Setup    ; Hold   ; Recovery ; Removal ; Minimum Pulse Width ;
+------------------+----------+--------+----------+---------+---------------------+
; Worst-case Slack ; -5.318   ; -2.534 ; N/A      ; N/A     ; -1.380              ;
;  CLOCK_50        ; -5.318   ; -2.534 ; N/A      ; N/A     ; -1.380              ;
;  clock_10hz      ; -1.381   ; 0.320  ; N/A      ; N/A     ; -0.500              ;
;  clock_2hz       ; 0.241    ; 0.237  ; N/A      ; N/A     ; -0.500              ;
;  clock_4hz       ; 0.233    ; 0.239  ; N/A      ; N/A     ; -0.500              ;
; Design-wide TNS  ; -323.09  ; -7.572 ; 0.0      ; 0.0     ; -124.38             ;
;  CLOCK_50        ; -290.273 ; -7.572 ; N/A      ; N/A     ; -91.380             ;
;  clock_10hz      ; -32.817  ; 0.000  ; N/A      ; N/A     ; -27.000             ;
;  clock_2hz       ; 0.000    ; 0.000  ; N/A      ; N/A     ; -3.000              ;
;  clock_4hz       ; 0.000    ; 0.000  ; N/A      ; N/A     ; -3.000              ;
+------------------+----------+--------+----------+---------+---------------------+


+-----------------------------------------------------------------------+
; Setup Times                                                           ;
+-----------+------------+-------+-------+------------+-----------------+
; Data Port ; Clock Port ; Rise  ; Fall  ; Clock Edge ; Clock Reference ;
+-----------+------------+-------+-------+------------+-----------------+
; SW[*]     ; clock_10hz ; 0.348 ; 0.348 ; Fall       ; clock_10hz      ;
;  SW[1]    ; clock_10hz ; 0.348 ; 0.348 ; Fall       ; clock_10hz      ;
; SW[*]     ; clock_2hz  ; 1.155 ; 1.155 ; Fall       ; clock_2hz       ;
;  SW[1]    ; clock_2hz  ; 1.155 ; 1.155 ; Fall       ; clock_2hz       ;
; SW[*]     ; clock_4hz  ; 0.825 ; 0.825 ; Fall       ; clock_4hz       ;
;  SW[1]    ; clock_4hz  ; 0.825 ; 0.825 ; Fall       ; clock_4hz       ;
+-----------+------------+-------+-------+------------+-----------------+


+-------------------------------------------------------------------------+
; Hold Times                                                              ;
+-----------+------------+--------+--------+------------+-----------------+
; Data Port ; Clock Port ; Rise   ; Fall   ; Clock Edge ; Clock Reference ;
+-----------+------------+--------+--------+------------+-----------------+
; SW[*]     ; clock_10hz ; 0.234  ; 0.234  ; Fall       ; clock_10hz      ;
;  SW[1]    ; clock_10hz ; 0.234  ; 0.234  ; Fall       ; clock_10hz      ;
; SW[*]     ; clock_2hz  ; -0.271 ; -0.271 ; Fall       ; clock_2hz       ;
;  SW[1]    ; clock_2hz  ; -0.271 ; -0.271 ; Fall       ; clock_2hz       ;
; SW[*]     ; clock_4hz  ; -0.092 ; -0.092 ; Fall       ; clock_4hz       ;
;  SW[1]    ; clock_4hz  ; -0.092 ; -0.092 ; Fall       ; clock_4hz       ;
+-----------+------------+--------+--------+------------+-----------------+


+-------------------------------------------------------------------------+
; Clock to Output Times                                                   ;
+-----------+------------+--------+--------+------------+-----------------+
; Data Port ; Clock Port ; Rise   ; Fall   ; Clock Edge ; Clock Reference ;
+-----------+------------+--------+--------+------------+-----------------+
; LEDR[*]   ; clock_10hz ; 8.089  ; 8.089  ; Fall       ; clock_10hz      ;
;  LEDR[0]  ; clock_10hz ; 8.089  ; 8.089  ; Fall       ; clock_10hz      ;
;  LEDR[1]  ; clock_10hz ; 7.991  ; 7.991  ; Fall       ; clock_10hz      ;
;  LEDR[2]  ; clock_10hz ; 8.045  ; 8.045  ; Fall       ; clock_10hz      ;
;  LEDR[3]  ; clock_10hz ; 8.078  ; 8.078  ; Fall       ; clock_10hz      ;
;  LEDR[4]  ; clock_10hz ; 8.072  ; 8.072  ; Fall       ; clock_10hz      ;
;  LEDR[5]  ; clock_10hz ; 8.082  ; 8.082  ; Fall       ; clock_10hz      ;
;  LEDR[6]  ; clock_10hz ; 8.011  ; 8.011  ; Fall       ; clock_10hz      ;
;  LEDR[7]  ; clock_10hz ; 8.082  ; 8.082  ; Fall       ; clock_10hz      ;
;  LEDR[8]  ; clock_10hz ; 7.406  ; 7.406  ; Fall       ; clock_10hz      ;
;  LEDR[9]  ; clock_10hz ; 7.357  ; 7.357  ; Fall       ; clock_10hz      ;
;  LEDR[10] ; clock_10hz ; 7.354  ; 7.354  ; Fall       ; clock_10hz      ;
;  LEDR[11] ; clock_10hz ; 7.361  ; 7.361  ; Fall       ; clock_10hz      ;
;  LEDR[12] ; clock_10hz ; 7.374  ; 7.374  ; Fall       ; clock_10hz      ;
;  LEDR[13] ; clock_10hz ; 7.585  ; 7.585  ; Fall       ; clock_10hz      ;
;  LEDR[14] ; clock_10hz ; 7.721  ; 7.721  ; Fall       ; clock_10hz      ;
;  LEDR[15] ; clock_10hz ; 7.729  ; 7.729  ; Fall       ; clock_10hz      ;
;  LEDR[16] ; clock_10hz ; 7.620  ; 7.620  ; Fall       ; clock_10hz      ;
;  LEDR[17] ; clock_10hz ; 7.618  ; 7.618  ; Fall       ; clock_10hz      ;
; HEX0[*]   ; clock_2hz  ; 8.598  ; 8.598  ; Fall       ; clock_2hz       ;
;  HEX0[1]  ; clock_2hz  ; 8.588  ; 8.588  ; Fall       ; clock_2hz       ;
;  HEX0[2]  ; clock_2hz  ; 8.598  ; 8.598  ; Fall       ; clock_2hz       ;
; HEX1[*]   ; clock_2hz  ; 8.441  ; 8.441  ; Fall       ; clock_2hz       ;
;  HEX1[0]  ; clock_2hz  ; 8.441  ; 8.441  ; Fall       ; clock_2hz       ;
;  HEX1[3]  ; clock_2hz  ; 8.260  ; 8.260  ; Fall       ; clock_2hz       ;
;  HEX1[4]  ; clock_2hz  ; 8.280  ; 8.280  ; Fall       ; clock_2hz       ;
;  HEX1[5]  ; clock_2hz  ; 7.987  ; 7.987  ; Fall       ; clock_2hz       ;
;  HEX1[6]  ; clock_2hz  ; 8.007  ; 8.007  ; Fall       ; clock_2hz       ;
; HEX2[*]   ; clock_2hz  ; 8.020  ; 8.020  ; Fall       ; clock_2hz       ;
;  HEX2[1]  ; clock_2hz  ; 7.970  ; 7.970  ; Fall       ; clock_2hz       ;
;  HEX2[2]  ; clock_2hz  ; 8.010  ; 8.010  ; Fall       ; clock_2hz       ;
;  HEX2[3]  ; clock_2hz  ; 8.020  ; 8.020  ; Fall       ; clock_2hz       ;
;  HEX2[5]  ; clock_2hz  ; 7.988  ; 7.988  ; Fall       ; clock_2hz       ;
;  HEX2[6]  ; clock_2hz  ; 7.978  ; 7.978  ; Fall       ; clock_2hz       ;
; HEX3[*]   ; clock_2hz  ; 7.971  ; 7.971  ; Fall       ; clock_2hz       ;
;  HEX3[2]  ; clock_2hz  ; 7.971  ; 7.971  ; Fall       ; clock_2hz       ;
;  HEX3[3]  ; clock_2hz  ; 7.971  ; 7.971  ; Fall       ; clock_2hz       ;
;  HEX3[4]  ; clock_2hz  ; 7.971  ; 7.971  ; Fall       ; clock_2hz       ;
;  HEX3[5]  ; clock_2hz  ; 7.446  ; 7.446  ; Fall       ; clock_2hz       ;
;  HEX3[6]  ; clock_2hz  ; 7.456  ; 7.456  ; Fall       ; clock_2hz       ;
; HEX4[*]   ; clock_2hz  ; 10.012 ; 10.012 ; Fall       ; clock_2hz       ;
;  HEX4[1]  ; clock_2hz  ; 10.012 ; 10.012 ; Fall       ; clock_2hz       ;
;  HEX4[2]  ; clock_2hz  ; 10.012 ; 10.012 ; Fall       ; clock_2hz       ;
;  HEX4[3]  ; clock_2hz  ; 9.986  ; 9.986  ; Fall       ; clock_2hz       ;
;  HEX4[4]  ; clock_2hz  ; 10.006 ; 10.006 ; Fall       ; clock_2hz       ;
;  HEX4[6]  ; clock_2hz  ; 9.995  ; 9.995  ; Fall       ; clock_2hz       ;
; HEX5[*]   ; clock_2hz  ; 9.995  ; 9.995  ; Fall       ; clock_2hz       ;
;  HEX5[0]  ; clock_2hz  ; 9.995  ; 9.995  ; Fall       ; clock_2hz       ;
;  HEX5[1]  ; clock_2hz  ; 9.965  ; 9.965  ; Fall       ; clock_2hz       ;
;  HEX5[2]  ; clock_2hz  ; 9.965  ; 9.965  ; Fall       ; clock_2hz       ;
;  HEX5[3]  ; clock_2hz  ; 9.978  ; 9.978  ; Fall       ; clock_2hz       ;
;  HEX5[4]  ; clock_2hz  ; 9.958  ; 9.958  ; Fall       ; clock_2hz       ;
;  HEX5[5]  ; clock_2hz  ; 9.958  ; 9.958  ; Fall       ; clock_2hz       ;
; HEX6[*]   ; clock_2hz  ; 9.663  ; 9.663  ; Fall       ; clock_2hz       ;
;  HEX6[0]  ; clock_2hz  ; 9.663  ; 9.663  ; Fall       ; clock_2hz       ;
;  HEX6[1]  ; clock_2hz  ; 9.663  ; 9.663  ; Fall       ; clock_2hz       ;
;  HEX6[2]  ; clock_2hz  ; 9.663  ; 9.663  ; Fall       ; clock_2hz       ;
;  HEX6[3]  ; clock_2hz  ; 9.194  ; 9.194  ; Fall       ; clock_2hz       ;
;  HEX6[4]  ; clock_2hz  ; 9.194  ; 9.194  ; Fall       ; clock_2hz       ;
;  HEX6[5]  ; clock_2hz  ; 9.174  ; 9.174  ; Fall       ; clock_2hz       ;
; HEX7[*]   ; clock_2hz  ; 9.506  ; 9.506  ; Fall       ; clock_2hz       ;
;  HEX7[0]  ; clock_2hz  ; 9.491  ; 9.491  ; Fall       ; clock_2hz       ;
;  HEX7[2]  ; clock_2hz  ; 9.461  ; 9.461  ; Fall       ; clock_2hz       ;
;  HEX7[3]  ; clock_2hz  ; 9.461  ; 9.461  ; Fall       ; clock_2hz       ;
;  HEX7[4]  ; clock_2hz  ; 9.461  ; 9.461  ; Fall       ; clock_2hz       ;
;  HEX7[5]  ; clock_2hz  ; 9.506  ; 9.506  ; Fall       ; clock_2hz       ;
; LEDG[*]   ; clock_4hz  ; 7.243  ; 7.243  ; Fall       ; clock_4hz       ;
;  LEDG[0]  ; clock_4hz  ; 7.243  ; 7.243  ; Fall       ; clock_4hz       ;
;  LEDG[1]  ; clock_4hz  ; 7.243  ; 7.243  ; Fall       ; clock_4hz       ;
;  LEDG[2]  ; clock_4hz  ; 7.005  ; 7.005  ; Fall       ; clock_4hz       ;
;  LEDG[3]  ; clock_4hz  ; 7.005  ; 7.005  ; Fall       ; clock_4hz       ;
;  LEDG[4]  ; clock_4hz  ; 7.048  ; 7.048  ; Fall       ; clock_4hz       ;
;  LEDG[5]  ; clock_4hz  ; 7.038  ; 7.038  ; Fall       ; clock_4hz       ;
;  LEDG[6]  ; clock_4hz  ; 7.028  ; 7.028  ; Fall       ; clock_4hz       ;
;  LEDG[7]  ; clock_4hz  ; 6.978  ; 6.978  ; Fall       ; clock_4hz       ;
+-----------+------------+--------+--------+------------+-----------------+


+-----------------------------------------------------------------------+
; Minimum Clock to Output Times                                         ;
+-----------+------------+-------+-------+------------+-----------------+
; Data Port ; Clock Port ; Rise  ; Fall  ; Clock Edge ; Clock Reference ;
+-----------+------------+-------+-------+------------+-----------------+
; LEDR[*]   ; clock_10hz ; 4.035 ; 4.035 ; Fall       ; clock_10hz      ;
;  LEDR[0]  ; clock_10hz ; 4.389 ; 4.389 ; Fall       ; clock_10hz      ;
;  LEDR[1]  ; clock_10hz ; 4.359 ; 4.359 ; Fall       ; clock_10hz      ;
;  LEDR[2]  ; clock_10hz ; 4.351 ; 4.351 ; Fall       ; clock_10hz      ;
;  LEDR[3]  ; clock_10hz ; 4.369 ; 4.369 ; Fall       ; clock_10hz      ;
;  LEDR[4]  ; clock_10hz ; 4.373 ; 4.373 ; Fall       ; clock_10hz      ;
;  LEDR[5]  ; clock_10hz ; 4.380 ; 4.380 ; Fall       ; clock_10hz      ;
;  LEDR[6]  ; clock_10hz ; 4.361 ; 4.361 ; Fall       ; clock_10hz      ;
;  LEDR[7]  ; clock_10hz ; 4.374 ; 4.374 ; Fall       ; clock_10hz      ;
;  LEDR[8]  ; clock_10hz ; 4.065 ; 4.065 ; Fall       ; clock_10hz      ;
;  LEDR[9]  ; clock_10hz ; 4.037 ; 4.037 ; Fall       ; clock_10hz      ;
;  LEDR[10] ; clock_10hz ; 4.035 ; 4.035 ; Fall       ; clock_10hz      ;
;  LEDR[11] ; clock_10hz ; 4.038 ; 4.038 ; Fall       ; clock_10hz      ;
;  LEDR[12] ; clock_10hz ; 4.050 ; 4.050 ; Fall       ; clock_10hz      ;
;  LEDR[13] ; clock_10hz ; 4.171 ; 4.171 ; Fall       ; clock_10hz      ;
;  LEDR[14] ; clock_10hz ; 4.231 ; 4.231 ; Fall       ; clock_10hz      ;
;  LEDR[15] ; clock_10hz ; 4.263 ; 4.263 ; Fall       ; clock_10hz      ;
;  LEDR[16] ; clock_10hz ; 4.168 ; 4.168 ; Fall       ; clock_10hz      ;
;  LEDR[17] ; clock_10hz ; 4.167 ; 4.167 ; Fall       ; clock_10hz      ;
; HEX0[*]   ; clock_2hz  ; 4.602 ; 4.602 ; Fall       ; clock_2hz       ;
;  HEX0[1]  ; clock_2hz  ; 4.602 ; 4.602 ; Fall       ; clock_2hz       ;
;  HEX0[2]  ; clock_2hz  ; 4.612 ; 4.612 ; Fall       ; clock_2hz       ;
; HEX1[*]   ; clock_2hz  ; 4.345 ; 4.345 ; Fall       ; clock_2hz       ;
;  HEX1[0]  ; clock_2hz  ; 4.604 ; 4.604 ; Fall       ; clock_2hz       ;
;  HEX1[3]  ; clock_2hz  ; 4.462 ; 4.462 ; Fall       ; clock_2hz       ;
;  HEX1[4]  ; clock_2hz  ; 4.482 ; 4.482 ; Fall       ; clock_2hz       ;
;  HEX1[5]  ; clock_2hz  ; 4.345 ; 4.345 ; Fall       ; clock_2hz       ;
;  HEX1[6]  ; clock_2hz  ; 4.365 ; 4.365 ; Fall       ; clock_2hz       ;
; HEX2[*]   ; clock_2hz  ; 4.328 ; 4.328 ; Fall       ; clock_2hz       ;
;  HEX2[1]  ; clock_2hz  ; 4.328 ; 4.328 ; Fall       ; clock_2hz       ;
;  HEX2[2]  ; clock_2hz  ; 4.368 ; 4.368 ; Fall       ; clock_2hz       ;
;  HEX2[3]  ; clock_2hz  ; 4.378 ; 4.378 ; Fall       ; clock_2hz       ;
;  HEX2[5]  ; clock_2hz  ; 4.347 ; 4.347 ; Fall       ; clock_2hz       ;
;  HEX2[6]  ; clock_2hz  ; 4.337 ; 4.337 ; Fall       ; clock_2hz       ;
; HEX3[*]   ; clock_2hz  ; 4.086 ; 4.086 ; Fall       ; clock_2hz       ;
;  HEX3[2]  ; clock_2hz  ; 4.332 ; 4.332 ; Fall       ; clock_2hz       ;
;  HEX3[3]  ; clock_2hz  ; 4.332 ; 4.332 ; Fall       ; clock_2hz       ;
;  HEX3[4]  ; clock_2hz  ; 4.332 ; 4.332 ; Fall       ; clock_2hz       ;
;  HEX3[5]  ; clock_2hz  ; 4.086 ; 4.086 ; Fall       ; clock_2hz       ;
;  HEX3[6]  ; clock_2hz  ; 4.096 ; 4.096 ; Fall       ; clock_2hz       ;
; HEX4[*]   ; clock_2hz  ; 5.432 ; 5.432 ; Fall       ; clock_2hz       ;
;  HEX4[1]  ; clock_2hz  ; 5.457 ; 5.457 ; Fall       ; clock_2hz       ;
;  HEX4[2]  ; clock_2hz  ; 5.457 ; 5.457 ; Fall       ; clock_2hz       ;
;  HEX4[3]  ; clock_2hz  ; 5.432 ; 5.432 ; Fall       ; clock_2hz       ;
;  HEX4[4]  ; clock_2hz  ; 5.452 ; 5.452 ; Fall       ; clock_2hz       ;
;  HEX4[6]  ; clock_2hz  ; 5.441 ; 5.441 ; Fall       ; clock_2hz       ;
; HEX5[*]   ; clock_2hz  ; 5.406 ; 5.406 ; Fall       ; clock_2hz       ;
;  HEX5[0]  ; clock_2hz  ; 5.441 ; 5.441 ; Fall       ; clock_2hz       ;
;  HEX5[1]  ; clock_2hz  ; 5.411 ; 5.411 ; Fall       ; clock_2hz       ;
;  HEX5[2]  ; clock_2hz  ; 5.411 ; 5.411 ; Fall       ; clock_2hz       ;
;  HEX5[3]  ; clock_2hz  ; 5.426 ; 5.426 ; Fall       ; clock_2hz       ;
;  HEX5[4]  ; clock_2hz  ; 5.406 ; 5.406 ; Fall       ; clock_2hz       ;
;  HEX5[5]  ; clock_2hz  ; 5.406 ; 5.406 ; Fall       ; clock_2hz       ;
; HEX6[*]   ; clock_2hz  ; 5.010 ; 5.010 ; Fall       ; clock_2hz       ;
;  HEX6[0]  ; clock_2hz  ; 5.278 ; 5.278 ; Fall       ; clock_2hz       ;
;  HEX6[1]  ; clock_2hz  ; 5.278 ; 5.278 ; Fall       ; clock_2hz       ;
;  HEX6[2]  ; clock_2hz  ; 5.278 ; 5.278 ; Fall       ; clock_2hz       ;
;  HEX6[3]  ; clock_2hz  ; 5.030 ; 5.030 ; Fall       ; clock_2hz       ;
;  HEX6[4]  ; clock_2hz  ; 5.030 ; 5.030 ; Fall       ; clock_2hz       ;
;  HEX6[5]  ; clock_2hz  ; 5.010 ; 5.010 ; Fall       ; clock_2hz       ;
; HEX7[*]   ; clock_2hz  ; 5.138 ; 5.138 ; Fall       ; clock_2hz       ;
;  HEX7[0]  ; clock_2hz  ; 5.168 ; 5.168 ; Fall       ; clock_2hz       ;
;  HEX7[2]  ; clock_2hz  ; 5.138 ; 5.138 ; Fall       ; clock_2hz       ;
;  HEX7[3]  ; clock_2hz  ; 5.138 ; 5.138 ; Fall       ; clock_2hz       ;
;  HEX7[4]  ; clock_2hz  ; 5.138 ; 5.138 ; Fall       ; clock_2hz       ;
;  HEX7[5]  ; clock_2hz  ; 5.180 ; 5.180 ; Fall       ; clock_2hz       ;
; LEDG[*]   ; clock_4hz  ; 3.883 ; 3.883 ; Fall       ; clock_4hz       ;
;  LEDG[0]  ; clock_4hz  ; 4.027 ; 4.027 ; Fall       ; clock_4hz       ;
;  LEDG[1]  ; clock_4hz  ; 4.027 ; 4.027 ; Fall       ; clock_4hz       ;
;  LEDG[2]  ; clock_4hz  ; 3.911 ; 3.911 ; Fall       ; clock_4hz       ;
;  LEDG[3]  ; clock_4hz  ; 3.911 ; 3.911 ; Fall       ; clock_4hz       ;
;  LEDG[4]  ; clock_4hz  ; 3.953 ; 3.953 ; Fall       ; clock_4hz       ;
;  LEDG[5]  ; clock_4hz  ; 3.943 ; 3.943 ; Fall       ; clock_4hz       ;
;  LEDG[6]  ; clock_4hz  ; 3.933 ; 3.933 ; Fall       ; clock_4hz       ;
;  LEDG[7]  ; clock_4hz  ; 3.883 ; 3.883 ; Fall       ; clock_4hz       ;
+-----------+------------+-------+-------+------------+-----------------+


+---------------------------------------------------------------------+
; Setup Transfers                                                     ;
+------------+------------+----------+----------+----------+----------+
; From Clock ; To Clock   ; RR Paths ; FR Paths ; RF Paths ; FF Paths ;
+------------+------------+----------+----------+----------+----------+
; clock_2hz  ; clock_2hz  ; 0        ; 0        ; 0        ; 3        ;
; clock_4hz  ; clock_4hz  ; 0        ; 0        ; 0        ; 3        ;
; clock_10hz ; clock_10hz ; 0        ; 0        ; 0        ; 328      ;
; clock_2hz  ; CLOCK_50   ; 0        ; 0        ; 1        ; 1        ;
; clock_4hz  ; CLOCK_50   ; 0        ; 0        ; 1        ; 1        ;
; clock_10hz ; CLOCK_50   ; 0        ; 0        ; 1        ; 1        ;
; CLOCK_50   ; CLOCK_50   ; 0        ; 0        ; 0        ; 20039    ;
+------------+------------+----------+----------+----------+----------+
Entries labeled "false path" only account for clock-to-clock false paths and not path-based false paths. As a result, actual path counts may be lower than reported.


+---------------------------------------------------------------------+
; Hold Transfers                                                      ;
+------------+------------+----------+----------+----------+----------+
; From Clock ; To Clock   ; RR Paths ; FR Paths ; RF Paths ; FF Paths ;
+------------+------------+----------+----------+----------+----------+
; clock_2hz  ; clock_2hz  ; 0        ; 0        ; 0        ; 3        ;
; clock_4hz  ; clock_4hz  ; 0        ; 0        ; 0        ; 3        ;
; clock_10hz ; clock_10hz ; 0        ; 0        ; 0        ; 328      ;
; clock_2hz  ; CLOCK_50   ; 0        ; 0        ; 1        ; 1        ;
; clock_4hz  ; CLOCK_50   ; 0        ; 0        ; 1        ; 1        ;
; clock_10hz ; CLOCK_50   ; 0        ; 0        ; 1        ; 1        ;
; CLOCK_50   ; CLOCK_50   ; 0        ; 0        ; 0        ; 20039    ;
+------------+------------+----------+----------+----------+----------+
Entries labeled "false path" only account for clock-to-clock false paths and not path-based false paths. As a result, actual path counts may be lower than reported.


---------------
; Report TCCS ;
---------------
No dedicated SERDES Transmitter circuitry present in device or used in design


---------------
; Report RSKM ;
---------------
No dedicated SERDES Receiver circuitry present in device or used in design


+------------------------------------------------+
; Unconstrained Paths                            ;
+---------------------------------+-------+------+
; Property                        ; Setup ; Hold ;
+---------------------------------+-------+------+
; Illegal Clocks                  ; 0     ; 0    ;
; Unconstrained Clocks            ; 0     ; 0    ;
; Unconstrained Input Ports       ; 1     ; 1    ;
; Unconstrained Input Port Paths  ; 33    ; 33   ;
; Unconstrained Output Ports      ; 65    ; 65   ;
; Unconstrained Output Port Paths ; 65    ; 65   ;
+---------------------------------+-------+------+


+------------------------------------+
; TimeQuest Timing Analyzer Messages ;
+------------------------------------+
Info: *******************************************************************
Info: Running Quartus II 64-Bit TimeQuest Timing Analyzer
    Info: Version 13.0.1 Build 232 06/12/2013 Service Pack 1 SJ Web Edition
    Info: Processing started: Thu May 07 13:49:50 2026
Info: Command: quartus_sta bt9 -c bt9
Info: qsta_default_script.tcl version: #1
Warning (20028): Parallel compilation is not licensed and has been disabled
Info (21077): Low junction temperature is 0 degrees C
Info (21077): High junction temperature is 85 degrees C
Critical Warning (332012): Synopsys Design Constraints File file not found: 'bt9.sdc'. A Synopsys Design Constraints File is required by the TimeQuest Timing Analyzer to get proper timing constraints. Without it, the Compiler will not properly optimize the design.
Info (332142): No user constrained base clocks found in the design. Calling "derive_clocks -period 1.0"
Info (332105): Deriving Clocks
    Info (332105): create_clock -period 1.000 -name clock_10hz clock_10hz
    Info (332105): create_clock -period 1.000 -name CLOCK_50 CLOCK_50
    Info (332105): create_clock -period 1.000 -name clock_2hz clock_2hz
    Info (332105): create_clock -period 1.000 -name clock_4hz clock_4hz
Info: Found TIMEQUEST_REPORT_SCRIPT_INCLUDE_DEFAULT_ANALYSIS = ON
Info: Analyzing Slow Model
Critical Warning (332148): Timing requirements not met
Info (332146): Worst-case setup slack is -5.318
    Info (332119):     Slack End Point TNS Clock 
    Info (332119): ========= ============= =====================
    Info (332119):    -5.318      -290.273 CLOCK_50 
    Info (332119):    -1.381       -32.817 clock_10hz 
    Info (332119):     0.233         0.000 clock_4hz 
    Info (332119):     0.241         0.000 clock_2hz 
Info (332146): Worst-case hold slack is -2.534
    Info (332119):     Slack End Point TNS Clock 
    Info (332119): ========= ============= =====================
    Info (332119):    -2.534        -7.572 CLOCK_50 
    Info (332119):     0.516         0.000 clock_2hz 
    Info (332119):     0.520         0.000 clock_4hz 
    Info (332119):     0.707         0.000 clock_10hz 
Info (332140): No Recovery paths to report
Info (332140): No Removal paths to report
Info (332146): Worst-case minimum pulse width slack is -1.380
    Info (332119):     Slack End Point TNS Clock 
    Info (332119): ========= ============= =====================
    Info (332119):    -1.380       -91.380 CLOCK_50 
    Info (332119):    -0.500       -27.000 clock_10hz 
    Info (332119):    -0.500        -3.000 clock_2hz 
    Info (332119):    -0.500        -3.000 clock_4hz 
Info (332001): The selected device family is not supported by the report_metastability command.
Info: Analyzing Fast Model
Critical Warning (332148): Timing requirements not met
Info (332146): Worst-case setup slack is -1.972
    Info (332119):     Slack End Point TNS Clock 
    Info (332119): ========= ============= =====================
    Info (332119):    -1.972       -91.327 CLOCK_50 
    Info (332119):    -0.089        -1.126 clock_10hz 
    Info (332119):     0.634         0.000 clock_4hz 
    Info (332119):     0.637         0.000 clock_2hz 
Info (332146): Worst-case hold slack is -1.576
    Info (332119):     Slack End Point TNS Clock 
    Info (332119): ========= ============= =====================
    Info (332119):    -1.576        -4.707 CLOCK_50 
    Info (332119):     0.237         0.000 clock_2hz 
    Info (332119):     0.239         0.000 clock_4hz 
    Info (332119):     0.320         0.000 clock_10hz 
Info (332140): No Recovery paths to report
Info (332140): No Removal paths to report
Info (332146): Worst-case minimum pulse width slack is -1.380
    Info (332119):     Slack End Point TNS Clock 
    Info (332119): ========= ============= =====================
    Info (332119):    -1.380       -91.380 CLOCK_50 
    Info (332119):    -0.500       -27.000 clock_10hz 
    Info (332119):    -0.500        -3.000 clock_2hz 
    Info (332119):    -0.500        -3.000 clock_4hz 
Info (332001): The selected device family is not supported by the report_metastability command.
Info (332102): Design is not fully constrained for setup requirements
Info (332102): Design is not fully constrained for hold requirements
Info: Quartus II 64-Bit TimeQuest Timing Analyzer was successful. 0 errors, 4 warnings
    Info: Peak virtual memory: 4570 megabytes
    Info: Processing ended: Thu May 07 13:49:51 2026
    Info: Elapsed time: 00:00:01
    Info: Total CPU time (on all processors): 00:00:00


