TimeQuest Timing Analyzer report for bt4
Sat Apr 18 09:31:57 2026
Quartus II 64-Bit Version 13.0.1 Build 232 06/12/2013 Service Pack 1 SJ Web Edition


---------------------
; Table of Contents ;
---------------------
  1. Legal Notice
  2. TimeQuest Timing Analyzer Summary
  3. Parallel Compilation
  4. Clocks
  5. Slow Model Fmax Summary
  6. Slow Model Setup Summary
  7. Slow Model Hold Summary
  8. Slow Model Recovery Summary
  9. Slow Model Removal Summary
 10. Slow Model Minimum Pulse Width Summary
 11. Slow Model Setup: 'CLOCK_50'
 12. Slow Model Setup: 'counter_14:comb_3|clock_400ms'
 13. Slow Model Hold: 'CLOCK_50'
 14. Slow Model Hold: 'counter_14:comb_3|clock_400ms'
 15. Slow Model Minimum Pulse Width: 'CLOCK_50'
 16. Slow Model Minimum Pulse Width: 'counter_14:comb_3|clock_400ms'
 17. Clock to Output Times
 18. Minimum Clock to Output Times
 19. Fast Model Setup Summary
 20. Fast Model Hold Summary
 21. Fast Model Recovery Summary
 22. Fast Model Removal Summary
 23. Fast Model Minimum Pulse Width Summary
 24. Fast Model Setup: 'CLOCK_50'
 25. Fast Model Setup: 'counter_14:comb_3|clock_400ms'
 26. Fast Model Hold: 'CLOCK_50'
 27. Fast Model Hold: 'counter_14:comb_3|clock_400ms'
 28. Fast Model Minimum Pulse Width: 'CLOCK_50'
 29. Fast Model Minimum Pulse Width: 'counter_14:comb_3|clock_400ms'
 30. Clock to Output Times
 31. Minimum Clock to Output Times
 32. Multicorner Timing Analysis Summary
 33. Clock to Output Times
 34. Minimum Clock to Output Times
 35. Setup Transfers
 36. Hold Transfers
 37. Report TCCS
 38. Report RSKM
 39. Unconstrained Paths
 40. TimeQuest Timing Analyzer Messages



----------------
; Legal Notice ;
----------------
Copyright (C) 1991-2013 Altera Corporation
Your use of Altera Corporation's design tools, logic functions 
and other software and tools, and its AMPP partner logic 
functions, and any output files from any of the foregoing 
(including device programming or simulation files), and any 
associated documentation or information are expressly subject 
to the terms and conditions of the Altera Program License 
Subscription Agreement, Altera MegaCore Function License 
Agreement, or other applicable license agreement, including, 
without limitation, that your use is for the sole purpose of 
programming logic devices manufactured by Altera and sold by 
Altera or its authorized distributors.  Please refer to the 
applicable agreement for further details.



+----------------------------------------------------------------------------------------+
; TimeQuest Timing Analyzer Summary                                                      ;
+--------------------+-------------------------------------------------------------------+
; Quartus II Version ; Version 13.0.1 Build 232 06/12/2013 Service Pack 1 SJ Web Edition ;
; Revision Name      ; bt4                                                               ;
; Device Family      ; Cyclone II                                                        ;
; Device Name        ; EP2C35F672C6                                                      ;
; Timing Models      ; Final                                                             ;
; Delay Model        ; Combined                                                          ;
; Rise/Fall Delays   ; Unavailable                                                       ;
+--------------------+-------------------------------------------------------------------+


Parallel compilation was disabled, but you have multiple processors available. Enable parallel compilation to reduce compilation time.
+-------------------------------------+
; Parallel Compilation                ;
+----------------------------+--------+
; Processors                 ; Number ;
+----------------------------+--------+
; Number detected on machine ; 16     ;
; Maximum allowed            ; 1      ;
+----------------------------+--------+


+------------------------------------------------------------------------------------------------------------------------------------------------------------------------------------------------------------------------------+
; Clocks                                                                                                                                                                                                                       ;
+-------------------------------+------+--------+------------+-------+-------+------------+-----------+-------------+-------+--------+-----------+------------+----------+--------+--------+-----------------------------------+
; Clock Name                    ; Type ; Period ; Frequency  ; Rise  ; Fall  ; Duty Cycle ; Divide by ; Multiply by ; Phase ; Offset ; Edge List ; Edge Shift ; Inverted ; Master ; Source ; Targets                           ;
+-------------------------------+------+--------+------------+-------+-------+------------+-----------+-------------+-------+--------+-----------+------------+----------+--------+--------+-----------------------------------+
; CLOCK_50                      ; Base ; 1.000  ; 1000.0 MHz ; 0.000 ; 0.500 ;            ;           ;             ;       ;        ;           ;            ;          ;        ;        ; { CLOCK_50 }                      ;
; counter_14:comb_3|clock_400ms ; Base ; 1.000  ; 1000.0 MHz ; 0.000 ; 0.500 ;            ;           ;             ;       ;        ;           ;            ;          ;        ;        ; { counter_14:comb_3|clock_400ms } ;
+-------------------------------+------+--------+------------+-------+-------+------------+-----------+-------------+-------+--------+-----------+------------+----------+--------+--------+-----------------------------------+


+----------------------------------------------------------------------------------------------------------------------+
; Slow Model Fmax Summary                                                                                              ;
+------------+-----------------+-------------------------------+-------------------------------------------------------+
; Fmax       ; Restricted Fmax ; Clock Name                    ; Note                                                  ;
+------------+-----------------+-------------------------------+-------------------------------------------------------+
; 169.15 MHz ; 169.15 MHz      ; CLOCK_50                      ;                                                       ;
; 553.71 MHz ; 500.0 MHz       ; counter_14:comb_3|clock_400ms ; limit due to high minimum pulse width violation (tch) ;
+------------+-----------------+-------------------------------+-------------------------------------------------------+
This panel reports FMAX for every clock in the design, regardless of the user-specified clock periods.  FMAX is only computed for paths where the source and destination registers or ports are driven by the same clock.  Paths of different clocks, including generated clocks, are ignored.  For paths between a clock and its inversion, FMAX is computed as if the rising and falling edges are scaled along with FMAX, such that the duty cycle (in terms of a percentage) is maintained. Altera recommends that you always use clock constraints and other slack reports for sign-off analysis.


+--------------------------------------------------------+
; Slow Model Setup Summary                               ;
+-------------------------------+--------+---------------+
; Clock                         ; Slack  ; End Point TNS ;
+-------------------------------+--------+---------------+
; CLOCK_50                      ; -4.912 ; -80.162       ;
; counter_14:comb_3|clock_400ms ; -0.806 ; -3.838        ;
+-------------------------------+--------+---------------+


+--------------------------------------------------------+
; Slow Model Hold Summary                                ;
+-------------------------------+--------+---------------+
; Clock                         ; Slack  ; End Point TNS ;
+-------------------------------+--------+---------------+
; CLOCK_50                      ; -2.529 ; -2.529        ;
; counter_14:comb_3|clock_400ms ; 0.391  ; 0.000         ;
+-------------------------------+--------+---------------+


-------------------------------
; Slow Model Recovery Summary ;
-------------------------------
No paths to report.


------------------------------
; Slow Model Removal Summary ;
------------------------------
No paths to report.


+--------------------------------------------------------+
; Slow Model Minimum Pulse Width Summary                 ;
+-------------------------------+--------+---------------+
; Clock                         ; Slack  ; End Point TNS ;
+-------------------------------+--------+---------------+
; CLOCK_50                      ; -1.380 ; -34.380       ;
; counter_14:comb_3|clock_400ms ; -0.500 ; -7.000        ;
+-------------------------------+--------+---------------+


+----------------------------------------------------------------------------------------------------------------------------------------+
; Slow Model Setup: 'CLOCK_50'                                                                                                           ;
+--------+-------------------------+-------------------------------+--------------+-------------+--------------+------------+------------+
; Slack  ; From Node               ; To Node                       ; Launch Clock ; Latch Clock ; Relationship ; Clock Skew ; Data Delay ;
+--------+-------------------------+-------------------------------+--------------+-------------+--------------+------------+------------+
; -4.912 ; counter_14:comb_3|q[0]  ; counter_14:comb_3|q[19]       ; CLOCK_50     ; CLOCK_50    ; 1.000        ; 0.003      ; 5.951      ;
; -4.911 ; counter_14:comb_3|q[0]  ; counter_14:comb_3|q[23]       ; CLOCK_50     ; CLOCK_50    ; 1.000        ; 0.003      ; 5.950      ;
; -4.846 ; counter_14:comb_3|q[1]  ; counter_14:comb_3|q[19]       ; CLOCK_50     ; CLOCK_50    ; 1.000        ; 0.003      ; 5.885      ;
; -4.845 ; counter_14:comb_3|q[1]  ; counter_14:comb_3|q[23]       ; CLOCK_50     ; CLOCK_50    ; 1.000        ; 0.003      ; 5.884      ;
; -4.818 ; counter_14:comb_3|q[0]  ; counter_14:comb_3|clock_400ms ; CLOCK_50     ; CLOCK_50    ; 1.000        ; -0.001     ; 5.853      ;
; -4.793 ; counter_14:comb_3|q[0]  ; counter_14:comb_3|q[12]       ; CLOCK_50     ; CLOCK_50    ; 1.000        ; -0.001     ; 5.828      ;
; -4.792 ; counter_14:comb_3|q[0]  ; counter_14:comb_3|q[15]       ; CLOCK_50     ; CLOCK_50    ; 1.000        ; -0.001     ; 5.827      ;
; -4.790 ; counter_14:comb_3|q[0]  ; counter_14:comb_3|q[9]        ; CLOCK_50     ; CLOCK_50    ; 1.000        ; -0.001     ; 5.825      ;
; -4.776 ; counter_14:comb_3|q[2]  ; counter_14:comb_3|q[19]       ; CLOCK_50     ; CLOCK_50    ; 1.000        ; 0.003      ; 5.815      ;
; -4.775 ; counter_14:comb_3|q[2]  ; counter_14:comb_3|q[23]       ; CLOCK_50     ; CLOCK_50    ; 1.000        ; 0.003      ; 5.814      ;
; -4.752 ; counter_14:comb_3|q[1]  ; counter_14:comb_3|clock_400ms ; CLOCK_50     ; CLOCK_50    ; 1.000        ; -0.001     ; 5.787      ;
; -4.745 ; counter_14:comb_3|q[3]  ; counter_14:comb_3|q[19]       ; CLOCK_50     ; CLOCK_50    ; 1.000        ; 0.003      ; 5.784      ;
; -4.744 ; counter_14:comb_3|q[3]  ; counter_14:comb_3|q[23]       ; CLOCK_50     ; CLOCK_50    ; 1.000        ; 0.003      ; 5.783      ;
; -4.727 ; counter_14:comb_3|q[1]  ; counter_14:comb_3|q[12]       ; CLOCK_50     ; CLOCK_50    ; 1.000        ; -0.001     ; 5.762      ;
; -4.726 ; counter_14:comb_3|q[1]  ; counter_14:comb_3|q[15]       ; CLOCK_50     ; CLOCK_50    ; 1.000        ; -0.001     ; 5.761      ;
; -4.724 ; counter_14:comb_3|q[1]  ; counter_14:comb_3|q[9]        ; CLOCK_50     ; CLOCK_50    ; 1.000        ; -0.001     ; 5.759      ;
; -4.682 ; counter_14:comb_3|q[2]  ; counter_14:comb_3|clock_400ms ; CLOCK_50     ; CLOCK_50    ; 1.000        ; -0.001     ; 5.717      ;
; -4.657 ; counter_14:comb_3|q[2]  ; counter_14:comb_3|q[12]       ; CLOCK_50     ; CLOCK_50    ; 1.000        ; -0.001     ; 5.692      ;
; -4.656 ; counter_14:comb_3|q[2]  ; counter_14:comb_3|q[15]       ; CLOCK_50     ; CLOCK_50    ; 1.000        ; -0.001     ; 5.691      ;
; -4.654 ; counter_14:comb_3|q[2]  ; counter_14:comb_3|q[9]        ; CLOCK_50     ; CLOCK_50    ; 1.000        ; -0.001     ; 5.689      ;
; -4.651 ; counter_14:comb_3|q[3]  ; counter_14:comb_3|clock_400ms ; CLOCK_50     ; CLOCK_50    ; 1.000        ; -0.001     ; 5.686      ;
; -4.635 ; counter_14:comb_3|q[4]  ; counter_14:comb_3|q[19]       ; CLOCK_50     ; CLOCK_50    ; 1.000        ; 0.003      ; 5.674      ;
; -4.634 ; counter_14:comb_3|q[4]  ; counter_14:comb_3|q[23]       ; CLOCK_50     ; CLOCK_50    ; 1.000        ; 0.003      ; 5.673      ;
; -4.626 ; counter_14:comb_3|q[3]  ; counter_14:comb_3|q[12]       ; CLOCK_50     ; CLOCK_50    ; 1.000        ; -0.001     ; 5.661      ;
; -4.625 ; counter_14:comb_3|q[3]  ; counter_14:comb_3|q[15]       ; CLOCK_50     ; CLOCK_50    ; 1.000        ; -0.001     ; 5.660      ;
; -4.623 ; counter_14:comb_3|q[3]  ; counter_14:comb_3|q[9]        ; CLOCK_50     ; CLOCK_50    ; 1.000        ; -0.001     ; 5.658      ;
; -4.604 ; counter_14:comb_3|q[5]  ; counter_14:comb_3|q[19]       ; CLOCK_50     ; CLOCK_50    ; 1.000        ; 0.003      ; 5.643      ;
; -4.603 ; counter_14:comb_3|q[5]  ; counter_14:comb_3|q[23]       ; CLOCK_50     ; CLOCK_50    ; 1.000        ; 0.003      ; 5.642      ;
; -4.601 ; counter_14:comb_3|q[7]  ; counter_14:comb_3|q[19]       ; CLOCK_50     ; CLOCK_50    ; 1.000        ; 0.004      ; 5.641      ;
; -4.600 ; counter_14:comb_3|q[7]  ; counter_14:comb_3|q[23]       ; CLOCK_50     ; CLOCK_50    ; 1.000        ; 0.004      ; 5.640      ;
; -4.541 ; counter_14:comb_3|q[4]  ; counter_14:comb_3|clock_400ms ; CLOCK_50     ; CLOCK_50    ; 1.000        ; -0.001     ; 5.576      ;
; -4.533 ; counter_14:comb_3|q[6]  ; counter_14:comb_3|q[19]       ; CLOCK_50     ; CLOCK_50    ; 1.000        ; 0.003      ; 5.572      ;
; -4.532 ; counter_14:comb_3|q[6]  ; counter_14:comb_3|q[23]       ; CLOCK_50     ; CLOCK_50    ; 1.000        ; 0.003      ; 5.571      ;
; -4.516 ; counter_14:comb_3|q[4]  ; counter_14:comb_3|q[12]       ; CLOCK_50     ; CLOCK_50    ; 1.000        ; -0.001     ; 5.551      ;
; -4.515 ; counter_14:comb_3|q[4]  ; counter_14:comb_3|q[15]       ; CLOCK_50     ; CLOCK_50    ; 1.000        ; -0.001     ; 5.550      ;
; -4.513 ; counter_14:comb_3|q[4]  ; counter_14:comb_3|q[9]        ; CLOCK_50     ; CLOCK_50    ; 1.000        ; -0.001     ; 5.548      ;
; -4.510 ; counter_14:comb_3|q[5]  ; counter_14:comb_3|clock_400ms ; CLOCK_50     ; CLOCK_50    ; 1.000        ; -0.001     ; 5.545      ;
; -4.507 ; counter_14:comb_3|q[7]  ; counter_14:comb_3|clock_400ms ; CLOCK_50     ; CLOCK_50    ; 1.000        ; 0.000      ; 5.543      ;
; -4.485 ; counter_14:comb_3|q[5]  ; counter_14:comb_3|q[12]       ; CLOCK_50     ; CLOCK_50    ; 1.000        ; -0.001     ; 5.520      ;
; -4.484 ; counter_14:comb_3|q[5]  ; counter_14:comb_3|q[15]       ; CLOCK_50     ; CLOCK_50    ; 1.000        ; -0.001     ; 5.519      ;
; -4.482 ; counter_14:comb_3|q[7]  ; counter_14:comb_3|q[12]       ; CLOCK_50     ; CLOCK_50    ; 1.000        ; 0.000      ; 5.518      ;
; -4.482 ; counter_14:comb_3|q[5]  ; counter_14:comb_3|q[9]        ; CLOCK_50     ; CLOCK_50    ; 1.000        ; -0.001     ; 5.517      ;
; -4.481 ; counter_14:comb_3|q[7]  ; counter_14:comb_3|q[15]       ; CLOCK_50     ; CLOCK_50    ; 1.000        ; 0.000      ; 5.517      ;
; -4.479 ; counter_14:comb_3|q[7]  ; counter_14:comb_3|q[9]        ; CLOCK_50     ; CLOCK_50    ; 1.000        ; 0.000      ; 5.515      ;
; -4.457 ; counter_14:comb_3|q[0]  ; counter_14:comb_3|q[10]       ; CLOCK_50     ; CLOCK_50    ; 1.000        ; -0.001     ; 5.492      ;
; -4.454 ; counter_14:comb_3|q[0]  ; counter_14:comb_3|q[20]       ; CLOCK_50     ; CLOCK_50    ; 1.000        ; -0.001     ; 5.489      ;
; -4.453 ; counter_14:comb_3|q[0]  ; counter_14:comb_3|q[7]        ; CLOCK_50     ; CLOCK_50    ; 1.000        ; -0.001     ; 5.488      ;
; -4.439 ; counter_14:comb_3|q[6]  ; counter_14:comb_3|clock_400ms ; CLOCK_50     ; CLOCK_50    ; 1.000        ; -0.001     ; 5.474      ;
; -4.414 ; counter_14:comb_3|q[6]  ; counter_14:comb_3|q[12]       ; CLOCK_50     ; CLOCK_50    ; 1.000        ; -0.001     ; 5.449      ;
; -4.413 ; counter_14:comb_3|q[6]  ; counter_14:comb_3|q[15]       ; CLOCK_50     ; CLOCK_50    ; 1.000        ; -0.001     ; 5.448      ;
; -4.411 ; counter_14:comb_3|q[6]  ; counter_14:comb_3|q[9]        ; CLOCK_50     ; CLOCK_50    ; 1.000        ; -0.001     ; 5.446      ;
; -4.391 ; counter_14:comb_3|q[1]  ; counter_14:comb_3|q[10]       ; CLOCK_50     ; CLOCK_50    ; 1.000        ; -0.001     ; 5.426      ;
; -4.388 ; counter_14:comb_3|q[1]  ; counter_14:comb_3|q[20]       ; CLOCK_50     ; CLOCK_50    ; 1.000        ; -0.001     ; 5.423      ;
; -4.387 ; counter_14:comb_3|q[1]  ; counter_14:comb_3|q[7]        ; CLOCK_50     ; CLOCK_50    ; 1.000        ; -0.001     ; 5.422      ;
; -4.364 ; counter_14:comb_3|q[9]  ; counter_14:comb_3|q[19]       ; CLOCK_50     ; CLOCK_50    ; 1.000        ; 0.004      ; 5.404      ;
; -4.363 ; counter_14:comb_3|q[9]  ; counter_14:comb_3|q[23]       ; CLOCK_50     ; CLOCK_50    ; 1.000        ; 0.004      ; 5.403      ;
; -4.321 ; counter_14:comb_3|q[2]  ; counter_14:comb_3|q[10]       ; CLOCK_50     ; CLOCK_50    ; 1.000        ; -0.001     ; 5.356      ;
; -4.318 ; counter_14:comb_3|q[2]  ; counter_14:comb_3|q[20]       ; CLOCK_50     ; CLOCK_50    ; 1.000        ; -0.001     ; 5.353      ;
; -4.317 ; counter_14:comb_3|q[2]  ; counter_14:comb_3|q[7]        ; CLOCK_50     ; CLOCK_50    ; 1.000        ; -0.001     ; 5.352      ;
; -4.304 ; counter_14:comb_3|q[10] ; counter_14:comb_3|q[19]       ; CLOCK_50     ; CLOCK_50    ; 1.000        ; 0.004      ; 5.344      ;
; -4.303 ; counter_14:comb_3|q[10] ; counter_14:comb_3|q[23]       ; CLOCK_50     ; CLOCK_50    ; 1.000        ; 0.004      ; 5.343      ;
; -4.291 ; counter_14:comb_3|q[8]  ; counter_14:comb_3|q[19]       ; CLOCK_50     ; CLOCK_50    ; 1.000        ; 0.003      ; 5.330      ;
; -4.290 ; counter_14:comb_3|q[8]  ; counter_14:comb_3|q[23]       ; CLOCK_50     ; CLOCK_50    ; 1.000        ; 0.003      ; 5.329      ;
; -4.290 ; counter_14:comb_3|q[3]  ; counter_14:comb_3|q[10]       ; CLOCK_50     ; CLOCK_50    ; 1.000        ; -0.001     ; 5.325      ;
; -4.287 ; counter_14:comb_3|q[3]  ; counter_14:comb_3|q[20]       ; CLOCK_50     ; CLOCK_50    ; 1.000        ; -0.001     ; 5.322      ;
; -4.286 ; counter_14:comb_3|q[3]  ; counter_14:comb_3|q[7]        ; CLOCK_50     ; CLOCK_50    ; 1.000        ; -0.001     ; 5.321      ;
; -4.270 ; counter_14:comb_3|q[9]  ; counter_14:comb_3|clock_400ms ; CLOCK_50     ; CLOCK_50    ; 1.000        ; 0.000      ; 5.306      ;
; -4.245 ; counter_14:comb_3|q[9]  ; counter_14:comb_3|q[12]       ; CLOCK_50     ; CLOCK_50    ; 1.000        ; 0.000      ; 5.281      ;
; -4.244 ; counter_14:comb_3|q[9]  ; counter_14:comb_3|q[15]       ; CLOCK_50     ; CLOCK_50    ; 1.000        ; 0.000      ; 5.280      ;
; -4.242 ; counter_14:comb_3|q[9]  ; counter_14:comb_3|q[9]        ; CLOCK_50     ; CLOCK_50    ; 1.000        ; 0.000      ; 5.278      ;
; -4.210 ; counter_14:comb_3|q[10] ; counter_14:comb_3|clock_400ms ; CLOCK_50     ; CLOCK_50    ; 1.000        ; 0.000      ; 5.246      ;
; -4.197 ; counter_14:comb_3|q[8]  ; counter_14:comb_3|clock_400ms ; CLOCK_50     ; CLOCK_50    ; 1.000        ; -0.001     ; 5.232      ;
; -4.185 ; counter_14:comb_3|q[10] ; counter_14:comb_3|q[12]       ; CLOCK_50     ; CLOCK_50    ; 1.000        ; 0.000      ; 5.221      ;
; -4.184 ; counter_14:comb_3|q[10] ; counter_14:comb_3|q[15]       ; CLOCK_50     ; CLOCK_50    ; 1.000        ; 0.000      ; 5.220      ;
; -4.182 ; counter_14:comb_3|q[10] ; counter_14:comb_3|q[9]        ; CLOCK_50     ; CLOCK_50    ; 1.000        ; 0.000      ; 5.218      ;
; -4.180 ; counter_14:comb_3|q[4]  ; counter_14:comb_3|q[10]       ; CLOCK_50     ; CLOCK_50    ; 1.000        ; -0.001     ; 5.215      ;
; -4.177 ; counter_14:comb_3|q[4]  ; counter_14:comb_3|q[20]       ; CLOCK_50     ; CLOCK_50    ; 1.000        ; -0.001     ; 5.212      ;
; -4.176 ; counter_14:comb_3|q[4]  ; counter_14:comb_3|q[7]        ; CLOCK_50     ; CLOCK_50    ; 1.000        ; -0.001     ; 5.211      ;
; -4.172 ; counter_14:comb_3|q[8]  ; counter_14:comb_3|q[12]       ; CLOCK_50     ; CLOCK_50    ; 1.000        ; -0.001     ; 5.207      ;
; -4.171 ; counter_14:comb_3|q[8]  ; counter_14:comb_3|q[15]       ; CLOCK_50     ; CLOCK_50    ; 1.000        ; -0.001     ; 5.206      ;
; -4.169 ; counter_14:comb_3|q[8]  ; counter_14:comb_3|q[9]        ; CLOCK_50     ; CLOCK_50    ; 1.000        ; -0.001     ; 5.204      ;
; -4.161 ; counter_14:comb_3|q[12] ; counter_14:comb_3|q[19]       ; CLOCK_50     ; CLOCK_50    ; 1.000        ; 0.004      ; 5.201      ;
; -4.160 ; counter_14:comb_3|q[12] ; counter_14:comb_3|q[23]       ; CLOCK_50     ; CLOCK_50    ; 1.000        ; 0.004      ; 5.200      ;
; -4.149 ; counter_14:comb_3|q[5]  ; counter_14:comb_3|q[10]       ; CLOCK_50     ; CLOCK_50    ; 1.000        ; -0.001     ; 5.184      ;
; -4.146 ; counter_14:comb_3|q[7]  ; counter_14:comb_3|q[10]       ; CLOCK_50     ; CLOCK_50    ; 1.000        ; 0.000      ; 5.182      ;
; -4.146 ; counter_14:comb_3|q[5]  ; counter_14:comb_3|q[20]       ; CLOCK_50     ; CLOCK_50    ; 1.000        ; -0.001     ; 5.181      ;
; -4.145 ; counter_14:comb_3|q[5]  ; counter_14:comb_3|q[7]        ; CLOCK_50     ; CLOCK_50    ; 1.000        ; -0.001     ; 5.180      ;
; -4.143 ; counter_14:comb_3|q[7]  ; counter_14:comb_3|q[20]       ; CLOCK_50     ; CLOCK_50    ; 1.000        ; 0.000      ; 5.179      ;
; -4.142 ; counter_14:comb_3|q[7]  ; counter_14:comb_3|q[7]        ; CLOCK_50     ; CLOCK_50    ; 1.000        ; 0.000      ; 5.178      ;
; -4.078 ; counter_14:comb_3|q[6]  ; counter_14:comb_3|q[10]       ; CLOCK_50     ; CLOCK_50    ; 1.000        ; -0.001     ; 5.113      ;
; -4.075 ; counter_14:comb_3|q[6]  ; counter_14:comb_3|q[20]       ; CLOCK_50     ; CLOCK_50    ; 1.000        ; -0.001     ; 5.110      ;
; -4.074 ; counter_14:comb_3|q[6]  ; counter_14:comb_3|q[7]        ; CLOCK_50     ; CLOCK_50    ; 1.000        ; -0.001     ; 5.109      ;
; -4.067 ; counter_14:comb_3|q[12] ; counter_14:comb_3|clock_400ms ; CLOCK_50     ; CLOCK_50    ; 1.000        ; 0.000      ; 5.103      ;
; -4.049 ; counter_14:comb_3|q[11] ; counter_14:comb_3|q[19]       ; CLOCK_50     ; CLOCK_50    ; 1.000        ; 0.003      ; 5.088      ;
; -4.048 ; counter_14:comb_3|q[11] ; counter_14:comb_3|q[23]       ; CLOCK_50     ; CLOCK_50    ; 1.000        ; 0.003      ; 5.087      ;
; -4.042 ; counter_14:comb_3|q[12] ; counter_14:comb_3|q[12]       ; CLOCK_50     ; CLOCK_50    ; 1.000        ; 0.000      ; 5.078      ;
; -4.041 ; counter_14:comb_3|q[12] ; counter_14:comb_3|q[15]       ; CLOCK_50     ; CLOCK_50    ; 1.000        ; 0.000      ; 5.077      ;
; -4.039 ; counter_14:comb_3|q[12] ; counter_14:comb_3|q[9]        ; CLOCK_50     ; CLOCK_50    ; 1.000        ; 0.000      ; 5.075      ;
; -3.955 ; counter_14:comb_3|q[11] ; counter_14:comb_3|clock_400ms ; CLOCK_50     ; CLOCK_50    ; 1.000        ; -0.001     ; 4.990      ;
; -3.942 ; counter_14:comb_3|q[15] ; counter_14:comb_3|q[19]       ; CLOCK_50     ; CLOCK_50    ; 1.000        ; 0.004      ; 4.982      ;
+--------+-------------------------+-------------------------------+--------------+-------------+--------------+------------+------------+


+-------------------------------------------------------------------------------------------------------------------------------------------------------------------------+
; Slow Model Setup: 'counter_14:comb_3|clock_400ms'                                                                                                                       ;
+--------+---------------------------+---------------------------+-------------------------------+-------------------------------+--------------+------------+------------+
; Slack  ; From Node                 ; To Node                   ; Launch Clock                  ; Latch Clock                   ; Relationship ; Clock Skew ; Data Delay ;
+--------+---------------------------+---------------------------+-------------------------------+-------------------------------+--------------+------------+------------+
; -0.806 ; counter_14:comb_3|bcd1[0] ; counter_14:comb_3|bcd1[2] ; counter_14:comb_3|clock_400ms ; counter_14:comb_3|clock_400ms ; 1.000        ; 0.000      ; 1.842      ;
; -0.740 ; counter_14:comb_3|bcd2[0] ; counter_14:comb_3|bcd1[0] ; counter_14:comb_3|clock_400ms ; counter_14:comb_3|clock_400ms ; 1.000        ; 0.000      ; 1.776      ;
; -0.733 ; counter_14:comb_3|bcd1[3] ; counter_14:comb_3|bcd1[2] ; counter_14:comb_3|clock_400ms ; counter_14:comb_3|clock_400ms ; 1.000        ; 0.000      ; 1.769      ;
; -0.707 ; counter_14:comb_3|bcd1[1] ; counter_14:comb_3|bcd1[3] ; counter_14:comb_3|clock_400ms ; counter_14:comb_3|clock_400ms ; 1.000        ; 0.000      ; 1.743      ;
; -0.706 ; counter_14:comb_3|bcd1[1] ; counter_14:comb_3|bcd1[2] ; counter_14:comb_3|clock_400ms ; counter_14:comb_3|clock_400ms ; 1.000        ; 0.000      ; 1.742      ;
; -0.638 ; counter_14:comb_3|bcd1[2] ; counter_14:comb_3|bcd1[2] ; counter_14:comb_3|clock_400ms ; counter_14:comb_3|clock_400ms ; 1.000        ; 0.000      ; 1.674      ;
; -0.593 ; counter_14:comb_3|bcd2[1] ; counter_14:comb_3|bcd1[0] ; counter_14:comb_3|clock_400ms ; counter_14:comb_3|clock_400ms ; 1.000        ; 0.000      ; 1.629      ;
; -0.498 ; counter_14:comb_3|bcd1[0] ; counter_14:comb_3|bcd2[0] ; counter_14:comb_3|clock_400ms ; counter_14:comb_3|clock_400ms ; 1.000        ; 0.000      ; 1.534      ;
; -0.494 ; counter_14:comb_3|bcd1[0] ; counter_14:comb_3|bcd1[0] ; counter_14:comb_3|clock_400ms ; counter_14:comb_3|clock_400ms ; 1.000        ; 0.000      ; 1.530      ;
; -0.492 ; counter_14:comb_3|bcd1[0] ; counter_14:comb_3|bcd2[1] ; counter_14:comb_3|clock_400ms ; counter_14:comb_3|clock_400ms ; 1.000        ; 0.000      ; 1.528      ;
; -0.491 ; counter_14:comb_3|bcd1[0] ; counter_14:comb_3|bcd2[2] ; counter_14:comb_3|clock_400ms ; counter_14:comb_3|clock_400ms ; 1.000        ; 0.000      ; 1.527      ;
; -0.489 ; counter_14:comb_3|bcd1[0] ; counter_14:comb_3|bcd1[3] ; counter_14:comb_3|clock_400ms ; counter_14:comb_3|clock_400ms ; 1.000        ; 0.000      ; 1.525      ;
; -0.464 ; counter_14:comb_3|bcd2[0] ; counter_14:comb_3|bcd1[3] ; counter_14:comb_3|clock_400ms ; counter_14:comb_3|clock_400ms ; 1.000        ; 0.000      ; 1.500      ;
; -0.462 ; counter_14:comb_3|bcd2[0] ; counter_14:comb_3|bcd1[2] ; counter_14:comb_3|clock_400ms ; counter_14:comb_3|clock_400ms ; 1.000        ; 0.000      ; 1.498      ;
; -0.452 ; counter_14:comb_3|bcd2[2] ; counter_14:comb_3|bcd1[0] ; counter_14:comb_3|clock_400ms ; counter_14:comb_3|clock_400ms ; 1.000        ; 0.000      ; 1.488      ;
; -0.425 ; counter_14:comb_3|bcd1[3] ; counter_14:comb_3|bcd2[0] ; counter_14:comb_3|clock_400ms ; counter_14:comb_3|clock_400ms ; 1.000        ; 0.000      ; 1.461      ;
; -0.421 ; counter_14:comb_3|bcd1[3] ; counter_14:comb_3|bcd1[0] ; counter_14:comb_3|clock_400ms ; counter_14:comb_3|clock_400ms ; 1.000        ; 0.000      ; 1.457      ;
; -0.419 ; counter_14:comb_3|bcd1[3] ; counter_14:comb_3|bcd2[1] ; counter_14:comb_3|clock_400ms ; counter_14:comb_3|clock_400ms ; 1.000        ; 0.000      ; 1.455      ;
; -0.418 ; counter_14:comb_3|bcd1[3] ; counter_14:comb_3|bcd2[2] ; counter_14:comb_3|clock_400ms ; counter_14:comb_3|clock_400ms ; 1.000        ; 0.000      ; 1.454      ;
; -0.330 ; counter_14:comb_3|bcd1[2] ; counter_14:comb_3|bcd2[0] ; counter_14:comb_3|clock_400ms ; counter_14:comb_3|clock_400ms ; 1.000        ; 0.000      ; 1.366      ;
; -0.326 ; counter_14:comb_3|bcd1[2] ; counter_14:comb_3|bcd1[0] ; counter_14:comb_3|clock_400ms ; counter_14:comb_3|clock_400ms ; 1.000        ; 0.000      ; 1.362      ;
; -0.324 ; counter_14:comb_3|bcd1[2] ; counter_14:comb_3|bcd2[1] ; counter_14:comb_3|clock_400ms ; counter_14:comb_3|clock_400ms ; 1.000        ; 0.000      ; 1.360      ;
; -0.323 ; counter_14:comb_3|bcd1[2] ; counter_14:comb_3|bcd2[2] ; counter_14:comb_3|clock_400ms ; counter_14:comb_3|clock_400ms ; 1.000        ; 0.000      ; 1.359      ;
; -0.317 ; counter_14:comb_3|bcd2[1] ; counter_14:comb_3|bcd1[3] ; counter_14:comb_3|clock_400ms ; counter_14:comb_3|clock_400ms ; 1.000        ; 0.000      ; 1.353      ;
; -0.315 ; counter_14:comb_3|bcd2[1] ; counter_14:comb_3|bcd1[2] ; counter_14:comb_3|clock_400ms ; counter_14:comb_3|clock_400ms ; 1.000        ; 0.000      ; 1.351      ;
; -0.250 ; counter_14:comb_3|bcd2[2] ; counter_14:comb_3|bcd2[1] ; counter_14:comb_3|clock_400ms ; counter_14:comb_3|clock_400ms ; 1.000        ; 0.000      ; 1.286      ;
; -0.249 ; counter_14:comb_3|bcd2[1] ; counter_14:comb_3|bcd2[2] ; counter_14:comb_3|clock_400ms ; counter_14:comb_3|clock_400ms ; 1.000        ; 0.000      ; 1.285      ;
; -0.217 ; counter_14:comb_3|bcd1[1] ; counter_14:comb_3|bcd2[0] ; counter_14:comb_3|clock_400ms ; counter_14:comb_3|clock_400ms ; 1.000        ; 0.000      ; 1.253      ;
; -0.213 ; counter_14:comb_3|bcd1[1] ; counter_14:comb_3|bcd1[0] ; counter_14:comb_3|clock_400ms ; counter_14:comb_3|clock_400ms ; 1.000        ; 0.000      ; 1.249      ;
; -0.211 ; counter_14:comb_3|bcd1[1] ; counter_14:comb_3|bcd2[1] ; counter_14:comb_3|clock_400ms ; counter_14:comb_3|clock_400ms ; 1.000        ; 0.000      ; 1.247      ;
; -0.210 ; counter_14:comb_3|bcd1[1] ; counter_14:comb_3|bcd2[2] ; counter_14:comb_3|clock_400ms ; counter_14:comb_3|clock_400ms ; 1.000        ; 0.000      ; 1.246      ;
; -0.176 ; counter_14:comb_3|bcd2[2] ; counter_14:comb_3|bcd1[3] ; counter_14:comb_3|clock_400ms ; counter_14:comb_3|clock_400ms ; 1.000        ; 0.000      ; 1.212      ;
; -0.174 ; counter_14:comb_3|bcd2[2] ; counter_14:comb_3|bcd1[2] ; counter_14:comb_3|clock_400ms ; counter_14:comb_3|clock_400ms ; 1.000        ; 0.000      ; 1.210      ;
; -0.104 ; counter_14:comb_3|bcd1[0] ; counter_14:comb_3|bcd1[1] ; counter_14:comb_3|clock_400ms ; counter_14:comb_3|clock_400ms ; 1.000        ; 0.000      ; 1.140      ;
; -0.070 ; counter_14:comb_3|bcd1[2] ; counter_14:comb_3|bcd1[3] ; counter_14:comb_3|clock_400ms ; counter_14:comb_3|clock_400ms ; 1.000        ; 0.000      ; 1.106      ;
; -0.045 ; counter_14:comb_3|bcd2[0] ; counter_14:comb_3|bcd2[1] ; counter_14:comb_3|clock_400ms ; counter_14:comb_3|clock_400ms ; 1.000        ; 0.000      ; 1.081      ;
; -0.045 ; counter_14:comb_3|bcd2[0] ; counter_14:comb_3|bcd2[2] ; counter_14:comb_3|clock_400ms ; counter_14:comb_3|clock_400ms ; 1.000        ; 0.000      ; 1.081      ;
; -0.039 ; counter_14:comb_3|bcd1[3] ; counter_14:comb_3|bcd1[1] ; counter_14:comb_3|clock_400ms ; counter_14:comb_3|clock_400ms ; 1.000        ; 0.000      ; 1.075      ;
; 0.038  ; counter_14:comb_3|bcd1[2] ; counter_14:comb_3|bcd1[1] ; counter_14:comb_3|clock_400ms ; counter_14:comb_3|clock_400ms ; 1.000        ; 0.000      ; 0.998      ;
; 0.379  ; counter_14:comb_3|bcd1[3] ; counter_14:comb_3|bcd1[3] ; counter_14:comb_3|clock_400ms ; counter_14:comb_3|clock_400ms ; 1.000        ; 0.000      ; 0.657      ;
; 0.379  ; counter_14:comb_3|bcd2[0] ; counter_14:comb_3|bcd2[0] ; counter_14:comb_3|clock_400ms ; counter_14:comb_3|clock_400ms ; 1.000        ; 0.000      ; 0.657      ;
; 0.379  ; counter_14:comb_3|bcd2[1] ; counter_14:comb_3|bcd2[1] ; counter_14:comb_3|clock_400ms ; counter_14:comb_3|clock_400ms ; 1.000        ; 0.000      ; 0.657      ;
; 0.379  ; counter_14:comb_3|bcd2[2] ; counter_14:comb_3|bcd2[2] ; counter_14:comb_3|clock_400ms ; counter_14:comb_3|clock_400ms ; 1.000        ; 0.000      ; 0.657      ;
; 0.379  ; counter_14:comb_3|bcd1[1] ; counter_14:comb_3|bcd1[1] ; counter_14:comb_3|clock_400ms ; counter_14:comb_3|clock_400ms ; 1.000        ; 0.000      ; 0.657      ;
+--------+---------------------------+---------------------------+-------------------------------+-------------------------------+--------------+------------+------------+


+---------------------------------------------------------------------------------------------------------------------------------------------------------------+
; Slow Model Hold: 'CLOCK_50'                                                                                                                                   ;
+--------+-------------------------------+-------------------------------+-------------------------------+-------------+--------------+------------+------------+
; Slack  ; From Node                     ; To Node                       ; Launch Clock                  ; Latch Clock ; Relationship ; Clock Skew ; Data Delay ;
+--------+-------------------------------+-------------------------------+-------------------------------+-------------+--------------+------------+------------+
; -2.529 ; counter_14:comb_3|clock_400ms ; counter_14:comb_3|clock_400ms ; counter_14:comb_3|clock_400ms ; CLOCK_50    ; 0.000        ; 2.670      ; 0.657      ;
; -2.029 ; counter_14:comb_3|clock_400ms ; counter_14:comb_3|clock_400ms ; counter_14:comb_3|clock_400ms ; CLOCK_50    ; -0.500       ; 2.670      ; 0.657      ;
; 0.524  ; counter_14:comb_3|q[31]       ; counter_14:comb_3|q[31]       ; CLOCK_50                      ; CLOCK_50    ; 0.000        ; 0.000      ; 0.790      ;
; 0.788  ; counter_14:comb_3|q[0]        ; counter_14:comb_3|q[0]        ; CLOCK_50                      ; CLOCK_50    ; 0.000        ; 0.000      ; 1.054      ;
; 0.788  ; counter_14:comb_3|q[18]       ; counter_14:comb_3|q[18]       ; CLOCK_50                      ; CLOCK_50    ; 0.000        ; 0.000      ; 1.054      ;
; 0.788  ; counter_14:comb_3|q[16]       ; counter_14:comb_3|q[16]       ; CLOCK_50                      ; CLOCK_50    ; 0.000        ; 0.000      ; 1.054      ;
; 0.793  ; counter_14:comb_3|q[1]        ; counter_14:comb_3|q[1]        ; CLOCK_50                      ; CLOCK_50    ; 0.000        ; 0.000      ; 1.059      ;
; 0.794  ; counter_14:comb_3|q[2]        ; counter_14:comb_3|q[2]        ; CLOCK_50                      ; CLOCK_50    ; 0.000        ; 0.000      ; 1.060      ;
; 0.794  ; counter_14:comb_3|q[11]       ; counter_14:comb_3|q[11]       ; CLOCK_50                      ; CLOCK_50    ; 0.000        ; 0.000      ; 1.060      ;
; 0.795  ; counter_14:comb_3|q[4]        ; counter_14:comb_3|q[4]        ; CLOCK_50                      ; CLOCK_50    ; 0.000        ; 0.000      ; 1.061      ;
; 0.795  ; counter_14:comb_3|q[13]       ; counter_14:comb_3|q[13]       ; CLOCK_50                      ; CLOCK_50    ; 0.000        ; 0.000      ; 1.061      ;
; 0.795  ; counter_14:comb_3|q[14]       ; counter_14:comb_3|q[14]       ; CLOCK_50                      ; CLOCK_50    ; 0.000        ; 0.000      ; 1.061      ;
; 0.798  ; counter_14:comb_3|q[17]       ; counter_14:comb_3|q[17]       ; CLOCK_50                      ; CLOCK_50    ; 0.000        ; 0.000      ; 1.064      ;
; 0.799  ; counter_14:comb_3|q[27]       ; counter_14:comb_3|q[27]       ; CLOCK_50                      ; CLOCK_50    ; 0.000        ; 0.000      ; 1.065      ;
; 0.799  ; counter_14:comb_3|q[29]       ; counter_14:comb_3|q[29]       ; CLOCK_50                      ; CLOCK_50    ; 0.000        ; 0.000      ; 1.065      ;
; 0.799  ; counter_14:comb_3|q[30]       ; counter_14:comb_3|q[30]       ; CLOCK_50                      ; CLOCK_50    ; 0.000        ; 0.000      ; 1.065      ;
; 0.799  ; counter_14:comb_3|q[25]       ; counter_14:comb_3|q[25]       ; CLOCK_50                      ; CLOCK_50    ; 0.000        ; 0.000      ; 1.065      ;
; 0.820  ; counter_14:comb_3|q[8]        ; counter_14:comb_3|q[8]        ; CLOCK_50                      ; CLOCK_50    ; 0.000        ; 0.000      ; 1.086      ;
; 0.828  ; counter_14:comb_3|q[21]       ; counter_14:comb_3|q[21]       ; CLOCK_50                      ; CLOCK_50    ; 0.000        ; 0.000      ; 1.094      ;
; 0.828  ; counter_14:comb_3|q[22]       ; counter_14:comb_3|q[22]       ; CLOCK_50                      ; CLOCK_50    ; 0.000        ; 0.000      ; 1.094      ;
; 0.831  ; counter_14:comb_3|q[3]        ; counter_14:comb_3|q[3]        ; CLOCK_50                      ; CLOCK_50    ; 0.000        ; 0.000      ; 1.097      ;
; 0.831  ; counter_14:comb_3|q[26]       ; counter_14:comb_3|q[26]       ; CLOCK_50                      ; CLOCK_50    ; 0.000        ; 0.000      ; 1.097      ;
; 0.831  ; counter_14:comb_3|q[28]       ; counter_14:comb_3|q[28]       ; CLOCK_50                      ; CLOCK_50    ; 0.000        ; 0.000      ; 1.097      ;
; 0.831  ; counter_14:comb_3|q[24]       ; counter_14:comb_3|q[24]       ; CLOCK_50                      ; CLOCK_50    ; 0.000        ; 0.000      ; 1.097      ;
; 0.832  ; counter_14:comb_3|q[5]        ; counter_14:comb_3|q[5]        ; CLOCK_50                      ; CLOCK_50    ; 0.000        ; 0.000      ; 1.098      ;
; 0.832  ; counter_14:comb_3|q[6]        ; counter_14:comb_3|q[6]        ; CLOCK_50                      ; CLOCK_50    ; 0.000        ; 0.000      ; 1.098      ;
; 1.171  ; counter_14:comb_3|q[0]        ; counter_14:comb_3|q[1]        ; CLOCK_50                      ; CLOCK_50    ; 0.000        ; 0.000      ; 1.437      ;
; 1.171  ; counter_14:comb_3|q[16]       ; counter_14:comb_3|q[17]       ; CLOCK_50                      ; CLOCK_50    ; 0.000        ; 0.000      ; 1.437      ;
; 1.176  ; counter_14:comb_3|q[1]        ; counter_14:comb_3|q[2]        ; CLOCK_50                      ; CLOCK_50    ; 0.000        ; 0.000      ; 1.442      ;
; 1.177  ; counter_14:comb_3|q[2]        ; counter_14:comb_3|q[3]        ; CLOCK_50                      ; CLOCK_50    ; 0.000        ; 0.000      ; 1.443      ;
; 1.178  ; counter_14:comb_3|q[13]       ; counter_14:comb_3|q[14]       ; CLOCK_50                      ; CLOCK_50    ; 0.000        ; 0.000      ; 1.444      ;
; 1.178  ; counter_14:comb_3|q[4]        ; counter_14:comb_3|q[5]        ; CLOCK_50                      ; CLOCK_50    ; 0.000        ; 0.000      ; 1.444      ;
; 1.181  ; counter_14:comb_3|q[17]       ; counter_14:comb_3|q[18]       ; CLOCK_50                      ; CLOCK_50    ; 0.000        ; 0.000      ; 1.447      ;
; 1.182  ; counter_14:comb_3|q[30]       ; counter_14:comb_3|q[31]       ; CLOCK_50                      ; CLOCK_50    ; 0.000        ; 0.000      ; 1.448      ;
; 1.182  ; counter_14:comb_3|q[29]       ; counter_14:comb_3|q[30]       ; CLOCK_50                      ; CLOCK_50    ; 0.000        ; 0.000      ; 1.448      ;
; 1.182  ; counter_14:comb_3|q[25]       ; counter_14:comb_3|q[26]       ; CLOCK_50                      ; CLOCK_50    ; 0.000        ; 0.000      ; 1.448      ;
; 1.182  ; counter_14:comb_3|q[27]       ; counter_14:comb_3|q[28]       ; CLOCK_50                      ; CLOCK_50    ; 0.000        ; 0.000      ; 1.448      ;
; 1.214  ; counter_14:comb_3|q[21]       ; counter_14:comb_3|q[22]       ; CLOCK_50                      ; CLOCK_50    ; 0.000        ; 0.000      ; 1.480      ;
; 1.217  ; counter_14:comb_3|q[3]        ; counter_14:comb_3|q[4]        ; CLOCK_50                      ; CLOCK_50    ; 0.000        ; 0.000      ; 1.483      ;
; 1.217  ; counter_14:comb_3|q[26]       ; counter_14:comb_3|q[27]       ; CLOCK_50                      ; CLOCK_50    ; 0.000        ; 0.000      ; 1.483      ;
; 1.217  ; counter_14:comb_3|q[28]       ; counter_14:comb_3|q[29]       ; CLOCK_50                      ; CLOCK_50    ; 0.000        ; 0.000      ; 1.483      ;
; 1.217  ; counter_14:comb_3|q[24]       ; counter_14:comb_3|q[25]       ; CLOCK_50                      ; CLOCK_50    ; 0.000        ; 0.000      ; 1.483      ;
; 1.218  ; counter_14:comb_3|q[5]        ; counter_14:comb_3|q[6]        ; CLOCK_50                      ; CLOCK_50    ; 0.000        ; 0.000      ; 1.484      ;
; 1.242  ; counter_14:comb_3|q[0]        ; counter_14:comb_3|q[2]        ; CLOCK_50                      ; CLOCK_50    ; 0.000        ; 0.000      ; 1.508      ;
; 1.242  ; counter_14:comb_3|q[16]       ; counter_14:comb_3|q[18]       ; CLOCK_50                      ; CLOCK_50    ; 0.000        ; 0.000      ; 1.508      ;
; 1.247  ; counter_14:comb_3|q[1]        ; counter_14:comb_3|q[3]        ; CLOCK_50                      ; CLOCK_50    ; 0.000        ; 0.000      ; 1.513      ;
; 1.248  ; counter_14:comb_3|q[11]       ; counter_14:comb_3|q[13]       ; CLOCK_50                      ; CLOCK_50    ; 0.000        ; 0.000      ; 1.514      ;
; 1.248  ; counter_14:comb_3|q[2]        ; counter_14:comb_3|q[4]        ; CLOCK_50                      ; CLOCK_50    ; 0.000        ; 0.000      ; 1.514      ;
; 1.249  ; counter_14:comb_3|q[4]        ; counter_14:comb_3|q[6]        ; CLOCK_50                      ; CLOCK_50    ; 0.000        ; 0.000      ; 1.515      ;
; 1.253  ; counter_14:comb_3|q[29]       ; counter_14:comb_3|q[31]       ; CLOCK_50                      ; CLOCK_50    ; 0.000        ; 0.000      ; 1.519      ;
; 1.253  ; counter_14:comb_3|q[25]       ; counter_14:comb_3|q[27]       ; CLOCK_50                      ; CLOCK_50    ; 0.000        ; 0.000      ; 1.519      ;
; 1.253  ; counter_14:comb_3|q[27]       ; counter_14:comb_3|q[29]       ; CLOCK_50                      ; CLOCK_50    ; 0.000        ; 0.000      ; 1.519      ;
; 1.288  ; counter_14:comb_3|q[3]        ; counter_14:comb_3|q[5]        ; CLOCK_50                      ; CLOCK_50    ; 0.000        ; 0.000      ; 1.554      ;
; 1.288  ; counter_14:comb_3|q[28]       ; counter_14:comb_3|q[30]       ; CLOCK_50                      ; CLOCK_50    ; 0.000        ; 0.000      ; 1.554      ;
; 1.288  ; counter_14:comb_3|q[24]       ; counter_14:comb_3|q[26]       ; CLOCK_50                      ; CLOCK_50    ; 0.000        ; 0.000      ; 1.554      ;
; 1.288  ; counter_14:comb_3|q[26]       ; counter_14:comb_3|q[28]       ; CLOCK_50                      ; CLOCK_50    ; 0.000        ; 0.000      ; 1.554      ;
; 1.313  ; counter_14:comb_3|q[18]       ; counter_14:comb_3|q[21]       ; CLOCK_50                      ; CLOCK_50    ; 0.000        ; 0.000      ; 1.579      ;
; 1.313  ; counter_14:comb_3|q[0]        ; counter_14:comb_3|q[3]        ; CLOCK_50                      ; CLOCK_50    ; 0.000        ; 0.000      ; 1.579      ;
; 1.318  ; counter_14:comb_3|q[1]        ; counter_14:comb_3|q[4]        ; CLOCK_50                      ; CLOCK_50    ; 0.000        ; 0.000      ; 1.584      ;
; 1.319  ; counter_14:comb_3|q[11]       ; counter_14:comb_3|q[14]       ; CLOCK_50                      ; CLOCK_50    ; 0.000        ; 0.000      ; 1.585      ;
; 1.319  ; counter_14:comb_3|q[2]        ; counter_14:comb_3|q[5]        ; CLOCK_50                      ; CLOCK_50    ; 0.000        ; 0.000      ; 1.585      ;
; 1.320  ; counter_14:comb_3|q[14]       ; counter_14:comb_3|q[16]       ; CLOCK_50                      ; CLOCK_50    ; 0.000        ; 0.004      ; 1.590      ;
; 1.324  ; counter_14:comb_3|q[27]       ; counter_14:comb_3|q[30]       ; CLOCK_50                      ; CLOCK_50    ; 0.000        ; 0.000      ; 1.590      ;
; 1.324  ; counter_14:comb_3|q[25]       ; counter_14:comb_3|q[28]       ; CLOCK_50                      ; CLOCK_50    ; 0.000        ; 0.000      ; 1.590      ;
; 1.348  ; counter_14:comb_3|q[8]        ; counter_14:comb_3|q[11]       ; CLOCK_50                      ; CLOCK_50    ; 0.000        ; 0.000      ; 1.614      ;
; 1.359  ; counter_14:comb_3|q[3]        ; counter_14:comb_3|q[6]        ; CLOCK_50                      ; CLOCK_50    ; 0.000        ; 0.000      ; 1.625      ;
; 1.359  ; counter_14:comb_3|q[28]       ; counter_14:comb_3|q[31]       ; CLOCK_50                      ; CLOCK_50    ; 0.000        ; 0.000      ; 1.625      ;
; 1.359  ; counter_14:comb_3|q[24]       ; counter_14:comb_3|q[27]       ; CLOCK_50                      ; CLOCK_50    ; 0.000        ; 0.000      ; 1.625      ;
; 1.359  ; counter_14:comb_3|q[26]       ; counter_14:comb_3|q[29]       ; CLOCK_50                      ; CLOCK_50    ; 0.000        ; 0.000      ; 1.625      ;
; 1.360  ; counter_14:comb_3|q[12]       ; counter_14:comb_3|q[13]       ; CLOCK_50                      ; CLOCK_50    ; 0.000        ; 0.001      ; 1.627      ;
; 1.361  ; counter_14:comb_3|q[10]       ; counter_14:comb_3|q[11]       ; CLOCK_50                      ; CLOCK_50    ; 0.000        ; 0.001      ; 1.628      ;
; 1.373  ; counter_14:comb_3|q[22]       ; counter_14:comb_3|q[24]       ; CLOCK_50                      ; CLOCK_50    ; 0.000        ; 0.000      ; 1.639      ;
; 1.377  ; counter_14:comb_3|q[6]        ; counter_14:comb_3|q[8]        ; CLOCK_50                      ; CLOCK_50    ; 0.000        ; 0.000      ; 1.643      ;
; 1.384  ; counter_14:comb_3|q[18]       ; counter_14:comb_3|q[22]       ; CLOCK_50                      ; CLOCK_50    ; 0.000        ; 0.000      ; 1.650      ;
; 1.384  ; counter_14:comb_3|q[0]        ; counter_14:comb_3|q[4]        ; CLOCK_50                      ; CLOCK_50    ; 0.000        ; 0.000      ; 1.650      ;
; 1.389  ; counter_14:comb_3|q[1]        ; counter_14:comb_3|q[5]        ; CLOCK_50                      ; CLOCK_50    ; 0.000        ; 0.000      ; 1.655      ;
; 1.390  ; counter_14:comb_3|q[2]        ; counter_14:comb_3|q[6]        ; CLOCK_50                      ; CLOCK_50    ; 0.000        ; 0.000      ; 1.656      ;
; 1.391  ; counter_14:comb_3|q[14]       ; counter_14:comb_3|q[17]       ; CLOCK_50                      ; CLOCK_50    ; 0.000        ; 0.004      ; 1.661      ;
; 1.391  ; counter_14:comb_3|q[13]       ; counter_14:comb_3|q[16]       ; CLOCK_50                      ; CLOCK_50    ; 0.000        ; 0.004      ; 1.661      ;
; 1.394  ; counter_14:comb_3|q[17]       ; counter_14:comb_3|q[21]       ; CLOCK_50                      ; CLOCK_50    ; 0.000        ; 0.000      ; 1.660      ;
; 1.395  ; counter_14:comb_3|q[27]       ; counter_14:comb_3|q[31]       ; CLOCK_50                      ; CLOCK_50    ; 0.000        ; 0.000      ; 1.661      ;
; 1.395  ; counter_14:comb_3|q[25]       ; counter_14:comb_3|q[29]       ; CLOCK_50                      ; CLOCK_50    ; 0.000        ; 0.000      ; 1.661      ;
; 1.421  ; counter_14:comb_3|q[9]        ; counter_14:comb_3|q[11]       ; CLOCK_50                      ; CLOCK_50    ; 0.000        ; 0.001      ; 1.688      ;
; 1.425  ; counter_14:comb_3|q[15]       ; counter_14:comb_3|q[16]       ; CLOCK_50                      ; CLOCK_50    ; 0.000        ; 0.005      ; 1.696      ;
; 1.428  ; counter_14:comb_3|q[19]       ; counter_14:comb_3|q[21]       ; CLOCK_50                      ; CLOCK_50    ; 0.000        ; 0.001      ; 1.695      ;
; 1.430  ; counter_14:comb_3|q[26]       ; counter_14:comb_3|q[30]       ; CLOCK_50                      ; CLOCK_50    ; 0.000        ; 0.000      ; 1.696      ;
; 1.430  ; counter_14:comb_3|q[24]       ; counter_14:comb_3|q[28]       ; CLOCK_50                      ; CLOCK_50    ; 0.000        ; 0.000      ; 1.696      ;
; 1.431  ; counter_14:comb_3|q[12]       ; counter_14:comb_3|q[14]       ; CLOCK_50                      ; CLOCK_50    ; 0.000        ; 0.001      ; 1.698      ;
; 1.438  ; counter_14:comb_3|q[23]       ; counter_14:comb_3|q[24]       ; CLOCK_50                      ; CLOCK_50    ; 0.000        ; 0.001      ; 1.705      ;
; 1.444  ; counter_14:comb_3|q[22]       ; counter_14:comb_3|q[25]       ; CLOCK_50                      ; CLOCK_50    ; 0.000        ; 0.000      ; 1.710      ;
; 1.444  ; counter_14:comb_3|q[21]       ; counter_14:comb_3|q[24]       ; CLOCK_50                      ; CLOCK_50    ; 0.000        ; 0.000      ; 1.710      ;
; 1.445  ; counter_14:comb_3|q[7]        ; counter_14:comb_3|q[8]        ; CLOCK_50                      ; CLOCK_50    ; 0.000        ; 0.001      ; 1.712      ;
; 1.448  ; counter_14:comb_3|q[5]        ; counter_14:comb_3|q[8]        ; CLOCK_50                      ; CLOCK_50    ; 0.000        ; 0.000      ; 1.714      ;
; 1.455  ; counter_14:comb_3|q[0]        ; counter_14:comb_3|q[5]        ; CLOCK_50                      ; CLOCK_50    ; 0.000        ; 0.000      ; 1.721      ;
; 1.455  ; counter_14:comb_3|q[16]       ; counter_14:comb_3|q[21]       ; CLOCK_50                      ; CLOCK_50    ; 0.000        ; 0.000      ; 1.721      ;
; 1.460  ; counter_14:comb_3|q[1]        ; counter_14:comb_3|q[6]        ; CLOCK_50                      ; CLOCK_50    ; 0.000        ; 0.000      ; 1.726      ;
; 1.462  ; counter_14:comb_3|q[14]       ; counter_14:comb_3|q[18]       ; CLOCK_50                      ; CLOCK_50    ; 0.000        ; 0.004      ; 1.732      ;
; 1.462  ; counter_14:comb_3|q[13]       ; counter_14:comb_3|q[17]       ; CLOCK_50                      ; CLOCK_50    ; 0.000        ; 0.004      ; 1.732      ;
; 1.465  ; counter_14:comb_3|q[17]       ; counter_14:comb_3|q[22]       ; CLOCK_50                      ; CLOCK_50    ; 0.000        ; 0.000      ; 1.731      ;
; 1.466  ; counter_14:comb_3|q[25]       ; counter_14:comb_3|q[30]       ; CLOCK_50                      ; CLOCK_50    ; 0.000        ; 0.000      ; 1.732      ;
+--------+-------------------------------+-------------------------------+-------------------------------+-------------+--------------+------------+------------+


+------------------------------------------------------------------------------------------------------------------------------------------------------------------------+
; Slow Model Hold: 'counter_14:comb_3|clock_400ms'                                                                                                                       ;
+-------+---------------------------+---------------------------+-------------------------------+-------------------------------+--------------+------------+------------+
; Slack ; From Node                 ; To Node                   ; Launch Clock                  ; Latch Clock                   ; Relationship ; Clock Skew ; Data Delay ;
+-------+---------------------------+---------------------------+-------------------------------+-------------------------------+--------------+------------+------------+
; 0.391 ; counter_14:comb_3|bcd2[0] ; counter_14:comb_3|bcd2[0] ; counter_14:comb_3|clock_400ms ; counter_14:comb_3|clock_400ms ; 0.000        ; 0.000      ; 0.657      ;
; 0.391 ; counter_14:comb_3|bcd2[1] ; counter_14:comb_3|bcd2[1] ; counter_14:comb_3|clock_400ms ; counter_14:comb_3|clock_400ms ; 0.000        ; 0.000      ; 0.657      ;
; 0.391 ; counter_14:comb_3|bcd2[2] ; counter_14:comb_3|bcd2[2] ; counter_14:comb_3|clock_400ms ; counter_14:comb_3|clock_400ms ; 0.000        ; 0.000      ; 0.657      ;
; 0.391 ; counter_14:comb_3|bcd1[2] ; counter_14:comb_3|bcd1[2] ; counter_14:comb_3|clock_400ms ; counter_14:comb_3|clock_400ms ; 0.000        ; 0.000      ; 0.657      ;
; 0.391 ; counter_14:comb_3|bcd1[3] ; counter_14:comb_3|bcd1[3] ; counter_14:comb_3|clock_400ms ; counter_14:comb_3|clock_400ms ; 0.000        ; 0.000      ; 0.657      ;
; 0.391 ; counter_14:comb_3|bcd1[1] ; counter_14:comb_3|bcd1[1] ; counter_14:comb_3|clock_400ms ; counter_14:comb_3|clock_400ms ; 0.000        ; 0.000      ; 0.657      ;
; 0.391 ; counter_14:comb_3|bcd1[0] ; counter_14:comb_3|bcd1[0] ; counter_14:comb_3|clock_400ms ; counter_14:comb_3|clock_400ms ; 0.000        ; 0.000      ; 0.657      ;
; 0.732 ; counter_14:comb_3|bcd1[2] ; counter_14:comb_3|bcd1[1] ; counter_14:comb_3|clock_400ms ; counter_14:comb_3|clock_400ms ; 0.000        ; 0.000      ; 0.998      ;
; 0.809 ; counter_14:comb_3|bcd1[3] ; counter_14:comb_3|bcd1[1] ; counter_14:comb_3|clock_400ms ; counter_14:comb_3|clock_400ms ; 0.000        ; 0.000      ; 1.075      ;
; 0.815 ; counter_14:comb_3|bcd2[0] ; counter_14:comb_3|bcd2[1] ; counter_14:comb_3|clock_400ms ; counter_14:comb_3|clock_400ms ; 0.000        ; 0.000      ; 1.081      ;
; 0.815 ; counter_14:comb_3|bcd2[0] ; counter_14:comb_3|bcd2[2] ; counter_14:comb_3|clock_400ms ; counter_14:comb_3|clock_400ms ; 0.000        ; 0.000      ; 1.081      ;
; 0.840 ; counter_14:comb_3|bcd1[2] ; counter_14:comb_3|bcd1[3] ; counter_14:comb_3|clock_400ms ; counter_14:comb_3|clock_400ms ; 0.000        ; 0.000      ; 1.106      ;
; 0.874 ; counter_14:comb_3|bcd1[0] ; counter_14:comb_3|bcd1[1] ; counter_14:comb_3|clock_400ms ; counter_14:comb_3|clock_400ms ; 0.000        ; 0.000      ; 1.140      ;
; 0.944 ; counter_14:comb_3|bcd2[2] ; counter_14:comb_3|bcd1[2] ; counter_14:comb_3|clock_400ms ; counter_14:comb_3|clock_400ms ; 0.000        ; 0.000      ; 1.210      ;
; 0.946 ; counter_14:comb_3|bcd2[2] ; counter_14:comb_3|bcd1[3] ; counter_14:comb_3|clock_400ms ; counter_14:comb_3|clock_400ms ; 0.000        ; 0.000      ; 1.212      ;
; 0.980 ; counter_14:comb_3|bcd1[1] ; counter_14:comb_3|bcd2[2] ; counter_14:comb_3|clock_400ms ; counter_14:comb_3|clock_400ms ; 0.000        ; 0.000      ; 1.246      ;
; 0.981 ; counter_14:comb_3|bcd1[1] ; counter_14:comb_3|bcd2[1] ; counter_14:comb_3|clock_400ms ; counter_14:comb_3|clock_400ms ; 0.000        ; 0.000      ; 1.247      ;
; 0.983 ; counter_14:comb_3|bcd1[1] ; counter_14:comb_3|bcd1[0] ; counter_14:comb_3|clock_400ms ; counter_14:comb_3|clock_400ms ; 0.000        ; 0.000      ; 1.249      ;
; 0.987 ; counter_14:comb_3|bcd1[1] ; counter_14:comb_3|bcd2[0] ; counter_14:comb_3|clock_400ms ; counter_14:comb_3|clock_400ms ; 0.000        ; 0.000      ; 1.253      ;
; 1.019 ; counter_14:comb_3|bcd2[1] ; counter_14:comb_3|bcd2[2] ; counter_14:comb_3|clock_400ms ; counter_14:comb_3|clock_400ms ; 0.000        ; 0.000      ; 1.285      ;
; 1.020 ; counter_14:comb_3|bcd2[2] ; counter_14:comb_3|bcd2[1] ; counter_14:comb_3|clock_400ms ; counter_14:comb_3|clock_400ms ; 0.000        ; 0.000      ; 1.286      ;
; 1.085 ; counter_14:comb_3|bcd2[1] ; counter_14:comb_3|bcd1[2] ; counter_14:comb_3|clock_400ms ; counter_14:comb_3|clock_400ms ; 0.000        ; 0.000      ; 1.351      ;
; 1.087 ; counter_14:comb_3|bcd2[1] ; counter_14:comb_3|bcd1[3] ; counter_14:comb_3|clock_400ms ; counter_14:comb_3|clock_400ms ; 0.000        ; 0.000      ; 1.353      ;
; 1.093 ; counter_14:comb_3|bcd1[2] ; counter_14:comb_3|bcd2[2] ; counter_14:comb_3|clock_400ms ; counter_14:comb_3|clock_400ms ; 0.000        ; 0.000      ; 1.359      ;
; 1.094 ; counter_14:comb_3|bcd1[2] ; counter_14:comb_3|bcd2[1] ; counter_14:comb_3|clock_400ms ; counter_14:comb_3|clock_400ms ; 0.000        ; 0.000      ; 1.360      ;
; 1.096 ; counter_14:comb_3|bcd1[2] ; counter_14:comb_3|bcd1[0] ; counter_14:comb_3|clock_400ms ; counter_14:comb_3|clock_400ms ; 0.000        ; 0.000      ; 1.362      ;
; 1.100 ; counter_14:comb_3|bcd1[2] ; counter_14:comb_3|bcd2[0] ; counter_14:comb_3|clock_400ms ; counter_14:comb_3|clock_400ms ; 0.000        ; 0.000      ; 1.366      ;
; 1.188 ; counter_14:comb_3|bcd1[3] ; counter_14:comb_3|bcd2[2] ; counter_14:comb_3|clock_400ms ; counter_14:comb_3|clock_400ms ; 0.000        ; 0.000      ; 1.454      ;
; 1.189 ; counter_14:comb_3|bcd1[3] ; counter_14:comb_3|bcd2[1] ; counter_14:comb_3|clock_400ms ; counter_14:comb_3|clock_400ms ; 0.000        ; 0.000      ; 1.455      ;
; 1.191 ; counter_14:comb_3|bcd1[3] ; counter_14:comb_3|bcd1[0] ; counter_14:comb_3|clock_400ms ; counter_14:comb_3|clock_400ms ; 0.000        ; 0.000      ; 1.457      ;
; 1.195 ; counter_14:comb_3|bcd1[3] ; counter_14:comb_3|bcd2[0] ; counter_14:comb_3|clock_400ms ; counter_14:comb_3|clock_400ms ; 0.000        ; 0.000      ; 1.461      ;
; 1.222 ; counter_14:comb_3|bcd2[2] ; counter_14:comb_3|bcd1[0] ; counter_14:comb_3|clock_400ms ; counter_14:comb_3|clock_400ms ; 0.000        ; 0.000      ; 1.488      ;
; 1.232 ; counter_14:comb_3|bcd2[0] ; counter_14:comb_3|bcd1[2] ; counter_14:comb_3|clock_400ms ; counter_14:comb_3|clock_400ms ; 0.000        ; 0.000      ; 1.498      ;
; 1.234 ; counter_14:comb_3|bcd2[0] ; counter_14:comb_3|bcd1[3] ; counter_14:comb_3|clock_400ms ; counter_14:comb_3|clock_400ms ; 0.000        ; 0.000      ; 1.500      ;
; 1.258 ; counter_14:comb_3|bcd1[0] ; counter_14:comb_3|bcd1[2] ; counter_14:comb_3|clock_400ms ; counter_14:comb_3|clock_400ms ; 0.000        ; 0.000      ; 1.524      ;
; 1.259 ; counter_14:comb_3|bcd1[0] ; counter_14:comb_3|bcd1[3] ; counter_14:comb_3|clock_400ms ; counter_14:comb_3|clock_400ms ; 0.000        ; 0.000      ; 1.525      ;
; 1.261 ; counter_14:comb_3|bcd1[0] ; counter_14:comb_3|bcd2[2] ; counter_14:comb_3|clock_400ms ; counter_14:comb_3|clock_400ms ; 0.000        ; 0.000      ; 1.527      ;
; 1.262 ; counter_14:comb_3|bcd1[0] ; counter_14:comb_3|bcd2[1] ; counter_14:comb_3|clock_400ms ; counter_14:comb_3|clock_400ms ; 0.000        ; 0.000      ; 1.528      ;
; 1.268 ; counter_14:comb_3|bcd1[0] ; counter_14:comb_3|bcd2[0] ; counter_14:comb_3|clock_400ms ; counter_14:comb_3|clock_400ms ; 0.000        ; 0.000      ; 1.534      ;
; 1.295 ; counter_14:comb_3|bcd1[1] ; counter_14:comb_3|bcd1[2] ; counter_14:comb_3|clock_400ms ; counter_14:comb_3|clock_400ms ; 0.000        ; 0.000      ; 1.561      ;
; 1.363 ; counter_14:comb_3|bcd2[1] ; counter_14:comb_3|bcd1[0] ; counter_14:comb_3|clock_400ms ; counter_14:comb_3|clock_400ms ; 0.000        ; 0.000      ; 1.629      ;
; 1.477 ; counter_14:comb_3|bcd1[1] ; counter_14:comb_3|bcd1[3] ; counter_14:comb_3|clock_400ms ; counter_14:comb_3|clock_400ms ; 0.000        ; 0.000      ; 1.743      ;
; 1.503 ; counter_14:comb_3|bcd1[3] ; counter_14:comb_3|bcd1[2] ; counter_14:comb_3|clock_400ms ; counter_14:comb_3|clock_400ms ; 0.000        ; 0.000      ; 1.769      ;
; 1.510 ; counter_14:comb_3|bcd2[0] ; counter_14:comb_3|bcd1[0] ; counter_14:comb_3|clock_400ms ; counter_14:comb_3|clock_400ms ; 0.000        ; 0.000      ; 1.776      ;
+-------+---------------------------+---------------------------+-------------------------------+-------------------------------+--------------+------------+------------+


+-------------------------------------------------------------------------------------------------------------------+
; Slow Model Minimum Pulse Width: 'CLOCK_50'                                                                        ;
+--------+--------------+----------------+------------------+----------+------------+-------------------------------+
; Slack  ; Actual Width ; Required Width ; Type             ; Clock    ; Clock Edge ; Target                        ;
+--------+--------------+----------------+------------------+----------+------------+-------------------------------+
; -1.380 ; 1.000        ; 2.380          ; Port Rate        ; CLOCK_50 ; Rise       ; CLOCK_50                      ;
; -0.500 ; 0.500        ; 1.000          ; High Pulse Width ; CLOCK_50 ; Rise       ; counter_14:comb_3|clock_400ms ;
; -0.500 ; 0.500        ; 1.000          ; Low Pulse Width  ; CLOCK_50 ; Rise       ; counter_14:comb_3|clock_400ms ;
; -0.500 ; 0.500        ; 1.000          ; High Pulse Width ; CLOCK_50 ; Rise       ; counter_14:comb_3|q[0]        ;
; -0.500 ; 0.500        ; 1.000          ; Low Pulse Width  ; CLOCK_50 ; Rise       ; counter_14:comb_3|q[0]        ;
; -0.500 ; 0.500        ; 1.000          ; High Pulse Width ; CLOCK_50 ; Rise       ; counter_14:comb_3|q[10]       ;
; -0.500 ; 0.500        ; 1.000          ; Low Pulse Width  ; CLOCK_50 ; Rise       ; counter_14:comb_3|q[10]       ;
; -0.500 ; 0.500        ; 1.000          ; High Pulse Width ; CLOCK_50 ; Rise       ; counter_14:comb_3|q[11]       ;
; -0.500 ; 0.500        ; 1.000          ; Low Pulse Width  ; CLOCK_50 ; Rise       ; counter_14:comb_3|q[11]       ;
; -0.500 ; 0.500        ; 1.000          ; High Pulse Width ; CLOCK_50 ; Rise       ; counter_14:comb_3|q[12]       ;
; -0.500 ; 0.500        ; 1.000          ; Low Pulse Width  ; CLOCK_50 ; Rise       ; counter_14:comb_3|q[12]       ;
; -0.500 ; 0.500        ; 1.000          ; High Pulse Width ; CLOCK_50 ; Rise       ; counter_14:comb_3|q[13]       ;
; -0.500 ; 0.500        ; 1.000          ; Low Pulse Width  ; CLOCK_50 ; Rise       ; counter_14:comb_3|q[13]       ;
; -0.500 ; 0.500        ; 1.000          ; High Pulse Width ; CLOCK_50 ; Rise       ; counter_14:comb_3|q[14]       ;
; -0.500 ; 0.500        ; 1.000          ; Low Pulse Width  ; CLOCK_50 ; Rise       ; counter_14:comb_3|q[14]       ;
; -0.500 ; 0.500        ; 1.000          ; High Pulse Width ; CLOCK_50 ; Rise       ; counter_14:comb_3|q[15]       ;
; -0.500 ; 0.500        ; 1.000          ; Low Pulse Width  ; CLOCK_50 ; Rise       ; counter_14:comb_3|q[15]       ;
; -0.500 ; 0.500        ; 1.000          ; High Pulse Width ; CLOCK_50 ; Rise       ; counter_14:comb_3|q[16]       ;
; -0.500 ; 0.500        ; 1.000          ; Low Pulse Width  ; CLOCK_50 ; Rise       ; counter_14:comb_3|q[16]       ;
; -0.500 ; 0.500        ; 1.000          ; High Pulse Width ; CLOCK_50 ; Rise       ; counter_14:comb_3|q[17]       ;
; -0.500 ; 0.500        ; 1.000          ; Low Pulse Width  ; CLOCK_50 ; Rise       ; counter_14:comb_3|q[17]       ;
; -0.500 ; 0.500        ; 1.000          ; High Pulse Width ; CLOCK_50 ; Rise       ; counter_14:comb_3|q[18]       ;
; -0.500 ; 0.500        ; 1.000          ; Low Pulse Width  ; CLOCK_50 ; Rise       ; counter_14:comb_3|q[18]       ;
; -0.500 ; 0.500        ; 1.000          ; High Pulse Width ; CLOCK_50 ; Rise       ; counter_14:comb_3|q[19]       ;
; -0.500 ; 0.500        ; 1.000          ; Low Pulse Width  ; CLOCK_50 ; Rise       ; counter_14:comb_3|q[19]       ;
; -0.500 ; 0.500        ; 1.000          ; High Pulse Width ; CLOCK_50 ; Rise       ; counter_14:comb_3|q[1]        ;
; -0.500 ; 0.500        ; 1.000          ; Low Pulse Width  ; CLOCK_50 ; Rise       ; counter_14:comb_3|q[1]        ;
; -0.500 ; 0.500        ; 1.000          ; High Pulse Width ; CLOCK_50 ; Rise       ; counter_14:comb_3|q[20]       ;
; -0.500 ; 0.500        ; 1.000          ; Low Pulse Width  ; CLOCK_50 ; Rise       ; counter_14:comb_3|q[20]       ;
; -0.500 ; 0.500        ; 1.000          ; High Pulse Width ; CLOCK_50 ; Rise       ; counter_14:comb_3|q[21]       ;
; -0.500 ; 0.500        ; 1.000          ; Low Pulse Width  ; CLOCK_50 ; Rise       ; counter_14:comb_3|q[21]       ;
; -0.500 ; 0.500        ; 1.000          ; High Pulse Width ; CLOCK_50 ; Rise       ; counter_14:comb_3|q[22]       ;
; -0.500 ; 0.500        ; 1.000          ; Low Pulse Width  ; CLOCK_50 ; Rise       ; counter_14:comb_3|q[22]       ;
; -0.500 ; 0.500        ; 1.000          ; High Pulse Width ; CLOCK_50 ; Rise       ; counter_14:comb_3|q[23]       ;
; -0.500 ; 0.500        ; 1.000          ; Low Pulse Width  ; CLOCK_50 ; Rise       ; counter_14:comb_3|q[23]       ;
; -0.500 ; 0.500        ; 1.000          ; High Pulse Width ; CLOCK_50 ; Rise       ; counter_14:comb_3|q[24]       ;
; -0.500 ; 0.500        ; 1.000          ; Low Pulse Width  ; CLOCK_50 ; Rise       ; counter_14:comb_3|q[24]       ;
; -0.500 ; 0.500        ; 1.000          ; High Pulse Width ; CLOCK_50 ; Rise       ; counter_14:comb_3|q[25]       ;
; -0.500 ; 0.500        ; 1.000          ; Low Pulse Width  ; CLOCK_50 ; Rise       ; counter_14:comb_3|q[25]       ;
; -0.500 ; 0.500        ; 1.000          ; High Pulse Width ; CLOCK_50 ; Rise       ; counter_14:comb_3|q[26]       ;
; -0.500 ; 0.500        ; 1.000          ; Low Pulse Width  ; CLOCK_50 ; Rise       ; counter_14:comb_3|q[26]       ;
; -0.500 ; 0.500        ; 1.000          ; High Pulse Width ; CLOCK_50 ; Rise       ; counter_14:comb_3|q[27]       ;
; -0.500 ; 0.500        ; 1.000          ; Low Pulse Width  ; CLOCK_50 ; Rise       ; counter_14:comb_3|q[27]       ;
; -0.500 ; 0.500        ; 1.000          ; High Pulse Width ; CLOCK_50 ; Rise       ; counter_14:comb_3|q[28]       ;
; -0.500 ; 0.500        ; 1.000          ; Low Pulse Width  ; CLOCK_50 ; Rise       ; counter_14:comb_3|q[28]       ;
; -0.500 ; 0.500        ; 1.000          ; High Pulse Width ; CLOCK_50 ; Rise       ; counter_14:comb_3|q[29]       ;
; -0.500 ; 0.500        ; 1.000          ; Low Pulse Width  ; CLOCK_50 ; Rise       ; counter_14:comb_3|q[29]       ;
; -0.500 ; 0.500        ; 1.000          ; High Pulse Width ; CLOCK_50 ; Rise       ; counter_14:comb_3|q[2]        ;
; -0.500 ; 0.500        ; 1.000          ; Low Pulse Width  ; CLOCK_50 ; Rise       ; counter_14:comb_3|q[2]        ;
; -0.500 ; 0.500        ; 1.000          ; High Pulse Width ; CLOCK_50 ; Rise       ; counter_14:comb_3|q[30]       ;
; -0.500 ; 0.500        ; 1.000          ; Low Pulse Width  ; CLOCK_50 ; Rise       ; counter_14:comb_3|q[30]       ;
; -0.500 ; 0.500        ; 1.000          ; High Pulse Width ; CLOCK_50 ; Rise       ; counter_14:comb_3|q[31]       ;
; -0.500 ; 0.500        ; 1.000          ; Low Pulse Width  ; CLOCK_50 ; Rise       ; counter_14:comb_3|q[31]       ;
; -0.500 ; 0.500        ; 1.000          ; High Pulse Width ; CLOCK_50 ; Rise       ; counter_14:comb_3|q[3]        ;
; -0.500 ; 0.500        ; 1.000          ; Low Pulse Width  ; CLOCK_50 ; Rise       ; counter_14:comb_3|q[3]        ;
; -0.500 ; 0.500        ; 1.000          ; High Pulse Width ; CLOCK_50 ; Rise       ; counter_14:comb_3|q[4]        ;
; -0.500 ; 0.500        ; 1.000          ; Low Pulse Width  ; CLOCK_50 ; Rise       ; counter_14:comb_3|q[4]        ;
; -0.500 ; 0.500        ; 1.000          ; High Pulse Width ; CLOCK_50 ; Rise       ; counter_14:comb_3|q[5]        ;
; -0.500 ; 0.500        ; 1.000          ; Low Pulse Width  ; CLOCK_50 ; Rise       ; counter_14:comb_3|q[5]        ;
; -0.500 ; 0.500        ; 1.000          ; High Pulse Width ; CLOCK_50 ; Rise       ; counter_14:comb_3|q[6]        ;
; -0.500 ; 0.500        ; 1.000          ; Low Pulse Width  ; CLOCK_50 ; Rise       ; counter_14:comb_3|q[6]        ;
; -0.500 ; 0.500        ; 1.000          ; High Pulse Width ; CLOCK_50 ; Rise       ; counter_14:comb_3|q[7]        ;
; -0.500 ; 0.500        ; 1.000          ; Low Pulse Width  ; CLOCK_50 ; Rise       ; counter_14:comb_3|q[7]        ;
; -0.500 ; 0.500        ; 1.000          ; High Pulse Width ; CLOCK_50 ; Rise       ; counter_14:comb_3|q[8]        ;
; -0.500 ; 0.500        ; 1.000          ; Low Pulse Width  ; CLOCK_50 ; Rise       ; counter_14:comb_3|q[8]        ;
; -0.500 ; 0.500        ; 1.000          ; High Pulse Width ; CLOCK_50 ; Rise       ; counter_14:comb_3|q[9]        ;
; -0.500 ; 0.500        ; 1.000          ; Low Pulse Width  ; CLOCK_50 ; Rise       ; counter_14:comb_3|q[9]        ;
; 0.500  ; 0.500        ; 0.000          ; High Pulse Width ; CLOCK_50 ; Rise       ; CLOCK_50|combout              ;
; 0.500  ; 0.500        ; 0.000          ; Low Pulse Width  ; CLOCK_50 ; Rise       ; CLOCK_50|combout              ;
; 0.500  ; 0.500        ; 0.000          ; High Pulse Width ; CLOCK_50 ; Rise       ; CLOCK_50~clkctrl|inclk[0]     ;
; 0.500  ; 0.500        ; 0.000          ; Low Pulse Width  ; CLOCK_50 ; Rise       ; CLOCK_50~clkctrl|inclk[0]     ;
; 0.500  ; 0.500        ; 0.000          ; High Pulse Width ; CLOCK_50 ; Rise       ; CLOCK_50~clkctrl|outclk       ;
; 0.500  ; 0.500        ; 0.000          ; Low Pulse Width  ; CLOCK_50 ; Rise       ; CLOCK_50~clkctrl|outclk       ;
; 0.500  ; 0.500        ; 0.000          ; High Pulse Width ; CLOCK_50 ; Rise       ; comb_3|clock_400ms|clk        ;
; 0.500  ; 0.500        ; 0.000          ; Low Pulse Width  ; CLOCK_50 ; Rise       ; comb_3|clock_400ms|clk        ;
; 0.500  ; 0.500        ; 0.000          ; High Pulse Width ; CLOCK_50 ; Rise       ; comb_3|q[0]|clk               ;
; 0.500  ; 0.500        ; 0.000          ; Low Pulse Width  ; CLOCK_50 ; Rise       ; comb_3|q[0]|clk               ;
; 0.500  ; 0.500        ; 0.000          ; High Pulse Width ; CLOCK_50 ; Rise       ; comb_3|q[10]|clk              ;
; 0.500  ; 0.500        ; 0.000          ; Low Pulse Width  ; CLOCK_50 ; Rise       ; comb_3|q[10]|clk              ;
; 0.500  ; 0.500        ; 0.000          ; High Pulse Width ; CLOCK_50 ; Rise       ; comb_3|q[11]|clk              ;
; 0.500  ; 0.500        ; 0.000          ; Low Pulse Width  ; CLOCK_50 ; Rise       ; comb_3|q[11]|clk              ;
; 0.500  ; 0.500        ; 0.000          ; High Pulse Width ; CLOCK_50 ; Rise       ; comb_3|q[12]|clk              ;
; 0.500  ; 0.500        ; 0.000          ; Low Pulse Width  ; CLOCK_50 ; Rise       ; comb_3|q[12]|clk              ;
; 0.500  ; 0.500        ; 0.000          ; High Pulse Width ; CLOCK_50 ; Rise       ; comb_3|q[13]|clk              ;
; 0.500  ; 0.500        ; 0.000          ; Low Pulse Width  ; CLOCK_50 ; Rise       ; comb_3|q[13]|clk              ;
; 0.500  ; 0.500        ; 0.000          ; High Pulse Width ; CLOCK_50 ; Rise       ; comb_3|q[14]|clk              ;
; 0.500  ; 0.500        ; 0.000          ; Low Pulse Width  ; CLOCK_50 ; Rise       ; comb_3|q[14]|clk              ;
; 0.500  ; 0.500        ; 0.000          ; High Pulse Width ; CLOCK_50 ; Rise       ; comb_3|q[15]|clk              ;
; 0.500  ; 0.500        ; 0.000          ; Low Pulse Width  ; CLOCK_50 ; Rise       ; comb_3|q[15]|clk              ;
; 0.500  ; 0.500        ; 0.000          ; High Pulse Width ; CLOCK_50 ; Rise       ; comb_3|q[16]|clk              ;
; 0.500  ; 0.500        ; 0.000          ; Low Pulse Width  ; CLOCK_50 ; Rise       ; comb_3|q[16]|clk              ;
; 0.500  ; 0.500        ; 0.000          ; High Pulse Width ; CLOCK_50 ; Rise       ; comb_3|q[17]|clk              ;
; 0.500  ; 0.500        ; 0.000          ; Low Pulse Width  ; CLOCK_50 ; Rise       ; comb_3|q[17]|clk              ;
; 0.500  ; 0.500        ; 0.000          ; High Pulse Width ; CLOCK_50 ; Rise       ; comb_3|q[18]|clk              ;
; 0.500  ; 0.500        ; 0.000          ; Low Pulse Width  ; CLOCK_50 ; Rise       ; comb_3|q[18]|clk              ;
; 0.500  ; 0.500        ; 0.000          ; High Pulse Width ; CLOCK_50 ; Rise       ; comb_3|q[19]|clk              ;
; 0.500  ; 0.500        ; 0.000          ; Low Pulse Width  ; CLOCK_50 ; Rise       ; comb_3|q[19]|clk              ;
; 0.500  ; 0.500        ; 0.000          ; High Pulse Width ; CLOCK_50 ; Rise       ; comb_3|q[1]|clk               ;
; 0.500  ; 0.500        ; 0.000          ; Low Pulse Width  ; CLOCK_50 ; Rise       ; comb_3|q[1]|clk               ;
; 0.500  ; 0.500        ; 0.000          ; High Pulse Width ; CLOCK_50 ; Rise       ; comb_3|q[20]|clk              ;
+--------+--------------+----------------+------------------+----------+------------+-------------------------------+


+----------------------------------------------------------------------------------------------------------------------------------------------+
; Slow Model Minimum Pulse Width: 'counter_14:comb_3|clock_400ms'                                                                              ;
+--------+--------------+----------------+------------------+-------------------------------+------------+-------------------------------------+
; Slack  ; Actual Width ; Required Width ; Type             ; Clock                         ; Clock Edge ; Target                              ;
+--------+--------------+----------------+------------------+-------------------------------+------------+-------------------------------------+
; -0.500 ; 0.500        ; 1.000          ; High Pulse Width ; counter_14:comb_3|clock_400ms ; Rise       ; counter_14:comb_3|bcd1[0]           ;
; -0.500 ; 0.500        ; 1.000          ; Low Pulse Width  ; counter_14:comb_3|clock_400ms ; Rise       ; counter_14:comb_3|bcd1[0]           ;
; -0.500 ; 0.500        ; 1.000          ; High Pulse Width ; counter_14:comb_3|clock_400ms ; Rise       ; counter_14:comb_3|bcd1[1]           ;
; -0.500 ; 0.500        ; 1.000          ; Low Pulse Width  ; counter_14:comb_3|clock_400ms ; Rise       ; counter_14:comb_3|bcd1[1]           ;
; -0.500 ; 0.500        ; 1.000          ; High Pulse Width ; counter_14:comb_3|clock_400ms ; Rise       ; counter_14:comb_3|bcd1[2]           ;
; -0.500 ; 0.500        ; 1.000          ; Low Pulse Width  ; counter_14:comb_3|clock_400ms ; Rise       ; counter_14:comb_3|bcd1[2]           ;
; -0.500 ; 0.500        ; 1.000          ; High Pulse Width ; counter_14:comb_3|clock_400ms ; Rise       ; counter_14:comb_3|bcd1[3]           ;
; -0.500 ; 0.500        ; 1.000          ; Low Pulse Width  ; counter_14:comb_3|clock_400ms ; Rise       ; counter_14:comb_3|bcd1[3]           ;
; -0.500 ; 0.500        ; 1.000          ; High Pulse Width ; counter_14:comb_3|clock_400ms ; Rise       ; counter_14:comb_3|bcd2[0]           ;
; -0.500 ; 0.500        ; 1.000          ; Low Pulse Width  ; counter_14:comb_3|clock_400ms ; Rise       ; counter_14:comb_3|bcd2[0]           ;
; -0.500 ; 0.500        ; 1.000          ; High Pulse Width ; counter_14:comb_3|clock_400ms ; Rise       ; counter_14:comb_3|bcd2[1]           ;
; -0.500 ; 0.500        ; 1.000          ; Low Pulse Width  ; counter_14:comb_3|clock_400ms ; Rise       ; counter_14:comb_3|bcd2[1]           ;
; -0.500 ; 0.500        ; 1.000          ; High Pulse Width ; counter_14:comb_3|clock_400ms ; Rise       ; counter_14:comb_3|bcd2[2]           ;
; -0.500 ; 0.500        ; 1.000          ; Low Pulse Width  ; counter_14:comb_3|clock_400ms ; Rise       ; counter_14:comb_3|bcd2[2]           ;
; 0.500  ; 0.500        ; 0.000          ; High Pulse Width ; counter_14:comb_3|clock_400ms ; Rise       ; comb_3|bcd1[0]|clk                  ;
; 0.500  ; 0.500        ; 0.000          ; Low Pulse Width  ; counter_14:comb_3|clock_400ms ; Rise       ; comb_3|bcd1[0]|clk                  ;
; 0.500  ; 0.500        ; 0.000          ; High Pulse Width ; counter_14:comb_3|clock_400ms ; Rise       ; comb_3|bcd1[1]|clk                  ;
; 0.500  ; 0.500        ; 0.000          ; Low Pulse Width  ; counter_14:comb_3|clock_400ms ; Rise       ; comb_3|bcd1[1]|clk                  ;
; 0.500  ; 0.500        ; 0.000          ; High Pulse Width ; counter_14:comb_3|clock_400ms ; Rise       ; comb_3|bcd1[2]|clk                  ;
; 0.500  ; 0.500        ; 0.000          ; Low Pulse Width  ; counter_14:comb_3|clock_400ms ; Rise       ; comb_3|bcd1[2]|clk                  ;
; 0.500  ; 0.500        ; 0.000          ; High Pulse Width ; counter_14:comb_3|clock_400ms ; Rise       ; comb_3|bcd1[3]|clk                  ;
; 0.500  ; 0.500        ; 0.000          ; Low Pulse Width  ; counter_14:comb_3|clock_400ms ; Rise       ; comb_3|bcd1[3]|clk                  ;
; 0.500  ; 0.500        ; 0.000          ; High Pulse Width ; counter_14:comb_3|clock_400ms ; Rise       ; comb_3|bcd2[0]|clk                  ;
; 0.500  ; 0.500        ; 0.000          ; Low Pulse Width  ; counter_14:comb_3|clock_400ms ; Rise       ; comb_3|bcd2[0]|clk                  ;
; 0.500  ; 0.500        ; 0.000          ; High Pulse Width ; counter_14:comb_3|clock_400ms ; Rise       ; comb_3|bcd2[1]|clk                  ;
; 0.500  ; 0.500        ; 0.000          ; Low Pulse Width  ; counter_14:comb_3|clock_400ms ; Rise       ; comb_3|bcd2[1]|clk                  ;
; 0.500  ; 0.500        ; 0.000          ; High Pulse Width ; counter_14:comb_3|clock_400ms ; Rise       ; comb_3|bcd2[2]|clk                  ;
; 0.500  ; 0.500        ; 0.000          ; Low Pulse Width  ; counter_14:comb_3|clock_400ms ; Rise       ; comb_3|bcd2[2]|clk                  ;
; 0.500  ; 0.500        ; 0.000          ; High Pulse Width ; counter_14:comb_3|clock_400ms ; Rise       ; comb_3|clock_400ms|regout           ;
; 0.500  ; 0.500        ; 0.000          ; Low Pulse Width  ; counter_14:comb_3|clock_400ms ; Rise       ; comb_3|clock_400ms|regout           ;
; 0.500  ; 0.500        ; 0.000          ; High Pulse Width ; counter_14:comb_3|clock_400ms ; Rise       ; comb_3|clock_400ms~clkctrl|inclk[0] ;
; 0.500  ; 0.500        ; 0.000          ; Low Pulse Width  ; counter_14:comb_3|clock_400ms ; Rise       ; comb_3|clock_400ms~clkctrl|inclk[0] ;
; 0.500  ; 0.500        ; 0.000          ; High Pulse Width ; counter_14:comb_3|clock_400ms ; Rise       ; comb_3|clock_400ms~clkctrl|outclk   ;
; 0.500  ; 0.500        ; 0.000          ; Low Pulse Width  ; counter_14:comb_3|clock_400ms ; Rise       ; comb_3|clock_400ms~clkctrl|outclk   ;
+--------+--------------+----------------+------------------+-------------------------------+------------+-------------------------------------+


+----------------------------------------------------------------------------------------------------------+
; Clock to Output Times                                                                                    ;
+-----------+-------------------------------+--------+--------+------------+-------------------------------+
; Data Port ; Clock Port                    ; Rise   ; Fall   ; Clock Edge ; Clock Reference               ;
+-----------+-------------------------------+--------+--------+------------+-------------------------------+
; HEX0[*]   ; counter_14:comb_3|clock_400ms ; 7.697  ; 7.697  ; Rise       ; counter_14:comb_3|clock_400ms ;
;  HEX0[0]  ; counter_14:comb_3|clock_400ms ; 7.675  ; 7.675  ; Rise       ; counter_14:comb_3|clock_400ms ;
;  HEX0[1]  ; counter_14:comb_3|clock_400ms ; 7.669  ; 7.669  ; Rise       ; counter_14:comb_3|clock_400ms ;
;  HEX0[2]  ; counter_14:comb_3|clock_400ms ; 7.697  ; 7.697  ; Rise       ; counter_14:comb_3|clock_400ms ;
;  HEX0[3]  ; counter_14:comb_3|clock_400ms ; 7.450  ; 7.450  ; Rise       ; counter_14:comb_3|clock_400ms ;
;  HEX0[4]  ; counter_14:comb_3|clock_400ms ; 7.453  ; 7.453  ; Rise       ; counter_14:comb_3|clock_400ms ;
;  HEX0[5]  ; counter_14:comb_3|clock_400ms ; 7.419  ; 7.419  ; Rise       ; counter_14:comb_3|clock_400ms ;
;  HEX0[6]  ; counter_14:comb_3|clock_400ms ; 7.387  ; 7.387  ; Rise       ; counter_14:comb_3|clock_400ms ;
; HEX1[*]   ; counter_14:comb_3|clock_400ms ; 10.312 ; 10.312 ; Rise       ; counter_14:comb_3|clock_400ms ;
;  HEX1[0]  ; counter_14:comb_3|clock_400ms ; 10.212 ; 10.212 ; Rise       ; counter_14:comb_3|clock_400ms ;
;  HEX1[1]  ; counter_14:comb_3|clock_400ms ; 10.312 ; 10.312 ; Rise       ; counter_14:comb_3|clock_400ms ;
;  HEX1[2]  ; counter_14:comb_3|clock_400ms ; 9.906  ; 9.906  ; Rise       ; counter_14:comb_3|clock_400ms ;
;  HEX1[3]  ; counter_14:comb_3|clock_400ms ; 9.864  ; 9.864  ; Rise       ; counter_14:comb_3|clock_400ms ;
;  HEX1[4]  ; counter_14:comb_3|clock_400ms ; 9.927  ; 9.927  ; Rise       ; counter_14:comb_3|clock_400ms ;
;  HEX1[5]  ; counter_14:comb_3|clock_400ms ; 10.151 ; 10.151 ; Rise       ; counter_14:comb_3|clock_400ms ;
;  HEX1[6]  ; counter_14:comb_3|clock_400ms ; 10.175 ; 10.175 ; Rise       ; counter_14:comb_3|clock_400ms ;
+-----------+-------------------------------+--------+--------+------------+-------------------------------+


+--------------------------------------------------------------------------------------------------------+
; Minimum Clock to Output Times                                                                          ;
+-----------+-------------------------------+-------+-------+------------+-------------------------------+
; Data Port ; Clock Port                    ; Rise  ; Fall  ; Clock Edge ; Clock Reference               ;
+-----------+-------------------------------+-------+-------+------------+-------------------------------+
; HEX0[*]   ; counter_14:comb_3|clock_400ms ; 6.885 ; 6.885 ; Rise       ; counter_14:comb_3|clock_400ms ;
;  HEX0[0]  ; counter_14:comb_3|clock_400ms ; 7.401 ; 7.401 ; Rise       ; counter_14:comb_3|clock_400ms ;
;  HEX0[1]  ; counter_14:comb_3|clock_400ms ; 7.372 ; 7.372 ; Rise       ; counter_14:comb_3|clock_400ms ;
;  HEX0[2]  ; counter_14:comb_3|clock_400ms ; 7.398 ; 7.398 ; Rise       ; counter_14:comb_3|clock_400ms ;
;  HEX0[3]  ; counter_14:comb_3|clock_400ms ; 7.155 ; 7.155 ; Rise       ; counter_14:comb_3|clock_400ms ;
;  HEX0[4]  ; counter_14:comb_3|clock_400ms ; 7.157 ; 7.157 ; Rise       ; counter_14:comb_3|clock_400ms ;
;  HEX0[5]  ; counter_14:comb_3|clock_400ms ; 6.885 ; 6.885 ; Rise       ; counter_14:comb_3|clock_400ms ;
;  HEX0[6]  ; counter_14:comb_3|clock_400ms ; 6.890 ; 6.890 ; Rise       ; counter_14:comb_3|clock_400ms ;
; HEX1[*]   ; counter_14:comb_3|clock_400ms ; 9.260 ; 9.260 ; Rise       ; counter_14:comb_3|clock_400ms ;
;  HEX1[0]  ; counter_14:comb_3|clock_400ms ; 9.596 ; 9.596 ; Rise       ; counter_14:comb_3|clock_400ms ;
;  HEX1[1]  ; counter_14:comb_3|clock_400ms ; 9.707 ; 9.707 ; Rise       ; counter_14:comb_3|clock_400ms ;
;  HEX1[2]  ; counter_14:comb_3|clock_400ms ; 9.335 ; 9.335 ; Rise       ; counter_14:comb_3|clock_400ms ;
;  HEX1[3]  ; counter_14:comb_3|clock_400ms ; 9.260 ; 9.260 ; Rise       ; counter_14:comb_3|clock_400ms ;
;  HEX1[4]  ; counter_14:comb_3|clock_400ms ; 9.324 ; 9.324 ; Rise       ; counter_14:comb_3|clock_400ms ;
;  HEX1[5]  ; counter_14:comb_3|clock_400ms ; 9.579 ; 9.579 ; Rise       ; counter_14:comb_3|clock_400ms ;
;  HEX1[6]  ; counter_14:comb_3|clock_400ms ; 9.596 ; 9.596 ; Rise       ; counter_14:comb_3|clock_400ms ;
+-----------+-------------------------------+-------+-------+------------+-------------------------------+


+--------------------------------------------------------+
; Fast Model Setup Summary                               ;
+-------------------------------+--------+---------------+
; Clock                         ; Slack  ; End Point TNS ;
+-------------------------------+--------+---------------+
; CLOCK_50                      ; -1.766 ; -22.692       ;
; counter_14:comb_3|clock_400ms ; 0.164  ; 0.000         ;
+-------------------------------+--------+---------------+


+--------------------------------------------------------+
; Fast Model Hold Summary                                ;
+-------------------------------+--------+---------------+
; Clock                         ; Slack  ; End Point TNS ;
+-------------------------------+--------+---------------+
; CLOCK_50                      ; -1.574 ; -1.574        ;
; counter_14:comb_3|clock_400ms ; 0.215  ; 0.000         ;
+-------------------------------+--------+---------------+


-------------------------------
; Fast Model Recovery Summary ;
-------------------------------
No paths to report.


------------------------------
; Fast Model Removal Summary ;
------------------------------
No paths to report.


+--------------------------------------------------------+
; Fast Model Minimum Pulse Width Summary                 ;
+-------------------------------+--------+---------------+
; Clock                         ; Slack  ; End Point TNS ;
+-------------------------------+--------+---------------+
; CLOCK_50                      ; -1.380 ; -34.380       ;
; counter_14:comb_3|clock_400ms ; -0.500 ; -7.000        ;
+-------------------------------+--------+---------------+


+----------------------------------------------------------------------------------------------------------------------------------------+
; Fast Model Setup: 'CLOCK_50'                                                                                                           ;
+--------+-------------------------+-------------------------------+--------------+-------------+--------------+------------+------------+
; Slack  ; From Node               ; To Node                       ; Launch Clock ; Latch Clock ; Relationship ; Clock Skew ; Data Delay ;
+--------+-------------------------+-------------------------------+--------------+-------------+--------------+------------+------------+
; -1.766 ; counter_14:comb_3|q[0]  ; counter_14:comb_3|q[23]       ; CLOCK_50     ; CLOCK_50    ; 1.000        ; 0.002      ; 2.800      ;
; -1.765 ; counter_14:comb_3|q[0]  ; counter_14:comb_3|q[19]       ; CLOCK_50     ; CLOCK_50    ; 1.000        ; 0.002      ; 2.799      ;
; -1.734 ; counter_14:comb_3|q[0]  ; counter_14:comb_3|clock_400ms ; CLOCK_50     ; CLOCK_50    ; 1.000        ; -0.002     ; 2.764      ;
; -1.733 ; counter_14:comb_3|q[1]  ; counter_14:comb_3|q[23]       ; CLOCK_50     ; CLOCK_50    ; 1.000        ; 0.002      ; 2.767      ;
; -1.732 ; counter_14:comb_3|q[1]  ; counter_14:comb_3|q[19]       ; CLOCK_50     ; CLOCK_50    ; 1.000        ; 0.002      ; 2.766      ;
; -1.714 ; counter_14:comb_3|q[0]  ; counter_14:comb_3|q[12]       ; CLOCK_50     ; CLOCK_50    ; 1.000        ; -0.002     ; 2.744      ;
; -1.713 ; counter_14:comb_3|q[0]  ; counter_14:comb_3|q[15]       ; CLOCK_50     ; CLOCK_50    ; 1.000        ; -0.002     ; 2.743      ;
; -1.712 ; counter_14:comb_3|q[0]  ; counter_14:comb_3|q[9]        ; CLOCK_50     ; CLOCK_50    ; 1.000        ; -0.002     ; 2.742      ;
; -1.701 ; counter_14:comb_3|q[1]  ; counter_14:comb_3|clock_400ms ; CLOCK_50     ; CLOCK_50    ; 1.000        ; -0.002     ; 2.731      ;
; -1.699 ; counter_14:comb_3|q[2]  ; counter_14:comb_3|q[23]       ; CLOCK_50     ; CLOCK_50    ; 1.000        ; 0.002      ; 2.733      ;
; -1.698 ; counter_14:comb_3|q[2]  ; counter_14:comb_3|q[19]       ; CLOCK_50     ; CLOCK_50    ; 1.000        ; 0.002      ; 2.732      ;
; -1.681 ; counter_14:comb_3|q[1]  ; counter_14:comb_3|q[12]       ; CLOCK_50     ; CLOCK_50    ; 1.000        ; -0.002     ; 2.711      ;
; -1.680 ; counter_14:comb_3|q[1]  ; counter_14:comb_3|q[15]       ; CLOCK_50     ; CLOCK_50    ; 1.000        ; -0.002     ; 2.710      ;
; -1.679 ; counter_14:comb_3|q[3]  ; counter_14:comb_3|q[23]       ; CLOCK_50     ; CLOCK_50    ; 1.000        ; 0.002      ; 2.713      ;
; -1.679 ; counter_14:comb_3|q[1]  ; counter_14:comb_3|q[9]        ; CLOCK_50     ; CLOCK_50    ; 1.000        ; -0.002     ; 2.709      ;
; -1.678 ; counter_14:comb_3|q[3]  ; counter_14:comb_3|q[19]       ; CLOCK_50     ; CLOCK_50    ; 1.000        ; 0.002      ; 2.712      ;
; -1.667 ; counter_14:comb_3|q[2]  ; counter_14:comb_3|clock_400ms ; CLOCK_50     ; CLOCK_50    ; 1.000        ; -0.002     ; 2.697      ;
; -1.647 ; counter_14:comb_3|q[3]  ; counter_14:comb_3|clock_400ms ; CLOCK_50     ; CLOCK_50    ; 1.000        ; -0.002     ; 2.677      ;
; -1.647 ; counter_14:comb_3|q[2]  ; counter_14:comb_3|q[12]       ; CLOCK_50     ; CLOCK_50    ; 1.000        ; -0.002     ; 2.677      ;
; -1.646 ; counter_14:comb_3|q[2]  ; counter_14:comb_3|q[15]       ; CLOCK_50     ; CLOCK_50    ; 1.000        ; -0.002     ; 2.676      ;
; -1.645 ; counter_14:comb_3|q[2]  ; counter_14:comb_3|q[9]        ; CLOCK_50     ; CLOCK_50    ; 1.000        ; -0.002     ; 2.675      ;
; -1.629 ; counter_14:comb_3|q[4]  ; counter_14:comb_3|q[23]       ; CLOCK_50     ; CLOCK_50    ; 1.000        ; 0.002      ; 2.663      ;
; -1.628 ; counter_14:comb_3|q[4]  ; counter_14:comb_3|q[19]       ; CLOCK_50     ; CLOCK_50    ; 1.000        ; 0.002      ; 2.662      ;
; -1.627 ; counter_14:comb_3|q[3]  ; counter_14:comb_3|q[12]       ; CLOCK_50     ; CLOCK_50    ; 1.000        ; -0.002     ; 2.657      ;
; -1.626 ; counter_14:comb_3|q[3]  ; counter_14:comb_3|q[15]       ; CLOCK_50     ; CLOCK_50    ; 1.000        ; -0.002     ; 2.656      ;
; -1.625 ; counter_14:comb_3|q[3]  ; counter_14:comb_3|q[9]        ; CLOCK_50     ; CLOCK_50    ; 1.000        ; -0.002     ; 2.655      ;
; -1.610 ; counter_14:comb_3|q[5]  ; counter_14:comb_3|q[23]       ; CLOCK_50     ; CLOCK_50    ; 1.000        ; 0.002      ; 2.644      ;
; -1.609 ; counter_14:comb_3|q[5]  ; counter_14:comb_3|q[19]       ; CLOCK_50     ; CLOCK_50    ; 1.000        ; 0.002      ; 2.643      ;
; -1.597 ; counter_14:comb_3|q[7]  ; counter_14:comb_3|q[23]       ; CLOCK_50     ; CLOCK_50    ; 1.000        ; 0.004      ; 2.633      ;
; -1.597 ; counter_14:comb_3|q[4]  ; counter_14:comb_3|clock_400ms ; CLOCK_50     ; CLOCK_50    ; 1.000        ; -0.002     ; 2.627      ;
; -1.596 ; counter_14:comb_3|q[7]  ; counter_14:comb_3|q[19]       ; CLOCK_50     ; CLOCK_50    ; 1.000        ; 0.004      ; 2.632      ;
; -1.578 ; counter_14:comb_3|q[5]  ; counter_14:comb_3|clock_400ms ; CLOCK_50     ; CLOCK_50    ; 1.000        ; -0.002     ; 2.608      ;
; -1.577 ; counter_14:comb_3|q[4]  ; counter_14:comb_3|q[12]       ; CLOCK_50     ; CLOCK_50    ; 1.000        ; -0.002     ; 2.607      ;
; -1.576 ; counter_14:comb_3|q[4]  ; counter_14:comb_3|q[15]       ; CLOCK_50     ; CLOCK_50    ; 1.000        ; -0.002     ; 2.606      ;
; -1.575 ; counter_14:comb_3|q[6]  ; counter_14:comb_3|q[23]       ; CLOCK_50     ; CLOCK_50    ; 1.000        ; 0.002      ; 2.609      ;
; -1.575 ; counter_14:comb_3|q[4]  ; counter_14:comb_3|q[9]        ; CLOCK_50     ; CLOCK_50    ; 1.000        ; -0.002     ; 2.605      ;
; -1.574 ; counter_14:comb_3|q[6]  ; counter_14:comb_3|q[19]       ; CLOCK_50     ; CLOCK_50    ; 1.000        ; 0.002      ; 2.608      ;
; -1.569 ; counter_14:comb_3|q[0]  ; counter_14:comb_3|q[10]       ; CLOCK_50     ; CLOCK_50    ; 1.000        ; -0.002     ; 2.599      ;
; -1.566 ; counter_14:comb_3|q[0]  ; counter_14:comb_3|q[20]       ; CLOCK_50     ; CLOCK_50    ; 1.000        ; -0.002     ; 2.596      ;
; -1.565 ; counter_14:comb_3|q[7]  ; counter_14:comb_3|clock_400ms ; CLOCK_50     ; CLOCK_50    ; 1.000        ; 0.000      ; 2.597      ;
; -1.564 ; counter_14:comb_3|q[0]  ; counter_14:comb_3|q[7]        ; CLOCK_50     ; CLOCK_50    ; 1.000        ; -0.002     ; 2.594      ;
; -1.558 ; counter_14:comb_3|q[5]  ; counter_14:comb_3|q[12]       ; CLOCK_50     ; CLOCK_50    ; 1.000        ; -0.002     ; 2.588      ;
; -1.557 ; counter_14:comb_3|q[5]  ; counter_14:comb_3|q[15]       ; CLOCK_50     ; CLOCK_50    ; 1.000        ; -0.002     ; 2.587      ;
; -1.556 ; counter_14:comb_3|q[5]  ; counter_14:comb_3|q[9]        ; CLOCK_50     ; CLOCK_50    ; 1.000        ; -0.002     ; 2.586      ;
; -1.545 ; counter_14:comb_3|q[7]  ; counter_14:comb_3|q[12]       ; CLOCK_50     ; CLOCK_50    ; 1.000        ; 0.000      ; 2.577      ;
; -1.544 ; counter_14:comb_3|q[7]  ; counter_14:comb_3|q[15]       ; CLOCK_50     ; CLOCK_50    ; 1.000        ; 0.000      ; 2.576      ;
; -1.543 ; counter_14:comb_3|q[6]  ; counter_14:comb_3|clock_400ms ; CLOCK_50     ; CLOCK_50    ; 1.000        ; -0.002     ; 2.573      ;
; -1.543 ; counter_14:comb_3|q[7]  ; counter_14:comb_3|q[9]        ; CLOCK_50     ; CLOCK_50    ; 1.000        ; 0.000      ; 2.575      ;
; -1.536 ; counter_14:comb_3|q[1]  ; counter_14:comb_3|q[10]       ; CLOCK_50     ; CLOCK_50    ; 1.000        ; -0.002     ; 2.566      ;
; -1.533 ; counter_14:comb_3|q[1]  ; counter_14:comb_3|q[20]       ; CLOCK_50     ; CLOCK_50    ; 1.000        ; -0.002     ; 2.563      ;
; -1.531 ; counter_14:comb_3|q[1]  ; counter_14:comb_3|q[7]        ; CLOCK_50     ; CLOCK_50    ; 1.000        ; -0.002     ; 2.561      ;
; -1.523 ; counter_14:comb_3|q[6]  ; counter_14:comb_3|q[12]       ; CLOCK_50     ; CLOCK_50    ; 1.000        ; -0.002     ; 2.553      ;
; -1.522 ; counter_14:comb_3|q[6]  ; counter_14:comb_3|q[15]       ; CLOCK_50     ; CLOCK_50    ; 1.000        ; -0.002     ; 2.552      ;
; -1.521 ; counter_14:comb_3|q[6]  ; counter_14:comb_3|q[9]        ; CLOCK_50     ; CLOCK_50    ; 1.000        ; -0.002     ; 2.551      ;
; -1.502 ; counter_14:comb_3|q[2]  ; counter_14:comb_3|q[10]       ; CLOCK_50     ; CLOCK_50    ; 1.000        ; -0.002     ; 2.532      ;
; -1.499 ; counter_14:comb_3|q[2]  ; counter_14:comb_3|q[20]       ; CLOCK_50     ; CLOCK_50    ; 1.000        ; -0.002     ; 2.529      ;
; -1.497 ; counter_14:comb_3|q[2]  ; counter_14:comb_3|q[7]        ; CLOCK_50     ; CLOCK_50    ; 1.000        ; -0.002     ; 2.527      ;
; -1.482 ; counter_14:comb_3|q[3]  ; counter_14:comb_3|q[10]       ; CLOCK_50     ; CLOCK_50    ; 1.000        ; -0.002     ; 2.512      ;
; -1.479 ; counter_14:comb_3|q[3]  ; counter_14:comb_3|q[20]       ; CLOCK_50     ; CLOCK_50    ; 1.000        ; -0.002     ; 2.509      ;
; -1.477 ; counter_14:comb_3|q[3]  ; counter_14:comb_3|q[7]        ; CLOCK_50     ; CLOCK_50    ; 1.000        ; -0.002     ; 2.507      ;
; -1.475 ; counter_14:comb_3|q[9]  ; counter_14:comb_3|q[23]       ; CLOCK_50     ; CLOCK_50    ; 1.000        ; 0.004      ; 2.511      ;
; -1.474 ; counter_14:comb_3|q[9]  ; counter_14:comb_3|q[19]       ; CLOCK_50     ; CLOCK_50    ; 1.000        ; 0.004      ; 2.510      ;
; -1.443 ; counter_14:comb_3|q[9]  ; counter_14:comb_3|clock_400ms ; CLOCK_50     ; CLOCK_50    ; 1.000        ; 0.000      ; 2.475      ;
; -1.440 ; counter_14:comb_3|q[10] ; counter_14:comb_3|q[23]       ; CLOCK_50     ; CLOCK_50    ; 1.000        ; 0.004      ; 2.476      ;
; -1.440 ; counter_14:comb_3|q[8]  ; counter_14:comb_3|q[23]       ; CLOCK_50     ; CLOCK_50    ; 1.000        ; 0.002      ; 2.474      ;
; -1.439 ; counter_14:comb_3|q[10] ; counter_14:comb_3|q[19]       ; CLOCK_50     ; CLOCK_50    ; 1.000        ; 0.004      ; 2.475      ;
; -1.439 ; counter_14:comb_3|q[8]  ; counter_14:comb_3|q[19]       ; CLOCK_50     ; CLOCK_50    ; 1.000        ; 0.002      ; 2.473      ;
; -1.432 ; counter_14:comb_3|q[4]  ; counter_14:comb_3|q[10]       ; CLOCK_50     ; CLOCK_50    ; 1.000        ; -0.002     ; 2.462      ;
; -1.429 ; counter_14:comb_3|q[4]  ; counter_14:comb_3|q[20]       ; CLOCK_50     ; CLOCK_50    ; 1.000        ; -0.002     ; 2.459      ;
; -1.427 ; counter_14:comb_3|q[4]  ; counter_14:comb_3|q[7]        ; CLOCK_50     ; CLOCK_50    ; 1.000        ; -0.002     ; 2.457      ;
; -1.423 ; counter_14:comb_3|q[9]  ; counter_14:comb_3|q[12]       ; CLOCK_50     ; CLOCK_50    ; 1.000        ; 0.000      ; 2.455      ;
; -1.422 ; counter_14:comb_3|q[9]  ; counter_14:comb_3|q[15]       ; CLOCK_50     ; CLOCK_50    ; 1.000        ; 0.000      ; 2.454      ;
; -1.421 ; counter_14:comb_3|q[9]  ; counter_14:comb_3|q[9]        ; CLOCK_50     ; CLOCK_50    ; 1.000        ; 0.000      ; 2.453      ;
; -1.413 ; counter_14:comb_3|q[5]  ; counter_14:comb_3|q[10]       ; CLOCK_50     ; CLOCK_50    ; 1.000        ; -0.002     ; 2.443      ;
; -1.410 ; counter_14:comb_3|q[5]  ; counter_14:comb_3|q[20]       ; CLOCK_50     ; CLOCK_50    ; 1.000        ; -0.002     ; 2.440      ;
; -1.408 ; counter_14:comb_3|q[10] ; counter_14:comb_3|clock_400ms ; CLOCK_50     ; CLOCK_50    ; 1.000        ; 0.000      ; 2.440      ;
; -1.408 ; counter_14:comb_3|q[8]  ; counter_14:comb_3|clock_400ms ; CLOCK_50     ; CLOCK_50    ; 1.000        ; -0.002     ; 2.438      ;
; -1.408 ; counter_14:comb_3|q[5]  ; counter_14:comb_3|q[7]        ; CLOCK_50     ; CLOCK_50    ; 1.000        ; -0.002     ; 2.438      ;
; -1.400 ; counter_14:comb_3|q[7]  ; counter_14:comb_3|q[10]       ; CLOCK_50     ; CLOCK_50    ; 1.000        ; 0.000      ; 2.432      ;
; -1.397 ; counter_14:comb_3|q[7]  ; counter_14:comb_3|q[20]       ; CLOCK_50     ; CLOCK_50    ; 1.000        ; 0.000      ; 2.429      ;
; -1.395 ; counter_14:comb_3|q[7]  ; counter_14:comb_3|q[7]        ; CLOCK_50     ; CLOCK_50    ; 1.000        ; 0.000      ; 2.427      ;
; -1.388 ; counter_14:comb_3|q[10] ; counter_14:comb_3|q[12]       ; CLOCK_50     ; CLOCK_50    ; 1.000        ; 0.000      ; 2.420      ;
; -1.388 ; counter_14:comb_3|q[8]  ; counter_14:comb_3|q[12]       ; CLOCK_50     ; CLOCK_50    ; 1.000        ; -0.002     ; 2.418      ;
; -1.387 ; counter_14:comb_3|q[10] ; counter_14:comb_3|q[15]       ; CLOCK_50     ; CLOCK_50    ; 1.000        ; 0.000      ; 2.419      ;
; -1.387 ; counter_14:comb_3|q[8]  ; counter_14:comb_3|q[15]       ; CLOCK_50     ; CLOCK_50    ; 1.000        ; -0.002     ; 2.417      ;
; -1.386 ; counter_14:comb_3|q[10] ; counter_14:comb_3|q[9]        ; CLOCK_50     ; CLOCK_50    ; 1.000        ; 0.000      ; 2.418      ;
; -1.386 ; counter_14:comb_3|q[8]  ; counter_14:comb_3|q[9]        ; CLOCK_50     ; CLOCK_50    ; 1.000        ; -0.002     ; 2.416      ;
; -1.378 ; counter_14:comb_3|q[6]  ; counter_14:comb_3|q[10]       ; CLOCK_50     ; CLOCK_50    ; 1.000        ; -0.002     ; 2.408      ;
; -1.375 ; counter_14:comb_3|q[6]  ; counter_14:comb_3|q[20]       ; CLOCK_50     ; CLOCK_50    ; 1.000        ; -0.002     ; 2.405      ;
; -1.373 ; counter_14:comb_3|q[6]  ; counter_14:comb_3|q[7]        ; CLOCK_50     ; CLOCK_50    ; 1.000        ; -0.002     ; 2.403      ;
; -1.371 ; counter_14:comb_3|q[12] ; counter_14:comb_3|q[23]       ; CLOCK_50     ; CLOCK_50    ; 1.000        ; 0.004      ; 2.407      ;
; -1.370 ; counter_14:comb_3|q[12] ; counter_14:comb_3|q[19]       ; CLOCK_50     ; CLOCK_50    ; 1.000        ; 0.004      ; 2.406      ;
; -1.339 ; counter_14:comb_3|q[12] ; counter_14:comb_3|clock_400ms ; CLOCK_50     ; CLOCK_50    ; 1.000        ; 0.000      ; 2.371      ;
; -1.325 ; counter_14:comb_3|q[11] ; counter_14:comb_3|q[23]       ; CLOCK_50     ; CLOCK_50    ; 1.000        ; 0.002      ; 2.359      ;
; -1.324 ; counter_14:comb_3|q[11] ; counter_14:comb_3|q[19]       ; CLOCK_50     ; CLOCK_50    ; 1.000        ; 0.002      ; 2.358      ;
; -1.319 ; counter_14:comb_3|q[12] ; counter_14:comb_3|q[12]       ; CLOCK_50     ; CLOCK_50    ; 1.000        ; 0.000      ; 2.351      ;
; -1.318 ; counter_14:comb_3|q[12] ; counter_14:comb_3|q[15]       ; CLOCK_50     ; CLOCK_50    ; 1.000        ; 0.000      ; 2.350      ;
; -1.317 ; counter_14:comb_3|q[12] ; counter_14:comb_3|q[9]        ; CLOCK_50     ; CLOCK_50    ; 1.000        ; 0.000      ; 2.349      ;
; -1.293 ; counter_14:comb_3|q[11] ; counter_14:comb_3|clock_400ms ; CLOCK_50     ; CLOCK_50    ; 1.000        ; -0.002     ; 2.323      ;
; -1.278 ; counter_14:comb_3|q[9]  ; counter_14:comb_3|q[10]       ; CLOCK_50     ; CLOCK_50    ; 1.000        ; 0.000      ; 2.310      ;
+--------+-------------------------+-------------------------------+--------------+-------------+--------------+------------+------------+


+------------------------------------------------------------------------------------------------------------------------------------------------------------------------+
; Fast Model Setup: 'counter_14:comb_3|clock_400ms'                                                                                                                      ;
+-------+---------------------------+---------------------------+-------------------------------+-------------------------------+--------------+------------+------------+
; Slack ; From Node                 ; To Node                   ; Launch Clock                  ; Latch Clock                   ; Relationship ; Clock Skew ; Data Delay ;
+-------+---------------------------+---------------------------+-------------------------------+-------------------------------+--------------+------------+------------+
; 0.164 ; counter_14:comb_3|bcd1[0] ; counter_14:comb_3|bcd1[2] ; counter_14:comb_3|clock_400ms ; counter_14:comb_3|clock_400ms ; 1.000        ; 0.000      ; 0.868      ;
; 0.194 ; counter_14:comb_3|bcd1[3] ; counter_14:comb_3|bcd1[2] ; counter_14:comb_3|clock_400ms ; counter_14:comb_3|clock_400ms ; 1.000        ; 0.000      ; 0.838      ;
; 0.206 ; counter_14:comb_3|bcd1[1] ; counter_14:comb_3|bcd1[3] ; counter_14:comb_3|clock_400ms ; counter_14:comb_3|clock_400ms ; 1.000        ; 0.000      ; 0.826      ;
; 0.208 ; counter_14:comb_3|bcd1[1] ; counter_14:comb_3|bcd1[2] ; counter_14:comb_3|clock_400ms ; counter_14:comb_3|clock_400ms ; 1.000        ; 0.000      ; 0.824      ;
; 0.213 ; counter_14:comb_3|bcd2[0] ; counter_14:comb_3|bcd1[0] ; counter_14:comb_3|clock_400ms ; counter_14:comb_3|clock_400ms ; 1.000        ; 0.000      ; 0.819      ;
; 0.239 ; counter_14:comb_3|bcd1[2] ; counter_14:comb_3|bcd1[2] ; counter_14:comb_3|clock_400ms ; counter_14:comb_3|clock_400ms ; 1.000        ; 0.000      ; 0.793      ;
; 0.284 ; counter_14:comb_3|bcd2[1] ; counter_14:comb_3|bcd1[0] ; counter_14:comb_3|clock_400ms ; counter_14:comb_3|clock_400ms ; 1.000        ; 0.000      ; 0.748      ;
; 0.293 ; counter_14:comb_3|bcd1[0] ; counter_14:comb_3|bcd2[0] ; counter_14:comb_3|clock_400ms ; counter_14:comb_3|clock_400ms ; 1.000        ; 0.000      ; 0.739      ;
; 0.297 ; counter_14:comb_3|bcd1[0] ; counter_14:comb_3|bcd1[0] ; counter_14:comb_3|clock_400ms ; counter_14:comb_3|clock_400ms ; 1.000        ; 0.000      ; 0.735      ;
; 0.298 ; counter_14:comb_3|bcd1[0] ; counter_14:comb_3|bcd2[1] ; counter_14:comb_3|clock_400ms ; counter_14:comb_3|clock_400ms ; 1.000        ; 0.000      ; 0.734      ;
; 0.300 ; counter_14:comb_3|bcd1[0] ; counter_14:comb_3|bcd2[2] ; counter_14:comb_3|clock_400ms ; counter_14:comb_3|clock_400ms ; 1.000        ; 0.000      ; 0.732      ;
; 0.321 ; counter_14:comb_3|bcd1[0] ; counter_14:comb_3|bcd1[3] ; counter_14:comb_3|clock_400ms ; counter_14:comb_3|clock_400ms ; 1.000        ; 0.000      ; 0.711      ;
; 0.323 ; counter_14:comb_3|bcd1[3] ; counter_14:comb_3|bcd2[0] ; counter_14:comb_3|clock_400ms ; counter_14:comb_3|clock_400ms ; 1.000        ; 0.000      ; 0.709      ;
; 0.327 ; counter_14:comb_3|bcd1[3] ; counter_14:comb_3|bcd1[0] ; counter_14:comb_3|clock_400ms ; counter_14:comb_3|clock_400ms ; 1.000        ; 0.000      ; 0.705      ;
; 0.328 ; counter_14:comb_3|bcd1[3] ; counter_14:comb_3|bcd2[1] ; counter_14:comb_3|clock_400ms ; counter_14:comb_3|clock_400ms ; 1.000        ; 0.000      ; 0.704      ;
; 0.330 ; counter_14:comb_3|bcd1[3] ; counter_14:comb_3|bcd2[2] ; counter_14:comb_3|clock_400ms ; counter_14:comb_3|clock_400ms ; 1.000        ; 0.000      ; 0.702      ;
; 0.331 ; counter_14:comb_3|bcd2[0] ; counter_14:comb_3|bcd1[3] ; counter_14:comb_3|clock_400ms ; counter_14:comb_3|clock_400ms ; 1.000        ; 0.000      ; 0.701      ;
; 0.333 ; counter_14:comb_3|bcd2[0] ; counter_14:comb_3|bcd1[2] ; counter_14:comb_3|clock_400ms ; counter_14:comb_3|clock_400ms ; 1.000        ; 0.000      ; 0.699      ;
; 0.342 ; counter_14:comb_3|bcd2[2] ; counter_14:comb_3|bcd1[0] ; counter_14:comb_3|clock_400ms ; counter_14:comb_3|clock_400ms ; 1.000        ; 0.000      ; 0.690      ;
; 0.368 ; counter_14:comb_3|bcd1[2] ; counter_14:comb_3|bcd2[0] ; counter_14:comb_3|clock_400ms ; counter_14:comb_3|clock_400ms ; 1.000        ; 0.000      ; 0.664      ;
; 0.372 ; counter_14:comb_3|bcd1[2] ; counter_14:comb_3|bcd1[0] ; counter_14:comb_3|clock_400ms ; counter_14:comb_3|clock_400ms ; 1.000        ; 0.000      ; 0.660      ;
; 0.373 ; counter_14:comb_3|bcd1[2] ; counter_14:comb_3|bcd2[1] ; counter_14:comb_3|clock_400ms ; counter_14:comb_3|clock_400ms ; 1.000        ; 0.000      ; 0.659      ;
; 0.375 ; counter_14:comb_3|bcd1[2] ; counter_14:comb_3|bcd2[2] ; counter_14:comb_3|clock_400ms ; counter_14:comb_3|clock_400ms ; 1.000        ; 0.000      ; 0.657      ;
; 0.402 ; counter_14:comb_3|bcd2[1] ; counter_14:comb_3|bcd1[3] ; counter_14:comb_3|clock_400ms ; counter_14:comb_3|clock_400ms ; 1.000        ; 0.000      ; 0.630      ;
; 0.404 ; counter_14:comb_3|bcd2[1] ; counter_14:comb_3|bcd1[2] ; counter_14:comb_3|clock_400ms ; counter_14:comb_3|clock_400ms ; 1.000        ; 0.000      ; 0.628      ;
; 0.428 ; counter_14:comb_3|bcd2[2] ; counter_14:comb_3|bcd2[1] ; counter_14:comb_3|clock_400ms ; counter_14:comb_3|clock_400ms ; 1.000        ; 0.000      ; 0.604      ;
; 0.429 ; counter_14:comb_3|bcd2[1] ; counter_14:comb_3|bcd2[2] ; counter_14:comb_3|clock_400ms ; counter_14:comb_3|clock_400ms ; 1.000        ; 0.000      ; 0.603      ;
; 0.435 ; counter_14:comb_3|bcd1[1] ; counter_14:comb_3|bcd2[0] ; counter_14:comb_3|clock_400ms ; counter_14:comb_3|clock_400ms ; 1.000        ; 0.000      ; 0.597      ;
; 0.439 ; counter_14:comb_3|bcd1[1] ; counter_14:comb_3|bcd1[0] ; counter_14:comb_3|clock_400ms ; counter_14:comb_3|clock_400ms ; 1.000        ; 0.000      ; 0.593      ;
; 0.440 ; counter_14:comb_3|bcd1[1] ; counter_14:comb_3|bcd2[1] ; counter_14:comb_3|clock_400ms ; counter_14:comb_3|clock_400ms ; 1.000        ; 0.000      ; 0.592      ;
; 0.442 ; counter_14:comb_3|bcd1[1] ; counter_14:comb_3|bcd2[2] ; counter_14:comb_3|clock_400ms ; counter_14:comb_3|clock_400ms ; 1.000        ; 0.000      ; 0.590      ;
; 0.460 ; counter_14:comb_3|bcd2[2] ; counter_14:comb_3|bcd1[3] ; counter_14:comb_3|clock_400ms ; counter_14:comb_3|clock_400ms ; 1.000        ; 0.000      ; 0.572      ;
; 0.462 ; counter_14:comb_3|bcd2[2] ; counter_14:comb_3|bcd1[2] ; counter_14:comb_3|clock_400ms ; counter_14:comb_3|clock_400ms ; 1.000        ; 0.000      ; 0.570      ;
; 0.489 ; counter_14:comb_3|bcd1[0] ; counter_14:comb_3|bcd1[1] ; counter_14:comb_3|clock_400ms ; counter_14:comb_3|clock_400ms ; 1.000        ; 0.000      ; 0.543      ;
; 0.506 ; counter_14:comb_3|bcd1[2] ; counter_14:comb_3|bcd1[3] ; counter_14:comb_3|clock_400ms ; counter_14:comb_3|clock_400ms ; 1.000        ; 0.000      ; 0.526      ;
; 0.512 ; counter_14:comb_3|bcd2[0] ; counter_14:comb_3|bcd2[2] ; counter_14:comb_3|clock_400ms ; counter_14:comb_3|clock_400ms ; 1.000        ; 0.000      ; 0.520      ;
; 0.513 ; counter_14:comb_3|bcd2[0] ; counter_14:comb_3|bcd2[1] ; counter_14:comb_3|clock_400ms ; counter_14:comb_3|clock_400ms ; 1.000        ; 0.000      ; 0.519      ;
; 0.514 ; counter_14:comb_3|bcd1[3] ; counter_14:comb_3|bcd1[1] ; counter_14:comb_3|clock_400ms ; counter_14:comb_3|clock_400ms ; 1.000        ; 0.000      ; 0.518      ;
; 0.545 ; counter_14:comb_3|bcd1[2] ; counter_14:comb_3|bcd1[1] ; counter_14:comb_3|clock_400ms ; counter_14:comb_3|clock_400ms ; 1.000        ; 0.000      ; 0.487      ;
; 0.665 ; counter_14:comb_3|bcd1[3] ; counter_14:comb_3|bcd1[3] ; counter_14:comb_3|clock_400ms ; counter_14:comb_3|clock_400ms ; 1.000        ; 0.000      ; 0.367      ;
; 0.665 ; counter_14:comb_3|bcd2[0] ; counter_14:comb_3|bcd2[0] ; counter_14:comb_3|clock_400ms ; counter_14:comb_3|clock_400ms ; 1.000        ; 0.000      ; 0.367      ;
; 0.665 ; counter_14:comb_3|bcd2[1] ; counter_14:comb_3|bcd2[1] ; counter_14:comb_3|clock_400ms ; counter_14:comb_3|clock_400ms ; 1.000        ; 0.000      ; 0.367      ;
; 0.665 ; counter_14:comb_3|bcd2[2] ; counter_14:comb_3|bcd2[2] ; counter_14:comb_3|clock_400ms ; counter_14:comb_3|clock_400ms ; 1.000        ; 0.000      ; 0.367      ;
; 0.665 ; counter_14:comb_3|bcd1[1] ; counter_14:comb_3|bcd1[1] ; counter_14:comb_3|clock_400ms ; counter_14:comb_3|clock_400ms ; 1.000        ; 0.000      ; 0.367      ;
+-------+---------------------------+---------------------------+-------------------------------+-------------------------------+--------------+------------+------------+


+---------------------------------------------------------------------------------------------------------------------------------------------------------------+
; Fast Model Hold: 'CLOCK_50'                                                                                                                                   ;
+--------+-------------------------------+-------------------------------+-------------------------------+-------------+--------------+------------+------------+
; Slack  ; From Node                     ; To Node                       ; Launch Clock                  ; Latch Clock ; Relationship ; Clock Skew ; Data Delay ;
+--------+-------------------------------+-------------------------------+-------------------------------+-------------+--------------+------------+------------+
; -1.574 ; counter_14:comb_3|clock_400ms ; counter_14:comb_3|clock_400ms ; counter_14:comb_3|clock_400ms ; CLOCK_50    ; 0.000        ; 1.648      ; 0.367      ;
; -1.074 ; counter_14:comb_3|clock_400ms ; counter_14:comb_3|clock_400ms ; counter_14:comb_3|clock_400ms ; CLOCK_50    ; -0.500       ; 1.648      ; 0.367      ;
; 0.241  ; counter_14:comb_3|q[31]       ; counter_14:comb_3|q[31]       ; CLOCK_50                      ; CLOCK_50    ; 0.000        ; 0.000      ; 0.393      ;
; 0.353  ; counter_14:comb_3|q[0]        ; counter_14:comb_3|q[0]        ; CLOCK_50                      ; CLOCK_50    ; 0.000        ; 0.000      ; 0.505      ;
; 0.353  ; counter_14:comb_3|q[16]       ; counter_14:comb_3|q[16]       ; CLOCK_50                      ; CLOCK_50    ; 0.000        ; 0.000      ; 0.505      ;
; 0.354  ; counter_14:comb_3|q[18]       ; counter_14:comb_3|q[18]       ; CLOCK_50                      ; CLOCK_50    ; 0.000        ; 0.000      ; 0.506      ;
; 0.355  ; counter_14:comb_3|q[1]        ; counter_14:comb_3|q[1]        ; CLOCK_50                      ; CLOCK_50    ; 0.000        ; 0.000      ; 0.507      ;
; 0.356  ; counter_14:comb_3|q[2]        ; counter_14:comb_3|q[2]        ; CLOCK_50                      ; CLOCK_50    ; 0.000        ; 0.000      ; 0.508      ;
; 0.356  ; counter_14:comb_3|q[4]        ; counter_14:comb_3|q[4]        ; CLOCK_50                      ; CLOCK_50    ; 0.000        ; 0.000      ; 0.508      ;
; 0.356  ; counter_14:comb_3|q[11]       ; counter_14:comb_3|q[11]       ; CLOCK_50                      ; CLOCK_50    ; 0.000        ; 0.000      ; 0.508      ;
; 0.356  ; counter_14:comb_3|q[13]       ; counter_14:comb_3|q[13]       ; CLOCK_50                      ; CLOCK_50    ; 0.000        ; 0.000      ; 0.508      ;
; 0.356  ; counter_14:comb_3|q[14]       ; counter_14:comb_3|q[14]       ; CLOCK_50                      ; CLOCK_50    ; 0.000        ; 0.000      ; 0.508      ;
; 0.357  ; counter_14:comb_3|q[17]       ; counter_14:comb_3|q[17]       ; CLOCK_50                      ; CLOCK_50    ; 0.000        ; 0.000      ; 0.509      ;
; 0.358  ; counter_14:comb_3|q[27]       ; counter_14:comb_3|q[27]       ; CLOCK_50                      ; CLOCK_50    ; 0.000        ; 0.000      ; 0.510      ;
; 0.358  ; counter_14:comb_3|q[25]       ; counter_14:comb_3|q[25]       ; CLOCK_50                      ; CLOCK_50    ; 0.000        ; 0.000      ; 0.510      ;
; 0.359  ; counter_14:comb_3|q[29]       ; counter_14:comb_3|q[29]       ; CLOCK_50                      ; CLOCK_50    ; 0.000        ; 0.000      ; 0.511      ;
; 0.359  ; counter_14:comb_3|q[30]       ; counter_14:comb_3|q[30]       ; CLOCK_50                      ; CLOCK_50    ; 0.000        ; 0.000      ; 0.511      ;
; 0.364  ; counter_14:comb_3|q[8]        ; counter_14:comb_3|q[8]        ; CLOCK_50                      ; CLOCK_50    ; 0.000        ; 0.000      ; 0.516      ;
; 0.367  ; counter_14:comb_3|q[21]       ; counter_14:comb_3|q[21]       ; CLOCK_50                      ; CLOCK_50    ; 0.000        ; 0.000      ; 0.519      ;
; 0.367  ; counter_14:comb_3|q[22]       ; counter_14:comb_3|q[22]       ; CLOCK_50                      ; CLOCK_50    ; 0.000        ; 0.000      ; 0.519      ;
; 0.369  ; counter_14:comb_3|q[3]        ; counter_14:comb_3|q[3]        ; CLOCK_50                      ; CLOCK_50    ; 0.000        ; 0.000      ; 0.521      ;
; 0.369  ; counter_14:comb_3|q[26]       ; counter_14:comb_3|q[26]       ; CLOCK_50                      ; CLOCK_50    ; 0.000        ; 0.000      ; 0.521      ;
; 0.369  ; counter_14:comb_3|q[24]       ; counter_14:comb_3|q[24]       ; CLOCK_50                      ; CLOCK_50    ; 0.000        ; 0.000      ; 0.521      ;
; 0.370  ; counter_14:comb_3|q[5]        ; counter_14:comb_3|q[5]        ; CLOCK_50                      ; CLOCK_50    ; 0.000        ; 0.000      ; 0.522      ;
; 0.370  ; counter_14:comb_3|q[6]        ; counter_14:comb_3|q[6]        ; CLOCK_50                      ; CLOCK_50    ; 0.000        ; 0.000      ; 0.522      ;
; 0.370  ; counter_14:comb_3|q[28]       ; counter_14:comb_3|q[28]       ; CLOCK_50                      ; CLOCK_50    ; 0.000        ; 0.000      ; 0.522      ;
; 0.491  ; counter_14:comb_3|q[0]        ; counter_14:comb_3|q[1]        ; CLOCK_50                      ; CLOCK_50    ; 0.000        ; 0.000      ; 0.643      ;
; 0.491  ; counter_14:comb_3|q[16]       ; counter_14:comb_3|q[17]       ; CLOCK_50                      ; CLOCK_50    ; 0.000        ; 0.000      ; 0.643      ;
; 0.493  ; counter_14:comb_3|q[1]        ; counter_14:comb_3|q[2]        ; CLOCK_50                      ; CLOCK_50    ; 0.000        ; 0.000      ; 0.645      ;
; 0.494  ; counter_14:comb_3|q[13]       ; counter_14:comb_3|q[14]       ; CLOCK_50                      ; CLOCK_50    ; 0.000        ; 0.000      ; 0.646      ;
; 0.494  ; counter_14:comb_3|q[2]        ; counter_14:comb_3|q[3]        ; CLOCK_50                      ; CLOCK_50    ; 0.000        ; 0.000      ; 0.646      ;
; 0.494  ; counter_14:comb_3|q[4]        ; counter_14:comb_3|q[5]        ; CLOCK_50                      ; CLOCK_50    ; 0.000        ; 0.000      ; 0.646      ;
; 0.495  ; counter_14:comb_3|q[17]       ; counter_14:comb_3|q[18]       ; CLOCK_50                      ; CLOCK_50    ; 0.000        ; 0.000      ; 0.647      ;
; 0.496  ; counter_14:comb_3|q[25]       ; counter_14:comb_3|q[26]       ; CLOCK_50                      ; CLOCK_50    ; 0.000        ; 0.000      ; 0.648      ;
; 0.496  ; counter_14:comb_3|q[27]       ; counter_14:comb_3|q[28]       ; CLOCK_50                      ; CLOCK_50    ; 0.000        ; 0.000      ; 0.648      ;
; 0.497  ; counter_14:comb_3|q[30]       ; counter_14:comb_3|q[31]       ; CLOCK_50                      ; CLOCK_50    ; 0.000        ; 0.000      ; 0.649      ;
; 0.497  ; counter_14:comb_3|q[29]       ; counter_14:comb_3|q[30]       ; CLOCK_50                      ; CLOCK_50    ; 0.000        ; 0.000      ; 0.649      ;
; 0.507  ; counter_14:comb_3|q[21]       ; counter_14:comb_3|q[22]       ; CLOCK_50                      ; CLOCK_50    ; 0.000        ; 0.000      ; 0.659      ;
; 0.509  ; counter_14:comb_3|q[3]        ; counter_14:comb_3|q[4]        ; CLOCK_50                      ; CLOCK_50    ; 0.000        ; 0.000      ; 0.661      ;
; 0.509  ; counter_14:comb_3|q[26]       ; counter_14:comb_3|q[27]       ; CLOCK_50                      ; CLOCK_50    ; 0.000        ; 0.000      ; 0.661      ;
; 0.509  ; counter_14:comb_3|q[24]       ; counter_14:comb_3|q[25]       ; CLOCK_50                      ; CLOCK_50    ; 0.000        ; 0.000      ; 0.661      ;
; 0.510  ; counter_14:comb_3|q[28]       ; counter_14:comb_3|q[29]       ; CLOCK_50                      ; CLOCK_50    ; 0.000        ; 0.000      ; 0.662      ;
; 0.510  ; counter_14:comb_3|q[5]        ; counter_14:comb_3|q[6]        ; CLOCK_50                      ; CLOCK_50    ; 0.000        ; 0.000      ; 0.662      ;
; 0.526  ; counter_14:comb_3|q[0]        ; counter_14:comb_3|q[2]        ; CLOCK_50                      ; CLOCK_50    ; 0.000        ; 0.000      ; 0.678      ;
; 0.526  ; counter_14:comb_3|q[16]       ; counter_14:comb_3|q[18]       ; CLOCK_50                      ; CLOCK_50    ; 0.000        ; 0.000      ; 0.678      ;
; 0.528  ; counter_14:comb_3|q[1]        ; counter_14:comb_3|q[3]        ; CLOCK_50                      ; CLOCK_50    ; 0.000        ; 0.000      ; 0.680      ;
; 0.529  ; counter_14:comb_3|q[11]       ; counter_14:comb_3|q[13]       ; CLOCK_50                      ; CLOCK_50    ; 0.000        ; 0.000      ; 0.681      ;
; 0.529  ; counter_14:comb_3|q[2]        ; counter_14:comb_3|q[4]        ; CLOCK_50                      ; CLOCK_50    ; 0.000        ; 0.000      ; 0.681      ;
; 0.529  ; counter_14:comb_3|q[4]        ; counter_14:comb_3|q[6]        ; CLOCK_50                      ; CLOCK_50    ; 0.000        ; 0.000      ; 0.681      ;
; 0.531  ; counter_14:comb_3|q[25]       ; counter_14:comb_3|q[27]       ; CLOCK_50                      ; CLOCK_50    ; 0.000        ; 0.000      ; 0.683      ;
; 0.531  ; counter_14:comb_3|q[27]       ; counter_14:comb_3|q[29]       ; CLOCK_50                      ; CLOCK_50    ; 0.000        ; 0.000      ; 0.683      ;
; 0.532  ; counter_14:comb_3|q[29]       ; counter_14:comb_3|q[31]       ; CLOCK_50                      ; CLOCK_50    ; 0.000        ; 0.000      ; 0.684      ;
; 0.544  ; counter_14:comb_3|q[3]        ; counter_14:comb_3|q[5]        ; CLOCK_50                      ; CLOCK_50    ; 0.000        ; 0.000      ; 0.696      ;
; 0.544  ; counter_14:comb_3|q[24]       ; counter_14:comb_3|q[26]       ; CLOCK_50                      ; CLOCK_50    ; 0.000        ; 0.000      ; 0.696      ;
; 0.544  ; counter_14:comb_3|q[26]       ; counter_14:comb_3|q[28]       ; CLOCK_50                      ; CLOCK_50    ; 0.000        ; 0.000      ; 0.696      ;
; 0.545  ; counter_14:comb_3|q[28]       ; counter_14:comb_3|q[30]       ; CLOCK_50                      ; CLOCK_50    ; 0.000        ; 0.000      ; 0.697      ;
; 0.561  ; counter_14:comb_3|q[0]        ; counter_14:comb_3|q[3]        ; CLOCK_50                      ; CLOCK_50    ; 0.000        ; 0.000      ; 0.713      ;
; 0.562  ; counter_14:comb_3|q[18]       ; counter_14:comb_3|q[21]       ; CLOCK_50                      ; CLOCK_50    ; 0.000        ; 0.000      ; 0.714      ;
; 0.563  ; counter_14:comb_3|q[1]        ; counter_14:comb_3|q[4]        ; CLOCK_50                      ; CLOCK_50    ; 0.000        ; 0.000      ; 0.715      ;
; 0.564  ; counter_14:comb_3|q[11]       ; counter_14:comb_3|q[14]       ; CLOCK_50                      ; CLOCK_50    ; 0.000        ; 0.000      ; 0.716      ;
; 0.564  ; counter_14:comb_3|q[2]        ; counter_14:comb_3|q[5]        ; CLOCK_50                      ; CLOCK_50    ; 0.000        ; 0.000      ; 0.716      ;
; 0.566  ; counter_14:comb_3|q[25]       ; counter_14:comb_3|q[28]       ; CLOCK_50                      ; CLOCK_50    ; 0.000        ; 0.000      ; 0.718      ;
; 0.566  ; counter_14:comb_3|q[27]       ; counter_14:comb_3|q[30]       ; CLOCK_50                      ; CLOCK_50    ; 0.000        ; 0.000      ; 0.718      ;
; 0.574  ; counter_14:comb_3|q[10]       ; counter_14:comb_3|q[11]       ; CLOCK_50                      ; CLOCK_50    ; 0.000        ; 0.002      ; 0.728      ;
; 0.574  ; counter_14:comb_3|q[8]        ; counter_14:comb_3|q[11]       ; CLOCK_50                      ; CLOCK_50    ; 0.000        ; 0.000      ; 0.726      ;
; 0.575  ; counter_14:comb_3|q[12]       ; counter_14:comb_3|q[13]       ; CLOCK_50                      ; CLOCK_50    ; 0.000        ; 0.002      ; 0.729      ;
; 0.578  ; counter_14:comb_3|q[14]       ; counter_14:comb_3|q[16]       ; CLOCK_50                      ; CLOCK_50    ; 0.000        ; 0.003      ; 0.733      ;
; 0.579  ; counter_14:comb_3|q[3]        ; counter_14:comb_3|q[6]        ; CLOCK_50                      ; CLOCK_50    ; 0.000        ; 0.000      ; 0.731      ;
; 0.579  ; counter_14:comb_3|q[24]       ; counter_14:comb_3|q[27]       ; CLOCK_50                      ; CLOCK_50    ; 0.000        ; 0.000      ; 0.731      ;
; 0.579  ; counter_14:comb_3|q[26]       ; counter_14:comb_3|q[29]       ; CLOCK_50                      ; CLOCK_50    ; 0.000        ; 0.000      ; 0.731      ;
; 0.580  ; counter_14:comb_3|q[28]       ; counter_14:comb_3|q[31]       ; CLOCK_50                      ; CLOCK_50    ; 0.000        ; 0.000      ; 0.732      ;
; 0.596  ; counter_14:comb_3|q[0]        ; counter_14:comb_3|q[4]        ; CLOCK_50                      ; CLOCK_50    ; 0.000        ; 0.000      ; 0.748      ;
; 0.597  ; counter_14:comb_3|q[18]       ; counter_14:comb_3|q[22]       ; CLOCK_50                      ; CLOCK_50    ; 0.000        ; 0.000      ; 0.749      ;
; 0.598  ; counter_14:comb_3|q[1]        ; counter_14:comb_3|q[5]        ; CLOCK_50                      ; CLOCK_50    ; 0.000        ; 0.000      ; 0.750      ;
; 0.599  ; counter_14:comb_3|q[2]        ; counter_14:comb_3|q[6]        ; CLOCK_50                      ; CLOCK_50    ; 0.000        ; 0.000      ; 0.751      ;
; 0.600  ; counter_14:comb_3|q[17]       ; counter_14:comb_3|q[21]       ; CLOCK_50                      ; CLOCK_50    ; 0.000        ; 0.000      ; 0.752      ;
; 0.601  ; counter_14:comb_3|q[22]       ; counter_14:comb_3|q[24]       ; CLOCK_50                      ; CLOCK_50    ; 0.000        ; 0.000      ; 0.753      ;
; 0.601  ; counter_14:comb_3|q[25]       ; counter_14:comb_3|q[29]       ; CLOCK_50                      ; CLOCK_50    ; 0.000        ; 0.000      ; 0.753      ;
; 0.601  ; counter_14:comb_3|q[27]       ; counter_14:comb_3|q[31]       ; CLOCK_50                      ; CLOCK_50    ; 0.000        ; 0.000      ; 0.753      ;
; 0.604  ; counter_14:comb_3|q[6]        ; counter_14:comb_3|q[8]        ; CLOCK_50                      ; CLOCK_50    ; 0.000        ; 0.000      ; 0.756      ;
; 0.608  ; counter_14:comb_3|q[19]       ; counter_14:comb_3|q[21]       ; CLOCK_50                      ; CLOCK_50    ; 0.000        ; 0.001      ; 0.761      ;
; 0.609  ; counter_14:comb_3|q[9]        ; counter_14:comb_3|q[11]       ; CLOCK_50                      ; CLOCK_50    ; 0.000        ; 0.002      ; 0.763      ;
; 0.610  ; counter_14:comb_3|q[12]       ; counter_14:comb_3|q[14]       ; CLOCK_50                      ; CLOCK_50    ; 0.000        ; 0.002      ; 0.764      ;
; 0.613  ; counter_14:comb_3|q[14]       ; counter_14:comb_3|q[17]       ; CLOCK_50                      ; CLOCK_50    ; 0.000        ; 0.003      ; 0.768      ;
; 0.613  ; counter_14:comb_3|q[13]       ; counter_14:comb_3|q[16]       ; CLOCK_50                      ; CLOCK_50    ; 0.000        ; 0.003      ; 0.768      ;
; 0.614  ; counter_14:comb_3|q[24]       ; counter_14:comb_3|q[28]       ; CLOCK_50                      ; CLOCK_50    ; 0.000        ; 0.000      ; 0.766      ;
; 0.614  ; counter_14:comb_3|q[26]       ; counter_14:comb_3|q[30]       ; CLOCK_50                      ; CLOCK_50    ; 0.000        ; 0.000      ; 0.766      ;
; 0.615  ; counter_14:comb_3|q[15]       ; counter_14:comb_3|q[16]       ; CLOCK_50                      ; CLOCK_50    ; 0.000        ; 0.005      ; 0.772      ;
; 0.626  ; counter_14:comb_3|q[7]        ; counter_14:comb_3|q[8]        ; CLOCK_50                      ; CLOCK_50    ; 0.000        ; 0.002      ; 0.780      ;
; 0.628  ; counter_14:comb_3|q[23]       ; counter_14:comb_3|q[24]       ; CLOCK_50                      ; CLOCK_50    ; 0.000        ; 0.001      ; 0.781      ;
; 0.631  ; counter_14:comb_3|q[0]        ; counter_14:comb_3|q[5]        ; CLOCK_50                      ; CLOCK_50    ; 0.000        ; 0.000      ; 0.783      ;
; 0.631  ; counter_14:comb_3|q[16]       ; counter_14:comb_3|q[21]       ; CLOCK_50                      ; CLOCK_50    ; 0.000        ; 0.000      ; 0.783      ;
; 0.633  ; counter_14:comb_3|q[1]        ; counter_14:comb_3|q[6]        ; CLOCK_50                      ; CLOCK_50    ; 0.000        ; 0.000      ; 0.785      ;
; 0.635  ; counter_14:comb_3|q[17]       ; counter_14:comb_3|q[22]       ; CLOCK_50                      ; CLOCK_50    ; 0.000        ; 0.000      ; 0.787      ;
; 0.636  ; counter_14:comb_3|q[22]       ; counter_14:comb_3|q[25]       ; CLOCK_50                      ; CLOCK_50    ; 0.000        ; 0.000      ; 0.788      ;
; 0.636  ; counter_14:comb_3|q[21]       ; counter_14:comb_3|q[24]       ; CLOCK_50                      ; CLOCK_50    ; 0.000        ; 0.000      ; 0.788      ;
; 0.636  ; counter_14:comb_3|q[25]       ; counter_14:comb_3|q[30]       ; CLOCK_50                      ; CLOCK_50    ; 0.000        ; 0.000      ; 0.788      ;
; 0.639  ; counter_14:comb_3|q[5]        ; counter_14:comb_3|q[8]        ; CLOCK_50                      ; CLOCK_50    ; 0.000        ; 0.000      ; 0.791      ;
; 0.643  ; counter_14:comb_3|q[19]       ; counter_14:comb_3|q[22]       ; CLOCK_50                      ; CLOCK_50    ; 0.000        ; 0.001      ; 0.796      ;
; 0.644  ; counter_14:comb_3|q[10]       ; counter_14:comb_3|q[13]       ; CLOCK_50                      ; CLOCK_50    ; 0.000        ; 0.002      ; 0.798      ;
+--------+-------------------------------+-------------------------------+-------------------------------+-------------+--------------+------------+------------+


+------------------------------------------------------------------------------------------------------------------------------------------------------------------------+
; Fast Model Hold: 'counter_14:comb_3|clock_400ms'                                                                                                                       ;
+-------+---------------------------+---------------------------+-------------------------------+-------------------------------+--------------+------------+------------+
; Slack ; From Node                 ; To Node                   ; Launch Clock                  ; Latch Clock                   ; Relationship ; Clock Skew ; Data Delay ;
+-------+---------------------------+---------------------------+-------------------------------+-------------------------------+--------------+------------+------------+
; 0.215 ; counter_14:comb_3|bcd2[0] ; counter_14:comb_3|bcd2[0] ; counter_14:comb_3|clock_400ms ; counter_14:comb_3|clock_400ms ; 0.000        ; 0.000      ; 0.367      ;
; 0.215 ; counter_14:comb_3|bcd2[1] ; counter_14:comb_3|bcd2[1] ; counter_14:comb_3|clock_400ms ; counter_14:comb_3|clock_400ms ; 0.000        ; 0.000      ; 0.367      ;
; 0.215 ; counter_14:comb_3|bcd2[2] ; counter_14:comb_3|bcd2[2] ; counter_14:comb_3|clock_400ms ; counter_14:comb_3|clock_400ms ; 0.000        ; 0.000      ; 0.367      ;
; 0.215 ; counter_14:comb_3|bcd1[2] ; counter_14:comb_3|bcd1[2] ; counter_14:comb_3|clock_400ms ; counter_14:comb_3|clock_400ms ; 0.000        ; 0.000      ; 0.367      ;
; 0.215 ; counter_14:comb_3|bcd1[3] ; counter_14:comb_3|bcd1[3] ; counter_14:comb_3|clock_400ms ; counter_14:comb_3|clock_400ms ; 0.000        ; 0.000      ; 0.367      ;
; 0.215 ; counter_14:comb_3|bcd1[1] ; counter_14:comb_3|bcd1[1] ; counter_14:comb_3|clock_400ms ; counter_14:comb_3|clock_400ms ; 0.000        ; 0.000      ; 0.367      ;
; 0.215 ; counter_14:comb_3|bcd1[0] ; counter_14:comb_3|bcd1[0] ; counter_14:comb_3|clock_400ms ; counter_14:comb_3|clock_400ms ; 0.000        ; 0.000      ; 0.367      ;
; 0.335 ; counter_14:comb_3|bcd1[2] ; counter_14:comb_3|bcd1[1] ; counter_14:comb_3|clock_400ms ; counter_14:comb_3|clock_400ms ; 0.000        ; 0.000      ; 0.487      ;
; 0.366 ; counter_14:comb_3|bcd1[3] ; counter_14:comb_3|bcd1[1] ; counter_14:comb_3|clock_400ms ; counter_14:comb_3|clock_400ms ; 0.000        ; 0.000      ; 0.518      ;
; 0.367 ; counter_14:comb_3|bcd2[0] ; counter_14:comb_3|bcd2[1] ; counter_14:comb_3|clock_400ms ; counter_14:comb_3|clock_400ms ; 0.000        ; 0.000      ; 0.519      ;
; 0.368 ; counter_14:comb_3|bcd2[0] ; counter_14:comb_3|bcd2[2] ; counter_14:comb_3|clock_400ms ; counter_14:comb_3|clock_400ms ; 0.000        ; 0.000      ; 0.520      ;
; 0.374 ; counter_14:comb_3|bcd1[2] ; counter_14:comb_3|bcd1[3] ; counter_14:comb_3|clock_400ms ; counter_14:comb_3|clock_400ms ; 0.000        ; 0.000      ; 0.526      ;
; 0.391 ; counter_14:comb_3|bcd1[0] ; counter_14:comb_3|bcd1[1] ; counter_14:comb_3|clock_400ms ; counter_14:comb_3|clock_400ms ; 0.000        ; 0.000      ; 0.543      ;
; 0.418 ; counter_14:comb_3|bcd2[2] ; counter_14:comb_3|bcd1[2] ; counter_14:comb_3|clock_400ms ; counter_14:comb_3|clock_400ms ; 0.000        ; 0.000      ; 0.570      ;
; 0.420 ; counter_14:comb_3|bcd2[2] ; counter_14:comb_3|bcd1[3] ; counter_14:comb_3|clock_400ms ; counter_14:comb_3|clock_400ms ; 0.000        ; 0.000      ; 0.572      ;
; 0.438 ; counter_14:comb_3|bcd1[1] ; counter_14:comb_3|bcd2[2] ; counter_14:comb_3|clock_400ms ; counter_14:comb_3|clock_400ms ; 0.000        ; 0.000      ; 0.590      ;
; 0.440 ; counter_14:comb_3|bcd1[1] ; counter_14:comb_3|bcd2[1] ; counter_14:comb_3|clock_400ms ; counter_14:comb_3|clock_400ms ; 0.000        ; 0.000      ; 0.592      ;
; 0.441 ; counter_14:comb_3|bcd1[1] ; counter_14:comb_3|bcd1[0] ; counter_14:comb_3|clock_400ms ; counter_14:comb_3|clock_400ms ; 0.000        ; 0.000      ; 0.593      ;
; 0.445 ; counter_14:comb_3|bcd1[1] ; counter_14:comb_3|bcd2[0] ; counter_14:comb_3|clock_400ms ; counter_14:comb_3|clock_400ms ; 0.000        ; 0.000      ; 0.597      ;
; 0.451 ; counter_14:comb_3|bcd2[1] ; counter_14:comb_3|bcd2[2] ; counter_14:comb_3|clock_400ms ; counter_14:comb_3|clock_400ms ; 0.000        ; 0.000      ; 0.603      ;
; 0.452 ; counter_14:comb_3|bcd2[2] ; counter_14:comb_3|bcd2[1] ; counter_14:comb_3|clock_400ms ; counter_14:comb_3|clock_400ms ; 0.000        ; 0.000      ; 0.604      ;
; 0.476 ; counter_14:comb_3|bcd2[1] ; counter_14:comb_3|bcd1[2] ; counter_14:comb_3|clock_400ms ; counter_14:comb_3|clock_400ms ; 0.000        ; 0.000      ; 0.628      ;
; 0.478 ; counter_14:comb_3|bcd2[1] ; counter_14:comb_3|bcd1[3] ; counter_14:comb_3|clock_400ms ; counter_14:comb_3|clock_400ms ; 0.000        ; 0.000      ; 0.630      ;
; 0.505 ; counter_14:comb_3|bcd1[2] ; counter_14:comb_3|bcd2[2] ; counter_14:comb_3|clock_400ms ; counter_14:comb_3|clock_400ms ; 0.000        ; 0.000      ; 0.657      ;
; 0.507 ; counter_14:comb_3|bcd1[2] ; counter_14:comb_3|bcd2[1] ; counter_14:comb_3|clock_400ms ; counter_14:comb_3|clock_400ms ; 0.000        ; 0.000      ; 0.659      ;
; 0.508 ; counter_14:comb_3|bcd1[2] ; counter_14:comb_3|bcd1[0] ; counter_14:comb_3|clock_400ms ; counter_14:comb_3|clock_400ms ; 0.000        ; 0.000      ; 0.660      ;
; 0.512 ; counter_14:comb_3|bcd1[2] ; counter_14:comb_3|bcd2[0] ; counter_14:comb_3|clock_400ms ; counter_14:comb_3|clock_400ms ; 0.000        ; 0.000      ; 0.664      ;
; 0.538 ; counter_14:comb_3|bcd2[2] ; counter_14:comb_3|bcd1[0] ; counter_14:comb_3|clock_400ms ; counter_14:comb_3|clock_400ms ; 0.000        ; 0.000      ; 0.690      ;
; 0.547 ; counter_14:comb_3|bcd2[0] ; counter_14:comb_3|bcd1[2] ; counter_14:comb_3|clock_400ms ; counter_14:comb_3|clock_400ms ; 0.000        ; 0.000      ; 0.699      ;
; 0.549 ; counter_14:comb_3|bcd2[0] ; counter_14:comb_3|bcd1[3] ; counter_14:comb_3|clock_400ms ; counter_14:comb_3|clock_400ms ; 0.000        ; 0.000      ; 0.701      ;
; 0.550 ; counter_14:comb_3|bcd1[3] ; counter_14:comb_3|bcd2[2] ; counter_14:comb_3|clock_400ms ; counter_14:comb_3|clock_400ms ; 0.000        ; 0.000      ; 0.702      ;
; 0.552 ; counter_14:comb_3|bcd1[3] ; counter_14:comb_3|bcd2[1] ; counter_14:comb_3|clock_400ms ; counter_14:comb_3|clock_400ms ; 0.000        ; 0.000      ; 0.704      ;
; 0.553 ; counter_14:comb_3|bcd1[3] ; counter_14:comb_3|bcd1[0] ; counter_14:comb_3|clock_400ms ; counter_14:comb_3|clock_400ms ; 0.000        ; 0.000      ; 0.705      ;
; 0.557 ; counter_14:comb_3|bcd1[0] ; counter_14:comb_3|bcd1[2] ; counter_14:comb_3|clock_400ms ; counter_14:comb_3|clock_400ms ; 0.000        ; 0.000      ; 0.709      ;
; 0.557 ; counter_14:comb_3|bcd1[3] ; counter_14:comb_3|bcd2[0] ; counter_14:comb_3|clock_400ms ; counter_14:comb_3|clock_400ms ; 0.000        ; 0.000      ; 0.709      ;
; 0.559 ; counter_14:comb_3|bcd1[0] ; counter_14:comb_3|bcd1[3] ; counter_14:comb_3|clock_400ms ; counter_14:comb_3|clock_400ms ; 0.000        ; 0.000      ; 0.711      ;
; 0.574 ; counter_14:comb_3|bcd1[1] ; counter_14:comb_3|bcd1[2] ; counter_14:comb_3|clock_400ms ; counter_14:comb_3|clock_400ms ; 0.000        ; 0.000      ; 0.726      ;
; 0.580 ; counter_14:comb_3|bcd1[0] ; counter_14:comb_3|bcd2[2] ; counter_14:comb_3|clock_400ms ; counter_14:comb_3|clock_400ms ; 0.000        ; 0.000      ; 0.732      ;
; 0.582 ; counter_14:comb_3|bcd1[0] ; counter_14:comb_3|bcd2[1] ; counter_14:comb_3|clock_400ms ; counter_14:comb_3|clock_400ms ; 0.000        ; 0.000      ; 0.734      ;
; 0.587 ; counter_14:comb_3|bcd1[0] ; counter_14:comb_3|bcd2[0] ; counter_14:comb_3|clock_400ms ; counter_14:comb_3|clock_400ms ; 0.000        ; 0.000      ; 0.739      ;
; 0.596 ; counter_14:comb_3|bcd2[1] ; counter_14:comb_3|bcd1[0] ; counter_14:comb_3|clock_400ms ; counter_14:comb_3|clock_400ms ; 0.000        ; 0.000      ; 0.748      ;
; 0.667 ; counter_14:comb_3|bcd2[0] ; counter_14:comb_3|bcd1[0] ; counter_14:comb_3|clock_400ms ; counter_14:comb_3|clock_400ms ; 0.000        ; 0.000      ; 0.819      ;
; 0.674 ; counter_14:comb_3|bcd1[1] ; counter_14:comb_3|bcd1[3] ; counter_14:comb_3|clock_400ms ; counter_14:comb_3|clock_400ms ; 0.000        ; 0.000      ; 0.826      ;
; 0.686 ; counter_14:comb_3|bcd1[3] ; counter_14:comb_3|bcd1[2] ; counter_14:comb_3|clock_400ms ; counter_14:comb_3|clock_400ms ; 0.000        ; 0.000      ; 0.838      ;
+-------+---------------------------+---------------------------+-------------------------------+-------------------------------+--------------+------------+------------+


+-------------------------------------------------------------------------------------------------------------------+
; Fast Model Minimum Pulse Width: 'CLOCK_50'                                                                        ;
+--------+--------------+----------------+------------------+----------+------------+-------------------------------+
; Slack  ; Actual Width ; Required Width ; Type             ; Clock    ; Clock Edge ; Target                        ;
+--------+--------------+----------------+------------------+----------+------------+-------------------------------+
; -1.380 ; 1.000        ; 2.380          ; Port Rate        ; CLOCK_50 ; Rise       ; CLOCK_50                      ;
; -0.500 ; 0.500        ; 1.000          ; High Pulse Width ; CLOCK_50 ; Rise       ; counter_14:comb_3|clock_400ms ;
; -0.500 ; 0.500        ; 1.000          ; Low Pulse Width  ; CLOCK_50 ; Rise       ; counter_14:comb_3|clock_400ms ;
; -0.500 ; 0.500        ; 1.000          ; High Pulse Width ; CLOCK_50 ; Rise       ; counter_14:comb_3|q[0]        ;
; -0.500 ; 0.500        ; 1.000          ; Low Pulse Width  ; CLOCK_50 ; Rise       ; counter_14:comb_3|q[0]        ;
; -0.500 ; 0.500        ; 1.000          ; High Pulse Width ; CLOCK_50 ; Rise       ; counter_14:comb_3|q[10]       ;
; -0.500 ; 0.500        ; 1.000          ; Low Pulse Width  ; CLOCK_50 ; Rise       ; counter_14:comb_3|q[10]       ;
; -0.500 ; 0.500        ; 1.000          ; High Pulse Width ; CLOCK_50 ; Rise       ; counter_14:comb_3|q[11]       ;
; -0.500 ; 0.500        ; 1.000          ; Low Pulse Width  ; CLOCK_50 ; Rise       ; counter_14:comb_3|q[11]       ;
; -0.500 ; 0.500        ; 1.000          ; High Pulse Width ; CLOCK_50 ; Rise       ; counter_14:comb_3|q[12]       ;
; -0.500 ; 0.500        ; 1.000          ; Low Pulse Width  ; CLOCK_50 ; Rise       ; counter_14:comb_3|q[12]       ;
; -0.500 ; 0.500        ; 1.000          ; High Pulse Width ; CLOCK_50 ; Rise       ; counter_14:comb_3|q[13]       ;
; -0.500 ; 0.500        ; 1.000          ; Low Pulse Width  ; CLOCK_50 ; Rise       ; counter_14:comb_3|q[13]       ;
; -0.500 ; 0.500        ; 1.000          ; High Pulse Width ; CLOCK_50 ; Rise       ; counter_14:comb_3|q[14]       ;
; -0.500 ; 0.500        ; 1.000          ; Low Pulse Width  ; CLOCK_50 ; Rise       ; counter_14:comb_3|q[14]       ;
; -0.500 ; 0.500        ; 1.000          ; High Pulse Width ; CLOCK_50 ; Rise       ; counter_14:comb_3|q[15]       ;
; -0.500 ; 0.500        ; 1.000          ; Low Pulse Width  ; CLOCK_50 ; Rise       ; counter_14:comb_3|q[15]       ;
; -0.500 ; 0.500        ; 1.000          ; High Pulse Width ; CLOCK_50 ; Rise       ; counter_14:comb_3|q[16]       ;
; -0.500 ; 0.500        ; 1.000          ; Low Pulse Width  ; CLOCK_50 ; Rise       ; counter_14:comb_3|q[16]       ;
; -0.500 ; 0.500        ; 1.000          ; High Pulse Width ; CLOCK_50 ; Rise       ; counter_14:comb_3|q[17]       ;
; -0.500 ; 0.500        ; 1.000          ; Low Pulse Width  ; CLOCK_50 ; Rise       ; counter_14:comb_3|q[17]       ;
; -0.500 ; 0.500        ; 1.000          ; High Pulse Width ; CLOCK_50 ; Rise       ; counter_14:comb_3|q[18]       ;
; -0.500 ; 0.500        ; 1.000          ; Low Pulse Width  ; CLOCK_50 ; Rise       ; counter_14:comb_3|q[18]       ;
; -0.500 ; 0.500        ; 1.000          ; High Pulse Width ; CLOCK_50 ; Rise       ; counter_14:comb_3|q[19]       ;
; -0.500 ; 0.500        ; 1.000          ; Low Pulse Width  ; CLOCK_50 ; Rise       ; counter_14:comb_3|q[19]       ;
; -0.500 ; 0.500        ; 1.000          ; High Pulse Width ; CLOCK_50 ; Rise       ; counter_14:comb_3|q[1]        ;
; -0.500 ; 0.500        ; 1.000          ; Low Pulse Width  ; CLOCK_50 ; Rise       ; counter_14:comb_3|q[1]        ;
; -0.500 ; 0.500        ; 1.000          ; High Pulse Width ; CLOCK_50 ; Rise       ; counter_14:comb_3|q[20]       ;
; -0.500 ; 0.500        ; 1.000          ; Low Pulse Width  ; CLOCK_50 ; Rise       ; counter_14:comb_3|q[20]       ;
; -0.500 ; 0.500        ; 1.000          ; High Pulse Width ; CLOCK_50 ; Rise       ; counter_14:comb_3|q[21]       ;
; -0.500 ; 0.500        ; 1.000          ; Low Pulse Width  ; CLOCK_50 ; Rise       ; counter_14:comb_3|q[21]       ;
; -0.500 ; 0.500        ; 1.000          ; High Pulse Width ; CLOCK_50 ; Rise       ; counter_14:comb_3|q[22]       ;
; -0.500 ; 0.500        ; 1.000          ; Low Pulse Width  ; CLOCK_50 ; Rise       ; counter_14:comb_3|q[22]       ;
; -0.500 ; 0.500        ; 1.000          ; High Pulse Width ; CLOCK_50 ; Rise       ; counter_14:comb_3|q[23]       ;
; -0.500 ; 0.500        ; 1.000          ; Low Pulse Width  ; CLOCK_50 ; Rise       ; counter_14:comb_3|q[23]       ;
; -0.500 ; 0.500        ; 1.000          ; High Pulse Width ; CLOCK_50 ; Rise       ; counter_14:comb_3|q[24]       ;
; -0.500 ; 0.500        ; 1.000          ; Low Pulse Width  ; CLOCK_50 ; Rise       ; counter_14:comb_3|q[24]       ;
; -0.500 ; 0.500        ; 1.000          ; High Pulse Width ; CLOCK_50 ; Rise       ; counter_14:comb_3|q[25]       ;
; -0.500 ; 0.500        ; 1.000          ; Low Pulse Width  ; CLOCK_50 ; Rise       ; counter_14:comb_3|q[25]       ;
; -0.500 ; 0.500        ; 1.000          ; High Pulse Width ; CLOCK_50 ; Rise       ; counter_14:comb_3|q[26]       ;
; -0.500 ; 0.500        ; 1.000          ; Low Pulse Width  ; CLOCK_50 ; Rise       ; counter_14:comb_3|q[26]       ;
; -0.500 ; 0.500        ; 1.000          ; High Pulse Width ; CLOCK_50 ; Rise       ; counter_14:comb_3|q[27]       ;
; -0.500 ; 0.500        ; 1.000          ; Low Pulse Width  ; CLOCK_50 ; Rise       ; counter_14:comb_3|q[27]       ;
; -0.500 ; 0.500        ; 1.000          ; High Pulse Width ; CLOCK_50 ; Rise       ; counter_14:comb_3|q[28]       ;
; -0.500 ; 0.500        ; 1.000          ; Low Pulse Width  ; CLOCK_50 ; Rise       ; counter_14:comb_3|q[28]       ;
; -0.500 ; 0.500        ; 1.000          ; High Pulse Width ; CLOCK_50 ; Rise       ; counter_14:comb_3|q[29]       ;
; -0.500 ; 0.500        ; 1.000          ; Low Pulse Width  ; CLOCK_50 ; Rise       ; counter_14:comb_3|q[29]       ;
; -0.500 ; 0.500        ; 1.000          ; High Pulse Width ; CLOCK_50 ; Rise       ; counter_14:comb_3|q[2]        ;
; -0.500 ; 0.500        ; 1.000          ; Low Pulse Width  ; CLOCK_50 ; Rise       ; counter_14:comb_3|q[2]        ;
; -0.500 ; 0.500        ; 1.000          ; High Pulse Width ; CLOCK_50 ; Rise       ; counter_14:comb_3|q[30]       ;
; -0.500 ; 0.500        ; 1.000          ; Low Pulse Width  ; CLOCK_50 ; Rise       ; counter_14:comb_3|q[30]       ;
; -0.500 ; 0.500        ; 1.000          ; High Pulse Width ; CLOCK_50 ; Rise       ; counter_14:comb_3|q[31]       ;
; -0.500 ; 0.500        ; 1.000          ; Low Pulse Width  ; CLOCK_50 ; Rise       ; counter_14:comb_3|q[31]       ;
; -0.500 ; 0.500        ; 1.000          ; High Pulse Width ; CLOCK_50 ; Rise       ; counter_14:comb_3|q[3]        ;
; -0.500 ; 0.500        ; 1.000          ; Low Pulse Width  ; CLOCK_50 ; Rise       ; counter_14:comb_3|q[3]        ;
; -0.500 ; 0.500        ; 1.000          ; High Pulse Width ; CLOCK_50 ; Rise       ; counter_14:comb_3|q[4]        ;
; -0.500 ; 0.500        ; 1.000          ; Low Pulse Width  ; CLOCK_50 ; Rise       ; counter_14:comb_3|q[4]        ;
; -0.500 ; 0.500        ; 1.000          ; High Pulse Width ; CLOCK_50 ; Rise       ; counter_14:comb_3|q[5]        ;
; -0.500 ; 0.500        ; 1.000          ; Low Pulse Width  ; CLOCK_50 ; Rise       ; counter_14:comb_3|q[5]        ;
; -0.500 ; 0.500        ; 1.000          ; High Pulse Width ; CLOCK_50 ; Rise       ; counter_14:comb_3|q[6]        ;
; -0.500 ; 0.500        ; 1.000          ; Low Pulse Width  ; CLOCK_50 ; Rise       ; counter_14:comb_3|q[6]        ;
; -0.500 ; 0.500        ; 1.000          ; High Pulse Width ; CLOCK_50 ; Rise       ; counter_14:comb_3|q[7]        ;
; -0.500 ; 0.500        ; 1.000          ; Low Pulse Width  ; CLOCK_50 ; Rise       ; counter_14:comb_3|q[7]        ;
; -0.500 ; 0.500        ; 1.000          ; High Pulse Width ; CLOCK_50 ; Rise       ; counter_14:comb_3|q[8]        ;
; -0.500 ; 0.500        ; 1.000          ; Low Pulse Width  ; CLOCK_50 ; Rise       ; counter_14:comb_3|q[8]        ;
; -0.500 ; 0.500        ; 1.000          ; High Pulse Width ; CLOCK_50 ; Rise       ; counter_14:comb_3|q[9]        ;
; -0.500 ; 0.500        ; 1.000          ; Low Pulse Width  ; CLOCK_50 ; Rise       ; counter_14:comb_3|q[9]        ;
; 0.500  ; 0.500        ; 0.000          ; High Pulse Width ; CLOCK_50 ; Rise       ; CLOCK_50|combout              ;
; 0.500  ; 0.500        ; 0.000          ; Low Pulse Width  ; CLOCK_50 ; Rise       ; CLOCK_50|combout              ;
; 0.500  ; 0.500        ; 0.000          ; High Pulse Width ; CLOCK_50 ; Rise       ; CLOCK_50~clkctrl|inclk[0]     ;
; 0.500  ; 0.500        ; 0.000          ; Low Pulse Width  ; CLOCK_50 ; Rise       ; CLOCK_50~clkctrl|inclk[0]     ;
; 0.500  ; 0.500        ; 0.000          ; High Pulse Width ; CLOCK_50 ; Rise       ; CLOCK_50~clkctrl|outclk       ;
; 0.500  ; 0.500        ; 0.000          ; Low Pulse Width  ; CLOCK_50 ; Rise       ; CLOCK_50~clkctrl|outclk       ;
; 0.500  ; 0.500        ; 0.000          ; High Pulse Width ; CLOCK_50 ; Rise       ; comb_3|clock_400ms|clk        ;
; 0.500  ; 0.500        ; 0.000          ; Low Pulse Width  ; CLOCK_50 ; Rise       ; comb_3|clock_400ms|clk        ;
; 0.500  ; 0.500        ; 0.000          ; High Pulse Width ; CLOCK_50 ; Rise       ; comb_3|q[0]|clk               ;
; 0.500  ; 0.500        ; 0.000          ; Low Pulse Width  ; CLOCK_50 ; Rise       ; comb_3|q[0]|clk               ;
; 0.500  ; 0.500        ; 0.000          ; High Pulse Width ; CLOCK_50 ; Rise       ; comb_3|q[10]|clk              ;
; 0.500  ; 0.500        ; 0.000          ; Low Pulse Width  ; CLOCK_50 ; Rise       ; comb_3|q[10]|clk              ;
; 0.500  ; 0.500        ; 0.000          ; High Pulse Width ; CLOCK_50 ; Rise       ; comb_3|q[11]|clk              ;
; 0.500  ; 0.500        ; 0.000          ; Low Pulse Width  ; CLOCK_50 ; Rise       ; comb_3|q[11]|clk              ;
; 0.500  ; 0.500        ; 0.000          ; High Pulse Width ; CLOCK_50 ; Rise       ; comb_3|q[12]|clk              ;
; 0.500  ; 0.500        ; 0.000          ; Low Pulse Width  ; CLOCK_50 ; Rise       ; comb_3|q[12]|clk              ;
; 0.500  ; 0.500        ; 0.000          ; High Pulse Width ; CLOCK_50 ; Rise       ; comb_3|q[13]|clk              ;
; 0.500  ; 0.500        ; 0.000          ; Low Pulse Width  ; CLOCK_50 ; Rise       ; comb_3|q[13]|clk              ;
; 0.500  ; 0.500        ; 0.000          ; High Pulse Width ; CLOCK_50 ; Rise       ; comb_3|q[14]|clk              ;
; 0.500  ; 0.500        ; 0.000          ; Low Pulse Width  ; CLOCK_50 ; Rise       ; comb_3|q[14]|clk              ;
; 0.500  ; 0.500        ; 0.000          ; High Pulse Width ; CLOCK_50 ; Rise       ; comb_3|q[15]|clk              ;
; 0.500  ; 0.500        ; 0.000          ; Low Pulse Width  ; CLOCK_50 ; Rise       ; comb_3|q[15]|clk              ;
; 0.500  ; 0.500        ; 0.000          ; High Pulse Width ; CLOCK_50 ; Rise       ; comb_3|q[16]|clk              ;
; 0.500  ; 0.500        ; 0.000          ; Low Pulse Width  ; CLOCK_50 ; Rise       ; comb_3|q[16]|clk              ;
; 0.500  ; 0.500        ; 0.000          ; High Pulse Width ; CLOCK_50 ; Rise       ; comb_3|q[17]|clk              ;
; 0.500  ; 0.500        ; 0.000          ; Low Pulse Width  ; CLOCK_50 ; Rise       ; comb_3|q[17]|clk              ;
; 0.500  ; 0.500        ; 0.000          ; High Pulse Width ; CLOCK_50 ; Rise       ; comb_3|q[18]|clk              ;
; 0.500  ; 0.500        ; 0.000          ; Low Pulse Width  ; CLOCK_50 ; Rise       ; comb_3|q[18]|clk              ;
; 0.500  ; 0.500        ; 0.000          ; High Pulse Width ; CLOCK_50 ; Rise       ; comb_3|q[19]|clk              ;
; 0.500  ; 0.500        ; 0.000          ; Low Pulse Width  ; CLOCK_50 ; Rise       ; comb_3|q[19]|clk              ;
; 0.500  ; 0.500        ; 0.000          ; High Pulse Width ; CLOCK_50 ; Rise       ; comb_3|q[1]|clk               ;
; 0.500  ; 0.500        ; 0.000          ; Low Pulse Width  ; CLOCK_50 ; Rise       ; comb_3|q[1]|clk               ;
; 0.500  ; 0.500        ; 0.000          ; High Pulse Width ; CLOCK_50 ; Rise       ; comb_3|q[20]|clk              ;
+--------+--------------+----------------+------------------+----------+------------+-------------------------------+


+----------------------------------------------------------------------------------------------------------------------------------------------+
; Fast Model Minimum Pulse Width: 'counter_14:comb_3|clock_400ms'                                                                              ;
+--------+--------------+----------------+------------------+-------------------------------+------------+-------------------------------------+
; Slack  ; Actual Width ; Required Width ; Type             ; Clock                         ; Clock Edge ; Target                              ;
+--------+--------------+----------------+------------------+-------------------------------+------------+-------------------------------------+
; -0.500 ; 0.500        ; 1.000          ; High Pulse Width ; counter_14:comb_3|clock_400ms ; Rise       ; counter_14:comb_3|bcd1[0]           ;
; -0.500 ; 0.500        ; 1.000          ; Low Pulse Width  ; counter_14:comb_3|clock_400ms ; Rise       ; counter_14:comb_3|bcd1[0]           ;
; -0.500 ; 0.500        ; 1.000          ; High Pulse Width ; counter_14:comb_3|clock_400ms ; Rise       ; counter_14:comb_3|bcd1[1]           ;
; -0.500 ; 0.500        ; 1.000          ; Low Pulse Width  ; counter_14:comb_3|clock_400ms ; Rise       ; counter_14:comb_3|bcd1[1]           ;
; -0.500 ; 0.500        ; 1.000          ; High Pulse Width ; counter_14:comb_3|clock_400ms ; Rise       ; counter_14:comb_3|bcd1[2]           ;
; -0.500 ; 0.500        ; 1.000          ; Low Pulse Width  ; counter_14:comb_3|clock_400ms ; Rise       ; counter_14:comb_3|bcd1[2]           ;
; -0.500 ; 0.500        ; 1.000          ; High Pulse Width ; counter_14:comb_3|clock_400ms ; Rise       ; counter_14:comb_3|bcd1[3]           ;
; -0.500 ; 0.500        ; 1.000          ; Low Pulse Width  ; counter_14:comb_3|clock_400ms ; Rise       ; counter_14:comb_3|bcd1[3]           ;
; -0.500 ; 0.500        ; 1.000          ; High Pulse Width ; counter_14:comb_3|clock_400ms ; Rise       ; counter_14:comb_3|bcd2[0]           ;
; -0.500 ; 0.500        ; 1.000          ; Low Pulse Width  ; counter_14:comb_3|clock_400ms ; Rise       ; counter_14:comb_3|bcd2[0]           ;
; -0.500 ; 0.500        ; 1.000          ; High Pulse Width ; counter_14:comb_3|clock_400ms ; Rise       ; counter_14:comb_3|bcd2[1]           ;
; -0.500 ; 0.500        ; 1.000          ; Low Pulse Width  ; counter_14:comb_3|clock_400ms ; Rise       ; counter_14:comb_3|bcd2[1]           ;
; -0.500 ; 0.500        ; 1.000          ; High Pulse Width ; counter_14:comb_3|clock_400ms ; Rise       ; counter_14:comb_3|bcd2[2]           ;
; -0.500 ; 0.500        ; 1.000          ; Low Pulse Width  ; counter_14:comb_3|clock_400ms ; Rise       ; counter_14:comb_3|bcd2[2]           ;
; 0.500  ; 0.500        ; 0.000          ; High Pulse Width ; counter_14:comb_3|clock_400ms ; Rise       ; comb_3|bcd1[0]|clk                  ;
; 0.500  ; 0.500        ; 0.000          ; Low Pulse Width  ; counter_14:comb_3|clock_400ms ; Rise       ; comb_3|bcd1[0]|clk                  ;
; 0.500  ; 0.500        ; 0.000          ; High Pulse Width ; counter_14:comb_3|clock_400ms ; Rise       ; comb_3|bcd1[1]|clk                  ;
; 0.500  ; 0.500        ; 0.000          ; Low Pulse Width  ; counter_14:comb_3|clock_400ms ; Rise       ; comb_3|bcd1[1]|clk                  ;
; 0.500  ; 0.500        ; 0.000          ; High Pulse Width ; counter_14:comb_3|clock_400ms ; Rise       ; comb_3|bcd1[2]|clk                  ;
; 0.500  ; 0.500        ; 0.000          ; Low Pulse Width  ; counter_14:comb_3|clock_400ms ; Rise       ; comb_3|bcd1[2]|clk                  ;
; 0.500  ; 0.500        ; 0.000          ; High Pulse Width ; counter_14:comb_3|clock_400ms ; Rise       ; comb_3|bcd1[3]|clk                  ;
; 0.500  ; 0.500        ; 0.000          ; Low Pulse Width  ; counter_14:comb_3|clock_400ms ; Rise       ; comb_3|bcd1[3]|clk                  ;
; 0.500  ; 0.500        ; 0.000          ; High Pulse Width ; counter_14:comb_3|clock_400ms ; Rise       ; comb_3|bcd2[0]|clk                  ;
; 0.500  ; 0.500        ; 0.000          ; Low Pulse Width  ; counter_14:comb_3|clock_400ms ; Rise       ; comb_3|bcd2[0]|clk                  ;
; 0.500  ; 0.500        ; 0.000          ; High Pulse Width ; counter_14:comb_3|clock_400ms ; Rise       ; comb_3|bcd2[1]|clk                  ;
; 0.500  ; 0.500        ; 0.000          ; Low Pulse Width  ; counter_14:comb_3|clock_400ms ; Rise       ; comb_3|bcd2[1]|clk                  ;
; 0.500  ; 0.500        ; 0.000          ; High Pulse Width ; counter_14:comb_3|clock_400ms ; Rise       ; comb_3|bcd2[2]|clk                  ;
; 0.500  ; 0.500        ; 0.000          ; Low Pulse Width  ; counter_14:comb_3|clock_400ms ; Rise       ; comb_3|bcd2[2]|clk                  ;
; 0.500  ; 0.500        ; 0.000          ; High Pulse Width ; counter_14:comb_3|clock_400ms ; Rise       ; comb_3|clock_400ms|regout           ;
; 0.500  ; 0.500        ; 0.000          ; Low Pulse Width  ; counter_14:comb_3|clock_400ms ; Rise       ; comb_3|clock_400ms|regout           ;
; 0.500  ; 0.500        ; 0.000          ; High Pulse Width ; counter_14:comb_3|clock_400ms ; Rise       ; comb_3|clock_400ms~clkctrl|inclk[0] ;
; 0.500  ; 0.500        ; 0.000          ; Low Pulse Width  ; counter_14:comb_3|clock_400ms ; Rise       ; comb_3|clock_400ms~clkctrl|inclk[0] ;
; 0.500  ; 0.500        ; 0.000          ; High Pulse Width ; counter_14:comb_3|clock_400ms ; Rise       ; comb_3|clock_400ms~clkctrl|outclk   ;
; 0.500  ; 0.500        ; 0.000          ; Low Pulse Width  ; counter_14:comb_3|clock_400ms ; Rise       ; comb_3|clock_400ms~clkctrl|outclk   ;
+--------+--------------+----------------+------------------+-------------------------------+------------+-------------------------------------+


+--------------------------------------------------------------------------------------------------------+
; Clock to Output Times                                                                                  ;
+-----------+-------------------------------+-------+-------+------------+-------------------------------+
; Data Port ; Clock Port                    ; Rise  ; Fall  ; Clock Edge ; Clock Reference               ;
+-----------+-------------------------------+-------+-------+------------+-------------------------------+
; HEX0[*]   ; counter_14:comb_3|clock_400ms ; 4.168 ; 4.168 ; Rise       ; counter_14:comb_3|clock_400ms ;
;  HEX0[0]  ; counter_14:comb_3|clock_400ms ; 4.168 ; 4.168 ; Rise       ; counter_14:comb_3|clock_400ms ;
;  HEX0[1]  ; counter_14:comb_3|clock_400ms ; 4.137 ; 4.137 ; Rise       ; counter_14:comb_3|clock_400ms ;
;  HEX0[2]  ; counter_14:comb_3|clock_400ms ; 4.157 ; 4.157 ; Rise       ; counter_14:comb_3|clock_400ms ;
;  HEX0[3]  ; counter_14:comb_3|clock_400ms ; 4.050 ; 4.050 ; Rise       ; counter_14:comb_3|clock_400ms ;
;  HEX0[4]  ; counter_14:comb_3|clock_400ms ; 4.052 ; 4.052 ; Rise       ; counter_14:comb_3|clock_400ms ;
;  HEX0[5]  ; counter_14:comb_3|clock_400ms ; 4.027 ; 4.027 ; Rise       ; counter_14:comb_3|clock_400ms ;
;  HEX0[6]  ; counter_14:comb_3|clock_400ms ; 4.029 ; 4.029 ; Rise       ; counter_14:comb_3|clock_400ms ;
; HEX1[*]   ; counter_14:comb_3|clock_400ms ; 5.534 ; 5.534 ; Rise       ; counter_14:comb_3|clock_400ms ;
;  HEX1[0]  ; counter_14:comb_3|clock_400ms ; 5.482 ; 5.482 ; Rise       ; counter_14:comb_3|clock_400ms ;
;  HEX1[1]  ; counter_14:comb_3|clock_400ms ; 5.534 ; 5.534 ; Rise       ; counter_14:comb_3|clock_400ms ;
;  HEX1[2]  ; counter_14:comb_3|clock_400ms ; 5.299 ; 5.299 ; Rise       ; counter_14:comb_3|clock_400ms ;
;  HEX1[3]  ; counter_14:comb_3|clock_400ms ; 5.277 ; 5.277 ; Rise       ; counter_14:comb_3|clock_400ms ;
;  HEX1[4]  ; counter_14:comb_3|clock_400ms ; 5.321 ; 5.321 ; Rise       ; counter_14:comb_3|clock_400ms ;
;  HEX1[5]  ; counter_14:comb_3|clock_400ms ; 5.409 ; 5.409 ; Rise       ; counter_14:comb_3|clock_400ms ;
;  HEX1[6]  ; counter_14:comb_3|clock_400ms ; 5.433 ; 5.433 ; Rise       ; counter_14:comb_3|clock_400ms ;
+-----------+-------------------------------+-------+-------+------------+-------------------------------+


+--------------------------------------------------------------------------------------------------------+
; Minimum Clock to Output Times                                                                          ;
+-----------+-------------------------------+-------+-------+------------+-------------------------------+
; Data Port ; Clock Port                    ; Rise  ; Fall  ; Clock Edge ; Clock Reference               ;
+-----------+-------------------------------+-------+-------+------------+-------------------------------+
; HEX0[*]   ; counter_14:comb_3|clock_400ms ; 3.787 ; 3.787 ; Rise       ; counter_14:comb_3|clock_400ms ;
;  HEX0[0]  ; counter_14:comb_3|clock_400ms ; 4.046 ; 4.046 ; Rise       ; counter_14:comb_3|clock_400ms ;
;  HEX0[1]  ; counter_14:comb_3|clock_400ms ; 4.018 ; 4.018 ; Rise       ; counter_14:comb_3|clock_400ms ;
;  HEX0[2]  ; counter_14:comb_3|clock_400ms ; 4.037 ; 4.037 ; Rise       ; counter_14:comb_3|clock_400ms ;
;  HEX0[3]  ; counter_14:comb_3|clock_400ms ; 3.932 ; 3.932 ; Rise       ; counter_14:comb_3|clock_400ms ;
;  HEX0[4]  ; counter_14:comb_3|clock_400ms ; 3.932 ; 3.932 ; Rise       ; counter_14:comb_3|clock_400ms ;
;  HEX0[5]  ; counter_14:comb_3|clock_400ms ; 3.787 ; 3.787 ; Rise       ; counter_14:comb_3|clock_400ms ;
;  HEX0[6]  ; counter_14:comb_3|clock_400ms ; 3.791 ; 3.791 ; Rise       ; counter_14:comb_3|clock_400ms ;
; HEX1[*]   ; counter_14:comb_3|clock_400ms ; 4.823 ; 4.823 ; Rise       ; counter_14:comb_3|clock_400ms ;
;  HEX1[0]  ; counter_14:comb_3|clock_400ms ; 5.026 ; 5.026 ; Rise       ; counter_14:comb_3|clock_400ms ;
;  HEX1[1]  ; counter_14:comb_3|clock_400ms ; 5.073 ; 5.073 ; Rise       ; counter_14:comb_3|clock_400ms ;
;  HEX1[2]  ; counter_14:comb_3|clock_400ms ; 4.856 ; 4.856 ; Rise       ; counter_14:comb_3|clock_400ms ;
;  HEX1[3]  ; counter_14:comb_3|clock_400ms ; 4.823 ; 4.823 ; Rise       ; counter_14:comb_3|clock_400ms ;
;  HEX1[4]  ; counter_14:comb_3|clock_400ms ; 4.868 ; 4.868 ; Rise       ; counter_14:comb_3|clock_400ms ;
;  HEX1[5]  ; counter_14:comb_3|clock_400ms ; 4.958 ; 4.958 ; Rise       ; counter_14:comb_3|clock_400ms ;
;  HEX1[6]  ; counter_14:comb_3|clock_400ms ; 4.973 ; 4.973 ; Rise       ; counter_14:comb_3|clock_400ms ;
+-----------+-------------------------------+-------+-------+------------+-------------------------------+


+----------------------------------------------------------------------------------------------+
; Multicorner Timing Analysis Summary                                                          ;
+--------------------------------+---------+--------+----------+---------+---------------------+
; Clock                          ; Setup   ; Hold   ; Recovery ; Removal ; Minimum Pulse Width ;
+--------------------------------+---------+--------+----------+---------+---------------------+
; Worst-case Slack               ; -4.912  ; -2.529 ; N/A      ; N/A     ; -1.380              ;
;  CLOCK_50                      ; -4.912  ; -2.529 ; N/A      ; N/A     ; -1.380              ;
;  counter_14:comb_3|clock_400ms ; -0.806  ; 0.215  ; N/A      ; N/A     ; -0.500              ;
; Design-wide TNS                ; -84.0   ; -2.529 ; 0.0      ; 0.0     ; -41.38              ;
;  CLOCK_50                      ; -80.162 ; -2.529 ; N/A      ; N/A     ; -34.380             ;
;  counter_14:comb_3|clock_400ms ; -3.838  ; 0.000  ; N/A      ; N/A     ; -7.000              ;
+--------------------------------+---------+--------+----------+---------+---------------------+


+----------------------------------------------------------------------------------------------------------+
; Clock to Output Times                                                                                    ;
+-----------+-------------------------------+--------+--------+------------+-------------------------------+
; Data Port ; Clock Port                    ; Rise   ; Fall   ; Clock Edge ; Clock Reference               ;
+-----------+-------------------------------+--------+--------+------------+-------------------------------+
; HEX0[*]   ; counter_14:comb_3|clock_400ms ; 7.697  ; 7.697  ; Rise       ; counter_14:comb_3|clock_400ms ;
;  HEX0[0]  ; counter_14:comb_3|clock_400ms ; 7.675  ; 7.675  ; Rise       ; counter_14:comb_3|clock_400ms ;
;  HEX0[1]  ; counter_14:comb_3|clock_400ms ; 7.669  ; 7.669  ; Rise       ; counter_14:comb_3|clock_400ms ;
;  HEX0[2]  ; counter_14:comb_3|clock_400ms ; 7.697  ; 7.697  ; Rise       ; counter_14:comb_3|clock_400ms ;
;  HEX0[3]  ; counter_14:comb_3|clock_400ms ; 7.450  ; 7.450  ; Rise       ; counter_14:comb_3|clock_400ms ;
;  HEX0[4]  ; counter_14:comb_3|clock_400ms ; 7.453  ; 7.453  ; Rise       ; counter_14:comb_3|clock_400ms ;
;  HEX0[5]  ; counter_14:comb_3|clock_400ms ; 7.419  ; 7.419  ; Rise       ; counter_14:comb_3|clock_400ms ;
;  HEX0[6]  ; counter_14:comb_3|clock_400ms ; 7.387  ; 7.387  ; Rise       ; counter_14:comb_3|clock_400ms ;
; HEX1[*]   ; counter_14:comb_3|clock_400ms ; 10.312 ; 10.312 ; Rise       ; counter_14:comb_3|clock_400ms ;
;  HEX1[0]  ; counter_14:comb_3|clock_400ms ; 10.212 ; 10.212 ; Rise       ; counter_14:comb_3|clock_400ms ;
;  HEX1[1]  ; counter_14:comb_3|clock_400ms ; 10.312 ; 10.312 ; Rise       ; counter_14:comb_3|clock_400ms ;
;  HEX1[2]  ; counter_14:comb_3|clock_400ms ; 9.906  ; 9.906  ; Rise       ; counter_14:comb_3|clock_400ms ;
;  HEX1[3]  ; counter_14:comb_3|clock_400ms ; 9.864  ; 9.864  ; Rise       ; counter_14:comb_3|clock_400ms ;
;  HEX1[4]  ; counter_14:comb_3|clock_400ms ; 9.927  ; 9.927  ; Rise       ; counter_14:comb_3|clock_400ms ;
;  HEX1[5]  ; counter_14:comb_3|clock_400ms ; 10.151 ; 10.151 ; Rise       ; counter_14:comb_3|clock_400ms ;
;  HEX1[6]  ; counter_14:comb_3|clock_400ms ; 10.175 ; 10.175 ; Rise       ; counter_14:comb_3|clock_400ms ;
+-----------+-------------------------------+--------+--------+------------+-------------------------------+


+--------------------------------------------------------------------------------------------------------+
; Minimum Clock to Output Times                                                                          ;
+-----------+-------------------------------+-------+-------+------------+-------------------------------+
; Data Port ; Clock Port                    ; Rise  ; Fall  ; Clock Edge ; Clock Reference               ;
+-----------+-------------------------------+-------+-------+------------+-------------------------------+
; HEX0[*]   ; counter_14:comb_3|clock_400ms ; 3.787 ; 3.787 ; Rise       ; counter_14:comb_3|clock_400ms ;
;  HEX0[0]  ; counter_14:comb_3|clock_400ms ; 4.046 ; 4.046 ; Rise       ; counter_14:comb_3|clock_400ms ;
;  HEX0[1]  ; counter_14:comb_3|clock_400ms ; 4.018 ; 4.018 ; Rise       ; counter_14:comb_3|clock_400ms ;
;  HEX0[2]  ; counter_14:comb_3|clock_400ms ; 4.037 ; 4.037 ; Rise       ; counter_14:comb_3|clock_400ms ;
;  HEX0[3]  ; counter_14:comb_3|clock_400ms ; 3.932 ; 3.932 ; Rise       ; counter_14:comb_3|clock_400ms ;
;  HEX0[4]  ; counter_14:comb_3|clock_400ms ; 3.932 ; 3.932 ; Rise       ; counter_14:comb_3|clock_400ms ;
;  HEX0[5]  ; counter_14:comb_3|clock_400ms ; 3.787 ; 3.787 ; Rise       ; counter_14:comb_3|clock_400ms ;
;  HEX0[6]  ; counter_14:comb_3|clock_400ms ; 3.791 ; 3.791 ; Rise       ; counter_14:comb_3|clock_400ms ;
; HEX1[*]   ; counter_14:comb_3|clock_400ms ; 4.823 ; 4.823 ; Rise       ; counter_14:comb_3|clock_400ms ;
;  HEX1[0]  ; counter_14:comb_3|clock_400ms ; 5.026 ; 5.026 ; Rise       ; counter_14:comb_3|clock_400ms ;
;  HEX1[1]  ; counter_14:comb_3|clock_400ms ; 5.073 ; 5.073 ; Rise       ; counter_14:comb_3|clock_400ms ;
;  HEX1[2]  ; counter_14:comb_3|clock_400ms ; 4.856 ; 4.856 ; Rise       ; counter_14:comb_3|clock_400ms ;
;  HEX1[3]  ; counter_14:comb_3|clock_400ms ; 4.823 ; 4.823 ; Rise       ; counter_14:comb_3|clock_400ms ;
;  HEX1[4]  ; counter_14:comb_3|clock_400ms ; 4.868 ; 4.868 ; Rise       ; counter_14:comb_3|clock_400ms ;
;  HEX1[5]  ; counter_14:comb_3|clock_400ms ; 4.958 ; 4.958 ; Rise       ; counter_14:comb_3|clock_400ms ;
;  HEX1[6]  ; counter_14:comb_3|clock_400ms ; 4.973 ; 4.973 ; Rise       ; counter_14:comb_3|clock_400ms ;
+-----------+-------------------------------+-------+-------+------------+-------------------------------+


+-----------------------------------------------------------------------------------------------------------+
; Setup Transfers                                                                                           ;
+-------------------------------+-------------------------------+----------+----------+----------+----------+
; From Clock                    ; To Clock                      ; RR Paths ; FR Paths ; RF Paths ; FF Paths ;
+-------------------------------+-------------------------------+----------+----------+----------+----------+
; CLOCK_50                      ; CLOCK_50                      ; 5280     ; 0        ; 0        ; 0        ;
; counter_14:comb_3|clock_400ms ; CLOCK_50                      ; 1        ; 1        ; 0        ; 0        ;
; counter_14:comb_3|clock_400ms ; counter_14:comb_3|clock_400ms ; 48       ; 0        ; 0        ; 0        ;
+-------------------------------+-------------------------------+----------+----------+----------+----------+
Entries labeled "false path" only account for clock-to-clock false paths and not path-based false paths. As a result, actual path counts may be lower than reported.


+-----------------------------------------------------------------------------------------------------------+
; Hold Transfers                                                                                            ;
+-------------------------------+-------------------------------+----------+----------+----------+----------+
; From Clock                    ; To Clock                      ; RR Paths ; FR Paths ; RF Paths ; FF Paths ;
+-------------------------------+-------------------------------+----------+----------+----------+----------+
; CLOCK_50                      ; CLOCK_50                      ; 5280     ; 0        ; 0        ; 0        ;
; counter_14:comb_3|clock_400ms ; CLOCK_50                      ; 1        ; 1        ; 0        ; 0        ;
; counter_14:comb_3|clock_400ms ; counter_14:comb_3|clock_400ms ; 48       ; 0        ; 0        ; 0        ;
+-------------------------------+-------------------------------+----------+----------+----------+----------+
Entries labeled "false path" only account for clock-to-clock false paths and not path-based false paths. As a result, actual path counts may be lower than reported.


---------------
; Report TCCS ;
---------------
No dedicated SERDES Transmitter circuitry present in device or used in design


---------------
; Report RSKM ;
---------------
No dedicated SERDES Receiver circuitry present in device or used in design


+------------------------------------------------+
; Unconstrained Paths                            ;
+---------------------------------+-------+------+
; Property                        ; Setup ; Hold ;
+---------------------------------+-------+------+
; Illegal Clocks                  ; 0     ; 0    ;
; Unconstrained Clocks            ; 0     ; 0    ;
; Unconstrained Input Ports       ; 0     ; 0    ;
; Unconstrained Input Port Paths  ; 0     ; 0    ;
; Unconstrained Output Ports      ; 14    ; 14   ;
; Unconstrained Output Port Paths ; 49    ; 49   ;
+---------------------------------+-------+------+


+------------------------------------+
; TimeQuest Timing Analyzer Messages ;
+------------------------------------+
Info: *******************************************************************
Info: Running Quartus II 64-Bit TimeQuest Timing Analyzer
    Info: Version 13.0.1 Build 232 06/12/2013 Service Pack 1 SJ Web Edition
    Info: Processing started: Sat Apr 18 09:31:57 2026
Info: Command: quartus_sta bt4 -c bt4
Info: qsta_default_script.tcl version: #1
Warning (20028): Parallel compilation is not licensed and has been disabled
Info (21077): Low junction temperature is 0 degrees C
Info (21077): High junction temperature is 85 degrees C
Critical Warning (332012): Synopsys Design Constraints File file not found: 'bt4.sdc'. A Synopsys Design Constraints File is required by the TimeQuest Timing Analyzer to get proper timing constraints. Without it, the Compiler will not properly optimize the design.
Info (332142): No user constrained base clocks found in the design. Calling "derive_clocks -period 1.0"
Info (332105): Deriving Clocks
    Info (332105): create_clock -period 1.000 -name CLOCK_50 CLOCK_50
    Info (332105): create_clock -period 1.000 -name counter_14:comb_3|clock_400ms counter_14:comb_3|clock_400ms
Info: Found TIMEQUEST_REPORT_SCRIPT_INCLUDE_DEFAULT_ANALYSIS = ON
Info: Analyzing Slow Model
Critical Warning (332148): Timing requirements not met
Info (332146): Worst-case setup slack is -4.912
    Info (332119):     Slack End Point TNS Clock 
    Info (332119): ========= ============= =====================
    Info (332119):    -4.912       -80.162 CLOCK_50 
    Info (332119):    -0.806        -3.838 counter_14:comb_3|clock_400ms 
Info (332146): Worst-case hold slack is -2.529
    Info (332119):     Slack End Point TNS Clock 
    Info (332119): ========= ============= =====================
    Info (332119):    -2.529        -2.529 CLOCK_50 
    Info (332119):     0.391         0.000 counter_14:comb_3|clock_400ms 
Info (332140): No Recovery paths to report
Info (332140): No Removal paths to report
Info (332146): Worst-case minimum pulse width slack is -1.380
    Info (332119):     Slack End Point TNS Clock 
    Info (332119): ========= ============= =====================
    Info (332119):    -1.380       -34.380 CLOCK_50 
    Info (332119):    -0.500        -7.000 counter_14:comb_3|clock_400ms 
Info (332001): The selected device family is not supported by the report_metastability command.
Info: Analyzing Fast Model
Critical Warning (332148): Timing requirements not met
Info (332146): Worst-case setup slack is -1.766
    Info (332119):     Slack End Point TNS Clock 
    Info (332119): ========= ============= =====================
    Info (332119):    -1.766       -22.692 CLOCK_50 
    Info (332119):     0.164         0.000 counter_14:comb_3|clock_400ms 
Info (332146): Worst-case hold slack is -1.574
    Info (332119):     Slack End Point TNS Clock 
    Info (332119): ========= ============= =====================
    Info (332119):    -1.574        -1.574 CLOCK_50 
    Info (332119):     0.215         0.000 counter_14:comb_3|clock_400ms 
Info (332140): No Recovery paths to report
Info (332140): No Removal paths to report
Info (332146): Worst-case minimum pulse width slack is -1.380
    Info (332119):     Slack End Point TNS Clock 
    Info (332119): ========= ============= =====================
    Info (332119):    -1.380       -34.380 CLOCK_50 
    Info (332119):    -0.500        -7.000 counter_14:comb_3|clock_400ms 
Info (332001): The selected device family is not supported by the report_metastability command.
Info (332102): Design is not fully constrained for setup requirements
Info (332102): Design is not fully constrained for hold requirements
Info: Quartus II 64-Bit TimeQuest Timing Analyzer was successful. 0 errors, 4 warnings
    Info: Peak virtual memory: 4565 megabytes
    Info: Processing ended: Sat Apr 18 09:31:57 2026
    Info: Elapsed time: 00:00:00
    Info: Total CPU time (on all processors): 00:00:00


