TimeQuest Timing Analyzer report for bt1
Sat May 09 09:36:53 2026
Quartus II 64-Bit Version 13.0.1 Build 232 06/12/2013 Service Pack 1 SJ Web Edition


---------------------
; Table of Contents ;
---------------------
  1. Legal Notice
  2. TimeQuest Timing Analyzer Summary
  3. Parallel Compilation
  4. Clocks
  5. Slow 1200mV 85C Model Fmax Summary
  6. Timing Closure Recommendations
  7. Slow 1200mV 85C Model Setup Summary
  8. Slow 1200mV 85C Model Hold Summary
  9. Slow 1200mV 85C Model Recovery Summary
 10. Slow 1200mV 85C Model Removal Summary
 11. Slow 1200mV 85C Model Minimum Pulse Width Summary
 12. Slow 1200mV 85C Model Setup: 'CLOCK_50'
 13. Slow 1200mV 85C Model Setup: 'clock_ledr'
 14. Slow 1200mV 85C Model Setup: 'clock_ledg'
 15. Slow 1200mV 85C Model Setup: 'clock_hex'
 16. Slow 1200mV 85C Model Hold: 'CLOCK_50'
 17. Slow 1200mV 85C Model Hold: 'clock_ledg'
 18. Slow 1200mV 85C Model Hold: 'clock_ledr'
 19. Slow 1200mV 85C Model Hold: 'clock_hex'
 20. Slow 1200mV 85C Model Minimum Pulse Width: 'CLOCK_50'
 21. Slow 1200mV 85C Model Minimum Pulse Width: 'clock_ledr'
 22. Slow 1200mV 85C Model Minimum Pulse Width: 'clock_ledg'
 23. Slow 1200mV 85C Model Minimum Pulse Width: 'clock_hex'
 24. Clock to Output Times
 25. Minimum Clock to Output Times
 26. Slow 1200mV 85C Model Metastability Report
 27. Slow 1200mV 0C Model Fmax Summary
 28. Slow 1200mV 0C Model Setup Summary
 29. Slow 1200mV 0C Model Hold Summary
 30. Slow 1200mV 0C Model Recovery Summary
 31. Slow 1200mV 0C Model Removal Summary
 32. Slow 1200mV 0C Model Minimum Pulse Width Summary
 33. Slow 1200mV 0C Model Setup: 'CLOCK_50'
 34. Slow 1200mV 0C Model Setup: 'clock_ledr'
 35. Slow 1200mV 0C Model Setup: 'clock_ledg'
 36. Slow 1200mV 0C Model Setup: 'clock_hex'
 37. Slow 1200mV 0C Model Hold: 'CLOCK_50'
 38. Slow 1200mV 0C Model Hold: 'clock_ledg'
 39. Slow 1200mV 0C Model Hold: 'clock_hex'
 40. Slow 1200mV 0C Model Hold: 'clock_ledr'
 41. Slow 1200mV 0C Model Minimum Pulse Width: 'CLOCK_50'
 42. Slow 1200mV 0C Model Minimum Pulse Width: 'clock_ledr'
 43. Slow 1200mV 0C Model Minimum Pulse Width: 'clock_ledg'
 44. Slow 1200mV 0C Model Minimum Pulse Width: 'clock_hex'
 45. Clock to Output Times
 46. Minimum Clock to Output Times
 47. Slow 1200mV 0C Model Metastability Report
 48. Fast 1200mV 0C Model Setup Summary
 49. Fast 1200mV 0C Model Hold Summary
 50. Fast 1200mV 0C Model Recovery Summary
 51. Fast 1200mV 0C Model Removal Summary
 52. Fast 1200mV 0C Model Minimum Pulse Width Summary
 53. Fast 1200mV 0C Model Setup: 'CLOCK_50'
 54. Fast 1200mV 0C Model Setup: 'clock_ledr'
 55. Fast 1200mV 0C Model Setup: 'clock_ledg'
 56. Fast 1200mV 0C Model Setup: 'clock_hex'
 57. Fast 1200mV 0C Model Hold: 'CLOCK_50'
 58. Fast 1200mV 0C Model Hold: 'clock_ledr'
 59. Fast 1200mV 0C Model Hold: 'clock_ledg'
 60. Fast 1200mV 0C Model Hold: 'clock_hex'
 61. Fast 1200mV 0C Model Minimum Pulse Width: 'CLOCK_50'
 62. Fast 1200mV 0C Model Minimum Pulse Width: 'clock_ledr'
 63. Fast 1200mV 0C Model Minimum Pulse Width: 'clock_ledg'
 64. Fast 1200mV 0C Model Minimum Pulse Width: 'clock_hex'
 65. Clock to Output Times
 66. Minimum Clock to Output Times
 67. Fast 1200mV 0C Model Metastability Report
 68. Multicorner Timing Analysis Summary
 69. Clock to Output Times
 70. Minimum Clock to Output Times
 71. Board Trace Model Assignments
 72. Input Transition Times
 73. Signal Integrity Metrics (Slow 1200mv 0c Model)
 74. Signal Integrity Metrics (Slow 1200mv 85c Model)
 75. Signal Integrity Metrics (Fast 1200mv 0c Model)
 76. Setup Transfers
 77. Hold Transfers
 78. Report TCCS
 79. Report RSKM
 80. Unconstrained Paths
 81. TimeQuest Timing Analyzer Messages



----------------
; Legal Notice ;
----------------
Copyright (C) 1991-2013 Altera Corporation
Your use of Altera Corporation's design tools, logic functions 
and other software and tools, and its AMPP partner logic 
functions, and any output files from any of the foregoing 
(including device programming or simulation files), and any 
associated documentation or information are expressly subject 
to the terms and conditions of the Altera Program License 
Subscription Agreement, Altera MegaCore Function License 
Agreement, or other applicable license agreement, including, 
without limitation, that your use is for the sole purpose of 
programming logic devices manufactured by Altera and sold by 
Altera or its authorized distributors.  Please refer to the 
applicable agreement for further details.



+----------------------------------------------------------------------------------------+
; TimeQuest Timing Analyzer Summary                                                      ;
+--------------------+-------------------------------------------------------------------+
; Quartus II Version ; Version 13.0.1 Build 232 06/12/2013 Service Pack 1 SJ Web Edition ;
; Revision Name      ; bt1                                                               ;
; Device Family      ; Cyclone IV E                                                      ;
; Device Name        ; EP4CE115F29C7                                                     ;
; Timing Models      ; Final                                                             ;
; Delay Model        ; Combined                                                          ;
; Rise/Fall Delays   ; Enabled                                                           ;
+--------------------+-------------------------------------------------------------------+


Parallel compilation was disabled, but you have multiple processors available. Enable parallel compilation to reduce compilation time.
+-------------------------------------+
; Parallel Compilation                ;
+----------------------------+--------+
; Processors                 ; Number ;
+----------------------------+--------+
; Number detected on machine ; 16     ;
; Maximum allowed            ; 1      ;
+----------------------------+--------+


+----------------------------------------------------------------------------------------------------------------------------------------------------------------------------------------+
; Clocks                                                                                                                                                                                 ;
+------------+------+--------+------------+-------+-------+------------+-----------+-------------+-------+--------+-----------+------------+----------+--------+--------+----------------+
; Clock Name ; Type ; Period ; Frequency  ; Rise  ; Fall  ; Duty Cycle ; Divide by ; Multiply by ; Phase ; Offset ; Edge List ; Edge Shift ; Inverted ; Master ; Source ; Targets        ;
+------------+------+--------+------------+-------+-------+------------+-----------+-------------+-------+--------+-----------+------------+----------+--------+--------+----------------+
; CLOCK_50   ; Base ; 1.000  ; 1000.0 MHz ; 0.000 ; 0.500 ;            ;           ;             ;       ;        ;           ;            ;          ;        ;        ; { CLOCK_50 }   ;
; clock_hex  ; Base ; 1.000  ; 1000.0 MHz ; 0.000 ; 0.500 ;            ;           ;             ;       ;        ;           ;            ;          ;        ;        ; { clock_hex }  ;
; clock_ledg ; Base ; 1.000  ; 1000.0 MHz ; 0.000 ; 0.500 ;            ;           ;             ;       ;        ;           ;            ;          ;        ;        ; { clock_ledg } ;
; clock_ledr ; Base ; 1.000  ; 1000.0 MHz ; 0.000 ; 0.500 ;            ;           ;             ;       ;        ;           ;            ;          ;        ;        ; { clock_ledr } ;
+------------+------+--------+------------+-------+-------+------------+-----------+-------------+-------+--------+-----------+------------+----------+--------+--------+----------------+


+---------------------------------------------------------------------------------------------+
; Slow 1200mV 85C Model Fmax Summary                                                          ;
+-------------+-----------------+------------+------------------------------------------------+
; Fmax        ; Restricted Fmax ; Clock Name ; Note                                           ;
+-------------+-----------------+------------+------------------------------------------------+
; 187.58 MHz  ; 187.58 MHz      ; CLOCK_50   ;                                                ;
; 335.46 MHz  ; 335.46 MHz      ; clock_ledr ;                                                ;
; 802.57 MHz  ; 437.64 MHz      ; clock_ledg ; limit due to minimum period restriction (tmin) ;
; 1265.82 MHz ; 437.64 MHz      ; clock_hex  ; limit due to minimum period restriction (tmin) ;
+-------------+-----------------+------------+------------------------------------------------+
This panel reports FMAX for every clock in the design, regardless of the user-specified clock periods.  FMAX is only computed for paths where the source and destination registers or ports are driven by the same clock.  Paths of different clocks, including generated clocks, are ignored.  For paths between a clock and its inversion, FMAX is computed as if the rising and falling edges are scaled along with FMAX, such that the duty cycle (in terms of a percentage) is maintained. Altera recommends that you always use clock constraints and other slack reports for sign-off analysis.


----------------------------------
; Timing Closure Recommendations ;
----------------------------------
HTML report is unavailable in plain text report export.


+-------------------------------------+
; Slow 1200mV 85C Model Setup Summary ;
+------------+--------+---------------+
; Clock      ; Slack  ; End Point TNS ;
+------------+--------+---------------+
; CLOCK_50   ; -4.331 ; -426.181      ;
; clock_ledr ; -1.981 ; -37.971       ;
; clock_ledg ; -0.246 ; -1.499        ;
; clock_hex  ; 0.210  ; 0.000         ;
+------------+--------+---------------+


+-------------------------------------+
; Slow 1200mV 85C Model Hold Summary  ;
+------------+--------+---------------+
; Clock      ; Slack  ; End Point TNS ;
+------------+--------+---------------+
; CLOCK_50   ; -0.264 ; -0.481        ;
; clock_ledg ; 0.429  ; 0.000         ;
; clock_ledr ; 0.436  ; 0.000         ;
; clock_hex  ; 0.445  ; 0.000         ;
+------------+--------+---------------+


------------------------------------------
; Slow 1200mV 85C Model Recovery Summary ;
------------------------------------------
No paths to report.


-----------------------------------------
; Slow 1200mV 85C Model Removal Summary ;
-----------------------------------------
No paths to report.


+---------------------------------------------------+
; Slow 1200mV 85C Model Minimum Pulse Width Summary ;
+------------+--------+-----------------------------+
; Clock      ; Slack  ; End Point TNS               ;
+------------+--------+-----------------------------+
; CLOCK_50   ; -3.000 ; -200.890                    ;
; clock_ledr ; -1.285 ; -71.960                     ;
; clock_ledg ; -1.285 ; -28.270                     ;
; clock_hex  ; -1.285 ; -1.285                      ;
+------------+--------+-----------------------------+


+--------------------------------------------------------------------------------------------------------------+
; Slow 1200mV 85C Model Setup: 'CLOCK_50'                                                                      ;
+--------+----------------+--------------+--------------+-------------+--------------+------------+------------+
; Slack  ; From Node      ; To Node      ; Launch Clock ; Latch Clock ; Relationship ; Clock Skew ; Data Delay ;
+--------+----------------+--------------+--------------+-------------+--------------+------------+------------+
; -4.331 ; q_ledg[26]     ; clock_ledg   ; CLOCK_50     ; CLOCK_50    ; 1.000        ; -0.073     ; 5.256      ;
; -4.262 ; index[1]       ; flag         ; CLOCK_50     ; CLOCK_50    ; 1.000        ; -0.098     ; 5.162      ;
; -4.259 ; index[1]       ; index[1]     ; CLOCK_50     ; CLOCK_50    ; 1.000        ; -0.098     ; 5.159      ;
; -4.251 ; countend[0]    ; index[0]     ; CLOCK_50     ; CLOCK_50    ; 1.000        ; -0.067     ; 5.182      ;
; -4.206 ; blink_count[1] ; clock_ledg   ; CLOCK_50     ; CLOCK_50    ; 1.000        ; -0.061     ; 5.143      ;
; -4.199 ; blink_count[1] ; clock_hex    ; CLOCK_50     ; CLOCK_50    ; 1.000        ; -0.087     ; 5.110      ;
; -4.194 ; blink_count[0] ; clock_ledg   ; CLOCK_50     ; CLOCK_50    ; 1.000        ; -0.061     ; 5.131      ;
; -4.193 ; q_hex[5]       ; clock_hex    ; CLOCK_50     ; CLOCK_50    ; 1.000        ; -0.072     ; 5.119      ;
; -4.187 ; blink_count[0] ; clock_hex    ; CLOCK_50     ; CLOCK_50    ; 1.000        ; -0.087     ; 5.098      ;
; -4.181 ; q_ledr[17]     ; clock_ledr   ; CLOCK_50     ; CLOCK_50    ; 1.000        ; -0.078     ; 5.101      ;
; -4.180 ; q_ledg[25]     ; clock_ledg   ; CLOCK_50     ; CLOCK_50    ; 1.000        ; -0.073     ; 5.105      ;
; -4.171 ; q_ledr[16]     ; clock_ledr   ; CLOCK_50     ; CLOCK_50    ; 1.000        ; -0.078     ; 5.091      ;
; -4.165 ; q_ledr[27]     ; clock_ledr   ; CLOCK_50     ; CLOCK_50    ; 1.000        ; -0.078     ; 5.085      ;
; -4.143 ; q_ledg[19]     ; clock_ledg   ; CLOCK_50     ; CLOCK_50    ; 1.000        ; -0.073     ; 5.068      ;
; -4.136 ; q_ledr[25]     ; clock_ledr   ; CLOCK_50     ; CLOCK_50    ; 1.000        ; -0.078     ; 5.056      ;
; -4.130 ; q_hex[6]       ; clock_hex    ; CLOCK_50     ; CLOCK_50    ; 1.000        ; -0.072     ; 5.056      ;
; -4.126 ; countend[0]    ; flag         ; CLOCK_50     ; CLOCK_50    ; 1.000        ; 0.377      ; 5.501      ;
; -4.125 ; q_ledg[27]     ; clock_ledg   ; CLOCK_50     ; CLOCK_50    ; 1.000        ; -0.073     ; 5.050      ;
; -4.111 ; blink_count[3] ; clock_ledg   ; CLOCK_50     ; CLOCK_50    ; 1.000        ; -0.061     ; 5.048      ;
; -4.104 ; blink_count[3] ; clock_hex    ; CLOCK_50     ; CLOCK_50    ; 1.000        ; -0.087     ; 5.015      ;
; -4.103 ; blink_count[1] ; clock_ledr   ; CLOCK_50     ; CLOCK_50    ; 1.000        ; -0.074     ; 5.027      ;
; -4.096 ; q_ledr[20]     ; clock_ledr   ; CLOCK_50     ; CLOCK_50    ; 1.000        ; -0.078     ; 5.016      ;
; -4.094 ; q_ledr[26]     ; clock_ledr   ; CLOCK_50     ; CLOCK_50    ; 1.000        ; -0.078     ; 5.014      ;
; -4.091 ; blink_count[0] ; clock_ledr   ; CLOCK_50     ; CLOCK_50    ; 1.000        ; -0.074     ; 5.015      ;
; -4.069 ; count_lcd[5]   ; index[0]     ; CLOCK_50     ; CLOCK_50    ; 1.000        ; -0.060     ; 5.007      ;
; -4.066 ; q_ledg[23]     ; clock_ledg   ; CLOCK_50     ; CLOCK_50    ; 1.000        ; -0.073     ; 4.991      ;
; -4.064 ; q_hex[14]      ; clock_hex    ; CLOCK_50     ; CLOCK_50    ; 1.000        ; -0.072     ; 4.990      ;
; -4.061 ; q_ledr[19]     ; clock_ledr   ; CLOCK_50     ; CLOCK_50    ; 1.000        ; -0.077     ; 4.982      ;
; -4.056 ; q_hex[8]       ; clock_hex    ; CLOCK_50     ; CLOCK_50    ; 1.000        ; -0.072     ; 4.982      ;
; -4.056 ; q_ledr[23]     ; clock_ledr   ; CLOCK_50     ; CLOCK_50    ; 1.000        ; -0.078     ; 4.976      ;
; -4.055 ; count_lcd[4]   ; index[0]     ; CLOCK_50     ; CLOCK_50    ; 1.000        ; -0.060     ; 4.993      ;
; -4.044 ; q_ledg[14]     ; clock_ledg   ; CLOCK_50     ; CLOCK_50    ; 1.000        ; -0.070     ; 4.972      ;
; -4.042 ; count_lcd[7]   ; index[0]     ; CLOCK_50     ; CLOCK_50    ; 1.000        ; -0.060     ; 4.980      ;
; -4.039 ; count_lcd[8]   ; index[0]     ; CLOCK_50     ; CLOCK_50    ; 1.000        ; -0.060     ; 4.977      ;
; -4.019 ; q_ledr[22]     ; clock_ledr   ; CLOCK_50     ; CLOCK_50    ; 1.000        ; -0.077     ; 4.940      ;
; -4.008 ; blink_count[3] ; clock_ledr   ; CLOCK_50     ; CLOCK_50    ; 1.000        ; -0.074     ; 4.932      ;
; -4.001 ; q_hex[21]      ; clock_hex    ; CLOCK_50     ; CLOCK_50    ; 1.000        ; -0.079     ; 4.920      ;
; -3.968 ; countend[0]    ; index[1]     ; CLOCK_50     ; CLOCK_50    ; 1.000        ; 0.377      ; 5.343      ;
; -3.967 ; q_ledg[17]     ; clock_ledg   ; CLOCK_50     ; CLOCK_50    ; 1.000        ; -0.074     ; 4.891      ;
; -3.966 ; q_ledg[16]     ; clock_ledg   ; CLOCK_50     ; CLOCK_50    ; 1.000        ; -0.073     ; 4.891      ;
; -3.960 ; q_ledr[15]     ; clock_ledr   ; CLOCK_50     ; CLOCK_50    ; 1.000        ; -0.073     ; 4.885      ;
; -3.946 ; count_lcd[5]   ; flag         ; CLOCK_50     ; CLOCK_50    ; 1.000        ; 0.384      ; 5.328      ;
; -3.930 ; count_lcd[4]   ; flag         ; CLOCK_50     ; CLOCK_50    ; 1.000        ; 0.384      ; 5.312      ;
; -3.929 ; q_hex[15]      ; clock_hex    ; CLOCK_50     ; CLOCK_50    ; 1.000        ; -0.072     ; 4.855      ;
; -3.928 ; blink_count[2] ; clock_ledg   ; CLOCK_50     ; CLOCK_50    ; 1.000        ; -0.061     ; 4.865      ;
; -3.923 ; q_hex[4]       ; clock_hex    ; CLOCK_50     ; CLOCK_50    ; 1.000        ; -0.073     ; 4.848      ;
; -3.921 ; blink_count[2] ; clock_hex    ; CLOCK_50     ; CLOCK_50    ; 1.000        ; -0.087     ; 4.832      ;
; -3.917 ; count_lcd[7]   ; flag         ; CLOCK_50     ; CLOCK_50    ; 1.000        ; 0.384      ; 5.299      ;
; -3.914 ; count_lcd[8]   ; flag         ; CLOCK_50     ; CLOCK_50    ; 1.000        ; 0.384      ; 5.296      ;
; -3.913 ; count_lcd[6]   ; index[0]     ; CLOCK_50     ; CLOCK_50    ; 1.000        ; -0.060     ; 4.851      ;
; -3.911 ; count_lcd[19]  ; index[0]     ; CLOCK_50     ; CLOCK_50    ; 1.000        ; -0.066     ; 4.843      ;
; -3.908 ; q_hex[11]      ; clock_hex    ; CLOCK_50     ; CLOCK_50    ; 1.000        ; -0.073     ; 4.833      ;
; -3.904 ; index[1]       ; countend[4]  ; CLOCK_50     ; CLOCK_50    ; 1.000        ; -0.560     ; 4.342      ;
; -3.901 ; q_hex[30]      ; clock_hex    ; CLOCK_50     ; CLOCK_50    ; 1.000        ; -0.079     ; 4.820      ;
; -3.894 ; q_hex[12]      ; clock_hex    ; CLOCK_50     ; CLOCK_50    ; 1.000        ; -0.073     ; 4.819      ;
; -3.891 ; q_ledg[21]     ; clock_ledg   ; CLOCK_50     ; CLOCK_50    ; 1.000        ; -0.074     ; 4.815      ;
; -3.887 ; q_ledg[24]     ; clock_ledg   ; CLOCK_50     ; CLOCK_50    ; 1.000        ; -0.073     ; 4.812      ;
; -3.887 ; index[0]       ; flag         ; CLOCK_50     ; CLOCK_50    ; 1.000        ; 0.364      ; 5.249      ;
; -3.878 ; index[0]       ; index[1]     ; CLOCK_50     ; CLOCK_50    ; 1.000        ; 0.364      ; 5.240      ;
; -3.864 ; count_lcd[11]  ; index[0]     ; CLOCK_50     ; CLOCK_50    ; 1.000        ; -0.066     ; 4.796      ;
; -3.863 ; q_ledr[13]     ; clock_ledr   ; CLOCK_50     ; CLOCK_50    ; 1.000        ; -0.073     ; 4.788      ;
; -3.859 ; blink_en       ; countend[4]  ; CLOCK_50     ; CLOCK_50    ; 1.000        ; -0.560     ; 4.297      ;
; -3.856 ; q_hex[19]      ; clock_hex    ; CLOCK_50     ; CLOCK_50    ; 1.000        ; -0.080     ; 4.774      ;
; -3.852 ; q_ledg[28]     ; clock_ledg   ; CLOCK_50     ; CLOCK_50    ; 1.000        ; -0.073     ; 4.777      ;
; -3.841 ; q_ledr[6]      ; clock_ledr   ; CLOCK_50     ; CLOCK_50    ; 1.000        ; -0.073     ; 4.766      ;
; -3.837 ; q_ledr[30]     ; clock_ledr   ; CLOCK_50     ; CLOCK_50    ; 1.000        ; -0.078     ; 4.757      ;
; -3.837 ; q_ledg[18]     ; clock_ledg   ; CLOCK_50     ; CLOCK_50    ; 1.000        ; -0.074     ; 4.761      ;
; -3.832 ; q_hex[26]      ; clock_hex    ; CLOCK_50     ; CLOCK_50    ; 1.000        ; -0.079     ; 4.751      ;
; -3.829 ; q_hex[9]       ; clock_hex    ; CLOCK_50     ; CLOCK_50    ; 1.000        ; -0.073     ; 4.754      ;
; -3.826 ; q_ledg[20]     ; clock_ledg   ; CLOCK_50     ; CLOCK_50    ; 1.000        ; -0.073     ; 4.751      ;
; -3.825 ; blink_count[2] ; clock_ledr   ; CLOCK_50     ; CLOCK_50    ; 1.000        ; -0.074     ; 4.749      ;
; -3.824 ; q_hex[18]      ; clock_hex    ; CLOCK_50     ; CLOCK_50    ; 1.000        ; -0.080     ; 4.742      ;
; -3.820 ; q_hex[27]      ; clock_hex    ; CLOCK_50     ; CLOCK_50    ; 1.000        ; -0.079     ; 4.739      ;
; -3.817 ; q_ledg[15]     ; clock_ledg   ; CLOCK_50     ; CLOCK_50    ; 1.000        ; -0.070     ; 4.745      ;
; -3.816 ; q_hex[22]      ; clock_hex    ; CLOCK_50     ; CLOCK_50    ; 1.000        ; -0.080     ; 4.734      ;
; -3.815 ; q_hex[13]      ; clock_hex    ; CLOCK_50     ; CLOCK_50    ; 1.000        ; -0.072     ; 4.741      ;
; -3.815 ; q_ledr[21]     ; clock_ledr   ; CLOCK_50     ; CLOCK_50    ; 1.000        ; -0.078     ; 4.735      ;
; -3.813 ; q_ledr[28]     ; clock_ledr   ; CLOCK_50     ; CLOCK_50    ; 1.000        ; -0.078     ; 4.733      ;
; -3.805 ; q_hex[24]      ; clock_hex    ; CLOCK_50     ; CLOCK_50    ; 1.000        ; -0.079     ; 4.724      ;
; -3.797 ; index[1]       ; countend[18] ; CLOCK_50     ; CLOCK_50    ; 1.000        ; -0.555     ; 4.240      ;
; -3.797 ; index[1]       ; countend[0]  ; CLOCK_50     ; CLOCK_50    ; 1.000        ; -0.555     ; 4.240      ;
; -3.796 ; count_lcd[13]  ; index[0]     ; CLOCK_50     ; CLOCK_50    ; 1.000        ; -0.066     ; 4.728      ;
; -3.793 ; count_lcd[18]  ; index[0]     ; CLOCK_50     ; CLOCK_50    ; 1.000        ; -0.066     ; 4.725      ;
; -3.788 ; count_lcd[6]   ; flag         ; CLOCK_50     ; CLOCK_50    ; 1.000        ; 0.384      ; 5.170      ;
; -3.786 ; count_lcd[19]  ; flag         ; CLOCK_50     ; CLOCK_50    ; 1.000        ; 0.378      ; 5.162      ;
; -3.786 ; count_lcd[5]   ; index[1]     ; CLOCK_50     ; CLOCK_50    ; 1.000        ; 0.384      ; 5.168      ;
; -3.779 ; count_lcd[14]  ; index[0]     ; CLOCK_50     ; CLOCK_50    ; 1.000        ; -0.066     ; 4.711      ;
; -3.772 ; count_lcd[4]   ; index[1]     ; CLOCK_50     ; CLOCK_50    ; 1.000        ; 0.384      ; 5.154      ;
; -3.769 ; q_hex[7]       ; clock_hex    ; CLOCK_50     ; CLOCK_50    ; 1.000        ; -0.072     ; 4.695      ;
; -3.769 ; count_lcd[15]  ; index[0]     ; CLOCK_50     ; CLOCK_50    ; 1.000        ; -0.066     ; 4.701      ;
; -3.760 ; q_ledg[12]     ; clock_ledg   ; CLOCK_50     ; CLOCK_50    ; 1.000        ; -0.070     ; 4.688      ;
; -3.760 ; countend[4]    ; index[0]     ; CLOCK_50     ; CLOCK_50    ; 1.000        ; -0.061     ; 4.697      ;
; -3.759 ; q_ledg[22]     ; clock_ledg   ; CLOCK_50     ; CLOCK_50    ; 1.000        ; -0.073     ; 4.684      ;
; -3.759 ; count_lcd[7]   ; index[1]     ; CLOCK_50     ; CLOCK_50    ; 1.000        ; 0.384      ; 5.141      ;
; -3.756 ; count_lcd[8]   ; index[1]     ; CLOCK_50     ; CLOCK_50    ; 1.000        ; 0.384      ; 5.138      ;
; -3.746 ; q_ledg[6]      ; clock_ledg   ; CLOCK_50     ; CLOCK_50    ; 1.000        ; -0.070     ; 4.674      ;
; -3.743 ; count_lcd[12]  ; index[0]     ; CLOCK_50     ; CLOCK_50    ; 1.000        ; -0.066     ; 4.675      ;
; -3.741 ; q_ledg[11]     ; clock_ledg   ; CLOCK_50     ; CLOCK_50    ; 1.000        ; -0.070     ; 4.669      ;
; -3.739 ; count_lcd[11]  ; flag         ; CLOCK_50     ; CLOCK_50    ; 1.000        ; 0.378      ; 5.115      ;
; -3.733 ; q_ledg[9]      ; clock_ledg   ; CLOCK_50     ; CLOCK_50    ; 1.000        ; -0.070     ; 4.661      ;
+--------+----------------+--------------+--------------+-------------+--------------+------------+------------+


+------------------------------------------------------------------------------------------------------------------+
; Slow 1200mV 85C Model Setup: 'clock_ledr'                                                                        ;
+--------+-------------------+---------------+--------------+-------------+--------------+------------+------------+
; Slack  ; From Node         ; To Node       ; Launch Clock ; Latch Clock ; Relationship ; Clock Skew ; Data Delay ;
+--------+-------------------+---------------+--------------+-------------+--------------+------------+------------+
; -1.981 ; state_ledr.000110 ; LEDR[3]~reg0  ; clock_ledr   ; clock_ledr  ; 1.000        ; -0.083     ; 2.896      ;
; -1.980 ; state_ledr.001001 ; LEDR[3]~reg0  ; clock_ledr   ; clock_ledr  ; 1.000        ; -0.083     ; 2.895      ;
; -1.978 ; state_ledr.000110 ; LEDR[4]~reg0  ; clock_ledr   ; clock_ledr  ; 1.000        ; -0.083     ; 2.893      ;
; -1.977 ; state_ledr.001001 ; LEDR[4]~reg0  ; clock_ledr   ; clock_ledr  ; 1.000        ; -0.083     ; 2.892      ;
; -1.976 ; state_ledr.000110 ; LEDR[5]~reg0  ; clock_ledr   ; clock_ledr  ; 1.000        ; -0.083     ; 2.891      ;
; -1.975 ; state_ledr.001001 ; LEDR[5]~reg0  ; clock_ledr   ; clock_ledr  ; 1.000        ; -0.083     ; 2.890      ;
; -1.966 ; state_ledr.000110 ; LEDR[2]~reg0  ; clock_ledr   ; clock_ledr  ; 1.000        ; -0.083     ; 2.881      ;
; -1.965 ; state_ledr.000110 ; LEDR[1]~reg0  ; clock_ledr   ; clock_ledr  ; 1.000        ; -0.083     ; 2.880      ;
; -1.965 ; state_ledr.001001 ; LEDR[2]~reg0  ; clock_ledr   ; clock_ledr  ; 1.000        ; -0.083     ; 2.880      ;
; -1.964 ; state_ledr.010111 ; LEDR[8]~reg0  ; clock_ledr   ; clock_ledr  ; 1.000        ; -0.079     ; 2.883      ;
; -1.964 ; state_ledr.010111 ; LEDR[12]~reg0 ; clock_ledr   ; clock_ledr  ; 1.000        ; -0.079     ; 2.883      ;
; -1.964 ; state_ledr.001001 ; LEDR[1]~reg0  ; clock_ledr   ; clock_ledr  ; 1.000        ; -0.083     ; 2.879      ;
; -1.962 ; state_ledr.010111 ; LEDR[13]~reg0 ; clock_ledr   ; clock_ledr  ; 1.000        ; -0.079     ; 2.881      ;
; -1.928 ; state_ledr.010101 ; LEDR[8]~reg0  ; clock_ledr   ; clock_ledr  ; 1.000        ; -0.077     ; 2.849      ;
; -1.928 ; state_ledr.010101 ; LEDR[12]~reg0 ; clock_ledr   ; clock_ledr  ; 1.000        ; -0.077     ; 2.849      ;
; -1.926 ; state_ledr.010101 ; LEDR[13]~reg0 ; clock_ledr   ; clock_ledr  ; 1.000        ; -0.077     ; 2.847      ;
; -1.920 ; state_ledr.010110 ; LEDR[8]~reg0  ; clock_ledr   ; clock_ledr  ; 1.000        ; -0.077     ; 2.841      ;
; -1.920 ; state_ledr.010110 ; LEDR[12]~reg0 ; clock_ledr   ; clock_ledr  ; 1.000        ; -0.077     ; 2.841      ;
; -1.918 ; state_ledr.010110 ; LEDR[13]~reg0 ; clock_ledr   ; clock_ledr  ; 1.000        ; -0.077     ; 2.839      ;
; -1.891 ; state_ledr.000001 ; LEDR[3]~reg0  ; clock_ledr   ; clock_ledr  ; 1.000        ; -0.083     ; 2.806      ;
; -1.888 ; state_ledr.000001 ; LEDR[4]~reg0  ; clock_ledr   ; clock_ledr  ; 1.000        ; -0.083     ; 2.803      ;
; -1.886 ; state_ledr.000001 ; LEDR[5]~reg0  ; clock_ledr   ; clock_ledr  ; 1.000        ; -0.083     ; 2.801      ;
; -1.879 ; state_ledr.000011 ; LEDR[3]~reg0  ; clock_ledr   ; clock_ledr  ; 1.000        ; -0.083     ; 2.794      ;
; -1.876 ; state_ledr.000001 ; LEDR[2]~reg0  ; clock_ledr   ; clock_ledr  ; 1.000        ; -0.083     ; 2.791      ;
; -1.876 ; state_ledr.000011 ; LEDR[4]~reg0  ; clock_ledr   ; clock_ledr  ; 1.000        ; -0.083     ; 2.791      ;
; -1.875 ; state_ledr.000001 ; LEDR[1]~reg0  ; clock_ledr   ; clock_ledr  ; 1.000        ; -0.083     ; 2.790      ;
; -1.874 ; state_ledr.000011 ; LEDR[5]~reg0  ; clock_ledr   ; clock_ledr  ; 1.000        ; -0.083     ; 2.789      ;
; -1.864 ; state_ledr.000011 ; LEDR[2]~reg0  ; clock_ledr   ; clock_ledr  ; 1.000        ; -0.083     ; 2.779      ;
; -1.863 ; state_ledr.000011 ; LEDR[1]~reg0  ; clock_ledr   ; clock_ledr  ; 1.000        ; -0.083     ; 2.778      ;
; -1.845 ; state_ledr.010011 ; LEDR[8]~reg0  ; clock_ledr   ; clock_ledr  ; 1.000        ; -0.081     ; 2.762      ;
; -1.845 ; state_ledr.010011 ; LEDR[12]~reg0 ; clock_ledr   ; clock_ledr  ; 1.000        ; -0.081     ; 2.762      ;
; -1.843 ; state_ledr.010011 ; LEDR[13]~reg0 ; clock_ledr   ; clock_ledr  ; 1.000        ; -0.081     ; 2.760      ;
; -1.799 ; state_ledr.011100 ; LEDR[14]~reg0 ; clock_ledr   ; clock_ledr  ; 1.000        ; -0.075     ; 2.722      ;
; -1.799 ; state_ledr.011100 ; LEDR[15]~reg0 ; clock_ledr   ; clock_ledr  ; 1.000        ; -0.075     ; 2.722      ;
; -1.799 ; state_ledr.011100 ; LEDR[16]~reg0 ; clock_ledr   ; clock_ledr  ; 1.000        ; -0.075     ; 2.722      ;
; -1.799 ; state_ledr.011100 ; LEDR[17]~reg0 ; clock_ledr   ; clock_ledr  ; 1.000        ; -0.075     ; 2.722      ;
; -1.749 ; state_ledr.011110 ; LEDR[14]~reg0 ; clock_ledr   ; clock_ledr  ; 1.000        ; -0.075     ; 2.672      ;
; -1.749 ; state_ledr.011110 ; LEDR[15]~reg0 ; clock_ledr   ; clock_ledr  ; 1.000        ; -0.075     ; 2.672      ;
; -1.749 ; state_ledr.011110 ; LEDR[16]~reg0 ; clock_ledr   ; clock_ledr  ; 1.000        ; -0.075     ; 2.672      ;
; -1.749 ; state_ledr.011110 ; LEDR[17]~reg0 ; clock_ledr   ; clock_ledr  ; 1.000        ; -0.075     ; 2.672      ;
; -1.685 ; state_ledr.000111 ; LEDR[3]~reg0  ; clock_ledr   ; clock_ledr  ; 1.000        ; -0.083     ; 2.600      ;
; -1.684 ; state_ledr.010011 ; LEDR[3]~reg0  ; clock_ledr   ; clock_ledr  ; 1.000        ; -0.083     ; 2.599      ;
; -1.682 ; state_ledr.000111 ; LEDR[4]~reg0  ; clock_ledr   ; clock_ledr  ; 1.000        ; -0.083     ; 2.597      ;
; -1.681 ; state_ledr.010011 ; LEDR[4]~reg0  ; clock_ledr   ; clock_ledr  ; 1.000        ; -0.083     ; 2.596      ;
; -1.680 ; state_ledr.000111 ; LEDR[5]~reg0  ; clock_ledr   ; clock_ledr  ; 1.000        ; -0.083     ; 2.595      ;
; -1.679 ; state_ledr.010011 ; LEDR[5]~reg0  ; clock_ledr   ; clock_ledr  ; 1.000        ; -0.083     ; 2.594      ;
; -1.677 ; state_ledr.010111 ; LEDR[14]~reg0 ; clock_ledr   ; clock_ledr  ; 1.000        ; -0.075     ; 2.600      ;
; -1.677 ; state_ledr.010111 ; LEDR[15]~reg0 ; clock_ledr   ; clock_ledr  ; 1.000        ; -0.075     ; 2.600      ;
; -1.677 ; state_ledr.010111 ; LEDR[16]~reg0 ; clock_ledr   ; clock_ledr  ; 1.000        ; -0.075     ; 2.600      ;
; -1.677 ; state_ledr.010111 ; LEDR[17]~reg0 ; clock_ledr   ; clock_ledr  ; 1.000        ; -0.075     ; 2.600      ;
; -1.675 ; state_ledr.010011 ; LEDR[14]~reg0 ; clock_ledr   ; clock_ledr  ; 1.000        ; -0.077     ; 2.596      ;
; -1.675 ; state_ledr.010011 ; LEDR[15]~reg0 ; clock_ledr   ; clock_ledr  ; 1.000        ; -0.077     ; 2.596      ;
; -1.675 ; state_ledr.010011 ; LEDR[16]~reg0 ; clock_ledr   ; clock_ledr  ; 1.000        ; -0.077     ; 2.596      ;
; -1.675 ; state_ledr.010011 ; LEDR[17]~reg0 ; clock_ledr   ; clock_ledr  ; 1.000        ; -0.077     ; 2.596      ;
; -1.670 ; state_ledr.000111 ; LEDR[2]~reg0  ; clock_ledr   ; clock_ledr  ; 1.000        ; -0.083     ; 2.585      ;
; -1.669 ; state_ledr.010011 ; LEDR[2]~reg0  ; clock_ledr   ; clock_ledr  ; 1.000        ; -0.083     ; 2.584      ;
; -1.669 ; state_ledr.000111 ; LEDR[1]~reg0  ; clock_ledr   ; clock_ledr  ; 1.000        ; -0.083     ; 2.584      ;
; -1.668 ; state_ledr.010011 ; LEDR[1]~reg0  ; clock_ledr   ; clock_ledr  ; 1.000        ; -0.083     ; 2.583      ;
; -1.668 ; state_ledr.010101 ; LEDR[14]~reg0 ; clock_ledr   ; clock_ledr  ; 1.000        ; -0.073     ; 2.593      ;
; -1.668 ; state_ledr.010101 ; LEDR[15]~reg0 ; clock_ledr   ; clock_ledr  ; 1.000        ; -0.073     ; 2.593      ;
; -1.668 ; state_ledr.010101 ; LEDR[16]~reg0 ; clock_ledr   ; clock_ledr  ; 1.000        ; -0.073     ; 2.593      ;
; -1.668 ; state_ledr.010101 ; LEDR[17]~reg0 ; clock_ledr   ; clock_ledr  ; 1.000        ; -0.073     ; 2.593      ;
; -1.660 ; state_ledr.010110 ; LEDR[14]~reg0 ; clock_ledr   ; clock_ledr  ; 1.000        ; -0.073     ; 2.585      ;
; -1.660 ; state_ledr.010110 ; LEDR[15]~reg0 ; clock_ledr   ; clock_ledr  ; 1.000        ; -0.073     ; 2.585      ;
; -1.660 ; state_ledr.010110 ; LEDR[16]~reg0 ; clock_ledr   ; clock_ledr  ; 1.000        ; -0.073     ; 2.585      ;
; -1.660 ; state_ledr.010110 ; LEDR[17]~reg0 ; clock_ledr   ; clock_ledr  ; 1.000        ; -0.073     ; 2.585      ;
; -1.654 ; state_ledr.001010 ; LEDR[3]~reg0  ; clock_ledr   ; clock_ledr  ; 1.000        ; -0.083     ; 2.569      ;
; -1.651 ; state_ledr.001010 ; LEDR[4]~reg0  ; clock_ledr   ; clock_ledr  ; 1.000        ; -0.083     ; 2.566      ;
; -1.649 ; state_ledr.001010 ; LEDR[5]~reg0  ; clock_ledr   ; clock_ledr  ; 1.000        ; -0.083     ; 2.564      ;
; -1.639 ; state_ledr.001010 ; LEDR[2]~reg0  ; clock_ledr   ; clock_ledr  ; 1.000        ; -0.083     ; 2.554      ;
; -1.638 ; state_ledr.001010 ; LEDR[1]~reg0  ; clock_ledr   ; clock_ledr  ; 1.000        ; -0.083     ; 2.553      ;
; -1.622 ; state_ledr.011011 ; LEDR[8]~reg0  ; clock_ledr   ; clock_ledr  ; 1.000        ; -0.079     ; 2.541      ;
; -1.622 ; state_ledr.011011 ; LEDR[12]~reg0 ; clock_ledr   ; clock_ledr  ; 1.000        ; -0.079     ; 2.541      ;
; -1.621 ; state_ledr.010100 ; LEDR[8]~reg0  ; clock_ledr   ; clock_ledr  ; 1.000        ; -0.077     ; 2.542      ;
; -1.621 ; state_ledr.010100 ; LEDR[12]~reg0 ; clock_ledr   ; clock_ledr  ; 1.000        ; -0.077     ; 2.542      ;
; -1.620 ; state_ledr.011011 ; LEDR[13]~reg0 ; clock_ledr   ; clock_ledr  ; 1.000        ; -0.079     ; 2.539      ;
; -1.619 ; state_ledr.010100 ; LEDR[13]~reg0 ; clock_ledr   ; clock_ledr  ; 1.000        ; -0.077     ; 2.540      ;
; -1.606 ; state_ledr.011111 ; LEDR[14]~reg0 ; clock_ledr   ; clock_ledr  ; 1.000        ; -0.075     ; 2.529      ;
; -1.606 ; state_ledr.011111 ; LEDR[15]~reg0 ; clock_ledr   ; clock_ledr  ; 1.000        ; -0.075     ; 2.529      ;
; -1.606 ; state_ledr.011111 ; LEDR[16]~reg0 ; clock_ledr   ; clock_ledr  ; 1.000        ; -0.075     ; 2.529      ;
; -1.606 ; state_ledr.011111 ; LEDR[17]~reg0 ; clock_ledr   ; clock_ledr  ; 1.000        ; -0.075     ; 2.529      ;
; -1.603 ; state_ledr.011010 ; LEDR[8]~reg0  ; clock_ledr   ; clock_ledr  ; 1.000        ; -0.079     ; 2.522      ;
; -1.603 ; state_ledr.011010 ; LEDR[12]~reg0 ; clock_ledr   ; clock_ledr  ; 1.000        ; -0.079     ; 2.522      ;
; -1.601 ; state_ledr.011010 ; LEDR[13]~reg0 ; clock_ledr   ; clock_ledr  ; 1.000        ; -0.079     ; 2.520      ;
; -1.579 ; state_ledr.001000 ; LEDR[3]~reg0  ; clock_ledr   ; clock_ledr  ; 1.000        ; -0.083     ; 2.494      ;
; -1.576 ; state_ledr.001000 ; LEDR[4]~reg0  ; clock_ledr   ; clock_ledr  ; 1.000        ; -0.083     ; 2.491      ;
; -1.574 ; state_ledr.001000 ; LEDR[5]~reg0  ; clock_ledr   ; clock_ledr  ; 1.000        ; -0.083     ; 2.489      ;
; -1.573 ; state_ledr.000100 ; LEDR[3]~reg0  ; clock_ledr   ; clock_ledr  ; 1.000        ; -0.083     ; 2.488      ;
; -1.570 ; state_ledr.000110 ; LEDR[6]~reg0  ; clock_ledr   ; clock_ledr  ; 1.000        ; 0.328      ; 2.896      ;
; -1.570 ; state_ledr.000100 ; LEDR[4]~reg0  ; clock_ledr   ; clock_ledr  ; 1.000        ; -0.083     ; 2.485      ;
; -1.569 ; state_ledr.011000 ; LEDR[8]~reg0  ; clock_ledr   ; clock_ledr  ; 1.000        ; -0.079     ; 2.488      ;
; -1.569 ; state_ledr.011000 ; LEDR[13]~reg0 ; clock_ledr   ; clock_ledr  ; 1.000        ; -0.079     ; 2.488      ;
; -1.569 ; state_ledr.001001 ; LEDR[6]~reg0  ; clock_ledr   ; clock_ledr  ; 1.000        ; 0.328      ; 2.895      ;
; -1.568 ; state_ledr.011000 ; LEDR[12]~reg0 ; clock_ledr   ; clock_ledr  ; 1.000        ; -0.079     ; 2.487      ;
; -1.568 ; state_ledr.000100 ; LEDR[5]~reg0  ; clock_ledr   ; clock_ledr  ; 1.000        ; -0.083     ; 2.483      ;
; -1.564 ; state_ledr.001000 ; LEDR[2]~reg0  ; clock_ledr   ; clock_ledr  ; 1.000        ; -0.083     ; 2.479      ;
; -1.563 ; state_ledr.001000 ; LEDR[1]~reg0  ; clock_ledr   ; clock_ledr  ; 1.000        ; -0.083     ; 2.478      ;
; -1.558 ; state_ledr.000100 ; LEDR[2]~reg0  ; clock_ledr   ; clock_ledr  ; 1.000        ; -0.083     ; 2.473      ;
; -1.557 ; state_ledr.000100 ; LEDR[1]~reg0  ; clock_ledr   ; clock_ledr  ; 1.000        ; -0.083     ; 2.472      ;
; -1.546 ; state_ledr.000000 ; LEDR[8]~reg0  ; clock_ledr   ; clock_ledr  ; 1.000        ; -0.081     ; 2.463      ;
+--------+-------------------+---------------+--------------+-------------+--------------+------------+------------+


+--------------------------------------------------------------------------------------------------------------------+
; Slow 1200mV 85C Model Setup: 'clock_ledg'                                                                          ;
+--------+------------------+------------------+--------------+-------------+--------------+------------+------------+
; Slack  ; From Node        ; To Node          ; Launch Clock ; Latch Clock ; Relationship ; Clock Skew ; Data Delay ;
+--------+------------------+------------------+--------------+-------------+--------------+------------+------------+
; -0.246 ; state_ledg.00011 ; LEDG[4]~reg0     ; clock_ledg   ; clock_ledg  ; 1.000        ; -0.079     ; 1.165      ;
; -0.238 ; state_ledg.01010 ; LEDG[3]~reg0     ; clock_ledg   ; clock_ledg  ; 1.000        ; -0.079     ; 1.157      ;
; -0.232 ; state_ledg.01100 ; LEDG[5]~reg0     ; clock_ledg   ; clock_ledg  ; 1.000        ; -0.079     ; 1.151      ;
; -0.229 ; state_ledg.01001 ; LEDG[2]~reg0     ; clock_ledg   ; clock_ledg  ; 1.000        ; -0.079     ; 1.148      ;
; -0.226 ; state_ledg.00110 ; LEDG[1]~reg0     ; clock_ledg   ; clock_ledg  ; 1.000        ; -0.079     ; 1.145      ;
; -0.226 ; state_ledg.01101 ; LEDG[6]~reg0     ; clock_ledg   ; clock_ledg  ; 1.000        ; -0.079     ; 1.145      ;
; -0.056 ; state_ledg.00011 ; state_ledg.00100 ; clock_ledg   ; clock_ledg  ; 1.000        ; -0.081     ; 0.973      ;
; -0.046 ; state_ledg.01010 ; state_ledg.01011 ; clock_ledg   ; clock_ledg  ; 1.000        ; -0.077     ; 0.967      ;
; 0.106  ; state_ledg.01101 ; state_ledg.00000 ; clock_ledg   ; clock_ledg  ; 1.000        ; -0.079     ; 0.813      ;
; 0.112  ; state_ledg.01001 ; state_ledg.01010 ; clock_ledg   ; clock_ledg  ; 1.000        ; -0.079     ; 0.807      ;
; 0.112  ; state_ledg.00000 ; state_ledg.00001 ; clock_ledg   ; clock_ledg  ; 1.000        ; -0.079     ; 0.807      ;
; 0.112  ; state_ledg.00000 ; LEDG[7]~reg0     ; clock_ledg   ; clock_ledg  ; 1.000        ; -0.079     ; 0.807      ;
; 0.116  ; state_ledg.01000 ; state_ledg.01001 ; clock_ledg   ; clock_ledg  ; 1.000        ; -0.079     ; 0.803      ;
; 0.116  ; state_ledg.01000 ; LEDG[1]~reg0     ; clock_ledg   ; clock_ledg  ; 1.000        ; -0.079     ; 0.803      ;
; 0.117  ; state_ledg.01100 ; state_ledg.01101 ; clock_ledg   ; clock_ledg  ; 1.000        ; -0.079     ; 0.802      ;
; 0.117  ; state_ledg.00001 ; state_ledg.00010 ; clock_ledg   ; clock_ledg  ; 1.000        ; -0.079     ; 0.802      ;
; 0.117  ; state_ledg.00110 ; state_ledg.00111 ; clock_ledg   ; clock_ledg  ; 1.000        ; -0.079     ; 0.802      ;
; 0.117  ; state_ledg.00101 ; LEDG[2]~reg0     ; clock_ledg   ; clock_ledg  ; 1.000        ; -0.079     ; 0.802      ;
; 0.118  ; state_ledg.00101 ; state_ledg.00110 ; clock_ledg   ; clock_ledg  ; 1.000        ; -0.079     ; 0.801      ;
; 0.118  ; state_ledg.01011 ; LEDG[4]~reg0     ; clock_ledg   ; clock_ledg  ; 1.000        ; -0.079     ; 0.801      ;
; 0.119  ; state_ledg.00111 ; state_ledg.01000 ; clock_ledg   ; clock_ledg  ; 1.000        ; -0.079     ; 0.800      ;
; 0.119  ; state_ledg.00100 ; LEDG[3]~reg0     ; clock_ledg   ; clock_ledg  ; 1.000        ; -0.079     ; 0.800      ;
; 0.119  ; state_ledg.00010 ; LEDG[5]~reg0     ; clock_ledg   ; clock_ledg  ; 1.000        ; -0.079     ; 0.800      ;
; 0.119  ; state_ledg.00001 ; LEDG[6]~reg0     ; clock_ledg   ; clock_ledg  ; 1.000        ; -0.079     ; 0.800      ;
; 0.120  ; state_ledg.01011 ; state_ledg.01100 ; clock_ledg   ; clock_ledg  ; 1.000        ; -0.079     ; 0.799      ;
; 0.120  ; state_ledg.00010 ; state_ledg.00011 ; clock_ledg   ; clock_ledg  ; 1.000        ; -0.079     ; 0.799      ;
; 0.120  ; state_ledg.00100 ; state_ledg.00101 ; clock_ledg   ; clock_ledg  ; 1.000        ; -0.079     ; 0.799      ;
; 0.120  ; state_ledg.00111 ; LEDG[0]~reg0     ; clock_ledg   ; clock_ledg  ; 1.000        ; -0.079     ; 0.799      ;
+--------+------------------+------------------+--------------+-------------+--------------+------------+------------+


+-------------------------------------------------------------------------------------------------------------------+
; Slow 1200mV 85C Model Setup: 'clock_hex'                                                                          ;
+-------+------------------+------------------+--------------+-------------+--------------+------------+------------+
; Slack ; From Node        ; To Node          ; Launch Clock ; Latch Clock ; Relationship ; Clock Skew ; Data Delay ;
+-------+------------------+------------------+--------------+-------------+--------------+------------+------------+
; 0.210 ; state_hex.hex_s1 ; state_hex.hex_s1 ; clock_hex    ; clock_hex   ; 1.000        ; -0.043     ; 0.765      ;
+-------+------------------+------------------+--------------+-------------+--------------+------------+------------+


+------------------------------------------------------------------------------------------------------------------+
; Slow 1200mV 85C Model Hold: 'CLOCK_50'                                                                           ;
+--------+-----------------+-----------------+--------------+-------------+--------------+------------+------------+
; Slack  ; From Node       ; To Node         ; Launch Clock ; Latch Clock ; Relationship ; Clock Skew ; Data Delay ;
+--------+-----------------+-----------------+--------------+-------------+--------------+------------+------------+
; -0.264 ; clock_ledg      ; clock_ledg      ; clock_ledg   ; CLOCK_50    ; 0.000        ; 3.061      ; 3.245      ;
; -0.121 ; clock_hex       ; clock_hex       ; clock_hex    ; CLOCK_50    ; 0.000        ; 3.033      ; 3.350      ;
; -0.096 ; clock_ledr      ; clock_ledr      ; clock_ledr   ; CLOCK_50    ; 0.000        ; 3.047      ; 3.399      ;
; 0.250  ; clock_ledg      ; clock_ledg      ; clock_ledg   ; CLOCK_50    ; -0.500       ; 3.061      ; 3.259      ;
; 0.385  ; blink_en        ; blink_en        ; CLOCK_50     ; CLOCK_50    ; 0.000        ; 0.098      ; 0.669      ;
; 0.385  ; index[1]        ; index[1]        ; CLOCK_50     ; CLOCK_50    ; 0.000        ; 0.098      ; 0.669      ;
; 0.385  ; flag            ; flag            ; CLOCK_50     ; CLOCK_50    ; 0.000        ; 0.098      ; 0.669      ;
; 0.385  ; en              ; en              ; CLOCK_50     ; CLOCK_50    ; 0.000        ; 0.098      ; 0.669      ;
; 0.395  ; clock_hex       ; clock_hex       ; clock_hex    ; CLOCK_50    ; -0.500       ; 3.033      ; 3.366      ;
; 0.404  ; state[0]        ; state[0]        ; CLOCK_50     ; CLOCK_50    ; 0.000        ; 0.079      ; 0.669      ;
; 0.424  ; clock_ledr      ; clock_ledr      ; clock_ledr   ; CLOCK_50    ; -0.500       ; 3.047      ; 3.419      ;
; 0.441  ; blink_count[24] ; blink_count[24] ; CLOCK_50     ; CLOCK_50    ; 0.000        ; 0.081      ; 0.708      ;
; 0.451  ; count_lcd[19]   ; count_lcd[19]   ; CLOCK_50     ; CLOCK_50    ; 0.000        ; 0.079      ; 0.716      ;
; 0.640  ; blink_count[7]  ; blink_count[7]  ; CLOCK_50     ; CLOCK_50    ; 0.000        ; 0.081      ; 0.907      ;
; 0.642  ; q_ledg[11]      ; q_ledg[11]      ; CLOCK_50     ; CLOCK_50    ; 0.000        ; 0.081      ; 0.909      ;
; 0.645  ; blink_count[6]  ; blink_count[6]  ; CLOCK_50     ; CLOCK_50    ; 0.000        ; 0.081      ; 0.912      ;
; 0.645  ; blink_count[8]  ; blink_count[8]  ; CLOCK_50     ; CLOCK_50    ; 0.000        ; 0.081      ; 0.912      ;
; 0.646  ; q_ledg[9]       ; q_ledg[9]       ; CLOCK_50     ; CLOCK_50    ; 0.000        ; 0.081      ; 0.913      ;
; 0.647  ; blink_count[22] ; blink_count[22] ; CLOCK_50     ; CLOCK_50    ; 0.000        ; 0.081      ; 0.914      ;
; 0.650  ; count_lcd[13]   ; count_lcd[13]   ; CLOCK_50     ; CLOCK_50    ; 0.000        ; 0.079      ; 0.915      ;
; 0.653  ; count_lcd[10]   ; count_lcd[10]   ; CLOCK_50     ; CLOCK_50    ; 0.000        ; 0.079      ; 0.918      ;
; 0.654  ; blink_count[9]  ; blink_count[9]  ; CLOCK_50     ; CLOCK_50    ; 0.000        ; 0.081      ; 0.921      ;
; 0.655  ; q_ledg[6]       ; q_ledg[6]       ; CLOCK_50     ; CLOCK_50    ; 0.000        ; 0.081      ; 0.922      ;
; 0.655  ; q_ledg[22]      ; q_ledg[22]      ; CLOCK_50     ; CLOCK_50    ; 0.000        ; 0.081      ; 0.922      ;
; 0.655  ; count_lcd[12]   ; count_lcd[12]   ; CLOCK_50     ; CLOCK_50    ; 0.000        ; 0.079      ; 0.920      ;
; 0.656  ; q_hex[6]        ; q_hex[6]        ; CLOCK_50     ; CLOCK_50    ; 0.000        ; 0.080      ; 0.922      ;
; 0.656  ; q_ledg[14]      ; q_ledg[14]      ; CLOCK_50     ; CLOCK_50    ; 0.000        ; 0.081      ; 0.923      ;
; 0.656  ; q_ledg[15]      ; q_ledg[15]      ; CLOCK_50     ; CLOCK_50    ; 0.000        ; 0.081      ; 0.923      ;
; 0.656  ; q_ledg[16]      ; q_ledg[16]      ; CLOCK_50     ; CLOCK_50    ; 0.000        ; 0.081      ; 0.923      ;
; 0.656  ; q_ledr[15]      ; q_ledr[15]      ; CLOCK_50     ; CLOCK_50    ; 0.000        ; 0.080      ; 0.922      ;
; 0.656  ; q_ledr[16]      ; q_ledr[16]      ; CLOCK_50     ; CLOCK_50    ; 0.000        ; 0.081      ; 0.923      ;
; 0.656  ; count_lcd[2]    ; count_lcd[2]    ; CLOCK_50     ; CLOCK_50    ; 0.000        ; 0.079      ; 0.921      ;
; 0.656  ; count_lcd[7]    ; count_lcd[7]    ; CLOCK_50     ; CLOCK_50    ; 0.000        ; 0.079      ; 0.921      ;
; 0.656  ; count_lcd[9]    ; count_lcd[9]    ; CLOCK_50     ; CLOCK_50    ; 0.000        ; 0.079      ; 0.921      ;
; 0.656  ; count_lcd[14]   ; count_lcd[14]   ; CLOCK_50     ; CLOCK_50    ; 0.000        ; 0.079      ; 0.921      ;
; 0.657  ; q_hex[5]        ; q_hex[5]        ; CLOCK_50     ; CLOCK_50    ; 0.000        ; 0.080      ; 0.923      ;
; 0.657  ; q_hex[13]       ; q_hex[13]       ; CLOCK_50     ; CLOCK_50    ; 0.000        ; 0.080      ; 0.923      ;
; 0.657  ; q_hex[15]       ; q_hex[15]       ; CLOCK_50     ; CLOCK_50    ; 0.000        ; 0.080      ; 0.923      ;
; 0.657  ; q_ledg[12]      ; q_ledg[12]      ; CLOCK_50     ; CLOCK_50    ; 0.000        ; 0.081      ; 0.924      ;
; 0.657  ; q_ledg[19]      ; q_ledg[19]      ; CLOCK_50     ; CLOCK_50    ; 0.000        ; 0.081      ; 0.924      ;
; 0.657  ; q_ledg[20]      ; q_ledg[20]      ; CLOCK_50     ; CLOCK_50    ; 0.000        ; 0.081      ; 0.924      ;
; 0.657  ; q_ledg[29]      ; q_ledg[29]      ; CLOCK_50     ; CLOCK_50    ; 0.000        ; 0.081      ; 0.924      ;
; 0.657  ; q_ledr[5]       ; q_ledr[5]       ; CLOCK_50     ; CLOCK_50    ; 0.000        ; 0.080      ; 0.923      ;
; 0.657  ; q_ledr[13]      ; q_ledr[13]      ; CLOCK_50     ; CLOCK_50    ; 0.000        ; 0.080      ; 0.923      ;
; 0.657  ; q_ledr[20]      ; q_ledr[20]      ; CLOCK_50     ; CLOCK_50    ; 0.000        ; 0.081      ; 0.924      ;
; 0.657  ; q_ledr[21]      ; q_ledr[21]      ; CLOCK_50     ; CLOCK_50    ; 0.000        ; 0.081      ; 0.924      ;
; 0.657  ; q_ledr[29]      ; q_ledr[29]      ; CLOCK_50     ; CLOCK_50    ; 0.000        ; 0.081      ; 0.924      ;
; 0.658  ; q_hex[8]        ; q_hex[8]        ; CLOCK_50     ; CLOCK_50    ; 0.000        ; 0.080      ; 0.924      ;
; 0.658  ; q_hex[21]       ; q_hex[21]       ; CLOCK_50     ; CLOCK_50    ; 0.000        ; 0.080      ; 0.924      ;
; 0.658  ; q_hex[29]       ; q_hex[29]       ; CLOCK_50     ; CLOCK_50    ; 0.000        ; 0.080      ; 0.924      ;
; 0.658  ; q_ledg[24]      ; q_ledg[24]      ; CLOCK_50     ; CLOCK_50    ; 0.000        ; 0.081      ; 0.925      ;
; 0.658  ; q_ledg[26]      ; q_ledg[26]      ; CLOCK_50     ; CLOCK_50    ; 0.000        ; 0.081      ; 0.925      ;
; 0.658  ; q_ledg[27]      ; q_ledg[27]      ; CLOCK_50     ; CLOCK_50    ; 0.000        ; 0.081      ; 0.925      ;
; 0.658  ; q_ledg[28]      ; q_ledg[28]      ; CLOCK_50     ; CLOCK_50    ; 0.000        ; 0.081      ; 0.925      ;
; 0.658  ; q_ledg[30]      ; q_ledg[30]      ; CLOCK_50     ; CLOCK_50    ; 0.000        ; 0.081      ; 0.925      ;
; 0.658  ; q_ledr[10]      ; q_ledr[10]      ; CLOCK_50     ; CLOCK_50    ; 0.000        ; 0.080      ; 0.924      ;
; 0.658  ; q_ledr[12]      ; q_ledr[12]      ; CLOCK_50     ; CLOCK_50    ; 0.000        ; 0.080      ; 0.924      ;
; 0.658  ; q_ledr[24]      ; q_ledr[24]      ; CLOCK_50     ; CLOCK_50    ; 0.000        ; 0.081      ; 0.925      ;
; 0.658  ; q_ledr[26]      ; q_ledr[26]      ; CLOCK_50     ; CLOCK_50    ; 0.000        ; 0.081      ; 0.925      ;
; 0.658  ; q_ledr[27]      ; q_ledr[27]      ; CLOCK_50     ; CLOCK_50    ; 0.000        ; 0.081      ; 0.925      ;
; 0.658  ; q_ledr[28]      ; q_ledr[28]      ; CLOCK_50     ; CLOCK_50    ; 0.000        ; 0.081      ; 0.925      ;
; 0.658  ; q_ledr[30]      ; q_ledr[30]      ; CLOCK_50     ; CLOCK_50    ; 0.000        ; 0.081      ; 0.925      ;
; 0.659  ; blink_count[14] ; blink_count[14] ; CLOCK_50     ; CLOCK_50    ; 0.000        ; 0.081      ; 0.926      ;
; 0.659  ; q_hex[24]       ; q_hex[24]       ; CLOCK_50     ; CLOCK_50    ; 0.000        ; 0.080      ; 0.925      ;
; 0.659  ; q_hex[26]       ; q_hex[26]       ; CLOCK_50     ; CLOCK_50    ; 0.000        ; 0.080      ; 0.925      ;
; 0.659  ; q_hex[27]       ; q_hex[27]       ; CLOCK_50     ; CLOCK_50    ; 0.000        ; 0.080      ; 0.925      ;
; 0.659  ; q_hex[28]       ; q_hex[28]       ; CLOCK_50     ; CLOCK_50    ; 0.000        ; 0.080      ; 0.925      ;
; 0.659  ; q_hex[30]       ; q_hex[30]       ; CLOCK_50     ; CLOCK_50    ; 0.000        ; 0.080      ; 0.925      ;
; 0.659  ; q_ledg[31]      ; q_ledg[31]      ; CLOCK_50     ; CLOCK_50    ; 0.000        ; 0.081      ; 0.926      ;
; 0.659  ; q_ledr[17]      ; q_ledr[17]      ; CLOCK_50     ; CLOCK_50    ; 0.000        ; 0.081      ; 0.926      ;
; 0.659  ; q_ledr[31]      ; q_ledr[31]      ; CLOCK_50     ; CLOCK_50    ; 0.000        ; 0.081      ; 0.926      ;
; 0.660  ; blink_count[16] ; blink_count[16] ; CLOCK_50     ; CLOCK_50    ; 0.000        ; 0.081      ; 0.927      ;
; 0.660  ; q_hex[31]       ; q_hex[31]       ; CLOCK_50     ; CLOCK_50    ; 0.000        ; 0.080      ; 0.926      ;
; 0.660  ; count_lcd[16]   ; count_lcd[16]   ; CLOCK_50     ; CLOCK_50    ; 0.000        ; 0.079      ; 0.925      ;
; 0.661  ; q_hex[7]        ; q_hex[7]        ; CLOCK_50     ; CLOCK_50    ; 0.000        ; 0.080      ; 0.927      ;
; 0.661  ; q_ledg[23]      ; q_ledg[23]      ; CLOCK_50     ; CLOCK_50    ; 0.000        ; 0.081      ; 0.928      ;
; 0.661  ; q_ledg[25]      ; q_ledg[25]      ; CLOCK_50     ; CLOCK_50    ; 0.000        ; 0.081      ; 0.928      ;
; 0.661  ; q_ledr[7]       ; q_ledr[7]       ; CLOCK_50     ; CLOCK_50    ; 0.000        ; 0.080      ; 0.927      ;
; 0.661  ; q_ledr[23]      ; q_ledr[23]      ; CLOCK_50     ; CLOCK_50    ; 0.000        ; 0.081      ; 0.928      ;
; 0.661  ; q_ledr[25]      ; q_ledr[25]      ; CLOCK_50     ; CLOCK_50    ; 0.000        ; 0.081      ; 0.928      ;
; 0.661  ; count_lcd[17]   ; count_lcd[17]   ; CLOCK_50     ; CLOCK_50    ; 0.000        ; 0.079      ; 0.926      ;
; 0.662  ; blink_count[1]  ; blink_count[1]  ; CLOCK_50     ; CLOCK_50    ; 0.000        ; 0.081      ; 0.929      ;
; 0.662  ; q_hex[23]       ; q_hex[23]       ; CLOCK_50     ; CLOCK_50    ; 0.000        ; 0.080      ; 0.928      ;
; 0.662  ; q_hex[25]       ; q_hex[25]       ; CLOCK_50     ; CLOCK_50    ; 0.000        ; 0.080      ; 0.928      ;
; 0.662  ; count_lcd[4]    ; count_lcd[4]    ; CLOCK_50     ; CLOCK_50    ; 0.000        ; 0.079      ; 0.927      ;
; 0.662  ; count_lcd[6]    ; count_lcd[6]    ; CLOCK_50     ; CLOCK_50    ; 0.000        ; 0.079      ; 0.927      ;
; 0.662  ; count_lcd[8]    ; count_lcd[8]    ; CLOCK_50     ; CLOCK_50    ; 0.000        ; 0.079      ; 0.927      ;
; 0.664  ; blink_count[2]  ; blink_count[2]  ; CLOCK_50     ; CLOCK_50    ; 0.000        ; 0.081      ; 0.931      ;
; 0.665  ; count_lcd[11]   ; count_lcd[11]   ; CLOCK_50     ; CLOCK_50    ; 0.000        ; 0.079      ; 0.930      ;
; 0.665  ; count_lcd[15]   ; count_lcd[15]   ; CLOCK_50     ; CLOCK_50    ; 0.000        ; 0.079      ; 0.930      ;
; 0.667  ; count_lcd[3]    ; count_lcd[3]    ; CLOCK_50     ; CLOCK_50    ; 0.000        ; 0.079      ; 0.932      ;
; 0.672  ; count_lcd[0]    ; count_lcd[0]    ; CLOCK_50     ; CLOCK_50    ; 0.000        ; 0.079      ; 0.937      ;
; 0.676  ; count_lcd[1]    ; count_lcd[1]    ; CLOCK_50     ; CLOCK_50    ; 0.000        ; 0.079      ; 0.941      ;
; 0.676  ; index[0]        ; index[1]        ; CLOCK_50     ; CLOCK_50    ; 0.000        ; 0.542      ; 1.404      ;
; 0.679  ; count_lcd[5]    ; count_lcd[5]    ; CLOCK_50     ; CLOCK_50    ; 0.000        ; 0.079      ; 0.944      ;
; 0.679  ; index[0]        ; en              ; CLOCK_50     ; CLOCK_50    ; 0.000        ; 0.542      ; 1.407      ;
; 0.684  ; state[4]        ; state[4]        ; CLOCK_50     ; CLOCK_50    ; 0.000        ; 0.079      ; 0.949      ;
; 0.686  ; count_lcd[18]   ; count_lcd[18]   ; CLOCK_50     ; CLOCK_50    ; 0.000        ; 0.079      ; 0.951      ;
; 0.688  ; blink_count[3]  ; blink_count[3]  ; CLOCK_50     ; CLOCK_50    ; 0.000        ; 0.081      ; 0.955      ;
; 0.690  ; blink_count[4]  ; blink_count[4]  ; CLOCK_50     ; CLOCK_50    ; 0.000        ; 0.081      ; 0.957      ;
+--------+-----------------+-----------------+--------------+-------------+--------------+------------+------------+


+-------------------------------------------------------------------------------------------------------------------+
; Slow 1200mV 85C Model Hold: 'clock_ledg'                                                                          ;
+-------+------------------+------------------+--------------+-------------+--------------+------------+------------+
; Slack ; From Node        ; To Node          ; Launch Clock ; Latch Clock ; Relationship ; Clock Skew ; Data Delay ;
+-------+------------------+------------------+--------------+-------------+--------------+------------+------------+
; 0.429 ; state_ledg.00000 ; state_ledg.00001 ; clock_ledg   ; clock_ledg  ; 0.000        ; 0.079      ; 0.694      ;
; 0.429 ; state_ledg.00000 ; LEDG[7]~reg0     ; clock_ledg   ; clock_ledg  ; 0.000        ; 0.079      ; 0.694      ;
; 0.432 ; state_ledg.01101 ; state_ledg.00000 ; clock_ledg   ; clock_ledg  ; 0.000        ; 0.079      ; 0.697      ;
; 0.437 ; state_ledg.01011 ; state_ledg.01100 ; clock_ledg   ; clock_ledg  ; 0.000        ; 0.079      ; 0.702      ;
; 0.438 ; state_ledg.01100 ; state_ledg.01101 ; clock_ledg   ; clock_ledg  ; 0.000        ; 0.079      ; 0.703      ;
; 0.438 ; state_ledg.00010 ; state_ledg.00011 ; clock_ledg   ; clock_ledg  ; 0.000        ; 0.079      ; 0.703      ;
; 0.438 ; state_ledg.00100 ; state_ledg.00101 ; clock_ledg   ; clock_ledg  ; 0.000        ; 0.079      ; 0.703      ;
; 0.438 ; state_ledg.00111 ; LEDG[0]~reg0     ; clock_ledg   ; clock_ledg  ; 0.000        ; 0.079      ; 0.703      ;
; 0.438 ; state_ledg.00100 ; LEDG[3]~reg0     ; clock_ledg   ; clock_ledg  ; 0.000        ; 0.079      ; 0.703      ;
; 0.438 ; state_ledg.00010 ; LEDG[5]~reg0     ; clock_ledg   ; clock_ledg  ; 0.000        ; 0.079      ; 0.703      ;
; 0.438 ; state_ledg.00001 ; LEDG[6]~reg0     ; clock_ledg   ; clock_ledg  ; 0.000        ; 0.079      ; 0.703      ;
; 0.439 ; state_ledg.00111 ; state_ledg.01000 ; clock_ledg   ; clock_ledg  ; 0.000        ; 0.079      ; 0.704      ;
; 0.439 ; state_ledg.00101 ; state_ledg.00110 ; clock_ledg   ; clock_ledg  ; 0.000        ; 0.079      ; 0.704      ;
; 0.439 ; state_ledg.00110 ; state_ledg.00111 ; clock_ledg   ; clock_ledg  ; 0.000        ; 0.079      ; 0.704      ;
; 0.439 ; state_ledg.01011 ; LEDG[4]~reg0     ; clock_ledg   ; clock_ledg  ; 0.000        ; 0.079      ; 0.704      ;
; 0.440 ; state_ledg.00001 ; state_ledg.00010 ; clock_ledg   ; clock_ledg  ; 0.000        ; 0.079      ; 0.705      ;
; 0.440 ; state_ledg.00101 ; LEDG[2]~reg0     ; clock_ledg   ; clock_ledg  ; 0.000        ; 0.079      ; 0.705      ;
; 0.441 ; state_ledg.01000 ; state_ledg.01001 ; clock_ledg   ; clock_ledg  ; 0.000        ; 0.079      ; 0.706      ;
; 0.441 ; state_ledg.01000 ; LEDG[1]~reg0     ; clock_ledg   ; clock_ledg  ; 0.000        ; 0.079      ; 0.706      ;
; 0.442 ; state_ledg.01001 ; state_ledg.01010 ; clock_ledg   ; clock_ledg  ; 0.000        ; 0.079      ; 0.707      ;
; 0.619 ; state_ledg.01010 ; state_ledg.01011 ; clock_ledg   ; clock_ledg  ; 0.000        ; 0.081      ; 0.886      ;
; 0.635 ; state_ledg.00011 ; state_ledg.00100 ; clock_ledg   ; clock_ledg  ; 0.000        ; 0.077      ; 0.898      ;
; 0.690 ; state_ledg.01100 ; LEDG[5]~reg0     ; clock_ledg   ; clock_ledg  ; 0.000        ; 0.079      ; 0.955      ;
; 0.694 ; state_ledg.01101 ; LEDG[6]~reg0     ; clock_ledg   ; clock_ledg  ; 0.000        ; 0.079      ; 0.959      ;
; 0.695 ; state_ledg.00110 ; LEDG[1]~reg0     ; clock_ledg   ; clock_ledg  ; 0.000        ; 0.079      ; 0.960      ;
; 0.696 ; state_ledg.01001 ; LEDG[2]~reg0     ; clock_ledg   ; clock_ledg  ; 0.000        ; 0.079      ; 0.961      ;
; 0.705 ; state_ledg.00011 ; LEDG[4]~reg0     ; clock_ledg   ; clock_ledg  ; 0.000        ; 0.079      ; 0.970      ;
; 0.708 ; state_ledg.01010 ; LEDG[3]~reg0     ; clock_ledg   ; clock_ledg  ; 0.000        ; 0.079      ; 0.973      ;
+-------+------------------+------------------+--------------+-------------+--------------+------------+------------+


+---------------------------------------------------------------------------------------------------------------------+
; Slow 1200mV 85C Model Hold: 'clock_ledr'                                                                            ;
+-------+-------------------+-------------------+--------------+-------------+--------------+------------+------------+
; Slack ; From Node         ; To Node           ; Launch Clock ; Latch Clock ; Relationship ; Clock Skew ; Data Delay ;
+-------+-------------------+-------------------+--------------+-------------+--------------+------------+------------+
; 0.436 ; state_ledr.011010 ; state_ledr.011011 ; clock_ledr   ; clock_ledr  ; 0.000        ; 0.079      ; 0.701      ;
; 0.441 ; state_ledr.011011 ; state_ledr.011100 ; clock_ledr   ; clock_ledr  ; 0.000        ; 0.079      ; 0.706      ;
; 0.446 ; state_ledr.100011 ; state_ledr.100100 ; clock_ledr   ; clock_ledr  ; 0.000        ; 0.079      ; 0.711      ;
; 0.457 ; state_ledr.001100 ; state_ledr.001101 ; clock_ledr   ; clock_ledr  ; 0.000        ; 0.079      ; 0.722      ;
; 0.469 ; state_ledr.011001 ; state_ledr.011010 ; clock_ledr   ; clock_ledr  ; 0.000        ; 0.079      ; 0.734      ;
; 0.497 ; state_ledr.010111 ; LEDR[6]~reg0      ; clock_ledr   ; clock_ledr  ; 0.000        ; 0.504      ; 1.187      ;
; 0.502 ; state_ledr.100001 ; state_ledr.100010 ; clock_ledr   ; clock_ledr  ; 0.000        ; 0.510      ; 1.198      ;
; 0.537 ; state_ledr.010000 ; LEDR[0]~reg0      ; clock_ledr   ; clock_ledr  ; 0.000        ; 0.512      ; 1.235      ;
; 0.542 ; state_ledr.010000 ; state_ledr.010001 ; clock_ledr   ; clock_ledr  ; 0.000        ; 0.512      ; 1.240      ;
; 0.556 ; state_ledr.100100 ; LEDR[17]~reg0     ; clock_ledr   ; clock_ledr  ; 0.000        ; 0.079      ; 0.821      ;
; 0.562 ; state_ledr.100100 ; state_ledr.100101 ; clock_ledr   ; clock_ledr  ; 0.000        ; 0.079      ; 0.827      ;
; 0.571 ; state_ledr.001101 ; LEDR[4]~reg0      ; clock_ledr   ; clock_ledr  ; 0.000        ; 0.079      ; 0.836      ;
; 0.609 ; state_ledr.011110 ; state_ledr.011111 ; clock_ledr   ; clock_ledr  ; 0.000        ; 0.079      ; 0.874      ;
; 0.615 ; state_ledr.001001 ; state_ledr.001010 ; clock_ledr   ; clock_ledr  ; 0.000        ; 0.079      ; 0.880      ;
; 0.617 ; state_ledr.100000 ; state_ledr.100001 ; clock_ledr   ; clock_ledr  ; 0.000        ; 0.079      ; 0.882      ;
; 0.617 ; state_ledr.100101 ; state_ledr.000000 ; clock_ledr   ; clock_ledr  ; 0.000        ; 0.077      ; 0.880      ;
; 0.622 ; state_ledr.010101 ; state_ledr.010110 ; clock_ledr   ; clock_ledr  ; 0.000        ; 0.079      ; 0.887      ;
; 0.623 ; state_ledr.010010 ; state_ledr.010011 ; clock_ledr   ; clock_ledr  ; 0.000        ; 0.077      ; 0.886      ;
; 0.625 ; state_ledr.001101 ; state_ledr.001110 ; clock_ledr   ; clock_ledr  ; 0.000        ; 0.079      ; 0.890      ;
; 0.634 ; state_ledr.010111 ; state_ledr.011000 ; clock_ledr   ; clock_ledr  ; 0.000        ; 0.079      ; 0.899      ;
; 0.635 ; state_ledr.010110 ; state_ledr.010111 ; clock_ledr   ; clock_ledr  ; 0.000        ; 0.081      ; 0.902      ;
; 0.642 ; state_ledr.011100 ; state_ledr.011101 ; clock_ledr   ; clock_ledr  ; 0.000        ; 0.079      ; 0.907      ;
; 0.654 ; state_ledr.001000 ; LEDR[9]~reg0      ; clock_ledr   ; clock_ledr  ; 0.000        ; 0.506      ; 1.346      ;
; 0.684 ; state_ledr.100011 ; LEDR[16]~reg0     ; clock_ledr   ; clock_ledr  ; 0.000        ; 0.079      ; 0.949      ;
; 0.684 ; state_ledr.100011 ; LEDR[17]~reg0     ; clock_ledr   ; clock_ledr  ; 0.000        ; 0.079      ; 0.949      ;
; 0.687 ; state_ledr.001110 ; LEDR[0]~reg0      ; clock_ledr   ; clock_ledr  ; 0.000        ; 0.512      ; 1.385      ;
; 0.689 ; state_ledr.001101 ; LEDR[3]~reg0      ; clock_ledr   ; clock_ledr  ; 0.000        ; 0.079      ; 0.954      ;
; 0.690 ; state_ledr.011001 ; LEDR[6]~reg0      ; clock_ledr   ; clock_ledr  ; 0.000        ; 0.504      ; 1.380      ;
; 0.700 ; state_ledr.001100 ; LEDR[3]~reg0      ; clock_ledr   ; clock_ledr  ; 0.000        ; 0.079      ; 0.965      ;
; 0.702 ; state_ledr.001100 ; LEDR[4]~reg0      ; clock_ledr   ; clock_ledr  ; 0.000        ; 0.079      ; 0.967      ;
; 0.704 ; state_ledr.001100 ; LEDR[5]~reg0      ; clock_ledr   ; clock_ledr  ; 0.000        ; 0.079      ; 0.969      ;
; 0.704 ; state_ledr.100000 ; LEDR[13]~reg0     ; clock_ledr   ; clock_ledr  ; 0.000        ; 0.079      ; 0.969      ;
; 0.707 ; state_ledr.001100 ; LEDR[0]~reg0      ; clock_ledr   ; clock_ledr  ; 0.000        ; 0.512      ; 1.405      ;
; 0.724 ; state_ledr.001110 ; LEDR[3]~reg0      ; clock_ledr   ; clock_ledr  ; 0.000        ; 0.079      ; 0.989      ;
; 0.730 ; state_ledr.001011 ; state_ledr.001100 ; clock_ledr   ; clock_ledr  ; 0.000        ; 0.079      ; 0.995      ;
; 0.731 ; state_ledr.001110 ; state_ledr.001111 ; clock_ledr   ; clock_ledr  ; 0.000        ; 0.079      ; 0.996      ;
; 0.746 ; state_ledr.011001 ; LEDR[7]~reg0      ; clock_ledr   ; clock_ledr  ; 0.000        ; 0.510      ; 1.442      ;
; 0.751 ; state_ledr.000000 ; state_ledr.000001 ; clock_ledr   ; clock_ledr  ; 0.000        ; 0.079      ; 1.016      ;
; 0.756 ; state_ledr.010100 ; LEDR[2]~reg0      ; clock_ledr   ; clock_ledr  ; 0.000        ; 0.079      ; 1.021      ;
; 0.757 ; state_ledr.010100 ; LEDR[1]~reg0      ; clock_ledr   ; clock_ledr  ; 0.000        ; 0.079      ; 1.022      ;
; 0.759 ; state_ledr.000101 ; state_ledr.000110 ; clock_ledr   ; clock_ledr  ; 0.000        ; 0.079      ; 1.024      ;
; 0.763 ; state_ledr.001011 ; LEDR[1]~reg0      ; clock_ledr   ; clock_ledr  ; 0.000        ; 0.079      ; 1.028      ;
; 0.764 ; state_ledr.001011 ; LEDR[2]~reg0      ; clock_ledr   ; clock_ledr  ; 0.000        ; 0.079      ; 1.029      ;
; 0.766 ; state_ledr.010100 ; state_ledr.010101 ; clock_ledr   ; clock_ledr  ; 0.000        ; 0.079      ; 1.031      ;
; 0.782 ; state_ledr.001011 ; LEDR[6]~reg0      ; clock_ledr   ; clock_ledr  ; 0.000        ; 0.506      ; 1.474      ;
; 0.789 ; state_ledr.001111 ; state_ledr.010000 ; clock_ledr   ; clock_ledr  ; 0.000        ; 0.079      ; 1.054      ;
; 0.792 ; state_ledr.000111 ; state_ledr.001000 ; clock_ledr   ; clock_ledr  ; 0.000        ; 0.079      ; 1.057      ;
; 0.813 ; state_ledr.000001 ; state_ledr.000010 ; clock_ledr   ; clock_ledr  ; 0.000        ; 0.079      ; 1.078      ;
; 0.821 ; state_ledr.000100 ; state_ledr.000101 ; clock_ledr   ; clock_ledr  ; 0.000        ; 0.079      ; 1.086      ;
; 0.832 ; state_ledr.000101 ; LEDR[8]~reg0      ; clock_ledr   ; clock_ledr  ; 0.000        ; 0.077      ; 1.095      ;
; 0.833 ; state_ledr.000101 ; LEDR[12]~reg0     ; clock_ledr   ; clock_ledr  ; 0.000        ; 0.077      ; 1.096      ;
; 0.835 ; state_ledr.001000 ; state_ledr.001001 ; clock_ledr   ; clock_ledr  ; 0.000        ; 0.079      ; 1.100      ;
; 0.840 ; state_ledr.000110 ; state_ledr.000111 ; clock_ledr   ; clock_ledr  ; 0.000        ; 0.079      ; 1.105      ;
; 0.846 ; state_ledr.000011 ; state_ledr.000100 ; clock_ledr   ; clock_ledr  ; 0.000        ; 0.079      ; 1.111      ;
; 0.866 ; state_ledr.011001 ; LEDR[10]~reg0     ; clock_ledr   ; clock_ledr  ; 0.000        ; 0.508      ; 1.560      ;
; 0.866 ; state_ledr.011001 ; LEDR[9]~reg0      ; clock_ledr   ; clock_ledr  ; 0.000        ; 0.508      ; 1.560      ;
; 0.866 ; state_ledr.010101 ; LEDR[2]~reg0      ; clock_ledr   ; clock_ledr  ; 0.000        ; 0.079      ; 1.131      ;
; 0.871 ; state_ledr.010011 ; state_ledr.010100 ; clock_ledr   ; clock_ledr  ; 0.000        ; 0.075      ; 1.132      ;
; 0.871 ; state_ledr.100010 ; state_ledr.100011 ; clock_ledr   ; clock_ledr  ; 0.000        ; -0.332     ; 0.725      ;
; 0.892 ; state_ledr.011101 ; LEDR[10]~reg0     ; clock_ledr   ; clock_ledr  ; 0.000        ; 0.508      ; 1.586      ;
; 0.905 ; state_ledr.010100 ; LEDR[6]~reg0      ; clock_ledr   ; clock_ledr  ; 0.000        ; 0.506      ; 1.597      ;
; 0.908 ; state_ledr.000000 ; LEDR[7]~reg0      ; clock_ledr   ; clock_ledr  ; 0.000        ; 0.508      ; 1.602      ;
; 0.919 ; state_ledr.000001 ; LEDR[15]~reg0     ; clock_ledr   ; clock_ledr  ; 0.000        ; 0.081      ; 1.186      ;
; 0.921 ; state_ledr.010111 ; LEDR[5]~reg0      ; clock_ledr   ; clock_ledr  ; 0.000        ; 0.077      ; 1.184      ;
; 0.923 ; state_ledr.010111 ; LEDR[4]~reg0      ; clock_ledr   ; clock_ledr  ; 0.000        ; 0.077      ; 1.186      ;
; 0.930 ; state_ledr.011101 ; LEDR[11]~reg0     ; clock_ledr   ; clock_ledr  ; 0.000        ; 0.079      ; 1.195      ;
; 0.934 ; state_ledr.010100 ; LEDR[7]~reg0      ; clock_ledr   ; clock_ledr  ; 0.000        ; 0.512      ; 1.632      ;
; 0.935 ; state_ledr.011101 ; state_ledr.011110 ; clock_ledr   ; clock_ledr  ; 0.000        ; 0.079      ; 1.200      ;
; 0.939 ; state_ledr.000010 ; LEDR[10]~reg0     ; clock_ledr   ; clock_ledr  ; 0.000        ; 0.506      ; 1.631      ;
; 0.939 ; state_ledr.000010 ; LEDR[9]~reg0      ; clock_ledr   ; clock_ledr  ; 0.000        ; 0.506      ; 1.631      ;
; 0.945 ; state_ledr.000010 ; LEDR[15]~reg0     ; clock_ledr   ; clock_ledr  ; 0.000        ; 0.081      ; 1.212      ;
; 0.957 ; state_ledr.000101 ; LEDR[7]~reg0      ; clock_ledr   ; clock_ledr  ; 0.000        ; 0.508      ; 1.651      ;
; 0.974 ; state_ledr.010001 ; state_ledr.010010 ; clock_ledr   ; clock_ledr  ; 0.000        ; -0.332     ; 0.828      ;
; 0.981 ; state_ledr.000100 ; LEDR[10]~reg0     ; clock_ledr   ; clock_ledr  ; 0.000        ; 0.506      ; 1.673      ;
; 0.981 ; state_ledr.000100 ; LEDR[9]~reg0      ; clock_ledr   ; clock_ledr  ; 0.000        ; 0.506      ; 1.673      ;
; 0.982 ; state_ledr.011000 ; state_ledr.011001 ; clock_ledr   ; clock_ledr  ; 0.000        ; 0.079      ; 1.247      ;
; 0.986 ; state_ledr.011010 ; LEDR[7]~reg0      ; clock_ledr   ; clock_ledr  ; 0.000        ; 0.510      ; 1.682      ;
; 0.989 ; state_ledr.000001 ; LEDR[16]~reg0     ; clock_ledr   ; clock_ledr  ; 0.000        ; 0.081      ; 1.256      ;
; 0.989 ; state_ledr.011000 ; LEDR[7]~reg0      ; clock_ledr   ; clock_ledr  ; 0.000        ; 0.510      ; 1.685      ;
; 0.992 ; state_ledr.000001 ; LEDR[14]~reg0     ; clock_ledr   ; clock_ledr  ; 0.000        ; 0.081      ; 1.259      ;
; 0.994 ; state_ledr.000010 ; LEDR[13]~reg0     ; clock_ledr   ; clock_ledr  ; 0.000        ; 0.077      ; 1.257      ;
; 0.996 ; state_ledr.000010 ; LEDR[7]~reg0      ; clock_ledr   ; clock_ledr  ; 0.000        ; 0.508      ; 1.690      ;
; 1.009 ; state_ledr.001111 ; LEDR[0]~reg0      ; clock_ledr   ; clock_ledr  ; 0.000        ; 0.512      ; 1.707      ;
; 1.009 ; state_ledr.000111 ; LEDR[10]~reg0     ; clock_ledr   ; clock_ledr  ; 0.000        ; 0.506      ; 1.701      ;
; 1.009 ; state_ledr.000111 ; LEDR[9]~reg0      ; clock_ledr   ; clock_ledr  ; 0.000        ; 0.506      ; 1.701      ;
; 1.011 ; state_ledr.001101 ; LEDR[0]~reg0      ; clock_ledr   ; clock_ledr  ; 0.000        ; 0.512      ; 1.709      ;
; 1.016 ; state_ledr.000100 ; LEDR[13]~reg0     ; clock_ledr   ; clock_ledr  ; 0.000        ; 0.077      ; 1.279      ;
; 1.033 ; state_ledr.001010 ; state_ledr.001011 ; clock_ledr   ; clock_ledr  ; 0.000        ; 0.075      ; 1.294      ;
; 1.039 ; state_ledr.011111 ; state_ledr.100000 ; clock_ledr   ; clock_ledr  ; 0.000        ; 0.079      ; 1.304      ;
; 1.041 ; state_ledr.000100 ; LEDR[7]~reg0      ; clock_ledr   ; clock_ledr  ; 0.000        ; 0.508      ; 1.735      ;
; 1.067 ; state_ledr.000010 ; LEDR[14]~reg0     ; clock_ledr   ; clock_ledr  ; 0.000        ; 0.081      ; 1.334      ;
; 1.071 ; state_ledr.011100 ; LEDR[10]~reg0     ; clock_ledr   ; clock_ledr  ; 0.000        ; 0.508      ; 1.765      ;
; 1.071 ; state_ledr.011100 ; LEDR[9]~reg0      ; clock_ledr   ; clock_ledr  ; 0.000        ; 0.508      ; 1.765      ;
; 1.092 ; state_ledr.001000 ; LEDR[7]~reg0      ; clock_ledr   ; clock_ledr  ; 0.000        ; 0.508      ; 1.786      ;
; 1.092 ; state_ledr.001010 ; LEDR[7]~reg0      ; clock_ledr   ; clock_ledr  ; 0.000        ; 0.508      ; 1.786      ;
; 1.092 ; state_ledr.000101 ; LEDR[11]~reg0     ; clock_ledr   ; clock_ledr  ; 0.000        ; 0.077      ; 1.355      ;
; 1.105 ; state_ledr.011000 ; LEDR[6]~reg0      ; clock_ledr   ; clock_ledr  ; 0.000        ; 0.504      ; 1.795      ;
; 1.107 ; state_ledr.010011 ; LEDR[7]~reg0      ; clock_ledr   ; clock_ledr  ; 0.000        ; 0.508      ; 1.801      ;
; 1.110 ; state_ledr.100010 ; LEDR[15]~reg0     ; clock_ledr   ; clock_ledr  ; 0.000        ; -0.332     ; 0.964      ;
; 1.111 ; state_ledr.000111 ; LEDR[7]~reg0      ; clock_ledr   ; clock_ledr  ; 0.000        ; 0.508      ; 1.805      ;
+-------+-------------------+-------------------+--------------+-------------+--------------+------------+------------+


+-------------------------------------------------------------------------------------------------------------------+
; Slow 1200mV 85C Model Hold: 'clock_hex'                                                                           ;
+-------+------------------+------------------+--------------+-------------+--------------+------------+------------+
; Slack ; From Node        ; To Node          ; Launch Clock ; Latch Clock ; Relationship ; Clock Skew ; Data Delay ;
+-------+------------------+------------------+--------------+-------------+--------------+------------+------------+
; 0.445 ; state_hex.hex_s1 ; state_hex.hex_s1 ; clock_hex    ; clock_hex   ; 0.000        ; 0.043      ; 0.674      ;
+-------+------------------+------------------+--------------+-------------+--------------+------------+------------+


+-----------------------------------------------------------------------------------------------+
; Slow 1200mV 85C Model Minimum Pulse Width: 'CLOCK_50'                                         ;
+--------+--------------+----------------+------------+----------+------------+-----------------+
; Slack  ; Actual Width ; Required Width ; Type       ; Clock    ; Clock Edge ; Target          ;
+--------+--------------+----------------+------------+----------+------------+-----------------+
; -3.000 ; 1.000        ; 4.000          ; Port Rate  ; CLOCK_50 ; Rise       ; CLOCK_50        ;
; -1.285 ; 1.000        ; 2.285          ; Min Period ; CLOCK_50 ; Rise       ; blink_count[0]  ;
; -1.285 ; 1.000        ; 2.285          ; Min Period ; CLOCK_50 ; Rise       ; blink_count[10] ;
; -1.285 ; 1.000        ; 2.285          ; Min Period ; CLOCK_50 ; Rise       ; blink_count[11] ;
; -1.285 ; 1.000        ; 2.285          ; Min Period ; CLOCK_50 ; Rise       ; blink_count[12] ;
; -1.285 ; 1.000        ; 2.285          ; Min Period ; CLOCK_50 ; Rise       ; blink_count[13] ;
; -1.285 ; 1.000        ; 2.285          ; Min Period ; CLOCK_50 ; Rise       ; blink_count[14] ;
; -1.285 ; 1.000        ; 2.285          ; Min Period ; CLOCK_50 ; Rise       ; blink_count[15] ;
; -1.285 ; 1.000        ; 2.285          ; Min Period ; CLOCK_50 ; Rise       ; blink_count[16] ;
; -1.285 ; 1.000        ; 2.285          ; Min Period ; CLOCK_50 ; Rise       ; blink_count[17] ;
; -1.285 ; 1.000        ; 2.285          ; Min Period ; CLOCK_50 ; Rise       ; blink_count[18] ;
; -1.285 ; 1.000        ; 2.285          ; Min Period ; CLOCK_50 ; Rise       ; blink_count[19] ;
; -1.285 ; 1.000        ; 2.285          ; Min Period ; CLOCK_50 ; Rise       ; blink_count[1]  ;
; -1.285 ; 1.000        ; 2.285          ; Min Period ; CLOCK_50 ; Rise       ; blink_count[20] ;
; -1.285 ; 1.000        ; 2.285          ; Min Period ; CLOCK_50 ; Rise       ; blink_count[21] ;
; -1.285 ; 1.000        ; 2.285          ; Min Period ; CLOCK_50 ; Rise       ; blink_count[22] ;
; -1.285 ; 1.000        ; 2.285          ; Min Period ; CLOCK_50 ; Rise       ; blink_count[23] ;
; -1.285 ; 1.000        ; 2.285          ; Min Period ; CLOCK_50 ; Rise       ; blink_count[24] ;
; -1.285 ; 1.000        ; 2.285          ; Min Period ; CLOCK_50 ; Rise       ; blink_count[2]  ;
; -1.285 ; 1.000        ; 2.285          ; Min Period ; CLOCK_50 ; Rise       ; blink_count[3]  ;
; -1.285 ; 1.000        ; 2.285          ; Min Period ; CLOCK_50 ; Rise       ; blink_count[4]  ;
; -1.285 ; 1.000        ; 2.285          ; Min Period ; CLOCK_50 ; Rise       ; blink_count[5]  ;
; -1.285 ; 1.000        ; 2.285          ; Min Period ; CLOCK_50 ; Rise       ; blink_count[6]  ;
; -1.285 ; 1.000        ; 2.285          ; Min Period ; CLOCK_50 ; Rise       ; blink_count[7]  ;
; -1.285 ; 1.000        ; 2.285          ; Min Period ; CLOCK_50 ; Rise       ; blink_count[8]  ;
; -1.285 ; 1.000        ; 2.285          ; Min Period ; CLOCK_50 ; Rise       ; blink_count[9]  ;
; -1.285 ; 1.000        ; 2.285          ; Min Period ; CLOCK_50 ; Rise       ; blink_en        ;
; -1.285 ; 1.000        ; 2.285          ; Min Period ; CLOCK_50 ; Rise       ; blink_prev      ;
; -1.285 ; 1.000        ; 2.285          ; Min Period ; CLOCK_50 ; Rise       ; clock_hex       ;
; -1.285 ; 1.000        ; 2.285          ; Min Period ; CLOCK_50 ; Rise       ; clock_ledg      ;
; -1.285 ; 1.000        ; 2.285          ; Min Period ; CLOCK_50 ; Rise       ; clock_ledr      ;
; -1.285 ; 1.000        ; 2.285          ; Min Period ; CLOCK_50 ; Rise       ; count_lcd[0]    ;
; -1.285 ; 1.000        ; 2.285          ; Min Period ; CLOCK_50 ; Rise       ; count_lcd[10]   ;
; -1.285 ; 1.000        ; 2.285          ; Min Period ; CLOCK_50 ; Rise       ; count_lcd[11]   ;
; -1.285 ; 1.000        ; 2.285          ; Min Period ; CLOCK_50 ; Rise       ; count_lcd[12]   ;
; -1.285 ; 1.000        ; 2.285          ; Min Period ; CLOCK_50 ; Rise       ; count_lcd[13]   ;
; -1.285 ; 1.000        ; 2.285          ; Min Period ; CLOCK_50 ; Rise       ; count_lcd[14]   ;
; -1.285 ; 1.000        ; 2.285          ; Min Period ; CLOCK_50 ; Rise       ; count_lcd[15]   ;
; -1.285 ; 1.000        ; 2.285          ; Min Period ; CLOCK_50 ; Rise       ; count_lcd[16]   ;
; -1.285 ; 1.000        ; 2.285          ; Min Period ; CLOCK_50 ; Rise       ; count_lcd[17]   ;
; -1.285 ; 1.000        ; 2.285          ; Min Period ; CLOCK_50 ; Rise       ; count_lcd[18]   ;
; -1.285 ; 1.000        ; 2.285          ; Min Period ; CLOCK_50 ; Rise       ; count_lcd[19]   ;
; -1.285 ; 1.000        ; 2.285          ; Min Period ; CLOCK_50 ; Rise       ; count_lcd[1]    ;
; -1.285 ; 1.000        ; 2.285          ; Min Period ; CLOCK_50 ; Rise       ; count_lcd[2]    ;
; -1.285 ; 1.000        ; 2.285          ; Min Period ; CLOCK_50 ; Rise       ; count_lcd[3]    ;
; -1.285 ; 1.000        ; 2.285          ; Min Period ; CLOCK_50 ; Rise       ; count_lcd[4]    ;
; -1.285 ; 1.000        ; 2.285          ; Min Period ; CLOCK_50 ; Rise       ; count_lcd[5]    ;
; -1.285 ; 1.000        ; 2.285          ; Min Period ; CLOCK_50 ; Rise       ; count_lcd[6]    ;
; -1.285 ; 1.000        ; 2.285          ; Min Period ; CLOCK_50 ; Rise       ; count_lcd[7]    ;
; -1.285 ; 1.000        ; 2.285          ; Min Period ; CLOCK_50 ; Rise       ; count_lcd[8]    ;
; -1.285 ; 1.000        ; 2.285          ; Min Period ; CLOCK_50 ; Rise       ; count_lcd[9]    ;
; -1.285 ; 1.000        ; 2.285          ; Min Period ; CLOCK_50 ; Rise       ; countend[0]     ;
; -1.285 ; 1.000        ; 2.285          ; Min Period ; CLOCK_50 ; Rise       ; countend[18]    ;
; -1.285 ; 1.000        ; 2.285          ; Min Period ; CLOCK_50 ; Rise       ; countend[4]     ;
; -1.285 ; 1.000        ; 2.285          ; Min Period ; CLOCK_50 ; Rise       ; data[0]         ;
; -1.285 ; 1.000        ; 2.285          ; Min Period ; CLOCK_50 ; Rise       ; data[1]         ;
; -1.285 ; 1.000        ; 2.285          ; Min Period ; CLOCK_50 ; Rise       ; data[2]         ;
; -1.285 ; 1.000        ; 2.285          ; Min Period ; CLOCK_50 ; Rise       ; data[3]         ;
; -1.285 ; 1.000        ; 2.285          ; Min Period ; CLOCK_50 ; Rise       ; data[4]         ;
; -1.285 ; 1.000        ; 2.285          ; Min Period ; CLOCK_50 ; Rise       ; data[5]         ;
; -1.285 ; 1.000        ; 2.285          ; Min Period ; CLOCK_50 ; Rise       ; data[6]         ;
; -1.285 ; 1.000        ; 2.285          ; Min Period ; CLOCK_50 ; Rise       ; data[7]         ;
; -1.285 ; 1.000        ; 2.285          ; Min Period ; CLOCK_50 ; Rise       ; data[8]         ;
; -1.285 ; 1.000        ; 2.285          ; Min Period ; CLOCK_50 ; Rise       ; en              ;
; -1.285 ; 1.000        ; 2.285          ; Min Period ; CLOCK_50 ; Rise       ; flag            ;
; -1.285 ; 1.000        ; 2.285          ; Min Period ; CLOCK_50 ; Rise       ; index[0]        ;
; -1.285 ; 1.000        ; 2.285          ; Min Period ; CLOCK_50 ; Rise       ; index[1]        ;
; -1.285 ; 1.000        ; 2.285          ; Min Period ; CLOCK_50 ; Rise       ; q_hex[10]       ;
; -1.285 ; 1.000        ; 2.285          ; Min Period ; CLOCK_50 ; Rise       ; q_hex[11]       ;
; -1.285 ; 1.000        ; 2.285          ; Min Period ; CLOCK_50 ; Rise       ; q_hex[12]       ;
; -1.285 ; 1.000        ; 2.285          ; Min Period ; CLOCK_50 ; Rise       ; q_hex[13]       ;
; -1.285 ; 1.000        ; 2.285          ; Min Period ; CLOCK_50 ; Rise       ; q_hex[14]       ;
; -1.285 ; 1.000        ; 2.285          ; Min Period ; CLOCK_50 ; Rise       ; q_hex[15]       ;
; -1.285 ; 1.000        ; 2.285          ; Min Period ; CLOCK_50 ; Rise       ; q_hex[16]       ;
; -1.285 ; 1.000        ; 2.285          ; Min Period ; CLOCK_50 ; Rise       ; q_hex[17]       ;
; -1.285 ; 1.000        ; 2.285          ; Min Period ; CLOCK_50 ; Rise       ; q_hex[18]       ;
; -1.285 ; 1.000        ; 2.285          ; Min Period ; CLOCK_50 ; Rise       ; q_hex[19]       ;
; -1.285 ; 1.000        ; 2.285          ; Min Period ; CLOCK_50 ; Rise       ; q_hex[20]       ;
; -1.285 ; 1.000        ; 2.285          ; Min Period ; CLOCK_50 ; Rise       ; q_hex[21]       ;
; -1.285 ; 1.000        ; 2.285          ; Min Period ; CLOCK_50 ; Rise       ; q_hex[22]       ;
; -1.285 ; 1.000        ; 2.285          ; Min Period ; CLOCK_50 ; Rise       ; q_hex[23]       ;
; -1.285 ; 1.000        ; 2.285          ; Min Period ; CLOCK_50 ; Rise       ; q_hex[24]       ;
; -1.285 ; 1.000        ; 2.285          ; Min Period ; CLOCK_50 ; Rise       ; q_hex[25]       ;
; -1.285 ; 1.000        ; 2.285          ; Min Period ; CLOCK_50 ; Rise       ; q_hex[26]       ;
; -1.285 ; 1.000        ; 2.285          ; Min Period ; CLOCK_50 ; Rise       ; q_hex[27]       ;
; -1.285 ; 1.000        ; 2.285          ; Min Period ; CLOCK_50 ; Rise       ; q_hex[28]       ;
; -1.285 ; 1.000        ; 2.285          ; Min Period ; CLOCK_50 ; Rise       ; q_hex[29]       ;
; -1.285 ; 1.000        ; 2.285          ; Min Period ; CLOCK_50 ; Rise       ; q_hex[30]       ;
; -1.285 ; 1.000        ; 2.285          ; Min Period ; CLOCK_50 ; Rise       ; q_hex[31]       ;
; -1.285 ; 1.000        ; 2.285          ; Min Period ; CLOCK_50 ; Rise       ; q_hex[4]        ;
; -1.285 ; 1.000        ; 2.285          ; Min Period ; CLOCK_50 ; Rise       ; q_hex[5]        ;
; -1.285 ; 1.000        ; 2.285          ; Min Period ; CLOCK_50 ; Rise       ; q_hex[6]        ;
; -1.285 ; 1.000        ; 2.285          ; Min Period ; CLOCK_50 ; Rise       ; q_hex[7]        ;
; -1.285 ; 1.000        ; 2.285          ; Min Period ; CLOCK_50 ; Rise       ; q_hex[8]        ;
; -1.285 ; 1.000        ; 2.285          ; Min Period ; CLOCK_50 ; Rise       ; q_hex[9]        ;
; -1.285 ; 1.000        ; 2.285          ; Min Period ; CLOCK_50 ; Rise       ; q_ledg[10]      ;
; -1.285 ; 1.000        ; 2.285          ; Min Period ; CLOCK_50 ; Rise       ; q_ledg[11]      ;
; -1.285 ; 1.000        ; 2.285          ; Min Period ; CLOCK_50 ; Rise       ; q_ledg[12]      ;
; -1.285 ; 1.000        ; 2.285          ; Min Period ; CLOCK_50 ; Rise       ; q_ledg[13]      ;
; -1.285 ; 1.000        ; 2.285          ; Min Period ; CLOCK_50 ; Rise       ; q_ledg[14]      ;
+--------+--------------+----------------+------------+----------+------------+-----------------+


+---------------------------------------------------------------------------------------------------------+
; Slow 1200mV 85C Model Minimum Pulse Width: 'clock_ledr'                                                 ;
+--------+--------------+----------------+------------------+------------+------------+-------------------+
; Slack  ; Actual Width ; Required Width ; Type             ; Clock      ; Clock Edge ; Target            ;
+--------+--------------+----------------+------------------+------------+------------+-------------------+
; -1.285 ; 1.000        ; 2.285          ; Min Period       ; clock_ledr ; Rise       ; LEDR[0]~reg0      ;
; -1.285 ; 1.000        ; 2.285          ; Min Period       ; clock_ledr ; Rise       ; LEDR[10]~reg0     ;
; -1.285 ; 1.000        ; 2.285          ; Min Period       ; clock_ledr ; Rise       ; LEDR[11]~reg0     ;
; -1.285 ; 1.000        ; 2.285          ; Min Period       ; clock_ledr ; Rise       ; LEDR[12]~reg0     ;
; -1.285 ; 1.000        ; 2.285          ; Min Period       ; clock_ledr ; Rise       ; LEDR[13]~reg0     ;
; -1.285 ; 1.000        ; 2.285          ; Min Period       ; clock_ledr ; Rise       ; LEDR[14]~reg0     ;
; -1.285 ; 1.000        ; 2.285          ; Min Period       ; clock_ledr ; Rise       ; LEDR[15]~reg0     ;
; -1.285 ; 1.000        ; 2.285          ; Min Period       ; clock_ledr ; Rise       ; LEDR[16]~reg0     ;
; -1.285 ; 1.000        ; 2.285          ; Min Period       ; clock_ledr ; Rise       ; LEDR[17]~reg0     ;
; -1.285 ; 1.000        ; 2.285          ; Min Period       ; clock_ledr ; Rise       ; LEDR[1]~reg0      ;
; -1.285 ; 1.000        ; 2.285          ; Min Period       ; clock_ledr ; Rise       ; LEDR[2]~reg0      ;
; -1.285 ; 1.000        ; 2.285          ; Min Period       ; clock_ledr ; Rise       ; LEDR[3]~reg0      ;
; -1.285 ; 1.000        ; 2.285          ; Min Period       ; clock_ledr ; Rise       ; LEDR[4]~reg0      ;
; -1.285 ; 1.000        ; 2.285          ; Min Period       ; clock_ledr ; Rise       ; LEDR[5]~reg0      ;
; -1.285 ; 1.000        ; 2.285          ; Min Period       ; clock_ledr ; Rise       ; LEDR[6]~reg0      ;
; -1.285 ; 1.000        ; 2.285          ; Min Period       ; clock_ledr ; Rise       ; LEDR[7]~reg0      ;
; -1.285 ; 1.000        ; 2.285          ; Min Period       ; clock_ledr ; Rise       ; LEDR[8]~reg0      ;
; -1.285 ; 1.000        ; 2.285          ; Min Period       ; clock_ledr ; Rise       ; LEDR[9]~reg0      ;
; -1.285 ; 1.000        ; 2.285          ; Min Period       ; clock_ledr ; Rise       ; state_ledr.000000 ;
; -1.285 ; 1.000        ; 2.285          ; Min Period       ; clock_ledr ; Rise       ; state_ledr.000001 ;
; -1.285 ; 1.000        ; 2.285          ; Min Period       ; clock_ledr ; Rise       ; state_ledr.000010 ;
; -1.285 ; 1.000        ; 2.285          ; Min Period       ; clock_ledr ; Rise       ; state_ledr.000011 ;
; -1.285 ; 1.000        ; 2.285          ; Min Period       ; clock_ledr ; Rise       ; state_ledr.000100 ;
; -1.285 ; 1.000        ; 2.285          ; Min Period       ; clock_ledr ; Rise       ; state_ledr.000101 ;
; -1.285 ; 1.000        ; 2.285          ; Min Period       ; clock_ledr ; Rise       ; state_ledr.000110 ;
; -1.285 ; 1.000        ; 2.285          ; Min Period       ; clock_ledr ; Rise       ; state_ledr.000111 ;
; -1.285 ; 1.000        ; 2.285          ; Min Period       ; clock_ledr ; Rise       ; state_ledr.001000 ;
; -1.285 ; 1.000        ; 2.285          ; Min Period       ; clock_ledr ; Rise       ; state_ledr.001001 ;
; -1.285 ; 1.000        ; 2.285          ; Min Period       ; clock_ledr ; Rise       ; state_ledr.001010 ;
; -1.285 ; 1.000        ; 2.285          ; Min Period       ; clock_ledr ; Rise       ; state_ledr.001011 ;
; -1.285 ; 1.000        ; 2.285          ; Min Period       ; clock_ledr ; Rise       ; state_ledr.001100 ;
; -1.285 ; 1.000        ; 2.285          ; Min Period       ; clock_ledr ; Rise       ; state_ledr.001101 ;
; -1.285 ; 1.000        ; 2.285          ; Min Period       ; clock_ledr ; Rise       ; state_ledr.001110 ;
; -1.285 ; 1.000        ; 2.285          ; Min Period       ; clock_ledr ; Rise       ; state_ledr.001111 ;
; -1.285 ; 1.000        ; 2.285          ; Min Period       ; clock_ledr ; Rise       ; state_ledr.010000 ;
; -1.285 ; 1.000        ; 2.285          ; Min Period       ; clock_ledr ; Rise       ; state_ledr.010001 ;
; -1.285 ; 1.000        ; 2.285          ; Min Period       ; clock_ledr ; Rise       ; state_ledr.010010 ;
; -1.285 ; 1.000        ; 2.285          ; Min Period       ; clock_ledr ; Rise       ; state_ledr.010011 ;
; -1.285 ; 1.000        ; 2.285          ; Min Period       ; clock_ledr ; Rise       ; state_ledr.010100 ;
; -1.285 ; 1.000        ; 2.285          ; Min Period       ; clock_ledr ; Rise       ; state_ledr.010101 ;
; -1.285 ; 1.000        ; 2.285          ; Min Period       ; clock_ledr ; Rise       ; state_ledr.010110 ;
; -1.285 ; 1.000        ; 2.285          ; Min Period       ; clock_ledr ; Rise       ; state_ledr.010111 ;
; -1.285 ; 1.000        ; 2.285          ; Min Period       ; clock_ledr ; Rise       ; state_ledr.011000 ;
; -1.285 ; 1.000        ; 2.285          ; Min Period       ; clock_ledr ; Rise       ; state_ledr.011001 ;
; -1.285 ; 1.000        ; 2.285          ; Min Period       ; clock_ledr ; Rise       ; state_ledr.011010 ;
; -1.285 ; 1.000        ; 2.285          ; Min Period       ; clock_ledr ; Rise       ; state_ledr.011011 ;
; -1.285 ; 1.000        ; 2.285          ; Min Period       ; clock_ledr ; Rise       ; state_ledr.011100 ;
; -1.285 ; 1.000        ; 2.285          ; Min Period       ; clock_ledr ; Rise       ; state_ledr.011101 ;
; -1.285 ; 1.000        ; 2.285          ; Min Period       ; clock_ledr ; Rise       ; state_ledr.011110 ;
; -1.285 ; 1.000        ; 2.285          ; Min Period       ; clock_ledr ; Rise       ; state_ledr.011111 ;
; -1.285 ; 1.000        ; 2.285          ; Min Period       ; clock_ledr ; Rise       ; state_ledr.100000 ;
; -1.285 ; 1.000        ; 2.285          ; Min Period       ; clock_ledr ; Rise       ; state_ledr.100001 ;
; -1.285 ; 1.000        ; 2.285          ; Min Period       ; clock_ledr ; Rise       ; state_ledr.100010 ;
; -1.285 ; 1.000        ; 2.285          ; Min Period       ; clock_ledr ; Rise       ; state_ledr.100011 ;
; -1.285 ; 1.000        ; 2.285          ; Min Period       ; clock_ledr ; Rise       ; state_ledr.100100 ;
; -1.285 ; 1.000        ; 2.285          ; Min Period       ; clock_ledr ; Rise       ; state_ledr.100101 ;
; 0.247  ; 0.467        ; 0.220          ; High Pulse Width ; clock_ledr ; Rise       ; LEDR[0]~reg0      ;
; 0.247  ; 0.467        ; 0.220          ; High Pulse Width ; clock_ledr ; Rise       ; LEDR[10]~reg0     ;
; 0.247  ; 0.467        ; 0.220          ; High Pulse Width ; clock_ledr ; Rise       ; LEDR[6]~reg0      ;
; 0.247  ; 0.467        ; 0.220          ; High Pulse Width ; clock_ledr ; Rise       ; LEDR[7]~reg0      ;
; 0.247  ; 0.467        ; 0.220          ; High Pulse Width ; clock_ledr ; Rise       ; LEDR[9]~reg0      ;
; 0.247  ; 0.467        ; 0.220          ; High Pulse Width ; clock_ledr ; Rise       ; state_ledr.010001 ;
; 0.247  ; 0.467        ; 0.220          ; High Pulse Width ; clock_ledr ; Rise       ; state_ledr.100010 ;
; 0.249  ; 0.469        ; 0.220          ; High Pulse Width ; clock_ledr ; Rise       ; LEDR[11]~reg0     ;
; 0.249  ; 0.469        ; 0.220          ; High Pulse Width ; clock_ledr ; Rise       ; LEDR[12]~reg0     ;
; 0.249  ; 0.469        ; 0.220          ; High Pulse Width ; clock_ledr ; Rise       ; LEDR[13]~reg0     ;
; 0.249  ; 0.469        ; 0.220          ; High Pulse Width ; clock_ledr ; Rise       ; LEDR[14]~reg0     ;
; 0.249  ; 0.469        ; 0.220          ; High Pulse Width ; clock_ledr ; Rise       ; LEDR[15]~reg0     ;
; 0.249  ; 0.469        ; 0.220          ; High Pulse Width ; clock_ledr ; Rise       ; LEDR[16]~reg0     ;
; 0.249  ; 0.469        ; 0.220          ; High Pulse Width ; clock_ledr ; Rise       ; LEDR[17]~reg0     ;
; 0.249  ; 0.469        ; 0.220          ; High Pulse Width ; clock_ledr ; Rise       ; LEDR[1]~reg0      ;
; 0.249  ; 0.469        ; 0.220          ; High Pulse Width ; clock_ledr ; Rise       ; LEDR[2]~reg0      ;
; 0.249  ; 0.469        ; 0.220          ; High Pulse Width ; clock_ledr ; Rise       ; LEDR[3]~reg0      ;
; 0.249  ; 0.469        ; 0.220          ; High Pulse Width ; clock_ledr ; Rise       ; LEDR[4]~reg0      ;
; 0.249  ; 0.469        ; 0.220          ; High Pulse Width ; clock_ledr ; Rise       ; LEDR[5]~reg0      ;
; 0.249  ; 0.469        ; 0.220          ; High Pulse Width ; clock_ledr ; Rise       ; LEDR[8]~reg0      ;
; 0.249  ; 0.469        ; 0.220          ; High Pulse Width ; clock_ledr ; Rise       ; state_ledr.000000 ;
; 0.249  ; 0.469        ; 0.220          ; High Pulse Width ; clock_ledr ; Rise       ; state_ledr.000001 ;
; 0.249  ; 0.469        ; 0.220          ; High Pulse Width ; clock_ledr ; Rise       ; state_ledr.000010 ;
; 0.249  ; 0.469        ; 0.220          ; High Pulse Width ; clock_ledr ; Rise       ; state_ledr.000011 ;
; 0.249  ; 0.469        ; 0.220          ; High Pulse Width ; clock_ledr ; Rise       ; state_ledr.000100 ;
; 0.249  ; 0.469        ; 0.220          ; High Pulse Width ; clock_ledr ; Rise       ; state_ledr.000101 ;
; 0.249  ; 0.469        ; 0.220          ; High Pulse Width ; clock_ledr ; Rise       ; state_ledr.000110 ;
; 0.249  ; 0.469        ; 0.220          ; High Pulse Width ; clock_ledr ; Rise       ; state_ledr.000111 ;
; 0.249  ; 0.469        ; 0.220          ; High Pulse Width ; clock_ledr ; Rise       ; state_ledr.001000 ;
; 0.249  ; 0.469        ; 0.220          ; High Pulse Width ; clock_ledr ; Rise       ; state_ledr.001001 ;
; 0.249  ; 0.469        ; 0.220          ; High Pulse Width ; clock_ledr ; Rise       ; state_ledr.001010 ;
; 0.249  ; 0.469        ; 0.220          ; High Pulse Width ; clock_ledr ; Rise       ; state_ledr.001011 ;
; 0.249  ; 0.469        ; 0.220          ; High Pulse Width ; clock_ledr ; Rise       ; state_ledr.001100 ;
; 0.249  ; 0.469        ; 0.220          ; High Pulse Width ; clock_ledr ; Rise       ; state_ledr.001101 ;
; 0.249  ; 0.469        ; 0.220          ; High Pulse Width ; clock_ledr ; Rise       ; state_ledr.001110 ;
; 0.249  ; 0.469        ; 0.220          ; High Pulse Width ; clock_ledr ; Rise       ; state_ledr.001111 ;
; 0.249  ; 0.469        ; 0.220          ; High Pulse Width ; clock_ledr ; Rise       ; state_ledr.010000 ;
; 0.249  ; 0.469        ; 0.220          ; High Pulse Width ; clock_ledr ; Rise       ; state_ledr.010010 ;
; 0.249  ; 0.469        ; 0.220          ; High Pulse Width ; clock_ledr ; Rise       ; state_ledr.010011 ;
; 0.249  ; 0.469        ; 0.220          ; High Pulse Width ; clock_ledr ; Rise       ; state_ledr.010100 ;
; 0.249  ; 0.469        ; 0.220          ; High Pulse Width ; clock_ledr ; Rise       ; state_ledr.010101 ;
; 0.249  ; 0.469        ; 0.220          ; High Pulse Width ; clock_ledr ; Rise       ; state_ledr.010110 ;
; 0.249  ; 0.469        ; 0.220          ; High Pulse Width ; clock_ledr ; Rise       ; state_ledr.010111 ;
; 0.249  ; 0.469        ; 0.220          ; High Pulse Width ; clock_ledr ; Rise       ; state_ledr.011000 ;
+--------+--------------+----------------+------------------+------------+------------+-------------------+


+-------------------------------------------------------------------------------------------------------------------+
; Slow 1200mV 85C Model Minimum Pulse Width: 'clock_ledg'                                                           ;
+--------+--------------+----------------+------------------+------------+------------+-----------------------------+
; Slack  ; Actual Width ; Required Width ; Type             ; Clock      ; Clock Edge ; Target                      ;
+--------+--------------+----------------+------------------+------------+------------+-----------------------------+
; -1.285 ; 1.000        ; 2.285          ; Min Period       ; clock_ledg ; Rise       ; LEDG[0]~reg0                ;
; -1.285 ; 1.000        ; 2.285          ; Min Period       ; clock_ledg ; Rise       ; LEDG[1]~reg0                ;
; -1.285 ; 1.000        ; 2.285          ; Min Period       ; clock_ledg ; Rise       ; LEDG[2]~reg0                ;
; -1.285 ; 1.000        ; 2.285          ; Min Period       ; clock_ledg ; Rise       ; LEDG[3]~reg0                ;
; -1.285 ; 1.000        ; 2.285          ; Min Period       ; clock_ledg ; Rise       ; LEDG[4]~reg0                ;
; -1.285 ; 1.000        ; 2.285          ; Min Period       ; clock_ledg ; Rise       ; LEDG[5]~reg0                ;
; -1.285 ; 1.000        ; 2.285          ; Min Period       ; clock_ledg ; Rise       ; LEDG[6]~reg0                ;
; -1.285 ; 1.000        ; 2.285          ; Min Period       ; clock_ledg ; Rise       ; LEDG[7]~reg0                ;
; -1.285 ; 1.000        ; 2.285          ; Min Period       ; clock_ledg ; Rise       ; state_ledg.00000            ;
; -1.285 ; 1.000        ; 2.285          ; Min Period       ; clock_ledg ; Rise       ; state_ledg.00001            ;
; -1.285 ; 1.000        ; 2.285          ; Min Period       ; clock_ledg ; Rise       ; state_ledg.00010            ;
; -1.285 ; 1.000        ; 2.285          ; Min Period       ; clock_ledg ; Rise       ; state_ledg.00011            ;
; -1.285 ; 1.000        ; 2.285          ; Min Period       ; clock_ledg ; Rise       ; state_ledg.00100            ;
; -1.285 ; 1.000        ; 2.285          ; Min Period       ; clock_ledg ; Rise       ; state_ledg.00101            ;
; -1.285 ; 1.000        ; 2.285          ; Min Period       ; clock_ledg ; Rise       ; state_ledg.00110            ;
; -1.285 ; 1.000        ; 2.285          ; Min Period       ; clock_ledg ; Rise       ; state_ledg.00111            ;
; -1.285 ; 1.000        ; 2.285          ; Min Period       ; clock_ledg ; Rise       ; state_ledg.01000            ;
; -1.285 ; 1.000        ; 2.285          ; Min Period       ; clock_ledg ; Rise       ; state_ledg.01001            ;
; -1.285 ; 1.000        ; 2.285          ; Min Period       ; clock_ledg ; Rise       ; state_ledg.01010            ;
; -1.285 ; 1.000        ; 2.285          ; Min Period       ; clock_ledg ; Rise       ; state_ledg.01011            ;
; -1.285 ; 1.000        ; 2.285          ; Min Period       ; clock_ledg ; Rise       ; state_ledg.01100            ;
; -1.285 ; 1.000        ; 2.285          ; Min Period       ; clock_ledg ; Rise       ; state_ledg.01101            ;
; 0.262  ; 0.482        ; 0.220          ; High Pulse Width ; clock_ledg ; Rise       ; LEDG[0]~reg0                ;
; 0.262  ; 0.482        ; 0.220          ; High Pulse Width ; clock_ledg ; Rise       ; LEDG[1]~reg0                ;
; 0.262  ; 0.482        ; 0.220          ; High Pulse Width ; clock_ledg ; Rise       ; LEDG[2]~reg0                ;
; 0.262  ; 0.482        ; 0.220          ; High Pulse Width ; clock_ledg ; Rise       ; LEDG[3]~reg0                ;
; 0.262  ; 0.482        ; 0.220          ; High Pulse Width ; clock_ledg ; Rise       ; LEDG[4]~reg0                ;
; 0.262  ; 0.482        ; 0.220          ; High Pulse Width ; clock_ledg ; Rise       ; LEDG[5]~reg0                ;
; 0.262  ; 0.482        ; 0.220          ; High Pulse Width ; clock_ledg ; Rise       ; LEDG[6]~reg0                ;
; 0.262  ; 0.482        ; 0.220          ; High Pulse Width ; clock_ledg ; Rise       ; LEDG[7]~reg0                ;
; 0.262  ; 0.482        ; 0.220          ; High Pulse Width ; clock_ledg ; Rise       ; state_ledg.00000            ;
; 0.262  ; 0.482        ; 0.220          ; High Pulse Width ; clock_ledg ; Rise       ; state_ledg.00001            ;
; 0.262  ; 0.482        ; 0.220          ; High Pulse Width ; clock_ledg ; Rise       ; state_ledg.00010            ;
; 0.262  ; 0.482        ; 0.220          ; High Pulse Width ; clock_ledg ; Rise       ; state_ledg.00011            ;
; 0.262  ; 0.482        ; 0.220          ; High Pulse Width ; clock_ledg ; Rise       ; state_ledg.00100            ;
; 0.262  ; 0.482        ; 0.220          ; High Pulse Width ; clock_ledg ; Rise       ; state_ledg.00101            ;
; 0.262  ; 0.482        ; 0.220          ; High Pulse Width ; clock_ledg ; Rise       ; state_ledg.00110            ;
; 0.262  ; 0.482        ; 0.220          ; High Pulse Width ; clock_ledg ; Rise       ; state_ledg.00111            ;
; 0.262  ; 0.482        ; 0.220          ; High Pulse Width ; clock_ledg ; Rise       ; state_ledg.01000            ;
; 0.262  ; 0.482        ; 0.220          ; High Pulse Width ; clock_ledg ; Rise       ; state_ledg.01001            ;
; 0.262  ; 0.482        ; 0.220          ; High Pulse Width ; clock_ledg ; Rise       ; state_ledg.01010            ;
; 0.262  ; 0.482        ; 0.220          ; High Pulse Width ; clock_ledg ; Rise       ; state_ledg.01011            ;
; 0.262  ; 0.482        ; 0.220          ; High Pulse Width ; clock_ledg ; Rise       ; state_ledg.01100            ;
; 0.262  ; 0.482        ; 0.220          ; High Pulse Width ; clock_ledg ; Rise       ; state_ledg.01101            ;
; 0.326  ; 0.514        ; 0.188          ; Low Pulse Width  ; clock_ledg ; Rise       ; LEDG[0]~reg0                ;
; 0.326  ; 0.514        ; 0.188          ; Low Pulse Width  ; clock_ledg ; Rise       ; LEDG[1]~reg0                ;
; 0.326  ; 0.514        ; 0.188          ; Low Pulse Width  ; clock_ledg ; Rise       ; LEDG[2]~reg0                ;
; 0.326  ; 0.514        ; 0.188          ; Low Pulse Width  ; clock_ledg ; Rise       ; LEDG[3]~reg0                ;
; 0.326  ; 0.514        ; 0.188          ; Low Pulse Width  ; clock_ledg ; Rise       ; LEDG[4]~reg0                ;
; 0.326  ; 0.514        ; 0.188          ; Low Pulse Width  ; clock_ledg ; Rise       ; LEDG[5]~reg0                ;
; 0.326  ; 0.514        ; 0.188          ; Low Pulse Width  ; clock_ledg ; Rise       ; LEDG[6]~reg0                ;
; 0.326  ; 0.514        ; 0.188          ; Low Pulse Width  ; clock_ledg ; Rise       ; LEDG[7]~reg0                ;
; 0.326  ; 0.514        ; 0.188          ; Low Pulse Width  ; clock_ledg ; Rise       ; state_ledg.00000            ;
; 0.326  ; 0.514        ; 0.188          ; Low Pulse Width  ; clock_ledg ; Rise       ; state_ledg.00001            ;
; 0.326  ; 0.514        ; 0.188          ; Low Pulse Width  ; clock_ledg ; Rise       ; state_ledg.00010            ;
; 0.326  ; 0.514        ; 0.188          ; Low Pulse Width  ; clock_ledg ; Rise       ; state_ledg.00011            ;
; 0.326  ; 0.514        ; 0.188          ; Low Pulse Width  ; clock_ledg ; Rise       ; state_ledg.00100            ;
; 0.326  ; 0.514        ; 0.188          ; Low Pulse Width  ; clock_ledg ; Rise       ; state_ledg.00101            ;
; 0.326  ; 0.514        ; 0.188          ; Low Pulse Width  ; clock_ledg ; Rise       ; state_ledg.00110            ;
; 0.326  ; 0.514        ; 0.188          ; Low Pulse Width  ; clock_ledg ; Rise       ; state_ledg.00111            ;
; 0.326  ; 0.514        ; 0.188          ; Low Pulse Width  ; clock_ledg ; Rise       ; state_ledg.01000            ;
; 0.326  ; 0.514        ; 0.188          ; Low Pulse Width  ; clock_ledg ; Rise       ; state_ledg.01001            ;
; 0.326  ; 0.514        ; 0.188          ; Low Pulse Width  ; clock_ledg ; Rise       ; state_ledg.01010            ;
; 0.326  ; 0.514        ; 0.188          ; Low Pulse Width  ; clock_ledg ; Rise       ; state_ledg.01011            ;
; 0.326  ; 0.514        ; 0.188          ; Low Pulse Width  ; clock_ledg ; Rise       ; state_ledg.01100            ;
; 0.326  ; 0.514        ; 0.188          ; Low Pulse Width  ; clock_ledg ; Rise       ; state_ledg.01101            ;
; 0.470  ; 0.470        ; 0.000          ; Low Pulse Width  ; clock_ledg ; Rise       ; clock_ledg~clkctrl|inclk[0] ;
; 0.470  ; 0.470        ; 0.000          ; Low Pulse Width  ; clock_ledg ; Rise       ; clock_ledg~clkctrl|outclk   ;
; 0.479  ; 0.479        ; 0.000          ; Low Pulse Width  ; clock_ledg ; Rise       ; LEDG[0]~reg0|clk            ;
; 0.479  ; 0.479        ; 0.000          ; Low Pulse Width  ; clock_ledg ; Rise       ; LEDG[1]~reg0|clk            ;
; 0.479  ; 0.479        ; 0.000          ; Low Pulse Width  ; clock_ledg ; Rise       ; LEDG[2]~reg0|clk            ;
; 0.479  ; 0.479        ; 0.000          ; Low Pulse Width  ; clock_ledg ; Rise       ; LEDG[3]~reg0|clk            ;
; 0.479  ; 0.479        ; 0.000          ; Low Pulse Width  ; clock_ledg ; Rise       ; LEDG[4]~reg0|clk            ;
; 0.479  ; 0.479        ; 0.000          ; Low Pulse Width  ; clock_ledg ; Rise       ; LEDG[5]~reg0|clk            ;
; 0.479  ; 0.479        ; 0.000          ; Low Pulse Width  ; clock_ledg ; Rise       ; LEDG[6]~reg0|clk            ;
; 0.479  ; 0.479        ; 0.000          ; Low Pulse Width  ; clock_ledg ; Rise       ; LEDG[7]~reg0|clk            ;
; 0.479  ; 0.479        ; 0.000          ; Low Pulse Width  ; clock_ledg ; Rise       ; state_ledg.00000|clk        ;
; 0.479  ; 0.479        ; 0.000          ; Low Pulse Width  ; clock_ledg ; Rise       ; state_ledg.00001|clk        ;
; 0.479  ; 0.479        ; 0.000          ; Low Pulse Width  ; clock_ledg ; Rise       ; state_ledg.00010|clk        ;
; 0.479  ; 0.479        ; 0.000          ; Low Pulse Width  ; clock_ledg ; Rise       ; state_ledg.00011|clk        ;
; 0.479  ; 0.479        ; 0.000          ; Low Pulse Width  ; clock_ledg ; Rise       ; state_ledg.00100|clk        ;
; 0.479  ; 0.479        ; 0.000          ; Low Pulse Width  ; clock_ledg ; Rise       ; state_ledg.00101|clk        ;
; 0.479  ; 0.479        ; 0.000          ; Low Pulse Width  ; clock_ledg ; Rise       ; state_ledg.00110|clk        ;
; 0.479  ; 0.479        ; 0.000          ; Low Pulse Width  ; clock_ledg ; Rise       ; state_ledg.00111|clk        ;
; 0.479  ; 0.479        ; 0.000          ; Low Pulse Width  ; clock_ledg ; Rise       ; state_ledg.01000|clk        ;
; 0.479  ; 0.479        ; 0.000          ; Low Pulse Width  ; clock_ledg ; Rise       ; state_ledg.01001|clk        ;
; 0.479  ; 0.479        ; 0.000          ; Low Pulse Width  ; clock_ledg ; Rise       ; state_ledg.01010|clk        ;
; 0.479  ; 0.479        ; 0.000          ; Low Pulse Width  ; clock_ledg ; Rise       ; state_ledg.01011|clk        ;
; 0.479  ; 0.479        ; 0.000          ; Low Pulse Width  ; clock_ledg ; Rise       ; state_ledg.01100|clk        ;
; 0.479  ; 0.479        ; 0.000          ; Low Pulse Width  ; clock_ledg ; Rise       ; state_ledg.01101|clk        ;
; 0.500  ; 0.500        ; 0.000          ; High Pulse Width ; clock_ledg ; Rise       ; clock_ledg|q                ;
; 0.500  ; 0.500        ; 0.000          ; Low Pulse Width  ; clock_ledg ; Rise       ; clock_ledg|q                ;
; 0.518  ; 0.518        ; 0.000          ; High Pulse Width ; clock_ledg ; Rise       ; LEDG[0]~reg0|clk            ;
; 0.518  ; 0.518        ; 0.000          ; High Pulse Width ; clock_ledg ; Rise       ; LEDG[1]~reg0|clk            ;
; 0.518  ; 0.518        ; 0.000          ; High Pulse Width ; clock_ledg ; Rise       ; LEDG[2]~reg0|clk            ;
; 0.518  ; 0.518        ; 0.000          ; High Pulse Width ; clock_ledg ; Rise       ; LEDG[3]~reg0|clk            ;
; 0.518  ; 0.518        ; 0.000          ; High Pulse Width ; clock_ledg ; Rise       ; LEDG[4]~reg0|clk            ;
; 0.518  ; 0.518        ; 0.000          ; High Pulse Width ; clock_ledg ; Rise       ; LEDG[5]~reg0|clk            ;
; 0.518  ; 0.518        ; 0.000          ; High Pulse Width ; clock_ledg ; Rise       ; LEDG[6]~reg0|clk            ;
; 0.518  ; 0.518        ; 0.000          ; High Pulse Width ; clock_ledg ; Rise       ; LEDG[7]~reg0|clk            ;
+--------+--------------+----------------+------------------+------------+------------+-----------------------------+


+-----------------------------------------------------------------------------------------------------------+
; Slow 1200mV 85C Model Minimum Pulse Width: 'clock_hex'                                                    ;
+--------+--------------+----------------+------------------+-----------+------------+----------------------+
; Slack  ; Actual Width ; Required Width ; Type             ; Clock     ; Clock Edge ; Target               ;
+--------+--------------+----------------+------------------+-----------+------------+----------------------+
; -1.285 ; 1.000        ; 2.285          ; Min Period       ; clock_hex ; Rise       ; state_hex.hex_s1     ;
; 0.272  ; 0.460        ; 0.188          ; Low Pulse Width  ; clock_hex ; Rise       ; state_hex.hex_s1     ;
; 0.316  ; 0.536        ; 0.220          ; High Pulse Width ; clock_hex ; Rise       ; state_hex.hex_s1     ;
; 0.425  ; 0.425        ; 0.000          ; Low Pulse Width  ; clock_hex ; Rise       ; state_hex.hex_s1|clk ;
; 0.500  ; 0.500        ; 0.000          ; High Pulse Width ; clock_hex ; Rise       ; clock_hex|q          ;
; 0.500  ; 0.500        ; 0.000          ; Low Pulse Width  ; clock_hex ; Rise       ; clock_hex|q          ;
; 0.572  ; 0.572        ; 0.000          ; High Pulse Width ; clock_hex ; Rise       ; state_hex.hex_s1|clk ;
+--------+--------------+----------------+------------------+-----------+------------+----------------------+


+----------------------------------------------------------------------------+
; Clock to Output Times                                                      ;
+--------------+------------+--------+--------+------------+-----------------+
; Data Port    ; Clock Port ; Rise   ; Fall   ; Clock Edge ; Clock Reference ;
+--------------+------------+--------+--------+------------+-----------------+
; LCD_DATA[*]  ; CLOCK_50   ; 9.255  ; 8.868  ; Rise       ; CLOCK_50        ;
;  LCD_DATA[0] ; CLOCK_50   ; 7.321  ; 7.227  ; Rise       ; CLOCK_50        ;
;  LCD_DATA[1] ; CLOCK_50   ; 7.714  ; 7.607  ; Rise       ; CLOCK_50        ;
;  LCD_DATA[2] ; CLOCK_50   ; 7.650  ; 7.558  ; Rise       ; CLOCK_50        ;
;  LCD_DATA[3] ; CLOCK_50   ; 7.205  ; 7.094  ; Rise       ; CLOCK_50        ;
;  LCD_DATA[4] ; CLOCK_50   ; 7.398  ; 7.308  ; Rise       ; CLOCK_50        ;
;  LCD_DATA[5] ; CLOCK_50   ; 7.652  ; 7.553  ; Rise       ; CLOCK_50        ;
;  LCD_DATA[6] ; CLOCK_50   ; 7.334  ; 7.245  ; Rise       ; CLOCK_50        ;
;  LCD_DATA[7] ; CLOCK_50   ; 9.255  ; 8.868  ; Rise       ; CLOCK_50        ;
; LCD_EN       ; CLOCK_50   ; 10.058 ; 10.144 ; Rise       ; CLOCK_50        ;
; LCD_RS       ; CLOCK_50   ; 7.649  ; 7.558  ; Rise       ; CLOCK_50        ;
; HEX0[*]      ; clock_hex  ; 12.333 ; 12.295 ; Rise       ; clock_hex       ;
;  HEX0[0]     ; clock_hex  ; 10.116 ; 10.190 ; Rise       ; clock_hex       ;
;  HEX0[1]     ; clock_hex  ; 12.004 ; 11.934 ; Rise       ; clock_hex       ;
;  HEX0[2]     ; clock_hex  ; 10.078 ; 10.154 ; Rise       ; clock_hex       ;
;  HEX0[3]     ; clock_hex  ; 11.601 ; 11.578 ; Rise       ; clock_hex       ;
;  HEX0[4]     ; clock_hex  ; 11.237 ; 11.209 ; Rise       ; clock_hex       ;
;  HEX0[5]     ; clock_hex  ; 12.333 ; 12.295 ; Rise       ; clock_hex       ;
;  HEX0[6]     ; clock_hex  ; 10.406 ; 10.435 ; Rise       ; clock_hex       ;
; HEX1[*]      ; clock_hex  ; 12.013 ; 11.933 ; Rise       ; clock_hex       ;
;  HEX1[0]     ; clock_hex  ; 11.455 ; 11.418 ; Rise       ; clock_hex       ;
;  HEX1[1]     ; clock_hex  ; 11.975 ; 11.898 ; Rise       ; clock_hex       ;
;  HEX1[2]     ; clock_hex  ; 12.013 ; 11.933 ; Rise       ; clock_hex       ;
; HEX2[*]      ; clock_hex  ; 12.571 ; 12.485 ; Rise       ; clock_hex       ;
;  HEX2[0]     ; clock_hex  ; 12.571 ; 12.485 ; Rise       ; clock_hex       ;
;  HEX2[2]     ; clock_hex  ; 12.534 ; 12.452 ; Rise       ; clock_hex       ;
;  HEX2[3]     ; clock_hex  ; 12.524 ; 12.442 ; Rise       ; clock_hex       ;
;  HEX2[4]     ; clock_hex  ; 12.561 ; 12.474 ; Rise       ; clock_hex       ;
;  HEX2[5]     ; clock_hex  ; 12.520 ; 12.439 ; Rise       ; clock_hex       ;
;  HEX2[6]     ; clock_hex  ; 12.223 ; 12.133 ; Rise       ; clock_hex       ;
; HEX3[*]      ; clock_hex  ; 14.873 ; 15.090 ; Rise       ; clock_hex       ;
;  HEX3[0]     ; clock_hex  ; 12.033 ; 11.953 ; Rise       ; clock_hex       ;
;  HEX3[2]     ; clock_hex  ; 14.873 ; 15.090 ; Rise       ; clock_hex       ;
;  HEX3[3]     ; clock_hex  ; 12.760 ; 12.738 ; Rise       ; clock_hex       ;
;  HEX3[5]     ; clock_hex  ; 13.110 ; 13.017 ; Rise       ; clock_hex       ;
;  HEX3[6]     ; clock_hex  ; 13.080 ; 12.987 ; Rise       ; clock_hex       ;
; HEX4[*]      ; clock_hex  ; 13.711 ; 13.567 ; Rise       ; clock_hex       ;
;  HEX4[1]     ; clock_hex  ; 13.057 ; 12.964 ; Rise       ; clock_hex       ;
;  HEX4[2]     ; clock_hex  ; 13.711 ; 13.567 ; Rise       ; clock_hex       ;
;  HEX4[5]     ; clock_hex  ; 13.598 ; 13.458 ; Rise       ; clock_hex       ;
;  HEX4[6]     ; clock_hex  ; 13.588 ; 13.450 ; Rise       ; clock_hex       ;
; HEX5[*]      ; clock_hex  ; 15.155 ; 15.374 ; Rise       ; clock_hex       ;
;  HEX5[0]     ; clock_hex  ; 13.416 ; 13.327 ; Rise       ; clock_hex       ;
;  HEX5[1]     ; clock_hex  ; 15.155 ; 15.374 ; Rise       ; clock_hex       ;
;  HEX5[2]     ; clock_hex  ; 13.120 ; 13.023 ; Rise       ; clock_hex       ;
;  HEX5[3]     ; clock_hex  ; 13.674 ; 13.530 ; Rise       ; clock_hex       ;
;  HEX5[6]     ; clock_hex  ; 13.654 ; 13.514 ; Rise       ; clock_hex       ;
; HEX6[*]      ; clock_hex  ; 13.591 ; 13.449 ; Rise       ; clock_hex       ;
;  HEX6[0]     ; clock_hex  ; 13.344 ; 13.254 ; Rise       ; clock_hex       ;
;  HEX6[1]     ; clock_hex  ; 13.524 ; 13.394 ; Rise       ; clock_hex       ;
;  HEX6[3]     ; clock_hex  ; 13.344 ; 13.254 ; Rise       ; clock_hex       ;
;  HEX6[4]     ; clock_hex  ; 13.542 ; 13.408 ; Rise       ; clock_hex       ;
;  HEX6[6]     ; clock_hex  ; 13.591 ; 13.449 ; Rise       ; clock_hex       ;
; HEX7[*]      ; clock_hex  ; 13.590 ; 13.450 ; Rise       ; clock_hex       ;
;  HEX7[1]     ; clock_hex  ; 13.590 ; 13.450 ; Rise       ; clock_hex       ;
;  HEX7[2]     ; clock_hex  ; 5.382  ; 5.498  ; Rise       ; clock_hex       ;
; LEDG[*]      ; clock_ledg ; 7.983  ; 7.943  ; Rise       ; clock_ledg      ;
;  LEDG[0]     ; clock_ledg ; 7.900  ; 7.859  ; Rise       ; clock_ledg      ;
;  LEDG[1]     ; clock_ledg ; 7.983  ; 7.943  ; Rise       ; clock_ledg      ;
;  LEDG[2]     ; clock_ledg ; 7.386  ; 7.319  ; Rise       ; clock_ledg      ;
;  LEDG[3]     ; clock_ledg ; 7.460  ; 7.403  ; Rise       ; clock_ledg      ;
;  LEDG[4]     ; clock_ledg ; 7.670  ; 7.613  ; Rise       ; clock_ledg      ;
;  LEDG[5]     ; clock_ledg ; 7.643  ; 7.587  ; Rise       ; clock_ledg      ;
;  LEDG[6]     ; clock_ledg ; 7.616  ; 7.558  ; Rise       ; clock_ledg      ;
;  LEDG[7]     ; clock_ledg ; 7.701  ; 7.631  ; Rise       ; clock_ledg      ;
; LEDR[*]      ; clock_ledr ; 9.901  ; 9.799  ; Rise       ; clock_ledr      ;
;  LEDR[0]     ; clock_ledr ; 9.369  ; 9.332  ; Rise       ; clock_ledr      ;
;  LEDR[1]     ; clock_ledr ; 8.086  ; 7.975  ; Rise       ; clock_ledr      ;
;  LEDR[2]     ; clock_ledr ; 8.088  ; 7.972  ; Rise       ; clock_ledr      ;
;  LEDR[3]     ; clock_ledr ; 8.212  ; 8.161  ; Rise       ; clock_ledr      ;
;  LEDR[4]     ; clock_ledr ; 7.377  ; 7.337  ; Rise       ; clock_ledr      ;
;  LEDR[5]     ; clock_ledr ; 7.393  ; 7.354  ; Rise       ; clock_ledr      ;
;  LEDR[6]     ; clock_ledr ; 8.922  ; 8.827  ; Rise       ; clock_ledr      ;
;  LEDR[7]     ; clock_ledr ; 8.501  ; 8.484  ; Rise       ; clock_ledr      ;
;  LEDR[8]     ; clock_ledr ; 8.337  ; 8.311  ; Rise       ; clock_ledr      ;
;  LEDR[9]     ; clock_ledr ; 9.636  ; 9.675  ; Rise       ; clock_ledr      ;
;  LEDR[10]    ; clock_ledr ; 9.901  ; 9.799  ; Rise       ; clock_ledr      ;
;  LEDR[11]    ; clock_ledr ; 8.894  ; 8.855  ; Rise       ; clock_ledr      ;
;  LEDR[12]    ; clock_ledr ; 8.620  ; 8.587  ; Rise       ; clock_ledr      ;
;  LEDR[13]    ; clock_ledr ; 8.633  ; 8.537  ; Rise       ; clock_ledr      ;
;  LEDR[14]    ; clock_ledr ; 9.166  ; 9.112  ; Rise       ; clock_ledr      ;
;  LEDR[15]    ; clock_ledr ; 9.657  ; 9.745  ; Rise       ; clock_ledr      ;
;  LEDR[16]    ; clock_ledr ; 8.021  ; 8.003  ; Rise       ; clock_ledr      ;
;  LEDR[17]    ; clock_ledr ; 8.532  ; 8.489  ; Rise       ; clock_ledr      ;
+--------------+------------+--------+--------+------------+-----------------+


+----------------------------------------------------------------------------+
; Minimum Clock to Output Times                                              ;
+--------------+------------+--------+--------+------------+-----------------+
; Data Port    ; Clock Port ; Rise   ; Fall   ; Clock Edge ; Clock Reference ;
+--------------+------------+--------+--------+------------+-----------------+
; LCD_DATA[*]  ; CLOCK_50   ; 6.960  ; 6.849  ; Rise       ; CLOCK_50        ;
;  LCD_DATA[0] ; CLOCK_50   ; 7.072  ; 6.977  ; Rise       ; CLOCK_50        ;
;  LCD_DATA[1] ; CLOCK_50   ; 7.450  ; 7.343  ; Rise       ; CLOCK_50        ;
;  LCD_DATA[2] ; CLOCK_50   ; 7.388  ; 7.296  ; Rise       ; CLOCK_50        ;
;  LCD_DATA[3] ; CLOCK_50   ; 6.960  ; 6.849  ; Rise       ; CLOCK_50        ;
;  LCD_DATA[4] ; CLOCK_50   ; 7.146  ; 7.056  ; Rise       ; CLOCK_50        ;
;  LCD_DATA[5] ; CLOCK_50   ; 7.390  ; 7.291  ; Rise       ; CLOCK_50        ;
;  LCD_DATA[6] ; CLOCK_50   ; 7.084  ; 6.994  ; Rise       ; CLOCK_50        ;
;  LCD_DATA[7] ; CLOCK_50   ; 9.005  ; 8.618  ; Rise       ; CLOCK_50        ;
; LCD_EN       ; CLOCK_50   ; 9.699  ; 9.777  ; Rise       ; CLOCK_50        ;
; LCD_RS       ; CLOCK_50   ; 7.387  ; 7.295  ; Rise       ; CLOCK_50        ;
; HEX0[*]      ; clock_hex  ; 9.690  ; 9.764  ; Rise       ; clock_hex       ;
;  HEX0[0]     ; clock_hex  ; 9.727  ; 9.800  ; Rise       ; clock_hex       ;
;  HEX0[1]     ; clock_hex  ; 11.597 ; 11.528 ; Rise       ; clock_hex       ;
;  HEX0[2]     ; clock_hex  ; 9.690  ; 9.764  ; Rise       ; clock_hex       ;
;  HEX0[3]     ; clock_hex  ; 11.147 ; 11.126 ; Rise       ; clock_hex       ;
;  HEX0[4]     ; clock_hex  ; 10.798 ; 10.772 ; Rise       ; clock_hex       ;
;  HEX0[5]     ; clock_hex  ; 11.908 ; 11.869 ; Rise       ; clock_hex       ;
;  HEX0[6]     ; clock_hex  ; 9.999  ; 10.028 ; Rise       ; clock_hex       ;
; HEX1[*]      ; clock_hex  ; 11.007 ; 10.972 ; Rise       ; clock_hex       ;
;  HEX1[0]     ; clock_hex  ; 11.007 ; 10.972 ; Rise       ; clock_hex       ;
;  HEX1[1]     ; clock_hex  ; 11.510 ; 11.436 ; Rise       ; clock_hex       ;
;  HEX1[2]     ; clock_hex  ; 11.546 ; 11.470 ; Rise       ; clock_hex       ;
; HEX2[*]      ; clock_hex  ; 11.748 ; 11.663 ; Rise       ; clock_hex       ;
;  HEX2[0]     ; clock_hex  ; 12.083 ; 12.001 ; Rise       ; clock_hex       ;
;  HEX2[2]     ; clock_hex  ; 12.047 ; 11.969 ; Rise       ; clock_hex       ;
;  HEX2[3]     ; clock_hex  ; 12.037 ; 11.959 ; Rise       ; clock_hex       ;
;  HEX2[4]     ; clock_hex  ; 12.072 ; 11.990 ; Rise       ; clock_hex       ;
;  HEX2[5]     ; clock_hex  ; 12.033 ; 11.957 ; Rise       ; clock_hex       ;
;  HEX2[6]     ; clock_hex  ; 11.748 ; 11.663 ; Rise       ; clock_hex       ;
; HEX3[*]      ; clock_hex  ; 11.566 ; 11.490 ; Rise       ; clock_hex       ;
;  HEX3[0]     ; clock_hex  ; 11.566 ; 11.490 ; Rise       ; clock_hex       ;
;  HEX3[2]     ; clock_hex  ; 14.358 ; 14.584 ; Rise       ; clock_hex       ;
;  HEX3[3]     ; clock_hex  ; 12.258 ; 12.241 ; Rise       ; clock_hex       ;
;  HEX3[5]     ; clock_hex  ; 12.596 ; 12.511 ; Rise       ; clock_hex       ;
;  HEX3[6]     ; clock_hex  ; 12.566 ; 12.481 ; Rise       ; clock_hex       ;
; HEX4[*]      ; clock_hex  ; 12.544 ; 12.459 ; Rise       ; clock_hex       ;
;  HEX4[1]     ; clock_hex  ; 12.544 ; 12.459 ; Rise       ; clock_hex       ;
;  HEX4[2]     ; clock_hex  ; 13.174 ; 13.040 ; Rise       ; clock_hex       ;
;  HEX4[5]     ; clock_hex  ; 13.063 ; 12.933 ; Rise       ; clock_hex       ;
;  HEX4[6]     ; clock_hex  ; 13.054 ; 12.925 ; Rise       ; clock_hex       ;
; HEX5[*]      ; clock_hex  ; 12.604 ; 12.516 ; Rise       ; clock_hex       ;
;  HEX5[0]     ; clock_hex  ; 12.889 ; 12.808 ; Rise       ; clock_hex       ;
;  HEX5[1]     ; clock_hex  ; 14.630 ; 14.857 ; Rise       ; clock_hex       ;
;  HEX5[2]     ; clock_hex  ; 12.604 ; 12.516 ; Rise       ; clock_hex       ;
;  HEX5[3]     ; clock_hex  ; 13.138 ; 13.004 ; Rise       ; clock_hex       ;
;  HEX5[6]     ; clock_hex  ; 13.118 ; 12.988 ; Rise       ; clock_hex       ;
; HEX6[*]      ; clock_hex  ; 12.819 ; 12.737 ; Rise       ; clock_hex       ;
;  HEX6[0]     ; clock_hex  ; 12.819 ; 12.737 ; Rise       ; clock_hex       ;
;  HEX6[1]     ; clock_hex  ; 12.992 ; 12.871 ; Rise       ; clock_hex       ;
;  HEX6[3]     ; clock_hex  ; 12.819 ; 12.737 ; Rise       ; clock_hex       ;
;  HEX6[4]     ; clock_hex  ; 13.009 ; 12.884 ; Rise       ; clock_hex       ;
;  HEX6[6]     ; clock_hex  ; 13.056 ; 12.924 ; Rise       ; clock_hex       ;
; HEX7[*]      ; clock_hex  ; 5.177  ; 5.293  ; Rise       ; clock_hex       ;
;  HEX7[1]     ; clock_hex  ; 13.056 ; 12.925 ; Rise       ; clock_hex       ;
;  HEX7[2]     ; clock_hex  ; 5.177  ; 5.293  ; Rise       ; clock_hex       ;
; LEDG[*]      ; clock_ledg ; 7.111  ; 7.045  ; Rise       ; clock_ledg      ;
;  LEDG[0]     ; clock_ledg ; 7.602  ; 7.561  ; Rise       ; clock_ledg      ;
;  LEDG[1]     ; clock_ledg ; 7.681  ; 7.641  ; Rise       ; clock_ledg      ;
;  LEDG[2]     ; clock_ledg ; 7.111  ; 7.045  ; Rise       ; clock_ledg      ;
;  LEDG[3]     ; clock_ledg ; 7.183  ; 7.126  ; Rise       ; clock_ledg      ;
;  LEDG[4]     ; clock_ledg ; 7.383  ; 7.326  ; Rise       ; clock_ledg      ;
;  LEDG[5]     ; clock_ledg ; 7.358  ; 7.302  ; Rise       ; clock_ledg      ;
;  LEDG[6]     ; clock_ledg ; 7.330  ; 7.273  ; Rise       ; clock_ledg      ;
;  LEDG[7]     ; clock_ledg ; 7.413  ; 7.345  ; Rise       ; clock_ledg      ;
; LEDR[*]      ; clock_ledr ; 7.097  ; 7.058  ; Rise       ; clock_ledr      ;
;  LEDR[0]     ; clock_ledr ; 9.014  ; 8.976  ; Rise       ; clock_ledr      ;
;  LEDR[1]     ; clock_ledr ; 7.778  ; 7.670  ; Rise       ; clock_ledr      ;
;  LEDR[2]     ; clock_ledr ; 7.780  ; 7.667  ; Rise       ; clock_ledr      ;
;  LEDR[3]     ; clock_ledr ; 7.899  ; 7.848  ; Rise       ; clock_ledr      ;
;  LEDR[4]     ; clock_ledr ; 7.097  ; 7.058  ; Rise       ; clock_ledr      ;
;  LEDR[5]     ; clock_ledr ; 7.113  ; 7.074  ; Rise       ; clock_ledr      ;
;  LEDR[6]     ; clock_ledr ; 8.583  ; 8.490  ; Rise       ; clock_ledr      ;
;  LEDR[7]     ; clock_ledr ; 8.179  ; 8.161  ; Rise       ; clock_ledr      ;
;  LEDR[8]     ; clock_ledr ; 8.019  ; 7.992  ; Rise       ; clock_ledr      ;
;  LEDR[9]     ; clock_ledr ; 9.322  ; 9.362  ; Rise       ; clock_ledr      ;
;  LEDR[10]    ; clock_ledr ; 9.521  ; 9.422  ; Rise       ; clock_ledr      ;
;  LEDR[11]    ; clock_ledr ; 8.554  ; 8.515  ; Rise       ; clock_ledr      ;
;  LEDR[12]    ; clock_ledr ; 8.292  ; 8.259  ; Rise       ; clock_ledr      ;
;  LEDR[13]    ; clock_ledr ; 8.303  ; 8.209  ; Rise       ; clock_ledr      ;
;  LEDR[14]    ; clock_ledr ; 8.816  ; 8.763  ; Rise       ; clock_ledr      ;
;  LEDR[15]    ; clock_ledr ; 9.340  ; 9.428  ; Rise       ; clock_ledr      ;
;  LEDR[16]    ; clock_ledr ; 7.716  ; 7.696  ; Rise       ; clock_ledr      ;
;  LEDR[17]    ; clock_ledr ; 8.206  ; 8.163  ; Rise       ; clock_ledr      ;
+--------------+------------+--------+--------+------------+-----------------+


----------------------------------------------
; Slow 1200mV 85C Model Metastability Report ;
----------------------------------------------
No synchronizer chains to report.


+---------------------------------------------------------------------------------------------+
; Slow 1200mV 0C Model Fmax Summary                                                           ;
+-------------+-----------------+------------+------------------------------------------------+
; Fmax        ; Restricted Fmax ; Clock Name ; Note                                           ;
+-------------+-----------------+------------+------------------------------------------------+
; 204.33 MHz  ; 204.33 MHz      ; CLOCK_50   ;                                                ;
; 364.03 MHz  ; 364.03 MHz      ; clock_ledr ;                                                ;
; 895.26 MHz  ; 437.64 MHz      ; clock_ledg ; limit due to minimum period restriction (tmin) ;
; 1422.48 MHz ; 437.64 MHz      ; clock_hex  ; limit due to minimum period restriction (tmin) ;
+-------------+-----------------+------------+------------------------------------------------+
This panel reports FMAX for every clock in the design, regardless of the user-specified clock periods.  FMAX is only computed for paths where the source and destination registers or ports are driven by the same clock.  Paths of different clocks, including generated clocks, are ignored.  For paths between a clock and its inversion, FMAX is computed as if the rising and falling edges are scaled along with FMAX, such that the duty cycle (in terms of a percentage) is maintained. Altera recommends that you always use clock constraints and other slack reports for sign-off analysis.


+-------------------------------------+
; Slow 1200mV 0C Model Setup Summary  ;
+------------+--------+---------------+
; Clock      ; Slack  ; End Point TNS ;
+------------+--------+---------------+
; CLOCK_50   ; -3.894 ; -371.897      ;
; clock_ledr ; -1.747 ; -30.955       ;
; clock_ledg ; -0.117 ; -0.633        ;
; clock_hex  ; 0.297  ; 0.000         ;
+------------+--------+---------------+


+-------------------------------------+
; Slow 1200mV 0C Model Hold Summary   ;
+------------+--------+---------------+
; Clock      ; Slack  ; End Point TNS ;
+------------+--------+---------------+
; CLOCK_50   ; -0.234 ; -0.409        ;
; clock_ledg ; 0.387  ; 0.000         ;
; clock_hex  ; 0.398  ; 0.000         ;
; clock_ledr ; 0.401  ; 0.000         ;
+------------+--------+---------------+


-----------------------------------------
; Slow 1200mV 0C Model Recovery Summary ;
-----------------------------------------
No paths to report.


----------------------------------------
; Slow 1200mV 0C Model Removal Summary ;
----------------------------------------
No paths to report.


+--------------------------------------------------+
; Slow 1200mV 0C Model Minimum Pulse Width Summary ;
+------------+--------+----------------------------+
; Clock      ; Slack  ; End Point TNS              ;
+------------+--------+----------------------------+
; CLOCK_50   ; -3.000 ; -200.890                   ;
; clock_ledr ; -1.285 ; -71.960                    ;
; clock_ledg ; -1.285 ; -28.270                    ;
; clock_hex  ; -1.285 ; -1.285                     ;
+------------+--------+----------------------------+


+--------------------------------------------------------------------------------------------------------------+
; Slow 1200mV 0C Model Setup: 'CLOCK_50'                                                                       ;
+--------+----------------+--------------+--------------+-------------+--------------+------------+------------+
; Slack  ; From Node      ; To Node      ; Launch Clock ; Latch Clock ; Relationship ; Clock Skew ; Data Delay ;
+--------+----------------+--------------+--------------+-------------+--------------+------------+------------+
; -3.894 ; q_ledg[26]     ; clock_ledg   ; CLOCK_50     ; CLOCK_50    ; 1.000        ; -0.064     ; 4.829      ;
; -3.809 ; index[1]       ; index[1]     ; CLOCK_50     ; CLOCK_50    ; 1.000        ; -0.088     ; 4.720      ;
; -3.804 ; countend[0]    ; index[0]     ; CLOCK_50     ; CLOCK_50    ; 1.000        ; -0.057     ; 4.746      ;
; -3.800 ; index[1]       ; flag         ; CLOCK_50     ; CLOCK_50    ; 1.000        ; -0.088     ; 4.711      ;
; -3.777 ; q_ledg[25]     ; clock_ledg   ; CLOCK_50     ; CLOCK_50    ; 1.000        ; -0.064     ; 4.712      ;
; -3.752 ; q_ledr[16]     ; clock_ledr   ; CLOCK_50     ; CLOCK_50    ; 1.000        ; -0.069     ; 4.682      ;
; -3.749 ; q_ledr[17]     ; clock_ledr   ; CLOCK_50     ; CLOCK_50    ; 1.000        ; -0.069     ; 4.679      ;
; -3.749 ; q_ledr[27]     ; clock_ledr   ; CLOCK_50     ; CLOCK_50    ; 1.000        ; -0.069     ; 4.679      ;
; -3.741 ; q_hex[5]       ; clock_hex    ; CLOCK_50     ; CLOCK_50    ; 1.000        ; -0.064     ; 4.676      ;
; -3.740 ; q_ledg[19]     ; clock_ledg   ; CLOCK_50     ; CLOCK_50    ; 1.000        ; -0.064     ; 4.675      ;
; -3.735 ; blink_count[0] ; clock_ledg   ; CLOCK_50     ; CLOCK_50    ; 1.000        ; -0.055     ; 4.679      ;
; -3.732 ; blink_count[1] ; clock_ledg   ; CLOCK_50     ; CLOCK_50    ; 1.000        ; -0.055     ; 4.676      ;
; -3.723 ; q_ledg[27]     ; clock_ledg   ; CLOCK_50     ; CLOCK_50    ; 1.000        ; -0.064     ; 4.658      ;
; -3.713 ; blink_count[1] ; clock_hex    ; CLOCK_50     ; CLOCK_50    ; 1.000        ; -0.081     ; 4.631      ;
; -3.708 ; q_ledr[25]     ; clock_ledr   ; CLOCK_50     ; CLOCK_50    ; 1.000        ; -0.069     ; 4.638      ;
; -3.700 ; blink_count[0] ; clock_hex    ; CLOCK_50     ; CLOCK_50    ; 1.000        ; -0.081     ; 4.618      ;
; -3.688 ; q_ledr[26]     ; clock_ledr   ; CLOCK_50     ; CLOCK_50    ; 1.000        ; -0.069     ; 4.618      ;
; -3.686 ; q_ledr[20]     ; clock_ledr   ; CLOCK_50     ; CLOCK_50    ; 1.000        ; -0.069     ; 4.616      ;
; -3.684 ; countend[0]    ; flag         ; CLOCK_50     ; CLOCK_50    ; 1.000        ; 0.352      ; 5.035      ;
; -3.681 ; q_hex[6]       ; clock_hex    ; CLOCK_50     ; CLOCK_50    ; 1.000        ; -0.064     ; 4.616      ;
; -3.680 ; blink_count[0] ; clock_ledr   ; CLOCK_50     ; CLOCK_50    ; 1.000        ; -0.066     ; 4.613      ;
; -3.677 ; blink_count[1] ; clock_ledr   ; CLOCK_50     ; CLOCK_50    ; 1.000        ; -0.066     ; 4.610      ;
; -3.672 ; q_ledg[23]     ; clock_ledg   ; CLOCK_50     ; CLOCK_50    ; 1.000        ; -0.064     ; 4.607      ;
; -3.672 ; blink_count[3] ; clock_ledg   ; CLOCK_50     ; CLOCK_50    ; 1.000        ; -0.055     ; 4.616      ;
; -3.666 ; count_lcd[5]   ; index[0]     ; CLOCK_50     ; CLOCK_50    ; 1.000        ; -0.051     ; 4.614      ;
; -3.659 ; q_ledg[14]     ; clock_ledg   ; CLOCK_50     ; CLOCK_50    ; 1.000        ; -0.061     ; 4.597      ;
; -3.654 ; q_ledr[23]     ; clock_ledr   ; CLOCK_50     ; CLOCK_50    ; 1.000        ; -0.069     ; 4.584      ;
; -3.632 ; blink_count[3] ; clock_hex    ; CLOCK_50     ; CLOCK_50    ; 1.000        ; -0.081     ; 4.550      ;
; -3.617 ; blink_count[3] ; clock_ledr   ; CLOCK_50     ; CLOCK_50    ; 1.000        ; -0.066     ; 4.550      ;
; -3.617 ; count_lcd[8]   ; index[0]     ; CLOCK_50     ; CLOCK_50    ; 1.000        ; -0.051     ; 4.565      ;
; -3.616 ; q_ledr[19]     ; clock_ledr   ; CLOCK_50     ; CLOCK_50    ; 1.000        ; -0.068     ; 4.547      ;
; -3.609 ; count_lcd[7]   ; index[0]     ; CLOCK_50     ; CLOCK_50    ; 1.000        ; -0.051     ; 4.557      ;
; -3.608 ; q_hex[8]       ; clock_hex    ; CLOCK_50     ; CLOCK_50    ; 1.000        ; -0.064     ; 4.543      ;
; -3.597 ; q_hex[21]      ; clock_hex    ; CLOCK_50     ; CLOCK_50    ; 1.000        ; -0.071     ; 4.525      ;
; -3.593 ; count_lcd[4]   ; index[0]     ; CLOCK_50     ; CLOCK_50    ; 1.000        ; -0.051     ; 4.541      ;
; -3.591 ; q_hex[14]      ; clock_hex    ; CLOCK_50     ; CLOCK_50    ; 1.000        ; -0.064     ; 4.526      ;
; -3.591 ; q_ledr[22]     ; clock_ledr   ; CLOCK_50     ; CLOCK_50    ; 1.000        ; -0.068     ; 4.522      ;
; -3.579 ; q_ledg[16]     ; clock_ledg   ; CLOCK_50     ; CLOCK_50    ; 1.000        ; -0.064     ; 4.514      ;
; -3.575 ; q_ledr[15]     ; clock_ledr   ; CLOCK_50     ; CLOCK_50    ; 1.000        ; -0.065     ; 4.509      ;
; -3.546 ; q_ledg[17]     ; clock_ledg   ; CLOCK_50     ; CLOCK_50    ; 1.000        ; -0.065     ; 4.480      ;
; -3.546 ; count_lcd[5]   ; flag         ; CLOCK_50     ; CLOCK_50    ; 1.000        ; 0.358      ; 4.903      ;
; -3.542 ; count_lcd[6]   ; index[0]     ; CLOCK_50     ; CLOCK_50    ; 1.000        ; -0.051     ; 4.490      ;
; -3.537 ; blink_count[2] ; clock_ledg   ; CLOCK_50     ; CLOCK_50    ; 1.000        ; -0.055     ; 4.481      ;
; -3.530 ; countend[0]    ; index[1]     ; CLOCK_50     ; CLOCK_50    ; 1.000        ; 0.352      ; 4.881      ;
; -3.518 ; q_ledg[24]     ; clock_ledg   ; CLOCK_50     ; CLOCK_50    ; 1.000        ; -0.064     ; 4.453      ;
; -3.514 ; blink_en       ; countend[4]  ; CLOCK_50     ; CLOCK_50    ; 1.000        ; -0.516     ; 3.997      ;
; -3.512 ; index[1]       ; countend[4]  ; CLOCK_50     ; CLOCK_50    ; 1.000        ; -0.516     ; 3.995      ;
; -3.510 ; q_hex[30]      ; clock_hex    ; CLOCK_50     ; CLOCK_50    ; 1.000        ; -0.071     ; 4.438      ;
; -3.502 ; q_hex[15]      ; clock_hex    ; CLOCK_50     ; CLOCK_50    ; 1.000        ; -0.064     ; 4.437      ;
; -3.497 ; count_lcd[8]   ; flag         ; CLOCK_50     ; CLOCK_50    ; 1.000        ; 0.358      ; 4.854      ;
; -3.489 ; count_lcd[7]   ; flag         ; CLOCK_50     ; CLOCK_50    ; 1.000        ; 0.358      ; 4.846      ;
; -3.485 ; q_ledr[13]     ; clock_ledr   ; CLOCK_50     ; CLOCK_50    ; 1.000        ; -0.065     ; 4.419      ;
; -3.482 ; blink_count[2] ; clock_ledr   ; CLOCK_50     ; CLOCK_50    ; 1.000        ; -0.066     ; 4.415      ;
; -3.480 ; q_ledg[28]     ; clock_ledg   ; CLOCK_50     ; CLOCK_50    ; 1.000        ; -0.064     ; 4.415      ;
; -3.477 ; q_hex[4]       ; clock_hex    ; CLOCK_50     ; CLOCK_50    ; 1.000        ; -0.065     ; 4.411      ;
; -3.476 ; q_ledg[21]     ; clock_ledg   ; CLOCK_50     ; CLOCK_50    ; 1.000        ; -0.065     ; 4.410      ;
; -3.476 ; count_lcd[11]  ; index[0]     ; CLOCK_50     ; CLOCK_50    ; 1.000        ; -0.056     ; 4.419      ;
; -3.475 ; blink_count[2] ; clock_hex    ; CLOCK_50     ; CLOCK_50    ; 1.000        ; -0.081     ; 4.393      ;
; -3.473 ; count_lcd[4]   ; flag         ; CLOCK_50     ; CLOCK_50    ; 1.000        ; 0.358      ; 4.830      ;
; -3.464 ; index[0]       ; flag         ; CLOCK_50     ; CLOCK_50    ; 1.000        ; 0.338      ; 4.801      ;
; -3.459 ; q_ledg[20]     ; clock_ledg   ; CLOCK_50     ; CLOCK_50    ; 1.000        ; -0.064     ; 4.394      ;
; -3.457 ; index[0]       ; index[1]     ; CLOCK_50     ; CLOCK_50    ; 1.000        ; 0.338      ; 4.794      ;
; -3.449 ; q_hex[11]      ; clock_hex    ; CLOCK_50     ; CLOCK_50    ; 1.000        ; -0.065     ; 4.383      ;
; -3.448 ; q_ledr[30]     ; clock_ledr   ; CLOCK_50     ; CLOCK_50    ; 1.000        ; -0.069     ; 4.378      ;
; -3.448 ; q_ledr[21]     ; clock_ledr   ; CLOCK_50     ; CLOCK_50    ; 1.000        ; -0.069     ; 4.378      ;
; -3.446 ; q_ledr[6]      ; clock_ledr   ; CLOCK_50     ; CLOCK_50    ; 1.000        ; -0.065     ; 4.380      ;
; -3.446 ; q_ledg[15]     ; clock_ledg   ; CLOCK_50     ; CLOCK_50    ; 1.000        ; -0.061     ; 4.384      ;
; -3.445 ; q_hex[26]      ; clock_hex    ; CLOCK_50     ; CLOCK_50    ; 1.000        ; -0.071     ; 4.373      ;
; -3.444 ; q_hex[27]      ; clock_hex    ; CLOCK_50     ; CLOCK_50    ; 1.000        ; -0.071     ; 4.372      ;
; -3.443 ; q_hex[12]      ; clock_hex    ; CLOCK_50     ; CLOCK_50    ; 1.000        ; -0.065     ; 4.377      ;
; -3.440 ; q_ledr[28]     ; clock_ledr   ; CLOCK_50     ; CLOCK_50    ; 1.000        ; -0.069     ; 4.370      ;
; -3.431 ; count_lcd[19]  ; index[0]     ; CLOCK_50     ; CLOCK_50    ; 1.000        ; -0.056     ; 4.374      ;
; -3.428 ; q_hex[24]      ; clock_hex    ; CLOCK_50     ; CLOCK_50    ; 1.000        ; -0.071     ; 4.356      ;
; -3.422 ; count_lcd[6]   ; flag         ; CLOCK_50     ; CLOCK_50    ; 1.000        ; 0.358      ; 4.779      ;
; -3.411 ; q_ledg[18]     ; clock_ledg   ; CLOCK_50     ; CLOCK_50    ; 1.000        ; -0.065     ; 4.345      ;
; -3.409 ; q_hex[19]      ; clock_hex    ; CLOCK_50     ; CLOCK_50    ; 1.000        ; -0.072     ; 4.336      ;
; -3.408 ; q_ledg[12]     ; clock_ledg   ; CLOCK_50     ; CLOCK_50    ; 1.000        ; -0.061     ; 4.346      ;
; -3.399 ; q_ledg[22]     ; clock_ledg   ; CLOCK_50     ; CLOCK_50    ; 1.000        ; -0.064     ; 4.334      ;
; -3.397 ; q_hex[13]      ; clock_hex    ; CLOCK_50     ; CLOCK_50    ; 1.000        ; -0.064     ; 4.332      ;
; -3.392 ; count_lcd[5]   ; index[1]     ; CLOCK_50     ; CLOCK_50    ; 1.000        ; 0.358      ; 4.749      ;
; -3.387 ; q_ledg[11]     ; clock_ledg   ; CLOCK_50     ; CLOCK_50    ; 1.000        ; -0.061     ; 4.325      ;
; -3.386 ; q_hex[18]      ; clock_hex    ; CLOCK_50     ; CLOCK_50    ; 1.000        ; -0.072     ; 4.313      ;
; -3.383 ; q_hex[9]       ; clock_hex    ; CLOCK_50     ; CLOCK_50    ; 1.000        ; -0.065     ; 4.317      ;
; -3.380 ; q_ledg[9]      ; clock_ledg   ; CLOCK_50     ; CLOCK_50    ; 1.000        ; -0.061     ; 4.318      ;
; -3.380 ; blink_en       ; countend[18] ; CLOCK_50     ; CLOCK_50    ; 1.000        ; -0.510     ; 3.869      ;
; -3.380 ; blink_en       ; countend[0]  ; CLOCK_50     ; CLOCK_50    ; 1.000        ; -0.510     ; 3.869      ;
; -3.379 ; q_hex[22]      ; clock_hex    ; CLOCK_50     ; CLOCK_50    ; 1.000        ; -0.072     ; 4.306      ;
; -3.378 ; index[1]       ; countend[18] ; CLOCK_50     ; CLOCK_50    ; 1.000        ; -0.510     ; 3.867      ;
; -3.378 ; index[1]       ; countend[0]  ; CLOCK_50     ; CLOCK_50    ; 1.000        ; -0.510     ; 3.867      ;
; -3.363 ; q_ledg[6]      ; clock_ledg   ; CLOCK_50     ; CLOCK_50    ; 1.000        ; -0.061     ; 4.301      ;
; -3.360 ; q_ledg[13]     ; clock_ledg   ; CLOCK_50     ; CLOCK_50    ; 1.000        ; -0.065     ; 4.294      ;
; -3.356 ; count_lcd[11]  ; flag         ; CLOCK_50     ; CLOCK_50    ; 1.000        ; 0.353      ; 4.708      ;
; -3.346 ; q_hex[7]       ; clock_hex    ; CLOCK_50     ; CLOCK_50    ; 1.000        ; -0.064     ; 4.281      ;
; -3.343 ; count_lcd[8]   ; index[1]     ; CLOCK_50     ; CLOCK_50    ; 1.000        ; 0.358      ; 4.700      ;
; -3.335 ; q_ledr[24]     ; clock_ledr   ; CLOCK_50     ; CLOCK_50    ; 1.000        ; -0.069     ; 4.265      ;
; -3.335 ; count_lcd[7]   ; index[1]     ; CLOCK_50     ; CLOCK_50    ; 1.000        ; 0.358      ; 4.692      ;
; -3.327 ; q_hex[31]      ; clock_hex    ; CLOCK_50     ; CLOCK_50    ; 1.000        ; -0.071     ; 4.255      ;
; -3.319 ; count_lcd[4]   ; index[1]     ; CLOCK_50     ; CLOCK_50    ; 1.000        ; 0.358      ; 4.676      ;
; -3.315 ; count_lcd[18]  ; index[0]     ; CLOCK_50     ; CLOCK_50    ; 1.000        ; -0.056     ; 4.258      ;
; -3.313 ; count_lcd[3]   ; index[0]     ; CLOCK_50     ; CLOCK_50    ; 1.000        ; -0.051     ; 4.261      ;
+--------+----------------+--------------+--------------+-------------+--------------+------------+------------+


+------------------------------------------------------------------------------------------------------------------+
; Slow 1200mV 0C Model Setup: 'clock_ledr'                                                                         ;
+--------+-------------------+---------------+--------------+-------------+--------------+------------+------------+
; Slack  ; From Node         ; To Node       ; Launch Clock ; Latch Clock ; Relationship ; Clock Skew ; Data Delay ;
+--------+-------------------+---------------+--------------+-------------+--------------+------------+------------+
; -1.747 ; state_ledr.000110 ; LEDR[3]~reg0  ; clock_ledr   ; clock_ledr  ; 1.000        ; -0.076     ; 2.670      ;
; -1.745 ; state_ledr.000110 ; LEDR[4]~reg0  ; clock_ledr   ; clock_ledr  ; 1.000        ; -0.076     ; 2.668      ;
; -1.745 ; state_ledr.001001 ; LEDR[3]~reg0  ; clock_ledr   ; clock_ledr  ; 1.000        ; -0.076     ; 2.668      ;
; -1.743 ; state_ledr.000110 ; LEDR[5]~reg0  ; clock_ledr   ; clock_ledr  ; 1.000        ; -0.076     ; 2.666      ;
; -1.743 ; state_ledr.001001 ; LEDR[4]~reg0  ; clock_ledr   ; clock_ledr  ; 1.000        ; -0.076     ; 2.666      ;
; -1.741 ; state_ledr.001001 ; LEDR[5]~reg0  ; clock_ledr   ; clock_ledr  ; 1.000        ; -0.076     ; 2.664      ;
; -1.734 ; state_ledr.000110 ; LEDR[2]~reg0  ; clock_ledr   ; clock_ledr  ; 1.000        ; -0.076     ; 2.657      ;
; -1.733 ; state_ledr.000110 ; LEDR[1]~reg0  ; clock_ledr   ; clock_ledr  ; 1.000        ; -0.076     ; 2.656      ;
; -1.732 ; state_ledr.001001 ; LEDR[2]~reg0  ; clock_ledr   ; clock_ledr  ; 1.000        ; -0.076     ; 2.655      ;
; -1.731 ; state_ledr.001001 ; LEDR[1]~reg0  ; clock_ledr   ; clock_ledr  ; 1.000        ; -0.076     ; 2.654      ;
; -1.728 ; state_ledr.010111 ; LEDR[8]~reg0  ; clock_ledr   ; clock_ledr  ; 1.000        ; -0.072     ; 2.655      ;
; -1.728 ; state_ledr.010111 ; LEDR[12]~reg0 ; clock_ledr   ; clock_ledr  ; 1.000        ; -0.072     ; 2.655      ;
; -1.726 ; state_ledr.010111 ; LEDR[13]~reg0 ; clock_ledr   ; clock_ledr  ; 1.000        ; -0.072     ; 2.653      ;
; -1.697 ; state_ledr.010101 ; LEDR[8]~reg0  ; clock_ledr   ; clock_ledr  ; 1.000        ; -0.070     ; 2.626      ;
; -1.697 ; state_ledr.010101 ; LEDR[12]~reg0 ; clock_ledr   ; clock_ledr  ; 1.000        ; -0.070     ; 2.626      ;
; -1.695 ; state_ledr.010101 ; LEDR[13]~reg0 ; clock_ledr   ; clock_ledr  ; 1.000        ; -0.070     ; 2.624      ;
; -1.692 ; state_ledr.010110 ; LEDR[8]~reg0  ; clock_ledr   ; clock_ledr  ; 1.000        ; -0.070     ; 2.621      ;
; -1.692 ; state_ledr.010110 ; LEDR[12]~reg0 ; clock_ledr   ; clock_ledr  ; 1.000        ; -0.070     ; 2.621      ;
; -1.690 ; state_ledr.010110 ; LEDR[13]~reg0 ; clock_ledr   ; clock_ledr  ; 1.000        ; -0.070     ; 2.619      ;
; -1.663 ; state_ledr.000001 ; LEDR[3]~reg0  ; clock_ledr   ; clock_ledr  ; 1.000        ; -0.076     ; 2.586      ;
; -1.661 ; state_ledr.000001 ; LEDR[4]~reg0  ; clock_ledr   ; clock_ledr  ; 1.000        ; -0.076     ; 2.584      ;
; -1.659 ; state_ledr.000001 ; LEDR[5]~reg0  ; clock_ledr   ; clock_ledr  ; 1.000        ; -0.076     ; 2.582      ;
; -1.651 ; state_ledr.000011 ; LEDR[3]~reg0  ; clock_ledr   ; clock_ledr  ; 1.000        ; -0.076     ; 2.574      ;
; -1.650 ; state_ledr.000001 ; LEDR[2]~reg0  ; clock_ledr   ; clock_ledr  ; 1.000        ; -0.076     ; 2.573      ;
; -1.649 ; state_ledr.000001 ; LEDR[1]~reg0  ; clock_ledr   ; clock_ledr  ; 1.000        ; -0.076     ; 2.572      ;
; -1.649 ; state_ledr.000011 ; LEDR[4]~reg0  ; clock_ledr   ; clock_ledr  ; 1.000        ; -0.076     ; 2.572      ;
; -1.647 ; state_ledr.000011 ; LEDR[5]~reg0  ; clock_ledr   ; clock_ledr  ; 1.000        ; -0.076     ; 2.570      ;
; -1.638 ; state_ledr.000011 ; LEDR[2]~reg0  ; clock_ledr   ; clock_ledr  ; 1.000        ; -0.076     ; 2.561      ;
; -1.637 ; state_ledr.000011 ; LEDR[1]~reg0  ; clock_ledr   ; clock_ledr  ; 1.000        ; -0.076     ; 2.560      ;
; -1.617 ; state_ledr.010011 ; LEDR[8]~reg0  ; clock_ledr   ; clock_ledr  ; 1.000        ; -0.074     ; 2.542      ;
; -1.617 ; state_ledr.010011 ; LEDR[12]~reg0 ; clock_ledr   ; clock_ledr  ; 1.000        ; -0.074     ; 2.542      ;
; -1.615 ; state_ledr.010011 ; LEDR[13]~reg0 ; clock_ledr   ; clock_ledr  ; 1.000        ; -0.074     ; 2.540      ;
; -1.568 ; state_ledr.011100 ; LEDR[14]~reg0 ; clock_ledr   ; clock_ledr  ; 1.000        ; -0.068     ; 2.499      ;
; -1.568 ; state_ledr.011100 ; LEDR[15]~reg0 ; clock_ledr   ; clock_ledr  ; 1.000        ; -0.068     ; 2.499      ;
; -1.568 ; state_ledr.011100 ; LEDR[16]~reg0 ; clock_ledr   ; clock_ledr  ; 1.000        ; -0.068     ; 2.499      ;
; -1.568 ; state_ledr.011100 ; LEDR[17]~reg0 ; clock_ledr   ; clock_ledr  ; 1.000        ; -0.068     ; 2.499      ;
; -1.524 ; state_ledr.011110 ; LEDR[14]~reg0 ; clock_ledr   ; clock_ledr  ; 1.000        ; -0.068     ; 2.455      ;
; -1.524 ; state_ledr.011110 ; LEDR[15]~reg0 ; clock_ledr   ; clock_ledr  ; 1.000        ; -0.068     ; 2.455      ;
; -1.524 ; state_ledr.011110 ; LEDR[16]~reg0 ; clock_ledr   ; clock_ledr  ; 1.000        ; -0.068     ; 2.455      ;
; -1.524 ; state_ledr.011110 ; LEDR[17]~reg0 ; clock_ledr   ; clock_ledr  ; 1.000        ; -0.068     ; 2.455      ;
; -1.485 ; state_ledr.000111 ; LEDR[3]~reg0  ; clock_ledr   ; clock_ledr  ; 1.000        ; -0.076     ; 2.408      ;
; -1.483 ; state_ledr.000111 ; LEDR[4]~reg0  ; clock_ledr   ; clock_ledr  ; 1.000        ; -0.076     ; 2.406      ;
; -1.481 ; state_ledr.000111 ; LEDR[5]~reg0  ; clock_ledr   ; clock_ledr  ; 1.000        ; -0.076     ; 2.404      ;
; -1.476 ; state_ledr.010011 ; LEDR[3]~reg0  ; clock_ledr   ; clock_ledr  ; 1.000        ; -0.076     ; 2.399      ;
; -1.474 ; state_ledr.010011 ; LEDR[4]~reg0  ; clock_ledr   ; clock_ledr  ; 1.000        ; -0.076     ; 2.397      ;
; -1.472 ; state_ledr.010011 ; LEDR[5]~reg0  ; clock_ledr   ; clock_ledr  ; 1.000        ; -0.076     ; 2.395      ;
; -1.472 ; state_ledr.000111 ; LEDR[2]~reg0  ; clock_ledr   ; clock_ledr  ; 1.000        ; -0.076     ; 2.395      ;
; -1.471 ; state_ledr.000111 ; LEDR[1]~reg0  ; clock_ledr   ; clock_ledr  ; 1.000        ; -0.076     ; 2.394      ;
; -1.463 ; state_ledr.010011 ; LEDR[2]~reg0  ; clock_ledr   ; clock_ledr  ; 1.000        ; -0.076     ; 2.386      ;
; -1.462 ; state_ledr.010011 ; LEDR[1]~reg0  ; clock_ledr   ; clock_ledr  ; 1.000        ; -0.076     ; 2.385      ;
; -1.455 ; state_ledr.010111 ; LEDR[14]~reg0 ; clock_ledr   ; clock_ledr  ; 1.000        ; -0.068     ; 2.386      ;
; -1.455 ; state_ledr.010111 ; LEDR[15]~reg0 ; clock_ledr   ; clock_ledr  ; 1.000        ; -0.068     ; 2.386      ;
; -1.455 ; state_ledr.010111 ; LEDR[16]~reg0 ; clock_ledr   ; clock_ledr  ; 1.000        ; -0.068     ; 2.386      ;
; -1.455 ; state_ledr.010111 ; LEDR[17]~reg0 ; clock_ledr   ; clock_ledr  ; 1.000        ; -0.068     ; 2.386      ;
; -1.450 ; state_ledr.001010 ; LEDR[3]~reg0  ; clock_ledr   ; clock_ledr  ; 1.000        ; -0.076     ; 2.373      ;
; -1.448 ; state_ledr.001010 ; LEDR[4]~reg0  ; clock_ledr   ; clock_ledr  ; 1.000        ; -0.076     ; 2.371      ;
; -1.446 ; state_ledr.010011 ; LEDR[14]~reg0 ; clock_ledr   ; clock_ledr  ; 1.000        ; -0.070     ; 2.375      ;
; -1.446 ; state_ledr.010011 ; LEDR[15]~reg0 ; clock_ledr   ; clock_ledr  ; 1.000        ; -0.070     ; 2.375      ;
; -1.446 ; state_ledr.010011 ; LEDR[16]~reg0 ; clock_ledr   ; clock_ledr  ; 1.000        ; -0.070     ; 2.375      ;
; -1.446 ; state_ledr.010011 ; LEDR[17]~reg0 ; clock_ledr   ; clock_ledr  ; 1.000        ; -0.070     ; 2.375      ;
; -1.446 ; state_ledr.001010 ; LEDR[5]~reg0  ; clock_ledr   ; clock_ledr  ; 1.000        ; -0.076     ; 2.369      ;
; -1.445 ; state_ledr.010101 ; LEDR[14]~reg0 ; clock_ledr   ; clock_ledr  ; 1.000        ; -0.066     ; 2.378      ;
; -1.445 ; state_ledr.010101 ; LEDR[15]~reg0 ; clock_ledr   ; clock_ledr  ; 1.000        ; -0.066     ; 2.378      ;
; -1.445 ; state_ledr.010101 ; LEDR[16]~reg0 ; clock_ledr   ; clock_ledr  ; 1.000        ; -0.066     ; 2.378      ;
; -1.445 ; state_ledr.010101 ; LEDR[17]~reg0 ; clock_ledr   ; clock_ledr  ; 1.000        ; -0.066     ; 2.378      ;
; -1.440 ; state_ledr.010110 ; LEDR[14]~reg0 ; clock_ledr   ; clock_ledr  ; 1.000        ; -0.066     ; 2.373      ;
; -1.440 ; state_ledr.010110 ; LEDR[15]~reg0 ; clock_ledr   ; clock_ledr  ; 1.000        ; -0.066     ; 2.373      ;
; -1.440 ; state_ledr.010110 ; LEDR[16]~reg0 ; clock_ledr   ; clock_ledr  ; 1.000        ; -0.066     ; 2.373      ;
; -1.440 ; state_ledr.010110 ; LEDR[17]~reg0 ; clock_ledr   ; clock_ledr  ; 1.000        ; -0.066     ; 2.373      ;
; -1.437 ; state_ledr.001010 ; LEDR[2]~reg0  ; clock_ledr   ; clock_ledr  ; 1.000        ; -0.076     ; 2.360      ;
; -1.436 ; state_ledr.001010 ; LEDR[1]~reg0  ; clock_ledr   ; clock_ledr  ; 1.000        ; -0.076     ; 2.359      ;
; -1.427 ; state_ledr.010100 ; LEDR[8]~reg0  ; clock_ledr   ; clock_ledr  ; 1.000        ; -0.070     ; 2.356      ;
; -1.427 ; state_ledr.010100 ; LEDR[12]~reg0 ; clock_ledr   ; clock_ledr  ; 1.000        ; -0.070     ; 2.356      ;
; -1.425 ; state_ledr.010100 ; LEDR[13]~reg0 ; clock_ledr   ; clock_ledr  ; 1.000        ; -0.070     ; 2.354      ;
; -1.423 ; state_ledr.011011 ; LEDR[8]~reg0  ; clock_ledr   ; clock_ledr  ; 1.000        ; -0.072     ; 2.350      ;
; -1.423 ; state_ledr.011011 ; LEDR[12]~reg0 ; clock_ledr   ; clock_ledr  ; 1.000        ; -0.072     ; 2.350      ;
; -1.421 ; state_ledr.011011 ; LEDR[13]~reg0 ; clock_ledr   ; clock_ledr  ; 1.000        ; -0.072     ; 2.348      ;
; -1.409 ; state_ledr.011010 ; LEDR[8]~reg0  ; clock_ledr   ; clock_ledr  ; 1.000        ; -0.072     ; 2.336      ;
; -1.409 ; state_ledr.011010 ; LEDR[12]~reg0 ; clock_ledr   ; clock_ledr  ; 1.000        ; -0.072     ; 2.336      ;
; -1.407 ; state_ledr.011010 ; LEDR[13]~reg0 ; clock_ledr   ; clock_ledr  ; 1.000        ; -0.072     ; 2.334      ;
; -1.396 ; state_ledr.011111 ; LEDR[14]~reg0 ; clock_ledr   ; clock_ledr  ; 1.000        ; -0.068     ; 2.327      ;
; -1.396 ; state_ledr.011111 ; LEDR[15]~reg0 ; clock_ledr   ; clock_ledr  ; 1.000        ; -0.068     ; 2.327      ;
; -1.396 ; state_ledr.011111 ; LEDR[16]~reg0 ; clock_ledr   ; clock_ledr  ; 1.000        ; -0.068     ; 2.327      ;
; -1.396 ; state_ledr.011111 ; LEDR[17]~reg0 ; clock_ledr   ; clock_ledr  ; 1.000        ; -0.068     ; 2.327      ;
; -1.385 ; state_ledr.001000 ; LEDR[3]~reg0  ; clock_ledr   ; clock_ledr  ; 1.000        ; -0.076     ; 2.308      ;
; -1.383 ; state_ledr.001000 ; LEDR[4]~reg0  ; clock_ledr   ; clock_ledr  ; 1.000        ; -0.076     ; 2.306      ;
; -1.383 ; state_ledr.000100 ; LEDR[3]~reg0  ; clock_ledr   ; clock_ledr  ; 1.000        ; -0.076     ; 2.306      ;
; -1.381 ; state_ledr.001000 ; LEDR[5]~reg0  ; clock_ledr   ; clock_ledr  ; 1.000        ; -0.076     ; 2.304      ;
; -1.381 ; state_ledr.000100 ; LEDR[4]~reg0  ; clock_ledr   ; clock_ledr  ; 1.000        ; -0.076     ; 2.304      ;
; -1.379 ; state_ledr.000100 ; LEDR[5]~reg0  ; clock_ledr   ; clock_ledr  ; 1.000        ; -0.076     ; 2.302      ;
; -1.378 ; state_ledr.000000 ; LEDR[8]~reg0  ; clock_ledr   ; clock_ledr  ; 1.000        ; -0.074     ; 2.303      ;
; -1.378 ; state_ledr.000000 ; LEDR[12]~reg0 ; clock_ledr   ; clock_ledr  ; 1.000        ; -0.074     ; 2.303      ;
; -1.376 ; state_ledr.000000 ; LEDR[13]~reg0 ; clock_ledr   ; clock_ledr  ; 1.000        ; -0.074     ; 2.301      ;
; -1.372 ; state_ledr.001000 ; LEDR[2]~reg0  ; clock_ledr   ; clock_ledr  ; 1.000        ; -0.076     ; 2.295      ;
; -1.371 ; state_ledr.001000 ; LEDR[1]~reg0  ; clock_ledr   ; clock_ledr  ; 1.000        ; -0.076     ; 2.294      ;
; -1.370 ; state_ledr.000110 ; LEDR[6]~reg0  ; clock_ledr   ; clock_ledr  ; 1.000        ; 0.301      ; 2.670      ;
; -1.370 ; state_ledr.000100 ; LEDR[2]~reg0  ; clock_ledr   ; clock_ledr  ; 1.000        ; -0.076     ; 2.293      ;
; -1.369 ; state_ledr.000100 ; LEDR[1]~reg0  ; clock_ledr   ; clock_ledr  ; 1.000        ; -0.076     ; 2.292      ;
; -1.368 ; state_ledr.001001 ; LEDR[6]~reg0  ; clock_ledr   ; clock_ledr  ; 1.000        ; 0.301      ; 2.668      ;
; -1.330 ; state_ledr.011000 ; LEDR[8]~reg0  ; clock_ledr   ; clock_ledr  ; 1.000        ; -0.072     ; 2.257      ;
+--------+-------------------+---------------+--------------+-------------+--------------+------------+------------+


+--------------------------------------------------------------------------------------------------------------------+
; Slow 1200mV 0C Model Setup: 'clock_ledg'                                                                           ;
+--------+------------------+------------------+--------------+-------------+--------------+------------+------------+
; Slack  ; From Node        ; To Node          ; Launch Clock ; Latch Clock ; Relationship ; Clock Skew ; Data Delay ;
+--------+------------------+------------------+--------------+-------------+--------------+------------+------------+
; -0.117 ; state_ledg.00011 ; LEDG[4]~reg0     ; clock_ledg   ; clock_ledg  ; 1.000        ; -0.071     ; 1.045      ;
; -0.111 ; state_ledg.01010 ; LEDG[3]~reg0     ; clock_ledg   ; clock_ledg  ; 1.000        ; -0.071     ; 1.039      ;
; -0.104 ; state_ledg.01100 ; LEDG[5]~reg0     ; clock_ledg   ; clock_ledg  ; 1.000        ; -0.071     ; 1.032      ;
; -0.102 ; state_ledg.01001 ; LEDG[2]~reg0     ; clock_ledg   ; clock_ledg  ; 1.000        ; -0.071     ; 1.030      ;
; -0.100 ; state_ledg.00110 ; LEDG[1]~reg0     ; clock_ledg   ; clock_ledg  ; 1.000        ; -0.071     ; 1.028      ;
; -0.099 ; state_ledg.01101 ; LEDG[6]~reg0     ; clock_ledg   ; clock_ledg  ; 1.000        ; -0.071     ; 1.027      ;
; 0.051  ; state_ledg.00011 ; state_ledg.00100 ; clock_ledg   ; clock_ledg  ; 1.000        ; -0.073     ; 0.875      ;
; 0.065  ; state_ledg.01010 ; state_ledg.01011 ; clock_ledg   ; clock_ledg  ; 1.000        ; -0.069     ; 0.865      ;
; 0.190  ; state_ledg.01101 ; state_ledg.00000 ; clock_ledg   ; clock_ledg  ; 1.000        ; -0.071     ; 0.738      ;
; 0.195  ; state_ledg.00000 ; state_ledg.00001 ; clock_ledg   ; clock_ledg  ; 1.000        ; -0.071     ; 0.733      ;
; 0.195  ; state_ledg.00000 ; LEDG[7]~reg0     ; clock_ledg   ; clock_ledg  ; 1.000        ; -0.071     ; 0.733      ;
; 0.202  ; state_ledg.01001 ; state_ledg.01010 ; clock_ledg   ; clock_ledg  ; 1.000        ; -0.071     ; 0.726      ;
; 0.205  ; state_ledg.01000 ; state_ledg.01001 ; clock_ledg   ; clock_ledg  ; 1.000        ; -0.071     ; 0.723      ;
; 0.206  ; state_ledg.01100 ; state_ledg.01101 ; clock_ledg   ; clock_ledg  ; 1.000        ; -0.071     ; 0.722      ;
; 0.206  ; state_ledg.00001 ; state_ledg.00010 ; clock_ledg   ; clock_ledg  ; 1.000        ; -0.071     ; 0.722      ;
; 0.206  ; state_ledg.00110 ; state_ledg.00111 ; clock_ledg   ; clock_ledg  ; 1.000        ; -0.071     ; 0.722      ;
; 0.206  ; state_ledg.01000 ; LEDG[1]~reg0     ; clock_ledg   ; clock_ledg  ; 1.000        ; -0.071     ; 0.722      ;
; 0.207  ; state_ledg.00101 ; state_ledg.00110 ; clock_ledg   ; clock_ledg  ; 1.000        ; -0.071     ; 0.721      ;
; 0.207  ; state_ledg.00101 ; LEDG[2]~reg0     ; clock_ledg   ; clock_ledg  ; 1.000        ; -0.071     ; 0.721      ;
; 0.208  ; state_ledg.00111 ; state_ledg.01000 ; clock_ledg   ; clock_ledg  ; 1.000        ; -0.071     ; 0.720      ;
; 0.208  ; state_ledg.01011 ; LEDG[4]~reg0     ; clock_ledg   ; clock_ledg  ; 1.000        ; -0.071     ; 0.720      ;
; 0.208  ; state_ledg.00100 ; LEDG[3]~reg0     ; clock_ledg   ; clock_ledg  ; 1.000        ; -0.071     ; 0.720      ;
; 0.208  ; state_ledg.00001 ; LEDG[6]~reg0     ; clock_ledg   ; clock_ledg  ; 1.000        ; -0.071     ; 0.720      ;
; 0.209  ; state_ledg.00010 ; state_ledg.00011 ; clock_ledg   ; clock_ledg  ; 1.000        ; -0.071     ; 0.719      ;
; 0.209  ; state_ledg.00100 ; state_ledg.00101 ; clock_ledg   ; clock_ledg  ; 1.000        ; -0.071     ; 0.719      ;
; 0.209  ; state_ledg.00111 ; LEDG[0]~reg0     ; clock_ledg   ; clock_ledg  ; 1.000        ; -0.071     ; 0.719      ;
; 0.209  ; state_ledg.00010 ; LEDG[5]~reg0     ; clock_ledg   ; clock_ledg  ; 1.000        ; -0.071     ; 0.719      ;
; 0.210  ; state_ledg.01011 ; state_ledg.01100 ; clock_ledg   ; clock_ledg  ; 1.000        ; -0.071     ; 0.718      ;
+--------+------------------+------------------+--------------+-------------+--------------+------------+------------+


+-------------------------------------------------------------------------------------------------------------------+
; Slow 1200mV 0C Model Setup: 'clock_hex'                                                                           ;
+-------+------------------+------------------+--------------+-------------+--------------+------------+------------+
; Slack ; From Node        ; To Node          ; Launch Clock ; Latch Clock ; Relationship ; Clock Skew ; Data Delay ;
+-------+------------------+------------------+--------------+-------------+--------------+------------+------------+
; 0.297 ; state_hex.hex_s1 ; state_hex.hex_s1 ; clock_hex    ; clock_hex   ; 1.000        ; -0.039     ; 0.683      ;
+-------+------------------+------------------+--------------+-------------+--------------+------------+------------+


+------------------------------------------------------------------------------------------------------------------+
; Slow 1200mV 0C Model Hold: 'CLOCK_50'                                                                            ;
+--------+-----------------+-----------------+--------------+-------------+--------------+------------+------------+
; Slack  ; From Node       ; To Node         ; Launch Clock ; Latch Clock ; Relationship ; Clock Skew ; Data Delay ;
+--------+-----------------+-----------------+--------------+-------------+--------------+------------+------------+
; -0.234 ; clock_ledg      ; clock_ledg      ; clock_ledg   ; CLOCK_50    ; 0.000        ; 2.774      ; 2.954      ;
; -0.100 ; clock_hex       ; clock_hex       ; clock_hex    ; CLOCK_50    ; 0.000        ; 2.747      ; 3.051      ;
; -0.075 ; clock_ledr      ; clock_ledr      ; clock_ledr   ; CLOCK_50    ; 0.000        ; 2.762      ; 3.101      ;
; 0.216  ; clock_ledg      ; clock_ledg      ; clock_ledg   ; CLOCK_50    ; -0.500       ; 2.774      ; 2.904      ;
; 0.338  ; blink_en        ; blink_en        ; CLOCK_50     ; CLOCK_50    ; 0.000        ; 0.088      ; 0.597      ;
; 0.338  ; index[1]        ; index[1]        ; CLOCK_50     ; CLOCK_50    ; 0.000        ; 0.088      ; 0.597      ;
; 0.338  ; flag            ; flag            ; CLOCK_50     ; CLOCK_50    ; 0.000        ; 0.088      ; 0.597      ;
; 0.338  ; en              ; en              ; CLOCK_50     ; CLOCK_50    ; 0.000        ; 0.088      ; 0.597      ;
; 0.355  ; state[0]        ; state[0]        ; CLOCK_50     ; CLOCK_50    ; 0.000        ; 0.071      ; 0.597      ;
; 0.362  ; clock_hex       ; clock_hex       ; clock_hex    ; CLOCK_50    ; -0.500       ; 2.747      ; 3.013      ;
; 0.384  ; clock_ledr      ; clock_ledr      ; clock_ledr   ; CLOCK_50    ; -0.500       ; 2.762      ; 3.060      ;
; 0.400  ; blink_count[24] ; blink_count[24] ; CLOCK_50     ; CLOCK_50    ; 0.000        ; 0.072      ; 0.643      ;
; 0.409  ; count_lcd[19]   ; count_lcd[19]   ; CLOCK_50     ; CLOCK_50    ; 0.000        ; 0.070      ; 0.650      ;
; 0.585  ; blink_count[7]  ; blink_count[7]  ; CLOCK_50     ; CLOCK_50    ; 0.000        ; 0.072      ; 0.828      ;
; 0.587  ; q_ledg[11]      ; q_ledg[11]      ; CLOCK_50     ; CLOCK_50    ; 0.000        ; 0.072      ; 0.830      ;
; 0.590  ; blink_count[6]  ; blink_count[6]  ; CLOCK_50     ; CLOCK_50    ; 0.000        ; 0.072      ; 0.833      ;
; 0.590  ; blink_count[8]  ; blink_count[8]  ; CLOCK_50     ; CLOCK_50    ; 0.000        ; 0.072      ; 0.833      ;
; 0.591  ; q_ledg[9]       ; q_ledg[9]       ; CLOCK_50     ; CLOCK_50    ; 0.000        ; 0.072      ; 0.834      ;
; 0.592  ; blink_count[22] ; blink_count[22] ; CLOCK_50     ; CLOCK_50    ; 0.000        ; 0.072      ; 0.835      ;
; 0.596  ; count_lcd[13]   ; count_lcd[13]   ; CLOCK_50     ; CLOCK_50    ; 0.000        ; 0.070      ; 0.837      ;
; 0.597  ; count_lcd[10]   ; count_lcd[10]   ; CLOCK_50     ; CLOCK_50    ; 0.000        ; 0.070      ; 0.838      ;
; 0.598  ; blink_count[9]  ; blink_count[9]  ; CLOCK_50     ; CLOCK_50    ; 0.000        ; 0.072      ; 0.841      ;
; 0.599  ; q_ledg[6]       ; q_ledg[6]       ; CLOCK_50     ; CLOCK_50    ; 0.000        ; 0.072      ; 0.842      ;
; 0.599  ; q_ledg[15]      ; q_ledg[15]      ; CLOCK_50     ; CLOCK_50    ; 0.000        ; 0.072      ; 0.842      ;
; 0.599  ; q_ledr[5]       ; q_ledr[5]       ; CLOCK_50     ; CLOCK_50    ; 0.000        ; 0.072      ; 0.842      ;
; 0.599  ; q_ledr[13]      ; q_ledr[13]      ; CLOCK_50     ; CLOCK_50    ; 0.000        ; 0.072      ; 0.842      ;
; 0.599  ; q_ledr[15]      ; q_ledr[15]      ; CLOCK_50     ; CLOCK_50    ; 0.000        ; 0.072      ; 0.842      ;
; 0.599  ; count_lcd[2]    ; count_lcd[2]    ; CLOCK_50     ; CLOCK_50    ; 0.000        ; 0.071      ; 0.841      ;
; 0.599  ; count_lcd[9]    ; count_lcd[9]    ; CLOCK_50     ; CLOCK_50    ; 0.000        ; 0.071      ; 0.841      ;
; 0.599  ; count_lcd[12]   ; count_lcd[12]   ; CLOCK_50     ; CLOCK_50    ; 0.000        ; 0.070      ; 0.840      ;
; 0.600  ; q_hex[6]        ; q_hex[6]        ; CLOCK_50     ; CLOCK_50    ; 0.000        ; 0.071      ; 0.842      ;
; 0.600  ; q_hex[13]       ; q_hex[13]       ; CLOCK_50     ; CLOCK_50    ; 0.000        ; 0.071      ; 0.842      ;
; 0.600  ; q_hex[15]       ; q_hex[15]       ; CLOCK_50     ; CLOCK_50    ; 0.000        ; 0.071      ; 0.842      ;
; 0.600  ; q_hex[21]       ; q_hex[21]       ; CLOCK_50     ; CLOCK_50    ; 0.000        ; 0.072      ; 0.843      ;
; 0.600  ; q_hex[29]       ; q_hex[29]       ; CLOCK_50     ; CLOCK_50    ; 0.000        ; 0.072      ; 0.843      ;
; 0.600  ; q_ledg[19]      ; q_ledg[19]      ; CLOCK_50     ; CLOCK_50    ; 0.000        ; 0.072      ; 0.843      ;
; 0.600  ; q_ledg[22]      ; q_ledg[22]      ; CLOCK_50     ; CLOCK_50    ; 0.000        ; 0.072      ; 0.843      ;
; 0.600  ; q_ledg[29]      ; q_ledg[29]      ; CLOCK_50     ; CLOCK_50    ; 0.000        ; 0.072      ; 0.843      ;
; 0.600  ; q_ledr[21]      ; q_ledr[21]      ; CLOCK_50     ; CLOCK_50    ; 0.000        ; 0.072      ; 0.843      ;
; 0.600  ; q_ledr[29]      ; q_ledr[29]      ; CLOCK_50     ; CLOCK_50    ; 0.000        ; 0.072      ; 0.843      ;
; 0.600  ; count_lcd[7]    ; count_lcd[7]    ; CLOCK_50     ; CLOCK_50    ; 0.000        ; 0.071      ; 0.842      ;
; 0.600  ; count_lcd[14]   ; count_lcd[14]   ; CLOCK_50     ; CLOCK_50    ; 0.000        ; 0.070      ; 0.841      ;
; 0.601  ; q_hex[5]        ; q_hex[5]        ; CLOCK_50     ; CLOCK_50    ; 0.000        ; 0.071      ; 0.843      ;
; 0.601  ; q_hex[27]       ; q_hex[27]       ; CLOCK_50     ; CLOCK_50    ; 0.000        ; 0.072      ; 0.844      ;
; 0.601  ; q_hex[31]       ; q_hex[31]       ; CLOCK_50     ; CLOCK_50    ; 0.000        ; 0.072      ; 0.844      ;
; 0.601  ; q_ledg[14]      ; q_ledg[14]      ; CLOCK_50     ; CLOCK_50    ; 0.000        ; 0.072      ; 0.844      ;
; 0.601  ; q_ledg[16]      ; q_ledg[16]      ; CLOCK_50     ; CLOCK_50    ; 0.000        ; 0.072      ; 0.844      ;
; 0.601  ; q_ledg[27]      ; q_ledg[27]      ; CLOCK_50     ; CLOCK_50    ; 0.000        ; 0.072      ; 0.844      ;
; 0.601  ; q_ledg[31]      ; q_ledg[31]      ; CLOCK_50     ; CLOCK_50    ; 0.000        ; 0.072      ; 0.844      ;
; 0.601  ; q_ledr[16]      ; q_ledr[16]      ; CLOCK_50     ; CLOCK_50    ; 0.000        ; 0.072      ; 0.844      ;
; 0.601  ; q_ledr[27]      ; q_ledr[27]      ; CLOCK_50     ; CLOCK_50    ; 0.000        ; 0.072      ; 0.844      ;
; 0.601  ; q_ledr[31]      ; q_ledr[31]      ; CLOCK_50     ; CLOCK_50    ; 0.000        ; 0.072      ; 0.844      ;
; 0.602  ; q_hex[30]       ; q_hex[30]       ; CLOCK_50     ; CLOCK_50    ; 0.000        ; 0.072      ; 0.845      ;
; 0.602  ; q_ledg[12]      ; q_ledg[12]      ; CLOCK_50     ; CLOCK_50    ; 0.000        ; 0.072      ; 0.845      ;
; 0.602  ; q_ledg[20]      ; q_ledg[20]      ; CLOCK_50     ; CLOCK_50    ; 0.000        ; 0.072      ; 0.845      ;
; 0.602  ; q_ledg[30]      ; q_ledg[30]      ; CLOCK_50     ; CLOCK_50    ; 0.000        ; 0.072      ; 0.845      ;
; 0.602  ; q_ledr[10]      ; q_ledr[10]      ; CLOCK_50     ; CLOCK_50    ; 0.000        ; 0.072      ; 0.845      ;
; 0.602  ; q_ledr[12]      ; q_ledr[12]      ; CLOCK_50     ; CLOCK_50    ; 0.000        ; 0.072      ; 0.845      ;
; 0.602  ; q_ledr[20]      ; q_ledr[20]      ; CLOCK_50     ; CLOCK_50    ; 0.000        ; 0.072      ; 0.845      ;
; 0.602  ; q_ledr[30]      ; q_ledr[30]      ; CLOCK_50     ; CLOCK_50    ; 0.000        ; 0.072      ; 0.845      ;
; 0.603  ; blink_count[14] ; blink_count[14] ; CLOCK_50     ; CLOCK_50    ; 0.000        ; 0.072      ; 0.846      ;
; 0.603  ; q_hex[8]        ; q_hex[8]        ; CLOCK_50     ; CLOCK_50    ; 0.000        ; 0.071      ; 0.845      ;
; 0.603  ; q_hex[24]       ; q_hex[24]       ; CLOCK_50     ; CLOCK_50    ; 0.000        ; 0.072      ; 0.846      ;
; 0.603  ; q_hex[26]       ; q_hex[26]       ; CLOCK_50     ; CLOCK_50    ; 0.000        ; 0.072      ; 0.846      ;
; 0.603  ; q_hex[28]       ; q_hex[28]       ; CLOCK_50     ; CLOCK_50    ; 0.000        ; 0.072      ; 0.846      ;
; 0.603  ; q_ledg[24]      ; q_ledg[24]      ; CLOCK_50     ; CLOCK_50    ; 0.000        ; 0.072      ; 0.846      ;
; 0.603  ; q_ledg[26]      ; q_ledg[26]      ; CLOCK_50     ; CLOCK_50    ; 0.000        ; 0.072      ; 0.846      ;
; 0.603  ; q_ledg[28]      ; q_ledg[28]      ; CLOCK_50     ; CLOCK_50    ; 0.000        ; 0.072      ; 0.846      ;
; 0.603  ; q_ledr[17]      ; q_ledr[17]      ; CLOCK_50     ; CLOCK_50    ; 0.000        ; 0.072      ; 0.846      ;
; 0.603  ; q_ledr[24]      ; q_ledr[24]      ; CLOCK_50     ; CLOCK_50    ; 0.000        ; 0.072      ; 0.846      ;
; 0.603  ; q_ledr[26]      ; q_ledr[26]      ; CLOCK_50     ; CLOCK_50    ; 0.000        ; 0.072      ; 0.846      ;
; 0.603  ; q_ledr[28]      ; q_ledr[28]      ; CLOCK_50     ; CLOCK_50    ; 0.000        ; 0.072      ; 0.846      ;
; 0.603  ; count_lcd[16]   ; count_lcd[16]   ; CLOCK_50     ; CLOCK_50    ; 0.000        ; 0.070      ; 0.844      ;
; 0.604  ; blink_count[16] ; blink_count[16] ; CLOCK_50     ; CLOCK_50    ; 0.000        ; 0.072      ; 0.847      ;
; 0.604  ; q_ledr[7]       ; q_ledr[7]       ; CLOCK_50     ; CLOCK_50    ; 0.000        ; 0.072      ; 0.847      ;
; 0.605  ; q_hex[7]        ; q_hex[7]        ; CLOCK_50     ; CLOCK_50    ; 0.000        ; 0.071      ; 0.847      ;
; 0.605  ; q_hex[23]       ; q_hex[23]       ; CLOCK_50     ; CLOCK_50    ; 0.000        ; 0.072      ; 0.848      ;
; 0.605  ; q_hex[25]       ; q_hex[25]       ; CLOCK_50     ; CLOCK_50    ; 0.000        ; 0.072      ; 0.848      ;
; 0.605  ; q_ledg[23]      ; q_ledg[23]      ; CLOCK_50     ; CLOCK_50    ; 0.000        ; 0.072      ; 0.848      ;
; 0.605  ; q_ledg[25]      ; q_ledg[25]      ; CLOCK_50     ; CLOCK_50    ; 0.000        ; 0.072      ; 0.848      ;
; 0.605  ; q_ledr[23]      ; q_ledr[23]      ; CLOCK_50     ; CLOCK_50    ; 0.000        ; 0.072      ; 0.848      ;
; 0.605  ; q_ledr[25]      ; q_ledr[25]      ; CLOCK_50     ; CLOCK_50    ; 0.000        ; 0.072      ; 0.848      ;
; 0.605  ; count_lcd[6]    ; count_lcd[6]    ; CLOCK_50     ; CLOCK_50    ; 0.000        ; 0.071      ; 0.847      ;
; 0.605  ; count_lcd[8]    ; count_lcd[8]    ; CLOCK_50     ; CLOCK_50    ; 0.000        ; 0.071      ; 0.847      ;
; 0.606  ; blink_count[1]  ; blink_count[1]  ; CLOCK_50     ; CLOCK_50    ; 0.000        ; 0.072      ; 0.849      ;
; 0.606  ; blink_count[2]  ; blink_count[2]  ; CLOCK_50     ; CLOCK_50    ; 0.000        ; 0.072      ; 0.849      ;
; 0.606  ; count_lcd[4]    ; count_lcd[4]    ; CLOCK_50     ; CLOCK_50    ; 0.000        ; 0.071      ; 0.848      ;
; 0.606  ; count_lcd[17]   ; count_lcd[17]   ; CLOCK_50     ; CLOCK_50    ; 0.000        ; 0.070      ; 0.847      ;
; 0.608  ; count_lcd[15]   ; count_lcd[15]   ; CLOCK_50     ; CLOCK_50    ; 0.000        ; 0.070      ; 0.849      ;
; 0.609  ; count_lcd[11]   ; count_lcd[11]   ; CLOCK_50     ; CLOCK_50    ; 0.000        ; 0.070      ; 0.850      ;
; 0.610  ; count_lcd[3]    ; count_lcd[3]    ; CLOCK_50     ; CLOCK_50    ; 0.000        ; 0.071      ; 0.852      ;
; 0.616  ; count_lcd[0]    ; count_lcd[0]    ; CLOCK_50     ; CLOCK_50    ; 0.000        ; 0.071      ; 0.858      ;
; 0.618  ; count_lcd[1]    ; count_lcd[1]    ; CLOCK_50     ; CLOCK_50    ; 0.000        ; 0.071      ; 0.860      ;
; 0.619  ; count_lcd[5]    ; count_lcd[5]    ; CLOCK_50     ; CLOCK_50    ; 0.000        ; 0.071      ; 0.861      ;
; 0.624  ; state[4]        ; state[4]        ; CLOCK_50     ; CLOCK_50    ; 0.000        ; 0.071      ; 0.866      ;
; 0.627  ; count_lcd[18]   ; count_lcd[18]   ; CLOCK_50     ; CLOCK_50    ; 0.000        ; 0.070      ; 0.868      ;
; 0.628  ; blink_count[3]  ; blink_count[3]  ; CLOCK_50     ; CLOCK_50    ; 0.000        ; 0.072      ; 0.871      ;
; 0.630  ; blink_count[4]  ; blink_count[4]  ; CLOCK_50     ; CLOCK_50    ; 0.000        ; 0.072      ; 0.873      ;
; 0.632  ; blink_count[0]  ; blink_count[0]  ; CLOCK_50     ; CLOCK_50    ; 0.000        ; 0.072      ; 0.875      ;
; 0.632  ; state[2]        ; state[2]        ; CLOCK_50     ; CLOCK_50    ; 0.000        ; 0.071      ; 0.874      ;
+--------+-----------------+-----------------+--------------+-------------+--------------+------------+------------+


+-------------------------------------------------------------------------------------------------------------------+
; Slow 1200mV 0C Model Hold: 'clock_ledg'                                                                           ;
+-------+------------------+------------------+--------------+-------------+--------------+------------+------------+
; Slack ; From Node        ; To Node          ; Launch Clock ; Latch Clock ; Relationship ; Clock Skew ; Data Delay ;
+-------+------------------+------------------+--------------+-------------+--------------+------------+------------+
; 0.387 ; state_ledg.00000 ; state_ledg.00001 ; clock_ledg   ; clock_ledg  ; 0.000        ; 0.071      ; 0.629      ;
; 0.387 ; state_ledg.00000 ; LEDG[7]~reg0     ; clock_ledg   ; clock_ledg  ; 0.000        ; 0.071      ; 0.629      ;
; 0.391 ; state_ledg.01101 ; state_ledg.00000 ; clock_ledg   ; clock_ledg  ; 0.000        ; 0.071      ; 0.633      ;
; 0.403 ; state_ledg.01011 ; state_ledg.01100 ; clock_ledg   ; clock_ledg  ; 0.000        ; 0.071      ; 0.645      ;
; 0.403 ; state_ledg.00010 ; state_ledg.00011 ; clock_ledg   ; clock_ledg  ; 0.000        ; 0.071      ; 0.645      ;
; 0.403 ; state_ledg.00100 ; state_ledg.00101 ; clock_ledg   ; clock_ledg  ; 0.000        ; 0.071      ; 0.645      ;
; 0.403 ; state_ledg.00111 ; LEDG[0]~reg0     ; clock_ledg   ; clock_ledg  ; 0.000        ; 0.071      ; 0.645      ;
; 0.404 ; state_ledg.00111 ; state_ledg.01000 ; clock_ledg   ; clock_ledg  ; 0.000        ; 0.071      ; 0.646      ;
; 0.404 ; state_ledg.01100 ; state_ledg.01101 ; clock_ledg   ; clock_ledg  ; 0.000        ; 0.071      ; 0.646      ;
; 0.404 ; state_ledg.00100 ; LEDG[3]~reg0     ; clock_ledg   ; clock_ledg  ; 0.000        ; 0.071      ; 0.646      ;
; 0.404 ; state_ledg.00010 ; LEDG[5]~reg0     ; clock_ledg   ; clock_ledg  ; 0.000        ; 0.071      ; 0.646      ;
; 0.404 ; state_ledg.00001 ; LEDG[6]~reg0     ; clock_ledg   ; clock_ledg  ; 0.000        ; 0.071      ; 0.646      ;
; 0.405 ; state_ledg.00101 ; state_ledg.00110 ; clock_ledg   ; clock_ledg  ; 0.000        ; 0.071      ; 0.647      ;
; 0.405 ; state_ledg.00110 ; state_ledg.00111 ; clock_ledg   ; clock_ledg  ; 0.000        ; 0.071      ; 0.647      ;
; 0.405 ; state_ledg.00101 ; LEDG[2]~reg0     ; clock_ledg   ; clock_ledg  ; 0.000        ; 0.071      ; 0.647      ;
; 0.405 ; state_ledg.01011 ; LEDG[4]~reg0     ; clock_ledg   ; clock_ledg  ; 0.000        ; 0.071      ; 0.647      ;
; 0.406 ; state_ledg.01000 ; state_ledg.01001 ; clock_ledg   ; clock_ledg  ; 0.000        ; 0.071      ; 0.648      ;
; 0.406 ; state_ledg.00001 ; state_ledg.00010 ; clock_ledg   ; clock_ledg  ; 0.000        ; 0.071      ; 0.648      ;
; 0.406 ; state_ledg.01000 ; LEDG[1]~reg0     ; clock_ledg   ; clock_ledg  ; 0.000        ; 0.071      ; 0.648      ;
; 0.408 ; state_ledg.01001 ; state_ledg.01010 ; clock_ledg   ; clock_ledg  ; 0.000        ; 0.071      ; 0.650      ;
; 0.572 ; state_ledg.01010 ; state_ledg.01011 ; clock_ledg   ; clock_ledg  ; 0.000        ; 0.073      ; 0.816      ;
; 0.583 ; state_ledg.00011 ; state_ledg.00100 ; clock_ledg   ; clock_ledg  ; 0.000        ; 0.069      ; 0.823      ;
; 0.630 ; state_ledg.01100 ; LEDG[5]~reg0     ; clock_ledg   ; clock_ledg  ; 0.000        ; 0.071      ; 0.872      ;
; 0.633 ; state_ledg.01101 ; LEDG[6]~reg0     ; clock_ledg   ; clock_ledg  ; 0.000        ; 0.071      ; 0.875      ;
; 0.633 ; state_ledg.00110 ; LEDG[1]~reg0     ; clock_ledg   ; clock_ledg  ; 0.000        ; 0.071      ; 0.875      ;
; 0.635 ; state_ledg.01001 ; LEDG[2]~reg0     ; clock_ledg   ; clock_ledg  ; 0.000        ; 0.071      ; 0.877      ;
; 0.644 ; state_ledg.00011 ; LEDG[4]~reg0     ; clock_ledg   ; clock_ledg  ; 0.000        ; 0.071      ; 0.886      ;
; 0.646 ; state_ledg.01010 ; LEDG[3]~reg0     ; clock_ledg   ; clock_ledg  ; 0.000        ; 0.071      ; 0.888      ;
+-------+------------------+------------------+--------------+-------------+--------------+------------+------------+


+-------------------------------------------------------------------------------------------------------------------+
; Slow 1200mV 0C Model Hold: 'clock_hex'                                                                            ;
+-------+------------------+------------------+--------------+-------------+--------------+------------+------------+
; Slack ; From Node        ; To Node          ; Launch Clock ; Latch Clock ; Relationship ; Clock Skew ; Data Delay ;
+-------+------------------+------------------+--------------+-------------+--------------+------------+------------+
; 0.398 ; state_hex.hex_s1 ; state_hex.hex_s1 ; clock_hex    ; clock_hex   ; 0.000        ; 0.039      ; 0.608      ;
+-------+------------------+------------------+--------------+-------------+--------------+------------+------------+


+---------------------------------------------------------------------------------------------------------------------+
; Slow 1200mV 0C Model Hold: 'clock_ledr'                                                                             ;
+-------+-------------------+-------------------+--------------+-------------+--------------+------------+------------+
; Slack ; From Node         ; To Node           ; Launch Clock ; Latch Clock ; Relationship ; Clock Skew ; Data Delay ;
+-------+-------------------+-------------------+--------------+-------------+--------------+------------+------------+
; 0.401 ; state_ledr.011010 ; state_ledr.011011 ; clock_ledr   ; clock_ledr  ; 0.000        ; 0.072      ; 0.644      ;
; 0.406 ; state_ledr.011011 ; state_ledr.011100 ; clock_ledr   ; clock_ledr  ; 0.000        ; 0.072      ; 0.649      ;
; 0.412 ; state_ledr.100011 ; state_ledr.100100 ; clock_ledr   ; clock_ledr  ; 0.000        ; 0.072      ; 0.655      ;
; 0.419 ; state_ledr.001100 ; state_ledr.001101 ; clock_ledr   ; clock_ledr  ; 0.000        ; 0.072      ; 0.662      ;
; 0.431 ; state_ledr.011001 ; state_ledr.011010 ; clock_ledr   ; clock_ledr  ; 0.000        ; 0.072      ; 0.674      ;
; 0.461 ; state_ledr.010111 ; LEDR[6]~reg0      ; clock_ledr   ; clock_ledr  ; 0.000        ; 0.463      ; 1.095      ;
; 0.468 ; state_ledr.100001 ; state_ledr.100010 ; clock_ledr   ; clock_ledr  ; 0.000        ; 0.469      ; 1.108      ;
; 0.488 ; state_ledr.010000 ; LEDR[0]~reg0      ; clock_ledr   ; clock_ledr  ; 0.000        ; 0.471      ; 1.130      ;
; 0.501 ; state_ledr.010000 ; state_ledr.010001 ; clock_ledr   ; clock_ledr  ; 0.000        ; 0.471      ; 1.143      ;
; 0.501 ; state_ledr.100100 ; LEDR[17]~reg0     ; clock_ledr   ; clock_ledr  ; 0.000        ; 0.072      ; 0.744      ;
; 0.514 ; state_ledr.100100 ; state_ledr.100101 ; clock_ledr   ; clock_ledr  ; 0.000        ; 0.072      ; 0.757      ;
; 0.517 ; state_ledr.001101 ; LEDR[4]~reg0      ; clock_ledr   ; clock_ledr  ; 0.000        ; 0.072      ; 0.760      ;
; 0.555 ; state_ledr.011110 ; state_ledr.011111 ; clock_ledr   ; clock_ledr  ; 0.000        ; 0.072      ; 0.798      ;
; 0.564 ; state_ledr.100000 ; state_ledr.100001 ; clock_ledr   ; clock_ledr  ; 0.000        ; 0.072      ; 0.807      ;
; 0.566 ; state_ledr.001001 ; state_ledr.001010 ; clock_ledr   ; clock_ledr  ; 0.000        ; 0.072      ; 0.809      ;
; 0.571 ; state_ledr.001101 ; state_ledr.001110 ; clock_ledr   ; clock_ledr  ; 0.000        ; 0.072      ; 0.814      ;
; 0.572 ; state_ledr.100101 ; state_ledr.000000 ; clock_ledr   ; clock_ledr  ; 0.000        ; 0.070      ; 0.813      ;
; 0.573 ; state_ledr.010010 ; state_ledr.010011 ; clock_ledr   ; clock_ledr  ; 0.000        ; 0.070      ; 0.814      ;
; 0.575 ; state_ledr.010101 ; state_ledr.010110 ; clock_ledr   ; clock_ledr  ; 0.000        ; 0.072      ; 0.818      ;
; 0.578 ; state_ledr.010111 ; state_ledr.011000 ; clock_ledr   ; clock_ledr  ; 0.000        ; 0.072      ; 0.821      ;
; 0.580 ; state_ledr.010110 ; state_ledr.010111 ; clock_ledr   ; clock_ledr  ; 0.000        ; 0.074      ; 0.825      ;
; 0.584 ; state_ledr.001000 ; LEDR[9]~reg0      ; clock_ledr   ; clock_ledr  ; 0.000        ; 0.465      ; 1.220      ;
; 0.588 ; state_ledr.011100 ; state_ledr.011101 ; clock_ledr   ; clock_ledr  ; 0.000        ; 0.072      ; 0.831      ;
; 0.596 ; state_ledr.001110 ; LEDR[0]~reg0      ; clock_ledr   ; clock_ledr  ; 0.000        ; 0.471      ; 1.238      ;
; 0.616 ; state_ledr.011001 ; LEDR[6]~reg0      ; clock_ledr   ; clock_ledr  ; 0.000        ; 0.463      ; 1.250      ;
; 0.622 ; state_ledr.001100 ; LEDR[0]~reg0      ; clock_ledr   ; clock_ledr  ; 0.000        ; 0.471      ; 1.264      ;
; 0.624 ; state_ledr.100011 ; LEDR[16]~reg0     ; clock_ledr   ; clock_ledr  ; 0.000        ; 0.072      ; 0.867      ;
; 0.624 ; state_ledr.100011 ; LEDR[17]~reg0     ; clock_ledr   ; clock_ledr  ; 0.000        ; 0.072      ; 0.867      ;
; 0.627 ; state_ledr.001101 ; LEDR[3]~reg0      ; clock_ledr   ; clock_ledr  ; 0.000        ; 0.072      ; 0.870      ;
; 0.634 ; state_ledr.001100 ; LEDR[3]~reg0      ; clock_ledr   ; clock_ledr  ; 0.000        ; 0.072      ; 0.877      ;
; 0.636 ; state_ledr.001100 ; LEDR[4]~reg0      ; clock_ledr   ; clock_ledr  ; 0.000        ; 0.072      ; 0.879      ;
; 0.637 ; state_ledr.100000 ; LEDR[13]~reg0     ; clock_ledr   ; clock_ledr  ; 0.000        ; 0.072      ; 0.880      ;
; 0.638 ; state_ledr.001100 ; LEDR[5]~reg0      ; clock_ledr   ; clock_ledr  ; 0.000        ; 0.072      ; 0.881      ;
; 0.663 ; state_ledr.011001 ; LEDR[7]~reg0      ; clock_ledr   ; clock_ledr  ; 0.000        ; 0.469      ; 1.303      ;
; 0.667 ; state_ledr.001110 ; LEDR[3]~reg0      ; clock_ledr   ; clock_ledr  ; 0.000        ; 0.072      ; 0.910      ;
; 0.680 ; state_ledr.001110 ; state_ledr.001111 ; clock_ledr   ; clock_ledr  ; 0.000        ; 0.072      ; 0.923      ;
; 0.681 ; state_ledr.001011 ; state_ledr.001100 ; clock_ledr   ; clock_ledr  ; 0.000        ; 0.072      ; 0.924      ;
; 0.691 ; state_ledr.000000 ; state_ledr.000001 ; clock_ledr   ; clock_ledr  ; 0.000        ; 0.072      ; 0.934      ;
; 0.693 ; state_ledr.001011 ; LEDR[1]~reg0      ; clock_ledr   ; clock_ledr  ; 0.000        ; 0.072      ; 0.936      ;
; 0.694 ; state_ledr.001011 ; LEDR[2]~reg0      ; clock_ledr   ; clock_ledr  ; 0.000        ; 0.072      ; 0.937      ;
; 0.695 ; state_ledr.010100 ; LEDR[2]~reg0      ; clock_ledr   ; clock_ledr  ; 0.000        ; 0.072      ; 0.938      ;
; 0.696 ; state_ledr.010100 ; LEDR[1]~reg0      ; clock_ledr   ; clock_ledr  ; 0.000        ; 0.072      ; 0.939      ;
; 0.707 ; state_ledr.000101 ; state_ledr.000110 ; clock_ledr   ; clock_ledr  ; 0.000        ; 0.072      ; 0.950      ;
; 0.711 ; state_ledr.010100 ; state_ledr.010101 ; clock_ledr   ; clock_ledr  ; 0.000        ; 0.072      ; 0.954      ;
; 0.717 ; state_ledr.001011 ; LEDR[6]~reg0      ; clock_ledr   ; clock_ledr  ; 0.000        ; 0.465      ; 1.353      ;
; 0.731 ; state_ledr.001111 ; state_ledr.010000 ; clock_ledr   ; clock_ledr  ; 0.000        ; 0.072      ; 0.974      ;
; 0.734 ; state_ledr.000111 ; state_ledr.001000 ; clock_ledr   ; clock_ledr  ; 0.000        ; 0.072      ; 0.977      ;
; 0.745 ; state_ledr.001000 ; state_ledr.001001 ; clock_ledr   ; clock_ledr  ; 0.000        ; 0.072      ; 0.988      ;
; 0.750 ; state_ledr.000001 ; state_ledr.000010 ; clock_ledr   ; clock_ledr  ; 0.000        ; 0.072      ; 0.993      ;
; 0.750 ; state_ledr.000110 ; state_ledr.000111 ; clock_ledr   ; clock_ledr  ; 0.000        ; 0.072      ; 0.993      ;
; 0.754 ; state_ledr.000011 ; state_ledr.000100 ; clock_ledr   ; clock_ledr  ; 0.000        ; 0.072      ; 0.997      ;
; 0.756 ; state_ledr.011001 ; LEDR[10]~reg0     ; clock_ledr   ; clock_ledr  ; 0.000        ; 0.467      ; 1.394      ;
; 0.756 ; state_ledr.011001 ; LEDR[9]~reg0      ; clock_ledr   ; clock_ledr  ; 0.000        ; 0.467      ; 1.394      ;
; 0.761 ; state_ledr.000100 ; state_ledr.000101 ; clock_ledr   ; clock_ledr  ; 0.000        ; 0.072      ; 1.004      ;
; 0.773 ; state_ledr.000101 ; LEDR[8]~reg0      ; clock_ledr   ; clock_ledr  ; 0.000        ; 0.070      ; 1.014      ;
; 0.774 ; state_ledr.010011 ; state_ledr.010100 ; clock_ledr   ; clock_ledr  ; 0.000        ; 0.068      ; 1.013      ;
; 0.774 ; state_ledr.000101 ; LEDR[12]~reg0     ; clock_ledr   ; clock_ledr  ; 0.000        ; 0.070      ; 1.015      ;
; 0.776 ; state_ledr.011101 ; LEDR[10]~reg0     ; clock_ledr   ; clock_ledr  ; 0.000        ; 0.467      ; 1.414      ;
; 0.800 ; state_ledr.010101 ; LEDR[2]~reg0      ; clock_ledr   ; clock_ledr  ; 0.000        ; 0.072      ; 1.043      ;
; 0.801 ; state_ledr.100010 ; state_ledr.100011 ; clock_ledr   ; clock_ledr  ; 0.000        ; -0.305     ; 0.667      ;
; 0.809 ; state_ledr.010100 ; LEDR[6]~reg0      ; clock_ledr   ; clock_ledr  ; 0.000        ; 0.465      ; 1.445      ;
; 0.813 ; state_ledr.000000 ; LEDR[7]~reg0      ; clock_ledr   ; clock_ledr  ; 0.000        ; 0.467      ; 1.451      ;
; 0.826 ; state_ledr.010100 ; LEDR[7]~reg0      ; clock_ledr   ; clock_ledr  ; 0.000        ; 0.471      ; 1.468      ;
; 0.839 ; state_ledr.000001 ; LEDR[15]~reg0     ; clock_ledr   ; clock_ledr  ; 0.000        ; 0.074      ; 1.084      ;
; 0.844 ; state_ledr.011101 ; LEDR[11]~reg0     ; clock_ledr   ; clock_ledr  ; 0.000        ; 0.072      ; 1.087      ;
; 0.850 ; state_ledr.010111 ; LEDR[5]~reg0      ; clock_ledr   ; clock_ledr  ; 0.000        ; 0.070      ; 1.091      ;
; 0.851 ; state_ledr.010111 ; LEDR[4]~reg0      ; clock_ledr   ; clock_ledr  ; 0.000        ; 0.070      ; 1.092      ;
; 0.852 ; state_ledr.000010 ; LEDR[10]~reg0     ; clock_ledr   ; clock_ledr  ; 0.000        ; 0.465      ; 1.488      ;
; 0.852 ; state_ledr.000010 ; LEDR[9]~reg0      ; clock_ledr   ; clock_ledr  ; 0.000        ; 0.465      ; 1.488      ;
; 0.857 ; state_ledr.011101 ; state_ledr.011110 ; clock_ledr   ; clock_ledr  ; 0.000        ; 0.072      ; 1.100      ;
; 0.858 ; state_ledr.000010 ; LEDR[15]~reg0     ; clock_ledr   ; clock_ledr  ; 0.000        ; 0.074      ; 1.103      ;
; 0.860 ; state_ledr.011000 ; LEDR[7]~reg0      ; clock_ledr   ; clock_ledr  ; 0.000        ; 0.469      ; 1.500      ;
; 0.864 ; state_ledr.000101 ; LEDR[7]~reg0      ; clock_ledr   ; clock_ledr  ; 0.000        ; 0.467      ; 1.502      ;
; 0.866 ; state_ledr.011010 ; LEDR[7]~reg0      ; clock_ledr   ; clock_ledr  ; 0.000        ; 0.469      ; 1.506      ;
; 0.871 ; state_ledr.000100 ; LEDR[10]~reg0     ; clock_ledr   ; clock_ledr  ; 0.000        ; 0.465      ; 1.507      ;
; 0.871 ; state_ledr.000100 ; LEDR[9]~reg0      ; clock_ledr   ; clock_ledr  ; 0.000        ; 0.465      ; 1.507      ;
; 0.887 ; state_ledr.000010 ; LEDR[13]~reg0     ; clock_ledr   ; clock_ledr  ; 0.000        ; 0.070      ; 1.128      ;
; 0.892 ; state_ledr.010001 ; state_ledr.010010 ; clock_ledr   ; clock_ledr  ; 0.000        ; -0.305     ; 0.758      ;
; 0.897 ; state_ledr.000111 ; LEDR[10]~reg0     ; clock_ledr   ; clock_ledr  ; 0.000        ; 0.465      ; 1.533      ;
; 0.897 ; state_ledr.000111 ; LEDR[9]~reg0      ; clock_ledr   ; clock_ledr  ; 0.000        ; 0.465      ; 1.533      ;
; 0.898 ; state_ledr.000001 ; LEDR[16]~reg0     ; clock_ledr   ; clock_ledr  ; 0.000        ; 0.074      ; 1.143      ;
; 0.901 ; state_ledr.000001 ; LEDR[14]~reg0     ; clock_ledr   ; clock_ledr  ; 0.000        ; 0.074      ; 1.146      ;
; 0.902 ; state_ledr.001111 ; LEDR[0]~reg0      ; clock_ledr   ; clock_ledr  ; 0.000        ; 0.471      ; 1.544      ;
; 0.904 ; state_ledr.001101 ; LEDR[0]~reg0      ; clock_ledr   ; clock_ledr  ; 0.000        ; 0.471      ; 1.546      ;
; 0.905 ; state_ledr.011000 ; state_ledr.011001 ; clock_ledr   ; clock_ledr  ; 0.000        ; 0.072      ; 1.148      ;
; 0.906 ; state_ledr.000100 ; LEDR[13]~reg0     ; clock_ledr   ; clock_ledr  ; 0.000        ; 0.070      ; 1.147      ;
; 0.908 ; state_ledr.000010 ; LEDR[7]~reg0      ; clock_ledr   ; clock_ledr  ; 0.000        ; 0.467      ; 1.546      ;
; 0.927 ; state_ledr.000100 ; LEDR[7]~reg0      ; clock_ledr   ; clock_ledr  ; 0.000        ; 0.467      ; 1.565      ;
; 0.942 ; state_ledr.011111 ; state_ledr.100000 ; clock_ledr   ; clock_ledr  ; 0.000        ; 0.072      ; 1.185      ;
; 0.944 ; state_ledr.001010 ; state_ledr.001011 ; clock_ledr   ; clock_ledr  ; 0.000        ; 0.068      ; 1.183      ;
; 0.959 ; state_ledr.001000 ; LEDR[7]~reg0      ; clock_ledr   ; clock_ledr  ; 0.000        ; 0.467      ; 1.597      ;
; 0.962 ; state_ledr.000010 ; LEDR[14]~reg0     ; clock_ledr   ; clock_ledr  ; 0.000        ; 0.074      ; 1.207      ;
; 0.966 ; state_ledr.011100 ; LEDR[9]~reg0      ; clock_ledr   ; clock_ledr  ; 0.000        ; 0.467      ; 1.604      ;
; 0.966 ; state_ledr.011100 ; LEDR[10]~reg0     ; clock_ledr   ; clock_ledr  ; 0.000        ; 0.467      ; 1.604      ;
; 0.976 ; state_ledr.001010 ; LEDR[7]~reg0      ; clock_ledr   ; clock_ledr  ; 0.000        ; 0.467      ; 1.614      ;
; 0.979 ; state_ledr.011000 ; LEDR[6]~reg0      ; clock_ledr   ; clock_ledr  ; 0.000        ; 0.463      ; 1.613      ;
; 0.984 ; state_ledr.000111 ; LEDR[7]~reg0      ; clock_ledr   ; clock_ledr  ; 0.000        ; 0.467      ; 1.622      ;
; 0.988 ; state_ledr.010011 ; LEDR[7]~reg0      ; clock_ledr   ; clock_ledr  ; 0.000        ; 0.467      ; 1.626      ;
; 1.000 ; state_ledr.010000 ; LEDR[1]~reg0      ; clock_ledr   ; clock_ledr  ; 0.000        ; 0.072      ; 1.243      ;
; 1.002 ; state_ledr.000101 ; LEDR[11]~reg0     ; clock_ledr   ; clock_ledr  ; 0.000        ; 0.070      ; 1.243      ;
+-------+-------------------+-------------------+--------------+-------------+--------------+------------+------------+


+-----------------------------------------------------------------------------------------------+
; Slow 1200mV 0C Model Minimum Pulse Width: 'CLOCK_50'                                          ;
+--------+--------------+----------------+------------+----------+------------+-----------------+
; Slack  ; Actual Width ; Required Width ; Type       ; Clock    ; Clock Edge ; Target          ;
+--------+--------------+----------------+------------+----------+------------+-----------------+
; -3.000 ; 1.000        ; 4.000          ; Port Rate  ; CLOCK_50 ; Rise       ; CLOCK_50        ;
; -1.285 ; 1.000        ; 2.285          ; Min Period ; CLOCK_50 ; Rise       ; blink_count[0]  ;
; -1.285 ; 1.000        ; 2.285          ; Min Period ; CLOCK_50 ; Rise       ; blink_count[10] ;
; -1.285 ; 1.000        ; 2.285          ; Min Period ; CLOCK_50 ; Rise       ; blink_count[11] ;
; -1.285 ; 1.000        ; 2.285          ; Min Period ; CLOCK_50 ; Rise       ; blink_count[12] ;
; -1.285 ; 1.000        ; 2.285          ; Min Period ; CLOCK_50 ; Rise       ; blink_count[13] ;
; -1.285 ; 1.000        ; 2.285          ; Min Period ; CLOCK_50 ; Rise       ; blink_count[14] ;
; -1.285 ; 1.000        ; 2.285          ; Min Period ; CLOCK_50 ; Rise       ; blink_count[15] ;
; -1.285 ; 1.000        ; 2.285          ; Min Period ; CLOCK_50 ; Rise       ; blink_count[16] ;
; -1.285 ; 1.000        ; 2.285          ; Min Period ; CLOCK_50 ; Rise       ; blink_count[17] ;
; -1.285 ; 1.000        ; 2.285          ; Min Period ; CLOCK_50 ; Rise       ; blink_count[18] ;
; -1.285 ; 1.000        ; 2.285          ; Min Period ; CLOCK_50 ; Rise       ; blink_count[19] ;
; -1.285 ; 1.000        ; 2.285          ; Min Period ; CLOCK_50 ; Rise       ; blink_count[1]  ;
; -1.285 ; 1.000        ; 2.285          ; Min Period ; CLOCK_50 ; Rise       ; blink_count[20] ;
; -1.285 ; 1.000        ; 2.285          ; Min Period ; CLOCK_50 ; Rise       ; blink_count[21] ;
; -1.285 ; 1.000        ; 2.285          ; Min Period ; CLOCK_50 ; Rise       ; blink_count[22] ;
; -1.285 ; 1.000        ; 2.285          ; Min Period ; CLOCK_50 ; Rise       ; blink_count[23] ;
; -1.285 ; 1.000        ; 2.285          ; Min Period ; CLOCK_50 ; Rise       ; blink_count[24] ;
; -1.285 ; 1.000        ; 2.285          ; Min Period ; CLOCK_50 ; Rise       ; blink_count[2]  ;
; -1.285 ; 1.000        ; 2.285          ; Min Period ; CLOCK_50 ; Rise       ; blink_count[3]  ;
; -1.285 ; 1.000        ; 2.285          ; Min Period ; CLOCK_50 ; Rise       ; blink_count[4]  ;
; -1.285 ; 1.000        ; 2.285          ; Min Period ; CLOCK_50 ; Rise       ; blink_count[5]  ;
; -1.285 ; 1.000        ; 2.285          ; Min Period ; CLOCK_50 ; Rise       ; blink_count[6]  ;
; -1.285 ; 1.000        ; 2.285          ; Min Period ; CLOCK_50 ; Rise       ; blink_count[7]  ;
; -1.285 ; 1.000        ; 2.285          ; Min Period ; CLOCK_50 ; Rise       ; blink_count[8]  ;
; -1.285 ; 1.000        ; 2.285          ; Min Period ; CLOCK_50 ; Rise       ; blink_count[9]  ;
; -1.285 ; 1.000        ; 2.285          ; Min Period ; CLOCK_50 ; Rise       ; blink_en        ;
; -1.285 ; 1.000        ; 2.285          ; Min Period ; CLOCK_50 ; Rise       ; blink_prev      ;
; -1.285 ; 1.000        ; 2.285          ; Min Period ; CLOCK_50 ; Rise       ; clock_hex       ;
; -1.285 ; 1.000        ; 2.285          ; Min Period ; CLOCK_50 ; Rise       ; clock_ledg      ;
; -1.285 ; 1.000        ; 2.285          ; Min Period ; CLOCK_50 ; Rise       ; clock_ledr      ;
; -1.285 ; 1.000        ; 2.285          ; Min Period ; CLOCK_50 ; Rise       ; count_lcd[0]    ;
; -1.285 ; 1.000        ; 2.285          ; Min Period ; CLOCK_50 ; Rise       ; count_lcd[10]   ;
; -1.285 ; 1.000        ; 2.285          ; Min Period ; CLOCK_50 ; Rise       ; count_lcd[11]   ;
; -1.285 ; 1.000        ; 2.285          ; Min Period ; CLOCK_50 ; Rise       ; count_lcd[12]   ;
; -1.285 ; 1.000        ; 2.285          ; Min Period ; CLOCK_50 ; Rise       ; count_lcd[13]   ;
; -1.285 ; 1.000        ; 2.285          ; Min Period ; CLOCK_50 ; Rise       ; count_lcd[14]   ;
; -1.285 ; 1.000        ; 2.285          ; Min Period ; CLOCK_50 ; Rise       ; count_lcd[15]   ;
; -1.285 ; 1.000        ; 2.285          ; Min Period ; CLOCK_50 ; Rise       ; count_lcd[16]   ;
; -1.285 ; 1.000        ; 2.285          ; Min Period ; CLOCK_50 ; Rise       ; count_lcd[17]   ;
; -1.285 ; 1.000        ; 2.285          ; Min Period ; CLOCK_50 ; Rise       ; count_lcd[18]   ;
; -1.285 ; 1.000        ; 2.285          ; Min Period ; CLOCK_50 ; Rise       ; count_lcd[19]   ;
; -1.285 ; 1.000        ; 2.285          ; Min Period ; CLOCK_50 ; Rise       ; count_lcd[1]    ;
; -1.285 ; 1.000        ; 2.285          ; Min Period ; CLOCK_50 ; Rise       ; count_lcd[2]    ;
; -1.285 ; 1.000        ; 2.285          ; Min Period ; CLOCK_50 ; Rise       ; count_lcd[3]    ;
; -1.285 ; 1.000        ; 2.285          ; Min Period ; CLOCK_50 ; Rise       ; count_lcd[4]    ;
; -1.285 ; 1.000        ; 2.285          ; Min Period ; CLOCK_50 ; Rise       ; count_lcd[5]    ;
; -1.285 ; 1.000        ; 2.285          ; Min Period ; CLOCK_50 ; Rise       ; count_lcd[6]    ;
; -1.285 ; 1.000        ; 2.285          ; Min Period ; CLOCK_50 ; Rise       ; count_lcd[7]    ;
; -1.285 ; 1.000        ; 2.285          ; Min Period ; CLOCK_50 ; Rise       ; count_lcd[8]    ;
; -1.285 ; 1.000        ; 2.285          ; Min Period ; CLOCK_50 ; Rise       ; count_lcd[9]    ;
; -1.285 ; 1.000        ; 2.285          ; Min Period ; CLOCK_50 ; Rise       ; countend[0]     ;
; -1.285 ; 1.000        ; 2.285          ; Min Period ; CLOCK_50 ; Rise       ; countend[18]    ;
; -1.285 ; 1.000        ; 2.285          ; Min Period ; CLOCK_50 ; Rise       ; countend[4]     ;
; -1.285 ; 1.000        ; 2.285          ; Min Period ; CLOCK_50 ; Rise       ; data[0]         ;
; -1.285 ; 1.000        ; 2.285          ; Min Period ; CLOCK_50 ; Rise       ; data[1]         ;
; -1.285 ; 1.000        ; 2.285          ; Min Period ; CLOCK_50 ; Rise       ; data[2]         ;
; -1.285 ; 1.000        ; 2.285          ; Min Period ; CLOCK_50 ; Rise       ; data[3]         ;
; -1.285 ; 1.000        ; 2.285          ; Min Period ; CLOCK_50 ; Rise       ; data[4]         ;
; -1.285 ; 1.000        ; 2.285          ; Min Period ; CLOCK_50 ; Rise       ; data[5]         ;
; -1.285 ; 1.000        ; 2.285          ; Min Period ; CLOCK_50 ; Rise       ; data[6]         ;
; -1.285 ; 1.000        ; 2.285          ; Min Period ; CLOCK_50 ; Rise       ; data[7]         ;
; -1.285 ; 1.000        ; 2.285          ; Min Period ; CLOCK_50 ; Rise       ; data[8]         ;
; -1.285 ; 1.000        ; 2.285          ; Min Period ; CLOCK_50 ; Rise       ; en              ;
; -1.285 ; 1.000        ; 2.285          ; Min Period ; CLOCK_50 ; Rise       ; flag            ;
; -1.285 ; 1.000        ; 2.285          ; Min Period ; CLOCK_50 ; Rise       ; index[0]        ;
; -1.285 ; 1.000        ; 2.285          ; Min Period ; CLOCK_50 ; Rise       ; index[1]        ;
; -1.285 ; 1.000        ; 2.285          ; Min Period ; CLOCK_50 ; Rise       ; q_hex[10]       ;
; -1.285 ; 1.000        ; 2.285          ; Min Period ; CLOCK_50 ; Rise       ; q_hex[11]       ;
; -1.285 ; 1.000        ; 2.285          ; Min Period ; CLOCK_50 ; Rise       ; q_hex[12]       ;
; -1.285 ; 1.000        ; 2.285          ; Min Period ; CLOCK_50 ; Rise       ; q_hex[13]       ;
; -1.285 ; 1.000        ; 2.285          ; Min Period ; CLOCK_50 ; Rise       ; q_hex[14]       ;
; -1.285 ; 1.000        ; 2.285          ; Min Period ; CLOCK_50 ; Rise       ; q_hex[15]       ;
; -1.285 ; 1.000        ; 2.285          ; Min Period ; CLOCK_50 ; Rise       ; q_hex[16]       ;
; -1.285 ; 1.000        ; 2.285          ; Min Period ; CLOCK_50 ; Rise       ; q_hex[17]       ;
; -1.285 ; 1.000        ; 2.285          ; Min Period ; CLOCK_50 ; Rise       ; q_hex[18]       ;
; -1.285 ; 1.000        ; 2.285          ; Min Period ; CLOCK_50 ; Rise       ; q_hex[19]       ;
; -1.285 ; 1.000        ; 2.285          ; Min Period ; CLOCK_50 ; Rise       ; q_hex[20]       ;
; -1.285 ; 1.000        ; 2.285          ; Min Period ; CLOCK_50 ; Rise       ; q_hex[21]       ;
; -1.285 ; 1.000        ; 2.285          ; Min Period ; CLOCK_50 ; Rise       ; q_hex[22]       ;
; -1.285 ; 1.000        ; 2.285          ; Min Period ; CLOCK_50 ; Rise       ; q_hex[23]       ;
; -1.285 ; 1.000        ; 2.285          ; Min Period ; CLOCK_50 ; Rise       ; q_hex[24]       ;
; -1.285 ; 1.000        ; 2.285          ; Min Period ; CLOCK_50 ; Rise       ; q_hex[25]       ;
; -1.285 ; 1.000        ; 2.285          ; Min Period ; CLOCK_50 ; Rise       ; q_hex[26]       ;
; -1.285 ; 1.000        ; 2.285          ; Min Period ; CLOCK_50 ; Rise       ; q_hex[27]       ;
; -1.285 ; 1.000        ; 2.285          ; Min Period ; CLOCK_50 ; Rise       ; q_hex[28]       ;
; -1.285 ; 1.000        ; 2.285          ; Min Period ; CLOCK_50 ; Rise       ; q_hex[29]       ;
; -1.285 ; 1.000        ; 2.285          ; Min Period ; CLOCK_50 ; Rise       ; q_hex[30]       ;
; -1.285 ; 1.000        ; 2.285          ; Min Period ; CLOCK_50 ; Rise       ; q_hex[31]       ;
; -1.285 ; 1.000        ; 2.285          ; Min Period ; CLOCK_50 ; Rise       ; q_hex[4]        ;
; -1.285 ; 1.000        ; 2.285          ; Min Period ; CLOCK_50 ; Rise       ; q_hex[5]        ;
; -1.285 ; 1.000        ; 2.285          ; Min Period ; CLOCK_50 ; Rise       ; q_hex[6]        ;
; -1.285 ; 1.000        ; 2.285          ; Min Period ; CLOCK_50 ; Rise       ; q_hex[7]        ;
; -1.285 ; 1.000        ; 2.285          ; Min Period ; CLOCK_50 ; Rise       ; q_hex[8]        ;
; -1.285 ; 1.000        ; 2.285          ; Min Period ; CLOCK_50 ; Rise       ; q_hex[9]        ;
; -1.285 ; 1.000        ; 2.285          ; Min Period ; CLOCK_50 ; Rise       ; q_ledg[10]      ;
; -1.285 ; 1.000        ; 2.285          ; Min Period ; CLOCK_50 ; Rise       ; q_ledg[11]      ;
; -1.285 ; 1.000        ; 2.285          ; Min Period ; CLOCK_50 ; Rise       ; q_ledg[12]      ;
; -1.285 ; 1.000        ; 2.285          ; Min Period ; CLOCK_50 ; Rise       ; q_ledg[13]      ;
; -1.285 ; 1.000        ; 2.285          ; Min Period ; CLOCK_50 ; Rise       ; q_ledg[14]      ;
+--------+--------------+----------------+------------+----------+------------+-----------------+


+---------------------------------------------------------------------------------------------------------+
; Slow 1200mV 0C Model Minimum Pulse Width: 'clock_ledr'                                                  ;
+--------+--------------+----------------+------------------+------------+------------+-------------------+
; Slack  ; Actual Width ; Required Width ; Type             ; Clock      ; Clock Edge ; Target            ;
+--------+--------------+----------------+------------------+------------+------------+-------------------+
; -1.285 ; 1.000        ; 2.285          ; Min Period       ; clock_ledr ; Rise       ; LEDR[0]~reg0      ;
; -1.285 ; 1.000        ; 2.285          ; Min Period       ; clock_ledr ; Rise       ; LEDR[10]~reg0     ;
; -1.285 ; 1.000        ; 2.285          ; Min Period       ; clock_ledr ; Rise       ; LEDR[11]~reg0     ;
; -1.285 ; 1.000        ; 2.285          ; Min Period       ; clock_ledr ; Rise       ; LEDR[12]~reg0     ;
; -1.285 ; 1.000        ; 2.285          ; Min Period       ; clock_ledr ; Rise       ; LEDR[13]~reg0     ;
; -1.285 ; 1.000        ; 2.285          ; Min Period       ; clock_ledr ; Rise       ; LEDR[14]~reg0     ;
; -1.285 ; 1.000        ; 2.285          ; Min Period       ; clock_ledr ; Rise       ; LEDR[15]~reg0     ;
; -1.285 ; 1.000        ; 2.285          ; Min Period       ; clock_ledr ; Rise       ; LEDR[16]~reg0     ;
; -1.285 ; 1.000        ; 2.285          ; Min Period       ; clock_ledr ; Rise       ; LEDR[17]~reg0     ;
; -1.285 ; 1.000        ; 2.285          ; Min Period       ; clock_ledr ; Rise       ; LEDR[1]~reg0      ;
; -1.285 ; 1.000        ; 2.285          ; Min Period       ; clock_ledr ; Rise       ; LEDR[2]~reg0      ;
; -1.285 ; 1.000        ; 2.285          ; Min Period       ; clock_ledr ; Rise       ; LEDR[3]~reg0      ;
; -1.285 ; 1.000        ; 2.285          ; Min Period       ; clock_ledr ; Rise       ; LEDR[4]~reg0      ;
; -1.285 ; 1.000        ; 2.285          ; Min Period       ; clock_ledr ; Rise       ; LEDR[5]~reg0      ;
; -1.285 ; 1.000        ; 2.285          ; Min Period       ; clock_ledr ; Rise       ; LEDR[6]~reg0      ;
; -1.285 ; 1.000        ; 2.285          ; Min Period       ; clock_ledr ; Rise       ; LEDR[7]~reg0      ;
; -1.285 ; 1.000        ; 2.285          ; Min Period       ; clock_ledr ; Rise       ; LEDR[8]~reg0      ;
; -1.285 ; 1.000        ; 2.285          ; Min Period       ; clock_ledr ; Rise       ; LEDR[9]~reg0      ;
; -1.285 ; 1.000        ; 2.285          ; Min Period       ; clock_ledr ; Rise       ; state_ledr.000000 ;
; -1.285 ; 1.000        ; 2.285          ; Min Period       ; clock_ledr ; Rise       ; state_ledr.000001 ;
; -1.285 ; 1.000        ; 2.285          ; Min Period       ; clock_ledr ; Rise       ; state_ledr.000010 ;
; -1.285 ; 1.000        ; 2.285          ; Min Period       ; clock_ledr ; Rise       ; state_ledr.000011 ;
; -1.285 ; 1.000        ; 2.285          ; Min Period       ; clock_ledr ; Rise       ; state_ledr.000100 ;
; -1.285 ; 1.000        ; 2.285          ; Min Period       ; clock_ledr ; Rise       ; state_ledr.000101 ;
; -1.285 ; 1.000        ; 2.285          ; Min Period       ; clock_ledr ; Rise       ; state_ledr.000110 ;
; -1.285 ; 1.000        ; 2.285          ; Min Period       ; clock_ledr ; Rise       ; state_ledr.000111 ;
; -1.285 ; 1.000        ; 2.285          ; Min Period       ; clock_ledr ; Rise       ; state_ledr.001000 ;
; -1.285 ; 1.000        ; 2.285          ; Min Period       ; clock_ledr ; Rise       ; state_ledr.001001 ;
; -1.285 ; 1.000        ; 2.285          ; Min Period       ; clock_ledr ; Rise       ; state_ledr.001010 ;
; -1.285 ; 1.000        ; 2.285          ; Min Period       ; clock_ledr ; Rise       ; state_ledr.001011 ;
; -1.285 ; 1.000        ; 2.285          ; Min Period       ; clock_ledr ; Rise       ; state_ledr.001100 ;
; -1.285 ; 1.000        ; 2.285          ; Min Period       ; clock_ledr ; Rise       ; state_ledr.001101 ;
; -1.285 ; 1.000        ; 2.285          ; Min Period       ; clock_ledr ; Rise       ; state_ledr.001110 ;
; -1.285 ; 1.000        ; 2.285          ; Min Period       ; clock_ledr ; Rise       ; state_ledr.001111 ;
; -1.285 ; 1.000        ; 2.285          ; Min Period       ; clock_ledr ; Rise       ; state_ledr.010000 ;
; -1.285 ; 1.000        ; 2.285          ; Min Period       ; clock_ledr ; Rise       ; state_ledr.010001 ;
; -1.285 ; 1.000        ; 2.285          ; Min Period       ; clock_ledr ; Rise       ; state_ledr.010010 ;
; -1.285 ; 1.000        ; 2.285          ; Min Period       ; clock_ledr ; Rise       ; state_ledr.010011 ;
; -1.285 ; 1.000        ; 2.285          ; Min Period       ; clock_ledr ; Rise       ; state_ledr.010100 ;
; -1.285 ; 1.000        ; 2.285          ; Min Period       ; clock_ledr ; Rise       ; state_ledr.010101 ;
; -1.285 ; 1.000        ; 2.285          ; Min Period       ; clock_ledr ; Rise       ; state_ledr.010110 ;
; -1.285 ; 1.000        ; 2.285          ; Min Period       ; clock_ledr ; Rise       ; state_ledr.010111 ;
; -1.285 ; 1.000        ; 2.285          ; Min Period       ; clock_ledr ; Rise       ; state_ledr.011000 ;
; -1.285 ; 1.000        ; 2.285          ; Min Period       ; clock_ledr ; Rise       ; state_ledr.011001 ;
; -1.285 ; 1.000        ; 2.285          ; Min Period       ; clock_ledr ; Rise       ; state_ledr.011010 ;
; -1.285 ; 1.000        ; 2.285          ; Min Period       ; clock_ledr ; Rise       ; state_ledr.011011 ;
; -1.285 ; 1.000        ; 2.285          ; Min Period       ; clock_ledr ; Rise       ; state_ledr.011100 ;
; -1.285 ; 1.000        ; 2.285          ; Min Period       ; clock_ledr ; Rise       ; state_ledr.011101 ;
; -1.285 ; 1.000        ; 2.285          ; Min Period       ; clock_ledr ; Rise       ; state_ledr.011110 ;
; -1.285 ; 1.000        ; 2.285          ; Min Period       ; clock_ledr ; Rise       ; state_ledr.011111 ;
; -1.285 ; 1.000        ; 2.285          ; Min Period       ; clock_ledr ; Rise       ; state_ledr.100000 ;
; -1.285 ; 1.000        ; 2.285          ; Min Period       ; clock_ledr ; Rise       ; state_ledr.100001 ;
; -1.285 ; 1.000        ; 2.285          ; Min Period       ; clock_ledr ; Rise       ; state_ledr.100010 ;
; -1.285 ; 1.000        ; 2.285          ; Min Period       ; clock_ledr ; Rise       ; state_ledr.100011 ;
; -1.285 ; 1.000        ; 2.285          ; Min Period       ; clock_ledr ; Rise       ; state_ledr.100100 ;
; -1.285 ; 1.000        ; 2.285          ; Min Period       ; clock_ledr ; Rise       ; state_ledr.100101 ;
; 0.202  ; 0.420        ; 0.218          ; High Pulse Width ; clock_ledr ; Rise       ; LEDR[0]~reg0      ;
; 0.202  ; 0.420        ; 0.218          ; High Pulse Width ; clock_ledr ; Rise       ; LEDR[10]~reg0     ;
; 0.202  ; 0.420        ; 0.218          ; High Pulse Width ; clock_ledr ; Rise       ; LEDR[6]~reg0      ;
; 0.202  ; 0.420        ; 0.218          ; High Pulse Width ; clock_ledr ; Rise       ; LEDR[7]~reg0      ;
; 0.202  ; 0.420        ; 0.218          ; High Pulse Width ; clock_ledr ; Rise       ; LEDR[9]~reg0      ;
; 0.202  ; 0.420        ; 0.218          ; High Pulse Width ; clock_ledr ; Rise       ; state_ledr.010001 ;
; 0.202  ; 0.420        ; 0.218          ; High Pulse Width ; clock_ledr ; Rise       ; state_ledr.100010 ;
; 0.218  ; 0.436        ; 0.218          ; High Pulse Width ; clock_ledr ; Rise       ; LEDR[11]~reg0     ;
; 0.218  ; 0.436        ; 0.218          ; High Pulse Width ; clock_ledr ; Rise       ; LEDR[12]~reg0     ;
; 0.218  ; 0.436        ; 0.218          ; High Pulse Width ; clock_ledr ; Rise       ; LEDR[13]~reg0     ;
; 0.218  ; 0.436        ; 0.218          ; High Pulse Width ; clock_ledr ; Rise       ; LEDR[14]~reg0     ;
; 0.218  ; 0.436        ; 0.218          ; High Pulse Width ; clock_ledr ; Rise       ; LEDR[15]~reg0     ;
; 0.218  ; 0.436        ; 0.218          ; High Pulse Width ; clock_ledr ; Rise       ; LEDR[16]~reg0     ;
; 0.218  ; 0.436        ; 0.218          ; High Pulse Width ; clock_ledr ; Rise       ; LEDR[17]~reg0     ;
; 0.218  ; 0.436        ; 0.218          ; High Pulse Width ; clock_ledr ; Rise       ; LEDR[1]~reg0      ;
; 0.218  ; 0.436        ; 0.218          ; High Pulse Width ; clock_ledr ; Rise       ; LEDR[2]~reg0      ;
; 0.218  ; 0.436        ; 0.218          ; High Pulse Width ; clock_ledr ; Rise       ; LEDR[3]~reg0      ;
; 0.218  ; 0.436        ; 0.218          ; High Pulse Width ; clock_ledr ; Rise       ; LEDR[4]~reg0      ;
; 0.218  ; 0.436        ; 0.218          ; High Pulse Width ; clock_ledr ; Rise       ; LEDR[5]~reg0      ;
; 0.218  ; 0.436        ; 0.218          ; High Pulse Width ; clock_ledr ; Rise       ; LEDR[8]~reg0      ;
; 0.218  ; 0.436        ; 0.218          ; High Pulse Width ; clock_ledr ; Rise       ; state_ledr.000000 ;
; 0.218  ; 0.436        ; 0.218          ; High Pulse Width ; clock_ledr ; Rise       ; state_ledr.000001 ;
; 0.218  ; 0.436        ; 0.218          ; High Pulse Width ; clock_ledr ; Rise       ; state_ledr.000010 ;
; 0.218  ; 0.436        ; 0.218          ; High Pulse Width ; clock_ledr ; Rise       ; state_ledr.000011 ;
; 0.218  ; 0.436        ; 0.218          ; High Pulse Width ; clock_ledr ; Rise       ; state_ledr.000100 ;
; 0.218  ; 0.436        ; 0.218          ; High Pulse Width ; clock_ledr ; Rise       ; state_ledr.000101 ;
; 0.218  ; 0.436        ; 0.218          ; High Pulse Width ; clock_ledr ; Rise       ; state_ledr.000110 ;
; 0.218  ; 0.436        ; 0.218          ; High Pulse Width ; clock_ledr ; Rise       ; state_ledr.000111 ;
; 0.218  ; 0.436        ; 0.218          ; High Pulse Width ; clock_ledr ; Rise       ; state_ledr.001000 ;
; 0.218  ; 0.436        ; 0.218          ; High Pulse Width ; clock_ledr ; Rise       ; state_ledr.001001 ;
; 0.218  ; 0.436        ; 0.218          ; High Pulse Width ; clock_ledr ; Rise       ; state_ledr.001010 ;
; 0.218  ; 0.436        ; 0.218          ; High Pulse Width ; clock_ledr ; Rise       ; state_ledr.001011 ;
; 0.218  ; 0.436        ; 0.218          ; High Pulse Width ; clock_ledr ; Rise       ; state_ledr.001100 ;
; 0.218  ; 0.436        ; 0.218          ; High Pulse Width ; clock_ledr ; Rise       ; state_ledr.001101 ;
; 0.218  ; 0.436        ; 0.218          ; High Pulse Width ; clock_ledr ; Rise       ; state_ledr.001110 ;
; 0.218  ; 0.436        ; 0.218          ; High Pulse Width ; clock_ledr ; Rise       ; state_ledr.001111 ;
; 0.218  ; 0.436        ; 0.218          ; High Pulse Width ; clock_ledr ; Rise       ; state_ledr.010000 ;
; 0.218  ; 0.436        ; 0.218          ; High Pulse Width ; clock_ledr ; Rise       ; state_ledr.010010 ;
; 0.218  ; 0.436        ; 0.218          ; High Pulse Width ; clock_ledr ; Rise       ; state_ledr.010011 ;
; 0.218  ; 0.436        ; 0.218          ; High Pulse Width ; clock_ledr ; Rise       ; state_ledr.010100 ;
; 0.218  ; 0.436        ; 0.218          ; High Pulse Width ; clock_ledr ; Rise       ; state_ledr.010101 ;
; 0.218  ; 0.436        ; 0.218          ; High Pulse Width ; clock_ledr ; Rise       ; state_ledr.010110 ;
; 0.218  ; 0.436        ; 0.218          ; High Pulse Width ; clock_ledr ; Rise       ; state_ledr.010111 ;
; 0.218  ; 0.436        ; 0.218          ; High Pulse Width ; clock_ledr ; Rise       ; state_ledr.011000 ;
+--------+--------------+----------------+------------------+------------+------------+-------------------+


+-------------------------------------------------------------------------------------------------------------------+
; Slow 1200mV 0C Model Minimum Pulse Width: 'clock_ledg'                                                            ;
+--------+--------------+----------------+------------------+------------+------------+-----------------------------+
; Slack  ; Actual Width ; Required Width ; Type             ; Clock      ; Clock Edge ; Target                      ;
+--------+--------------+----------------+------------------+------------+------------+-----------------------------+
; -1.285 ; 1.000        ; 2.285          ; Min Period       ; clock_ledg ; Rise       ; LEDG[0]~reg0                ;
; -1.285 ; 1.000        ; 2.285          ; Min Period       ; clock_ledg ; Rise       ; LEDG[1]~reg0                ;
; -1.285 ; 1.000        ; 2.285          ; Min Period       ; clock_ledg ; Rise       ; LEDG[2]~reg0                ;
; -1.285 ; 1.000        ; 2.285          ; Min Period       ; clock_ledg ; Rise       ; LEDG[3]~reg0                ;
; -1.285 ; 1.000        ; 2.285          ; Min Period       ; clock_ledg ; Rise       ; LEDG[4]~reg0                ;
; -1.285 ; 1.000        ; 2.285          ; Min Period       ; clock_ledg ; Rise       ; LEDG[5]~reg0                ;
; -1.285 ; 1.000        ; 2.285          ; Min Period       ; clock_ledg ; Rise       ; LEDG[6]~reg0                ;
; -1.285 ; 1.000        ; 2.285          ; Min Period       ; clock_ledg ; Rise       ; LEDG[7]~reg0                ;
; -1.285 ; 1.000        ; 2.285          ; Min Period       ; clock_ledg ; Rise       ; state_ledg.00000            ;
; -1.285 ; 1.000        ; 2.285          ; Min Period       ; clock_ledg ; Rise       ; state_ledg.00001            ;
; -1.285 ; 1.000        ; 2.285          ; Min Period       ; clock_ledg ; Rise       ; state_ledg.00010            ;
; -1.285 ; 1.000        ; 2.285          ; Min Period       ; clock_ledg ; Rise       ; state_ledg.00011            ;
; -1.285 ; 1.000        ; 2.285          ; Min Period       ; clock_ledg ; Rise       ; state_ledg.00100            ;
; -1.285 ; 1.000        ; 2.285          ; Min Period       ; clock_ledg ; Rise       ; state_ledg.00101            ;
; -1.285 ; 1.000        ; 2.285          ; Min Period       ; clock_ledg ; Rise       ; state_ledg.00110            ;
; -1.285 ; 1.000        ; 2.285          ; Min Period       ; clock_ledg ; Rise       ; state_ledg.00111            ;
; -1.285 ; 1.000        ; 2.285          ; Min Period       ; clock_ledg ; Rise       ; state_ledg.01000            ;
; -1.285 ; 1.000        ; 2.285          ; Min Period       ; clock_ledg ; Rise       ; state_ledg.01001            ;
; -1.285 ; 1.000        ; 2.285          ; Min Period       ; clock_ledg ; Rise       ; state_ledg.01010            ;
; -1.285 ; 1.000        ; 2.285          ; Min Period       ; clock_ledg ; Rise       ; state_ledg.01011            ;
; -1.285 ; 1.000        ; 2.285          ; Min Period       ; clock_ledg ; Rise       ; state_ledg.01100            ;
; -1.285 ; 1.000        ; 2.285          ; Min Period       ; clock_ledg ; Rise       ; state_ledg.01101            ;
; 0.239  ; 0.457        ; 0.218          ; High Pulse Width ; clock_ledg ; Rise       ; LEDG[0]~reg0                ;
; 0.239  ; 0.457        ; 0.218          ; High Pulse Width ; clock_ledg ; Rise       ; LEDG[1]~reg0                ;
; 0.239  ; 0.457        ; 0.218          ; High Pulse Width ; clock_ledg ; Rise       ; LEDG[2]~reg0                ;
; 0.239  ; 0.457        ; 0.218          ; High Pulse Width ; clock_ledg ; Rise       ; LEDG[3]~reg0                ;
; 0.239  ; 0.457        ; 0.218          ; High Pulse Width ; clock_ledg ; Rise       ; LEDG[4]~reg0                ;
; 0.239  ; 0.457        ; 0.218          ; High Pulse Width ; clock_ledg ; Rise       ; LEDG[5]~reg0                ;
; 0.239  ; 0.457        ; 0.218          ; High Pulse Width ; clock_ledg ; Rise       ; LEDG[6]~reg0                ;
; 0.239  ; 0.457        ; 0.218          ; High Pulse Width ; clock_ledg ; Rise       ; LEDG[7]~reg0                ;
; 0.239  ; 0.457        ; 0.218          ; High Pulse Width ; clock_ledg ; Rise       ; state_ledg.00000            ;
; 0.239  ; 0.457        ; 0.218          ; High Pulse Width ; clock_ledg ; Rise       ; state_ledg.00001            ;
; 0.239  ; 0.457        ; 0.218          ; High Pulse Width ; clock_ledg ; Rise       ; state_ledg.00010            ;
; 0.239  ; 0.457        ; 0.218          ; High Pulse Width ; clock_ledg ; Rise       ; state_ledg.00011            ;
; 0.239  ; 0.457        ; 0.218          ; High Pulse Width ; clock_ledg ; Rise       ; state_ledg.00100            ;
; 0.239  ; 0.457        ; 0.218          ; High Pulse Width ; clock_ledg ; Rise       ; state_ledg.00101            ;
; 0.239  ; 0.457        ; 0.218          ; High Pulse Width ; clock_ledg ; Rise       ; state_ledg.00110            ;
; 0.239  ; 0.457        ; 0.218          ; High Pulse Width ; clock_ledg ; Rise       ; state_ledg.00111            ;
; 0.239  ; 0.457        ; 0.218          ; High Pulse Width ; clock_ledg ; Rise       ; state_ledg.01000            ;
; 0.239  ; 0.457        ; 0.218          ; High Pulse Width ; clock_ledg ; Rise       ; state_ledg.01001            ;
; 0.239  ; 0.457        ; 0.218          ; High Pulse Width ; clock_ledg ; Rise       ; state_ledg.01010            ;
; 0.239  ; 0.457        ; 0.218          ; High Pulse Width ; clock_ledg ; Rise       ; state_ledg.01011            ;
; 0.239  ; 0.457        ; 0.218          ; High Pulse Width ; clock_ledg ; Rise       ; state_ledg.01100            ;
; 0.239  ; 0.457        ; 0.218          ; High Pulse Width ; clock_ledg ; Rise       ; state_ledg.01101            ;
; 0.355  ; 0.541        ; 0.186          ; Low Pulse Width  ; clock_ledg ; Rise       ; LEDG[0]~reg0                ;
; 0.355  ; 0.541        ; 0.186          ; Low Pulse Width  ; clock_ledg ; Rise       ; LEDG[1]~reg0                ;
; 0.355  ; 0.541        ; 0.186          ; Low Pulse Width  ; clock_ledg ; Rise       ; LEDG[2]~reg0                ;
; 0.355  ; 0.541        ; 0.186          ; Low Pulse Width  ; clock_ledg ; Rise       ; LEDG[3]~reg0                ;
; 0.355  ; 0.541        ; 0.186          ; Low Pulse Width  ; clock_ledg ; Rise       ; LEDG[4]~reg0                ;
; 0.355  ; 0.541        ; 0.186          ; Low Pulse Width  ; clock_ledg ; Rise       ; LEDG[5]~reg0                ;
; 0.355  ; 0.541        ; 0.186          ; Low Pulse Width  ; clock_ledg ; Rise       ; LEDG[6]~reg0                ;
; 0.355  ; 0.541        ; 0.186          ; Low Pulse Width  ; clock_ledg ; Rise       ; LEDG[7]~reg0                ;
; 0.355  ; 0.541        ; 0.186          ; Low Pulse Width  ; clock_ledg ; Rise       ; state_ledg.00000            ;
; 0.355  ; 0.541        ; 0.186          ; Low Pulse Width  ; clock_ledg ; Rise       ; state_ledg.00001            ;
; 0.355  ; 0.541        ; 0.186          ; Low Pulse Width  ; clock_ledg ; Rise       ; state_ledg.00010            ;
; 0.355  ; 0.541        ; 0.186          ; Low Pulse Width  ; clock_ledg ; Rise       ; state_ledg.00011            ;
; 0.355  ; 0.541        ; 0.186          ; Low Pulse Width  ; clock_ledg ; Rise       ; state_ledg.00100            ;
; 0.355  ; 0.541        ; 0.186          ; Low Pulse Width  ; clock_ledg ; Rise       ; state_ledg.00101            ;
; 0.355  ; 0.541        ; 0.186          ; Low Pulse Width  ; clock_ledg ; Rise       ; state_ledg.00110            ;
; 0.355  ; 0.541        ; 0.186          ; Low Pulse Width  ; clock_ledg ; Rise       ; state_ledg.00111            ;
; 0.355  ; 0.541        ; 0.186          ; Low Pulse Width  ; clock_ledg ; Rise       ; state_ledg.01000            ;
; 0.355  ; 0.541        ; 0.186          ; Low Pulse Width  ; clock_ledg ; Rise       ; state_ledg.01001            ;
; 0.355  ; 0.541        ; 0.186          ; Low Pulse Width  ; clock_ledg ; Rise       ; state_ledg.01010            ;
; 0.355  ; 0.541        ; 0.186          ; Low Pulse Width  ; clock_ledg ; Rise       ; state_ledg.01011            ;
; 0.355  ; 0.541        ; 0.186          ; Low Pulse Width  ; clock_ledg ; Rise       ; state_ledg.01100            ;
; 0.355  ; 0.541        ; 0.186          ; Low Pulse Width  ; clock_ledg ; Rise       ; state_ledg.01101            ;
; 0.494  ; 0.494        ; 0.000          ; Low Pulse Width  ; clock_ledg ; Rise       ; clock_ledg~clkctrl|inclk[0] ;
; 0.494  ; 0.494        ; 0.000          ; Low Pulse Width  ; clock_ledg ; Rise       ; clock_ledg~clkctrl|outclk   ;
; 0.497  ; 0.497        ; 0.000          ; High Pulse Width ; clock_ledg ; Rise       ; LEDG[0]~reg0|clk            ;
; 0.497  ; 0.497        ; 0.000          ; High Pulse Width ; clock_ledg ; Rise       ; LEDG[1]~reg0|clk            ;
; 0.497  ; 0.497        ; 0.000          ; High Pulse Width ; clock_ledg ; Rise       ; LEDG[2]~reg0|clk            ;
; 0.497  ; 0.497        ; 0.000          ; High Pulse Width ; clock_ledg ; Rise       ; LEDG[3]~reg0|clk            ;
; 0.497  ; 0.497        ; 0.000          ; High Pulse Width ; clock_ledg ; Rise       ; LEDG[4]~reg0|clk            ;
; 0.497  ; 0.497        ; 0.000          ; High Pulse Width ; clock_ledg ; Rise       ; LEDG[5]~reg0|clk            ;
; 0.497  ; 0.497        ; 0.000          ; High Pulse Width ; clock_ledg ; Rise       ; LEDG[6]~reg0|clk            ;
; 0.497  ; 0.497        ; 0.000          ; High Pulse Width ; clock_ledg ; Rise       ; LEDG[7]~reg0|clk            ;
; 0.497  ; 0.497        ; 0.000          ; High Pulse Width ; clock_ledg ; Rise       ; state_ledg.00000|clk        ;
; 0.497  ; 0.497        ; 0.000          ; High Pulse Width ; clock_ledg ; Rise       ; state_ledg.00001|clk        ;
; 0.497  ; 0.497        ; 0.000          ; High Pulse Width ; clock_ledg ; Rise       ; state_ledg.00010|clk        ;
; 0.497  ; 0.497        ; 0.000          ; High Pulse Width ; clock_ledg ; Rise       ; state_ledg.00011|clk        ;
; 0.497  ; 0.497        ; 0.000          ; High Pulse Width ; clock_ledg ; Rise       ; state_ledg.00100|clk        ;
; 0.497  ; 0.497        ; 0.000          ; High Pulse Width ; clock_ledg ; Rise       ; state_ledg.00101|clk        ;
; 0.497  ; 0.497        ; 0.000          ; High Pulse Width ; clock_ledg ; Rise       ; state_ledg.00110|clk        ;
; 0.497  ; 0.497        ; 0.000          ; High Pulse Width ; clock_ledg ; Rise       ; state_ledg.00111|clk        ;
; 0.497  ; 0.497        ; 0.000          ; High Pulse Width ; clock_ledg ; Rise       ; state_ledg.01000|clk        ;
; 0.497  ; 0.497        ; 0.000          ; High Pulse Width ; clock_ledg ; Rise       ; state_ledg.01001|clk        ;
; 0.497  ; 0.497        ; 0.000          ; High Pulse Width ; clock_ledg ; Rise       ; state_ledg.01010|clk        ;
; 0.497  ; 0.497        ; 0.000          ; High Pulse Width ; clock_ledg ; Rise       ; state_ledg.01011|clk        ;
; 0.497  ; 0.497        ; 0.000          ; High Pulse Width ; clock_ledg ; Rise       ; state_ledg.01100|clk        ;
; 0.497  ; 0.497        ; 0.000          ; High Pulse Width ; clock_ledg ; Rise       ; state_ledg.01101|clk        ;
; 0.500  ; 0.500        ; 0.000          ; High Pulse Width ; clock_ledg ; Rise       ; clock_ledg|q                ;
; 0.500  ; 0.500        ; 0.000          ; Low Pulse Width  ; clock_ledg ; Rise       ; clock_ledg|q                ;
; 0.503  ; 0.503        ; 0.000          ; Low Pulse Width  ; clock_ledg ; Rise       ; LEDG[0]~reg0|clk            ;
; 0.503  ; 0.503        ; 0.000          ; Low Pulse Width  ; clock_ledg ; Rise       ; LEDG[1]~reg0|clk            ;
; 0.503  ; 0.503        ; 0.000          ; Low Pulse Width  ; clock_ledg ; Rise       ; LEDG[2]~reg0|clk            ;
; 0.503  ; 0.503        ; 0.000          ; Low Pulse Width  ; clock_ledg ; Rise       ; LEDG[3]~reg0|clk            ;
; 0.503  ; 0.503        ; 0.000          ; Low Pulse Width  ; clock_ledg ; Rise       ; LEDG[4]~reg0|clk            ;
; 0.503  ; 0.503        ; 0.000          ; Low Pulse Width  ; clock_ledg ; Rise       ; LEDG[5]~reg0|clk            ;
; 0.503  ; 0.503        ; 0.000          ; Low Pulse Width  ; clock_ledg ; Rise       ; LEDG[6]~reg0|clk            ;
; 0.503  ; 0.503        ; 0.000          ; Low Pulse Width  ; clock_ledg ; Rise       ; LEDG[7]~reg0|clk            ;
+--------+--------------+----------------+------------------+------------+------------+-----------------------------+


+-----------------------------------------------------------------------------------------------------------+
; Slow 1200mV 0C Model Minimum Pulse Width: 'clock_hex'                                                     ;
+--------+--------------+----------------+------------------+-----------+------------+----------------------+
; Slack  ; Actual Width ; Required Width ; Type             ; Clock     ; Clock Edge ; Target               ;
+--------+--------------+----------------+------------------+-----------+------------+----------------------+
; -1.285 ; 1.000        ; 2.285          ; Min Period       ; clock_hex ; Rise       ; state_hex.hex_s1     ;
; 0.289  ; 0.475        ; 0.186          ; Low Pulse Width  ; clock_hex ; Rise       ; state_hex.hex_s1     ;
; 0.305  ; 0.523        ; 0.218          ; High Pulse Width ; clock_hex ; Rise       ; state_hex.hex_s1     ;
; 0.435  ; 0.435        ; 0.000          ; Low Pulse Width  ; clock_hex ; Rise       ; state_hex.hex_s1|clk ;
; 0.500  ; 0.500        ; 0.000          ; High Pulse Width ; clock_hex ; Rise       ; clock_hex|q          ;
; 0.500  ; 0.500        ; 0.000          ; Low Pulse Width  ; clock_hex ; Rise       ; clock_hex|q          ;
; 0.561  ; 0.561        ; 0.000          ; High Pulse Width ; clock_hex ; Rise       ; state_hex.hex_s1|clk ;
+--------+--------------+----------------+------------------+-----------+------------+----------------------+


+----------------------------------------------------------------------------+
; Clock to Output Times                                                      ;
+--------------+------------+--------+--------+------------+-----------------+
; Data Port    ; Clock Port ; Rise   ; Fall   ; Clock Edge ; Clock Reference ;
+--------------+------------+--------+--------+------------+-----------------+
; LCD_DATA[*]  ; CLOCK_50   ; 8.339  ; 7.859  ; Rise       ; CLOCK_50        ;
;  LCD_DATA[0] ; CLOCK_50   ; 6.618  ; 6.438  ; Rise       ; CLOCK_50        ;
;  LCD_DATA[1] ; CLOCK_50   ; 6.983  ; 6.784  ; Rise       ; CLOCK_50        ;
;  LCD_DATA[2] ; CLOCK_50   ; 6.926  ; 6.737  ; Rise       ; CLOCK_50        ;
;  LCD_DATA[3] ; CLOCK_50   ; 6.523  ; 6.314  ; Rise       ; CLOCK_50        ;
;  LCD_DATA[4] ; CLOCK_50   ; 6.688  ; 6.513  ; Rise       ; CLOCK_50        ;
;  LCD_DATA[5] ; CLOCK_50   ; 6.928  ; 6.733  ; Rise       ; CLOCK_50        ;
;  LCD_DATA[6] ; CLOCK_50   ; 6.624  ; 6.450  ; Rise       ; CLOCK_50        ;
;  LCD_DATA[7] ; CLOCK_50   ; 8.339  ; 7.859  ; Rise       ; CLOCK_50        ;
; LCD_EN       ; CLOCK_50   ; 9.164  ; 9.066  ; Rise       ; CLOCK_50        ;
; LCD_RS       ; CLOCK_50   ; 6.922  ; 6.736  ; Rise       ; CLOCK_50        ;
; HEX0[*]      ; clock_hex  ; 11.022 ; 11.249 ; Rise       ; clock_hex       ;
;  HEX0[0]     ; clock_hex  ; 9.109  ; 9.350  ; Rise       ; clock_hex       ;
;  HEX0[1]     ; clock_hex  ; 10.739 ; 10.900 ; Rise       ; clock_hex       ;
;  HEX0[2]     ; clock_hex  ; 9.072  ; 9.313  ; Rise       ; clock_hex       ;
;  HEX0[3]     ; clock_hex  ; 10.438 ; 10.649 ; Rise       ; clock_hex       ;
;  HEX0[4]     ; clock_hex  ; 10.107 ; 10.306 ; Rise       ; clock_hex       ;
;  HEX0[5]     ; clock_hex  ; 11.022 ; 11.249 ; Rise       ; clock_hex       ;
;  HEX0[6]     ; clock_hex  ; 9.357  ; 9.589  ; Rise       ; clock_hex       ;
; HEX1[*]      ; clock_hex  ; 10.794 ; 11.014 ; Rise       ; clock_hex       ;
;  HEX1[0]     ; clock_hex  ; 10.298 ; 10.513 ; Rise       ; clock_hex       ;
;  HEX1[1]     ; clock_hex  ; 10.761 ; 10.980 ; Rise       ; clock_hex       ;
;  HEX1[2]     ; clock_hex  ; 10.794 ; 11.014 ; Rise       ; clock_hex       ;
; HEX2[*]      ; clock_hex  ; 11.304 ; 11.521 ; Rise       ; clock_hex       ;
;  HEX2[0]     ; clock_hex  ; 11.304 ; 11.521 ; Rise       ; clock_hex       ;
;  HEX2[2]     ; clock_hex  ; 11.273 ; 11.487 ; Rise       ; clock_hex       ;
;  HEX2[3]     ; clock_hex  ; 11.263 ; 11.477 ; Rise       ; clock_hex       ;
;  HEX2[4]     ; clock_hex  ; 11.293 ; 11.510 ; Rise       ; clock_hex       ;
;  HEX2[5]     ; clock_hex  ; 11.258 ; 11.474 ; Rise       ; clock_hex       ;
;  HEX2[6]     ; clock_hex  ; 10.990 ; 11.196 ; Rise       ; clock_hex       ;
; HEX3[*]      ; clock_hex  ; 13.274 ; 13.850 ; Rise       ; clock_hex       ;
;  HEX3[0]     ; clock_hex  ; 10.814 ; 11.034 ; Rise       ; clock_hex       ;
;  HEX3[2]     ; clock_hex  ; 13.274 ; 13.850 ; Rise       ; clock_hex       ;
;  HEX3[3]     ; clock_hex  ; 11.485 ; 11.791 ; Rise       ; clock_hex       ;
;  HEX3[5]     ; clock_hex  ; 11.805 ; 12.041 ; Rise       ; clock_hex       ;
;  HEX3[6]     ; clock_hex  ; 11.775 ; 12.011 ; Rise       ; clock_hex       ;
; HEX4[*]      ; clock_hex  ; 12.359 ; 12.562 ; Rise       ; clock_hex       ;
;  HEX4[1]     ; clock_hex  ; 11.754 ; 11.989 ; Rise       ; clock_hex       ;
;  HEX4[2]     ; clock_hex  ; 12.359 ; 12.562 ; Rise       ; clock_hex       ;
;  HEX4[5]     ; clock_hex  ; 12.248 ; 12.454 ; Rise       ; clock_hex       ;
;  HEX4[6]     ; clock_hex  ; 12.240 ; 12.443 ; Rise       ; clock_hex       ;
; HEX5[*]      ; clock_hex  ; 13.529 ; 14.120 ; Rise       ; clock_hex       ;
;  HEX5[0]     ; clock_hex  ; 12.083 ; 12.334 ; Rise       ; clock_hex       ;
;  HEX5[1]     ; clock_hex  ; 13.529 ; 14.120 ; Rise       ; clock_hex       ;
;  HEX5[2]     ; clock_hex  ; 11.815 ; 12.047 ; Rise       ; clock_hex       ;
;  HEX5[3]     ; clock_hex  ; 12.324 ; 12.525 ; Rise       ; clock_hex       ;
;  HEX5[6]     ; clock_hex  ; 12.306 ; 12.508 ; Rise       ; clock_hex       ;
; HEX6[*]      ; clock_hex  ; 12.244 ; 12.442 ; Rise       ; clock_hex       ;
;  HEX6[0]     ; clock_hex  ; 12.015 ; 12.269 ; Rise       ; clock_hex       ;
;  HEX6[1]     ; clock_hex  ; 12.177 ; 12.401 ; Rise       ; clock_hex       ;
;  HEX6[3]     ; clock_hex  ; 12.015 ; 12.269 ; Rise       ; clock_hex       ;
;  HEX6[4]     ; clock_hex  ; 12.198 ; 12.407 ; Rise       ; clock_hex       ;
;  HEX6[6]     ; clock_hex  ; 12.244 ; 12.442 ; Rise       ; clock_hex       ;
; HEX7[*]      ; clock_hex  ; 12.244 ; 12.444 ; Rise       ; clock_hex       ;
;  HEX7[1]     ; clock_hex  ; 12.244 ; 12.444 ; Rise       ; clock_hex       ;
;  HEX7[2]     ; clock_hex  ; 4.839  ; 5.008  ; Rise       ; clock_hex       ;
; LEDG[*]      ; clock_ledg ; 7.203  ; 7.114  ; Rise       ; clock_ledg      ;
;  LEDG[0]     ; clock_ledg ; 7.125  ; 7.035  ; Rise       ; clock_ledg      ;
;  LEDG[1]     ; clock_ledg ; 7.203  ; 7.114  ; Rise       ; clock_ledg      ;
;  LEDG[2]     ; clock_ledg ; 6.640  ; 6.559  ; Rise       ; clock_ledg      ;
;  LEDG[3]     ; clock_ledg ; 6.705  ; 6.638  ; Rise       ; clock_ledg      ;
;  LEDG[4]     ; clock_ledg ; 6.922  ; 6.818  ; Rise       ; clock_ledg      ;
;  LEDG[5]     ; clock_ledg ; 6.899  ; 6.799  ; Rise       ; clock_ledg      ;
;  LEDG[6]     ; clock_ledg ; 6.869  ; 6.771  ; Rise       ; clock_ledg      ;
;  LEDG[7]     ; clock_ledg ; 6.945  ; 6.839  ; Rise       ; clock_ledg      ;
; LEDR[*]      ; clock_ledr ; 9.028  ; 8.784  ; Rise       ; clock_ledr      ;
;  LEDR[0]     ; clock_ledr ; 8.494  ; 8.374  ; Rise       ; clock_ledr      ;
;  LEDR[1]     ; clock_ledr ; 7.289  ; 7.143  ; Rise       ; clock_ledr      ;
;  LEDR[2]     ; clock_ledr ; 7.295  ; 7.141  ; Rise       ; clock_ledr      ;
;  LEDR[3]     ; clock_ledr ; 7.409  ; 7.315  ; Rise       ; clock_ledr      ;
;  LEDR[4]     ; clock_ledr ; 6.626  ; 6.577  ; Rise       ; clock_ledr      ;
;  LEDR[5]     ; clock_ledr ; 6.642  ; 6.592  ; Rise       ; clock_ledr      ;
;  LEDR[6]     ; clock_ledr ; 8.090  ; 7.923  ; Rise       ; clock_ledr      ;
;  LEDR[7]     ; clock_ledr ; 7.677  ; 7.612  ; Rise       ; clock_ledr      ;
;  LEDR[8]     ; clock_ledr ; 7.531  ; 7.445  ; Rise       ; clock_ledr      ;
;  LEDR[9]     ; clock_ledr ; 8.666  ; 8.615  ; Rise       ; clock_ledr      ;
;  LEDR[10]    ; clock_ledr ; 9.028  ; 8.784  ; Rise       ; clock_ledr      ;
;  LEDR[11]    ; clock_ledr ; 8.068  ; 7.929  ; Rise       ; clock_ledr      ;
;  LEDR[12]    ; clock_ledr ; 7.810  ; 7.695  ; Rise       ; clock_ledr      ;
;  LEDR[13]    ; clock_ledr ; 7.835  ; 7.643  ; Rise       ; clock_ledr      ;
;  LEDR[14]    ; clock_ledr ; 8.331  ; 8.167  ; Rise       ; clock_ledr      ;
;  LEDR[15]    ; clock_ledr ; 8.693  ; 8.672  ; Rise       ; clock_ledr      ;
;  LEDR[16]    ; clock_ledr ; 7.237  ; 7.171  ; Rise       ; clock_ledr      ;
;  LEDR[17]    ; clock_ledr ; 7.729  ; 7.607  ; Rise       ; clock_ledr      ;
+--------------+------------+--------+--------+------------+-----------------+


+----------------------------------------------------------------------------+
; Minimum Clock to Output Times                                              ;
+--------------+------------+--------+--------+------------+-----------------+
; Data Port    ; Clock Port ; Rise   ; Fall   ; Clock Edge ; Clock Reference ;
+--------------+------------+--------+--------+------------+-----------------+
; LCD_DATA[*]  ; CLOCK_50   ; 6.287  ; 6.081  ; Rise       ; CLOCK_50        ;
;  LCD_DATA[0] ; CLOCK_50   ; 6.379  ; 6.202  ; Rise       ; CLOCK_50        ;
;  LCD_DATA[1] ; CLOCK_50   ; 6.730  ; 6.535  ; Rise       ; CLOCK_50        ;
;  LCD_DATA[2] ; CLOCK_50   ; 6.676  ; 6.489  ; Rise       ; CLOCK_50        ;
;  LCD_DATA[3] ; CLOCK_50   ; 6.287  ; 6.081  ; Rise       ; CLOCK_50        ;
;  LCD_DATA[4] ; CLOCK_50   ; 6.447  ; 6.275  ; Rise       ; CLOCK_50        ;
;  LCD_DATA[5] ; CLOCK_50   ; 6.678  ; 6.486  ; Rise       ; CLOCK_50        ;
;  LCD_DATA[6] ; CLOCK_50   ; 6.385  ; 6.213  ; Rise       ; CLOCK_50        ;
;  LCD_DATA[7] ; CLOCK_50   ; 8.100  ; 7.622  ; Rise       ; CLOCK_50        ;
; LCD_EN       ; CLOCK_50   ; 8.822  ; 8.724  ; Rise       ; CLOCK_50        ;
; LCD_RS       ; CLOCK_50   ; 6.671  ; 6.488  ; Rise       ; CLOCK_50        ;
; HEX0[*]      ; clock_hex  ; 8.706  ; 8.938  ; Rise       ; clock_hex       ;
;  HEX0[0]     ; clock_hex  ; 8.742  ; 8.974  ; Rise       ; clock_hex       ;
;  HEX0[1]     ; clock_hex  ; 10.355 ; 10.508 ; Rise       ; clock_hex       ;
;  HEX0[2]     ; clock_hex  ; 8.706  ; 8.938  ; Rise       ; clock_hex       ;
;  HEX0[3]     ; clock_hex  ; 10.015 ; 10.218 ; Rise       ; clock_hex       ;
;  HEX0[4]     ; clock_hex  ; 9.697  ; 9.889  ; Rise       ; clock_hex       ;
;  HEX0[5]     ; clock_hex  ; 10.625 ; 10.841 ; Rise       ; clock_hex       ;
;  HEX0[6]     ; clock_hex  ; 8.977  ; 9.200  ; Rise       ; clock_hex       ;
; HEX1[*]      ; clock_hex  ; 9.880  ; 10.087 ; Rise       ; clock_hex       ;
;  HEX1[0]     ; clock_hex  ; 9.880  ; 10.087 ; Rise       ; clock_hex       ;
;  HEX1[1]     ; clock_hex  ; 10.328 ; 10.540 ; Rise       ; clock_hex       ;
;  HEX1[2]     ; clock_hex  ; 10.360 ; 10.572 ; Rise       ; clock_hex       ;
; HEX2[*]      ; clock_hex  ; 10.549 ; 10.748 ; Rise       ; clock_hex       ;
;  HEX2[0]     ; clock_hex  ; 10.850 ; 11.060 ; Rise       ; clock_hex       ;
;  HEX2[2]     ; clock_hex  ; 10.820 ; 11.027 ; Rise       ; clock_hex       ;
;  HEX2[3]     ; clock_hex  ; 10.810 ; 11.017 ; Rise       ; clock_hex       ;
;  HEX2[4]     ; clock_hex  ; 10.840 ; 11.049 ; Rise       ; clock_hex       ;
;  HEX2[5]     ; clock_hex  ; 10.806 ; 11.015 ; Rise       ; clock_hex       ;
;  HEX2[6]     ; clock_hex  ; 10.549 ; 10.748 ; Rise       ; clock_hex       ;
; HEX3[*]      ; clock_hex  ; 10.380 ; 10.592 ; Rise       ; clock_hex       ;
;  HEX3[0]     ; clock_hex  ; 10.380 ; 10.592 ; Rise       ; clock_hex       ;
;  HEX3[2]     ; clock_hex  ; 12.795 ; 13.366 ; Rise       ; clock_hex       ;
;  HEX3[3]     ; clock_hex  ; 11.017 ; 11.314 ; Rise       ; clock_hex       ;
;  HEX3[5]     ; clock_hex  ; 11.326 ; 11.556 ; Rise       ; clock_hex       ;
;  HEX3[6]     ; clock_hex  ; 11.296 ; 11.526 ; Rise       ; clock_hex       ;
; HEX4[*]      ; clock_hex  ; 11.275 ; 11.505 ; Rise       ; clock_hex       ;
;  HEX4[1]     ; clock_hex  ; 11.275 ; 11.505 ; Rise       ; clock_hex       ;
;  HEX4[2]     ; clock_hex  ; 11.859 ; 12.057 ; Rise       ; clock_hex       ;
;  HEX4[5]     ; clock_hex  ; 11.750 ; 11.952 ; Rise       ; clock_hex       ;
;  HEX4[6]     ; clock_hex  ; 11.742 ; 11.941 ; Rise       ; clock_hex       ;
; HEX5[*]      ; clock_hex  ; 11.334 ; 11.561 ; Rise       ; clock_hex       ;
;  HEX5[0]     ; clock_hex  ; 11.592 ; 11.837 ; Rise       ; clock_hex       ;
;  HEX5[1]     ; clock_hex  ; 13.040 ; 13.625 ; Rise       ; clock_hex       ;
;  HEX5[2]     ; clock_hex  ; 11.334 ; 11.561 ; Rise       ; clock_hex       ;
;  HEX5[3]     ; clock_hex  ; 11.825 ; 12.022 ; Rise       ; clock_hex       ;
;  HEX5[6]     ; clock_hex  ; 11.808 ; 12.005 ; Rise       ; clock_hex       ;
; HEX6[*]      ; clock_hex  ; 11.526 ; 11.773 ; Rise       ; clock_hex       ;
;  HEX6[0]     ; clock_hex  ; 11.526 ; 11.773 ; Rise       ; clock_hex       ;
;  HEX6[1]     ; clock_hex  ; 11.682 ; 11.901 ; Rise       ; clock_hex       ;
;  HEX6[3]     ; clock_hex  ; 11.526 ; 11.773 ; Rise       ; clock_hex       ;
;  HEX6[4]     ; clock_hex  ; 11.701 ; 11.906 ; Rise       ; clock_hex       ;
;  HEX6[6]     ; clock_hex  ; 11.746 ; 11.939 ; Rise       ; clock_hex       ;
; HEX7[*]      ; clock_hex  ; 4.639  ; 4.805  ; Rise       ; clock_hex       ;
;  HEX7[1]     ; clock_hex  ; 11.746 ; 11.942 ; Rise       ; clock_hex       ;
;  HEX7[2]     ; clock_hex  ; 4.639  ; 4.805  ; Rise       ; clock_hex       ;
; LEDG[*]      ; clock_ledg ; 6.373  ; 6.295  ; Rise       ; clock_ledg      ;
;  LEDG[0]     ; clock_ledg ; 6.836  ; 6.749  ; Rise       ; clock_ledg      ;
;  LEDG[1]     ; clock_ledg ; 6.911  ; 6.825  ; Rise       ; clock_ledg      ;
;  LEDG[2]     ; clock_ledg ; 6.373  ; 6.295  ; Rise       ; clock_ledg      ;
;  LEDG[3]     ; clock_ledg ; 6.436  ; 6.371  ; Rise       ; clock_ledg      ;
;  LEDG[4]     ; clock_ledg ; 6.642  ; 6.542  ; Rise       ; clock_ledg      ;
;  LEDG[5]     ; clock_ledg ; 6.621  ; 6.525  ; Rise       ; clock_ledg      ;
;  LEDG[6]     ; clock_ledg ; 6.592  ; 6.497  ; Rise       ; clock_ledg      ;
;  LEDG[7]     ; clock_ledg ; 6.666  ; 6.563  ; Rise       ; clock_ledg      ;
; LEDR[*]      ; clock_ledr ; 6.357  ; 6.309  ; Rise       ; clock_ledr      ;
;  LEDR[0]     ; clock_ledr ; 8.152  ; 8.037  ; Rise       ; clock_ledr      ;
;  LEDR[1]     ; clock_ledr ; 6.993  ; 6.852  ; Rise       ; clock_ledr      ;
;  LEDR[2]     ; clock_ledr ; 6.999  ; 6.851  ; Rise       ; clock_ledr      ;
;  LEDR[3]     ; clock_ledr ; 7.108  ; 7.017  ; Rise       ; clock_ledr      ;
;  LEDR[4]     ; clock_ledr ; 6.357  ; 6.309  ; Rise       ; clock_ledr      ;
;  LEDR[5]     ; clock_ledr ; 6.372  ; 6.324  ; Rise       ; clock_ledr      ;
;  LEDR[6]     ; clock_ledr ; 7.763  ; 7.602  ; Rise       ; clock_ledr      ;
;  LEDR[7]     ; clock_ledr ; 7.366  ; 7.304  ; Rise       ; clock_ledr      ;
;  LEDR[8]     ; clock_ledr ; 7.225  ; 7.142  ; Rise       ; clock_ledr      ;
;  LEDR[9]     ; clock_ledr ; 8.363  ; 8.316  ; Rise       ; clock_ledr      ;
;  LEDR[10]    ; clock_ledr ; 8.663  ; 8.427  ; Rise       ; clock_ledr      ;
;  LEDR[11]    ; clock_ledr ; 7.742  ; 7.607  ; Rise       ; clock_ledr      ;
;  LEDR[12]    ; clock_ledr ; 7.495  ; 7.384  ; Rise       ; clock_ledr      ;
;  LEDR[13]    ; clock_ledr ; 7.518  ; 7.333  ; Rise       ; clock_ledr      ;
;  LEDR[14]    ; clock_ledr ; 7.994  ; 7.837  ; Rise       ; clock_ledr      ;
;  LEDR[15]    ; clock_ledr ; 8.389  ; 8.370  ; Rise       ; clock_ledr      ;
;  LEDR[16]    ; clock_ledr ; 6.943  ; 6.879  ; Rise       ; clock_ledr      ;
;  LEDR[17]    ; clock_ledr ; 7.416  ; 7.298  ; Rise       ; clock_ledr      ;
+--------------+------------+--------+--------+------------+-----------------+


---------------------------------------------
; Slow 1200mV 0C Model Metastability Report ;
---------------------------------------------
No synchronizer chains to report.


+-------------------------------------+
; Fast 1200mV 0C Model Setup Summary  ;
+------------+--------+---------------+
; Clock      ; Slack  ; End Point TNS ;
+------------+--------+---------------+
; CLOCK_50   ; -1.723 ; -135.798      ;
; clock_ledr ; -0.435 ; -5.501        ;
; clock_ledg ; 0.391  ; 0.000         ;
; clock_hex  ; 0.626  ; 0.000         ;
+------------+--------+---------------+


+-------------------------------------+
; Fast 1200mV 0C Model Hold Summary   ;
+------------+--------+---------------+
; Clock      ; Slack  ; End Point TNS ;
+------------+--------+---------------+
; CLOCK_50   ; -0.274 ; -0.643        ;
; clock_ledr ; 0.191  ; 0.000         ;
; clock_ledg ; 0.192  ; 0.000         ;
; clock_hex  ; 0.208  ; 0.000         ;
+------------+--------+---------------+


-----------------------------------------
; Fast 1200mV 0C Model Recovery Summary ;
-----------------------------------------
No paths to report.


----------------------------------------
; Fast 1200mV 0C Model Removal Summary ;
----------------------------------------
No paths to report.


+--------------------------------------------------+
; Fast 1200mV 0C Model Minimum Pulse Width Summary ;
+------------+--------+----------------------------+
; Clock      ; Slack  ; End Point TNS              ;
+------------+--------+----------------------------+
; CLOCK_50   ; -3.000 ; -201.615                   ;
; clock_ledr ; -1.000 ; -56.000                    ;
; clock_ledg ; -1.000 ; -22.000                    ;
; clock_hex  ; -1.000 ; -1.000                     ;
+------------+--------+----------------------------+


+--------------------------------------------------------------------------------------------------------------+
; Fast 1200mV 0C Model Setup: 'CLOCK_50'                                                                       ;
+--------+----------------+--------------+--------------+-------------+--------------+------------+------------+
; Slack  ; From Node      ; To Node      ; Launch Clock ; Latch Clock ; Relationship ; Clock Skew ; Data Delay ;
+--------+----------------+--------------+--------------+-------------+--------------+------------+------------+
; -1.723 ; countend[0]    ; index[0]     ; CLOCK_50     ; CLOCK_50    ; 1.000        ; -0.029     ; 2.681      ;
; -1.673 ; countend[0]    ; flag         ; CLOCK_50     ; CLOCK_50    ; 1.000        ; 0.176      ; 2.836      ;
; -1.668 ; blink_count[1] ; clock_hex    ; CLOCK_50     ; CLOCK_50    ; 1.000        ; -0.051     ; 2.604      ;
; -1.668 ; index[1]       ; flag         ; CLOCK_50     ; CLOCK_50    ; 1.000        ; -0.049     ; 2.606      ;
; -1.665 ; blink_count[0] ; clock_hex    ; CLOCK_50     ; CLOCK_50    ; 1.000        ; -0.051     ; 2.601      ;
; -1.658 ; index[1]       ; index[1]     ; CLOCK_50     ; CLOCK_50    ; 1.000        ; -0.049     ; 2.596      ;
; -1.650 ; blink_count[1] ; clock_ledg   ; CLOCK_50     ; CLOCK_50    ; 1.000        ; -0.024     ; 2.613      ;
; -1.647 ; q_ledg[26]     ; clock_ledg   ; CLOCK_50     ; CLOCK_50    ; 1.000        ; -0.035     ; 2.599      ;
; -1.647 ; blink_count[0] ; clock_ledg   ; CLOCK_50     ; CLOCK_50    ; 1.000        ; -0.024     ; 2.610      ;
; -1.615 ; blink_count[3] ; clock_hex    ; CLOCK_50     ; CLOCK_50    ; 1.000        ; -0.051     ; 2.551      ;
; -1.601 ; count_lcd[8]   ; index[0]     ; CLOCK_50     ; CLOCK_50    ; 1.000        ; -0.022     ; 2.566      ;
; -1.600 ; count_lcd[5]   ; index[0]     ; CLOCK_50     ; CLOCK_50    ; 1.000        ; -0.022     ; 2.565      ;
; -1.597 ; blink_count[3] ; clock_ledg   ; CLOCK_50     ; CLOCK_50    ; 1.000        ; -0.024     ; 2.560      ;
; -1.586 ; blink_count[1] ; clock_ledr   ; CLOCK_50     ; CLOCK_50    ; 1.000        ; -0.036     ; 2.537      ;
; -1.583 ; blink_count[0] ; clock_ledr   ; CLOCK_50     ; CLOCK_50    ; 1.000        ; -0.036     ; 2.534      ;
; -1.583 ; countend[0]    ; index[1]     ; CLOCK_50     ; CLOCK_50    ; 1.000        ; 0.176      ; 2.746      ;
; -1.582 ; q_hex[5]       ; clock_hex    ; CLOCK_50     ; CLOCK_50    ; 1.000        ; -0.036     ; 2.533      ;
; -1.578 ; q_ledg[25]     ; clock_ledg   ; CLOCK_50     ; CLOCK_50    ; 1.000        ; -0.035     ; 2.530      ;
; -1.561 ; count_lcd[7]   ; index[0]     ; CLOCK_50     ; CLOCK_50    ; 1.000        ; -0.022     ; 2.526      ;
; -1.555 ; q_hex[14]      ; clock_hex    ; CLOCK_50     ; CLOCK_50    ; 1.000        ; -0.036     ; 2.506      ;
; -1.554 ; q_ledg[19]     ; clock_ledg   ; CLOCK_50     ; CLOCK_50    ; 1.000        ; -0.035     ; 2.506      ;
; -1.554 ; q_hex[6]       ; clock_hex    ; CLOCK_50     ; CLOCK_50    ; 1.000        ; -0.036     ; 2.505      ;
; -1.551 ; q_ledg[27]     ; clock_ledg   ; CLOCK_50     ; CLOCK_50    ; 1.000        ; -0.035     ; 2.503      ;
; -1.551 ; count_lcd[8]   ; flag         ; CLOCK_50     ; CLOCK_50    ; 1.000        ; 0.183      ; 2.721      ;
; -1.550 ; count_lcd[5]   ; flag         ; CLOCK_50     ; CLOCK_50    ; 1.000        ; 0.183      ; 2.720      ;
; -1.547 ; count_lcd[6]   ; index[0]     ; CLOCK_50     ; CLOCK_50    ; 1.000        ; -0.022     ; 2.512      ;
; -1.544 ; q_ledr[17]     ; clock_ledr   ; CLOCK_50     ; CLOCK_50    ; 1.000        ; -0.040     ; 2.491      ;
; -1.540 ; count_lcd[4]   ; index[0]     ; CLOCK_50     ; CLOCK_50    ; 1.000        ; -0.022     ; 2.505      ;
; -1.539 ; q_ledr[27]     ; clock_ledr   ; CLOCK_50     ; CLOCK_50    ; 1.000        ; -0.040     ; 2.486      ;
; -1.533 ; blink_count[3] ; clock_ledr   ; CLOCK_50     ; CLOCK_50    ; 1.000        ; -0.036     ; 2.484      ;
; -1.531 ; blink_count[2] ; clock_hex    ; CLOCK_50     ; CLOCK_50    ; 1.000        ; -0.051     ; 2.467      ;
; -1.525 ; q_hex[8]       ; clock_hex    ; CLOCK_50     ; CLOCK_50    ; 1.000        ; -0.036     ; 2.476      ;
; -1.520 ; q_ledr[19]     ; clock_ledr   ; CLOCK_50     ; CLOCK_50    ; 1.000        ; -0.040     ; 2.467      ;
; -1.519 ; q_ledr[25]     ; clock_ledr   ; CLOCK_50     ; CLOCK_50    ; 1.000        ; -0.040     ; 2.466      ;
; -1.513 ; blink_count[2] ; clock_ledg   ; CLOCK_50     ; CLOCK_50    ; 1.000        ; -0.024     ; 2.476      ;
; -1.511 ; q_ledg[17]     ; clock_ledg   ; CLOCK_50     ; CLOCK_50    ; 1.000        ; -0.036     ; 2.462      ;
; -1.511 ; count_lcd[7]   ; flag         ; CLOCK_50     ; CLOCK_50    ; 1.000        ; 0.183      ; 2.681      ;
; -1.509 ; q_ledr[16]     ; clock_ledr   ; CLOCK_50     ; CLOCK_50    ; 1.000        ; -0.040     ; 2.456      ;
; -1.505 ; q_hex[21]      ; clock_hex    ; CLOCK_50     ; CLOCK_50    ; 1.000        ; -0.041     ; 2.451      ;
; -1.503 ; q_ledr[26]     ; clock_ledr   ; CLOCK_50     ; CLOCK_50    ; 1.000        ; -0.040     ; 2.450      ;
; -1.502 ; index[0]       ; index[1]     ; CLOCK_50     ; CLOCK_50    ; 1.000        ; 0.164      ; 2.653      ;
; -1.501 ; q_ledr[20]     ; clock_ledr   ; CLOCK_50     ; CLOCK_50    ; 1.000        ; -0.040     ; 2.448      ;
; -1.500 ; count_lcd[19]  ; index[0]     ; CLOCK_50     ; CLOCK_50    ; 1.000        ; -0.028     ; 2.459      ;
; -1.498 ; index[0]       ; flag         ; CLOCK_50     ; CLOCK_50    ; 1.000        ; 0.164      ; 2.649      ;
; -1.497 ; count_lcd[6]   ; flag         ; CLOCK_50     ; CLOCK_50    ; 1.000        ; 0.183      ; 2.667      ;
; -1.496 ; q_ledg[23]     ; clock_ledg   ; CLOCK_50     ; CLOCK_50    ; 1.000        ; -0.035     ; 2.448      ;
; -1.492 ; q_ledr[22]     ; clock_ledr   ; CLOCK_50     ; CLOCK_50    ; 1.000        ; -0.040     ; 2.439      ;
; -1.490 ; count_lcd[4]   ; flag         ; CLOCK_50     ; CLOCK_50    ; 1.000        ; 0.183      ; 2.660      ;
; -1.487 ; blink_en       ; countend[4]  ; CLOCK_50     ; CLOCK_50    ; 1.000        ; -0.271     ; 2.203      ;
; -1.481 ; q_ledg[14]     ; clock_ledg   ; CLOCK_50     ; CLOCK_50    ; 1.000        ; -0.031     ; 2.437      ;
; -1.481 ; count_lcd[11]  ; index[0]     ; CLOCK_50     ; CLOCK_50    ; 1.000        ; -0.028     ; 2.440      ;
; -1.478 ; q_hex[11]      ; clock_hex    ; CLOCK_50     ; CLOCK_50    ; 1.000        ; -0.036     ; 2.429      ;
; -1.471 ; index[1]       ; countend[4]  ; CLOCK_50     ; CLOCK_50    ; 1.000        ; -0.271     ; 2.187      ;
; -1.470 ; q_hex[4]       ; clock_hex    ; CLOCK_50     ; CLOCK_50    ; 1.000        ; -0.036     ; 2.421      ;
; -1.469 ; q_ledr[23]     ; clock_ledr   ; CLOCK_50     ; CLOCK_50    ; 1.000        ; -0.040     ; 2.416      ;
; -1.465 ; q_hex[12]      ; clock_hex    ; CLOCK_50     ; CLOCK_50    ; 1.000        ; -0.036     ; 2.416      ;
; -1.463 ; count_lcd[18]  ; index[0]     ; CLOCK_50     ; CLOCK_50    ; 1.000        ; -0.028     ; 2.422      ;
; -1.461 ; q_ledg[21]     ; clock_ledg   ; CLOCK_50     ; CLOCK_50    ; 1.000        ; -0.036     ; 2.412      ;
; -1.461 ; count_lcd[8]   ; index[1]     ; CLOCK_50     ; CLOCK_50    ; 1.000        ; 0.183      ; 2.631      ;
; -1.460 ; count_lcd[5]   ; index[1]     ; CLOCK_50     ; CLOCK_50    ; 1.000        ; 0.183      ; 2.630      ;
; -1.455 ; q_hex[30]      ; clock_hex    ; CLOCK_50     ; CLOCK_50    ; 1.000        ; -0.041     ; 2.401      ;
; -1.452 ; q_hex[19]      ; clock_hex    ; CLOCK_50     ; CLOCK_50    ; 1.000        ; -0.041     ; 2.398      ;
; -1.450 ; q_hex[15]      ; clock_hex    ; CLOCK_50     ; CLOCK_50    ; 1.000        ; -0.036     ; 2.401      ;
; -1.450 ; count_lcd[19]  ; flag         ; CLOCK_50     ; CLOCK_50    ; 1.000        ; 0.177      ; 2.614      ;
; -1.449 ; blink_count[2] ; clock_ledr   ; CLOCK_50     ; CLOCK_50    ; 1.000        ; -0.036     ; 2.400      ;
; -1.449 ; q_hex[18]      ; clock_hex    ; CLOCK_50     ; CLOCK_50    ; 1.000        ; -0.041     ; 2.395      ;
; -1.449 ; count_lcd[13]  ; index[0]     ; CLOCK_50     ; CLOCK_50    ; 1.000        ; -0.028     ; 2.408      ;
; -1.443 ; q_ledg[18]     ; clock_ledg   ; CLOCK_50     ; CLOCK_50    ; 1.000        ; -0.036     ; 2.394      ;
; -1.443 ; q_hex[22]      ; clock_hex    ; CLOCK_50     ; CLOCK_50    ; 1.000        ; -0.041     ; 2.389      ;
; -1.443 ; count_lcd[14]  ; index[0]     ; CLOCK_50     ; CLOCK_50    ; 1.000        ; -0.028     ; 2.402      ;
; -1.438 ; q_ledg[16]     ; clock_ledg   ; CLOCK_50     ; CLOCK_50    ; 1.000        ; -0.035     ; 2.390      ;
; -1.438 ; count_lcd[0]   ; index[0]     ; CLOCK_50     ; CLOCK_50    ; 1.000        ; -0.022     ; 2.403      ;
; -1.436 ; count_lcd[9]   ; index[0]     ; CLOCK_50     ; CLOCK_50    ; 1.000        ; -0.022     ; 2.401      ;
; -1.434 ; q_hex[9]       ; clock_hex    ; CLOCK_50     ; CLOCK_50    ; 1.000        ; -0.036     ; 2.385      ;
; -1.434 ; count_lcd[2]   ; index[0]     ; CLOCK_50     ; CLOCK_50    ; 1.000        ; -0.022     ; 2.399      ;
; -1.434 ; count_lcd[15]  ; index[0]     ; CLOCK_50     ; CLOCK_50    ; 1.000        ; -0.028     ; 2.393      ;
; -1.431 ; count_lcd[11]  ; flag         ; CLOCK_50     ; CLOCK_50    ; 1.000        ; 0.177      ; 2.595      ;
; -1.431 ; count_lcd[3]   ; index[0]     ; CLOCK_50     ; CLOCK_50    ; 1.000        ; -0.022     ; 2.396      ;
; -1.430 ; q_hex[27]      ; clock_hex    ; CLOCK_50     ; CLOCK_50    ; 1.000        ; -0.041     ; 2.376      ;
; -1.430 ; count_lcd[12]  ; index[0]     ; CLOCK_50     ; CLOCK_50    ; 1.000        ; -0.028     ; 2.389      ;
; -1.429 ; q_hex[26]      ; clock_hex    ; CLOCK_50     ; CLOCK_50    ; 1.000        ; -0.041     ; 2.375      ;
; -1.429 ; blink_en       ; countend[18] ; CLOCK_50     ; CLOCK_50    ; 1.000        ; -0.265     ; 2.151      ;
; -1.429 ; blink_en       ; countend[0]  ; CLOCK_50     ; CLOCK_50    ; 1.000        ; -0.265     ; 2.151      ;
; -1.421 ; count_lcd[7]   ; index[1]     ; CLOCK_50     ; CLOCK_50    ; 1.000        ; 0.183      ; 2.591      ;
; -1.417 ; q_ledg[28]     ; clock_ledg   ; CLOCK_50     ; CLOCK_50    ; 1.000        ; -0.035     ; 2.369      ;
; -1.417 ; q_hex[24]      ; clock_hex    ; CLOCK_50     ; CLOCK_50    ; 1.000        ; -0.041     ; 2.363      ;
; -1.413 ; count_lcd[18]  ; flag         ; CLOCK_50     ; CLOCK_50    ; 1.000        ; 0.177      ; 2.577      ;
; -1.413 ; index[1]       ; countend[18] ; CLOCK_50     ; CLOCK_50    ; 1.000        ; -0.265     ; 2.135      ;
; -1.413 ; index[1]       ; countend[0]  ; CLOCK_50     ; CLOCK_50    ; 1.000        ; -0.265     ; 2.135      ;
; -1.412 ; q_ledg[24]     ; clock_ledg   ; CLOCK_50     ; CLOCK_50    ; 1.000        ; -0.035     ; 2.364      ;
; -1.411 ; q_ledr[15]     ; clock_ledr   ; CLOCK_50     ; CLOCK_50    ; 1.000        ; -0.036     ; 2.362      ;
; -1.407 ; q_ledr[30]     ; clock_ledr   ; CLOCK_50     ; CLOCK_50    ; 1.000        ; -0.040     ; 2.354      ;
; -1.407 ; count_lcd[6]   ; index[1]     ; CLOCK_50     ; CLOCK_50    ; 1.000        ; 0.183      ; 2.577      ;
; -1.405 ; q_ledr[6]      ; clock_ledr   ; CLOCK_50     ; CLOCK_50    ; 1.000        ; -0.036     ; 2.356      ;
; -1.401 ; q_hex[13]      ; clock_hex    ; CLOCK_50     ; CLOCK_50    ; 1.000        ; -0.036     ; 2.352      ;
; -1.400 ; q_ledg[20]     ; clock_ledg   ; CLOCK_50     ; CLOCK_50    ; 1.000        ; -0.035     ; 2.352      ;
; -1.400 ; count_lcd[4]   ; index[1]     ; CLOCK_50     ; CLOCK_50    ; 1.000        ; 0.183      ; 2.570      ;
; -1.399 ; count_lcd[13]  ; flag         ; CLOCK_50     ; CLOCK_50    ; 1.000        ; 0.177      ; 2.563      ;
; -1.396 ; q_hex[7]       ; clock_hex    ; CLOCK_50     ; CLOCK_50    ; 1.000        ; -0.036     ; 2.347      ;
; -1.395 ; countend[4]    ; index[0]     ; CLOCK_50     ; CLOCK_50    ; 1.000        ; -0.023     ; 2.359      ;
+--------+----------------+--------------+--------------+-------------+--------------+------------+------------+


+------------------------------------------------------------------------------------------------------------------+
; Fast 1200mV 0C Model Setup: 'clock_ledr'                                                                         ;
+--------+-------------------+---------------+--------------+-------------+--------------+------------+------------+
; Slack  ; From Node         ; To Node       ; Launch Clock ; Latch Clock ; Relationship ; Clock Skew ; Data Delay ;
+--------+-------------------+---------------+--------------+-------------+--------------+------------+------------+
; -0.435 ; state_ledr.010111 ; LEDR[8]~reg0  ; clock_ledr   ; clock_ledr  ; 1.000        ; -0.041     ; 1.381      ;
; -0.435 ; state_ledr.010111 ; LEDR[12]~reg0 ; clock_ledr   ; clock_ledr  ; 1.000        ; -0.041     ; 1.381      ;
; -0.435 ; state_ledr.010111 ; LEDR[13]~reg0 ; clock_ledr   ; clock_ledr  ; 1.000        ; -0.041     ; 1.381      ;
; -0.418 ; state_ledr.010101 ; LEDR[8]~reg0  ; clock_ledr   ; clock_ledr  ; 1.000        ; -0.039     ; 1.366      ;
; -0.418 ; state_ledr.010101 ; LEDR[12]~reg0 ; clock_ledr   ; clock_ledr  ; 1.000        ; -0.039     ; 1.366      ;
; -0.418 ; state_ledr.010101 ; LEDR[13]~reg0 ; clock_ledr   ; clock_ledr  ; 1.000        ; -0.039     ; 1.366      ;
; -0.418 ; state_ledr.010110 ; LEDR[8]~reg0  ; clock_ledr   ; clock_ledr  ; 1.000        ; -0.039     ; 1.366      ;
; -0.418 ; state_ledr.010110 ; LEDR[12]~reg0 ; clock_ledr   ; clock_ledr  ; 1.000        ; -0.039     ; 1.366      ;
; -0.418 ; state_ledr.010110 ; LEDR[13]~reg0 ; clock_ledr   ; clock_ledr  ; 1.000        ; -0.039     ; 1.366      ;
; -0.416 ; state_ledr.000110 ; LEDR[3]~reg0  ; clock_ledr   ; clock_ledr  ; 1.000        ; -0.045     ; 1.358      ;
; -0.414 ; state_ledr.000110 ; LEDR[4]~reg0  ; clock_ledr   ; clock_ledr  ; 1.000        ; -0.045     ; 1.356      ;
; -0.414 ; state_ledr.001001 ; LEDR[3]~reg0  ; clock_ledr   ; clock_ledr  ; 1.000        ; -0.045     ; 1.356      ;
; -0.412 ; state_ledr.000110 ; LEDR[5]~reg0  ; clock_ledr   ; clock_ledr  ; 1.000        ; -0.045     ; 1.354      ;
; -0.412 ; state_ledr.001001 ; LEDR[4]~reg0  ; clock_ledr   ; clock_ledr  ; 1.000        ; -0.045     ; 1.354      ;
; -0.410 ; state_ledr.001001 ; LEDR[5]~reg0  ; clock_ledr   ; clock_ledr  ; 1.000        ; -0.045     ; 1.352      ;
; -0.405 ; state_ledr.000110 ; LEDR[2]~reg0  ; clock_ledr   ; clock_ledr  ; 1.000        ; -0.045     ; 1.347      ;
; -0.404 ; state_ledr.000110 ; LEDR[1]~reg0  ; clock_ledr   ; clock_ledr  ; 1.000        ; -0.045     ; 1.346      ;
; -0.403 ; state_ledr.001001 ; LEDR[2]~reg0  ; clock_ledr   ; clock_ledr  ; 1.000        ; -0.045     ; 1.345      ;
; -0.402 ; state_ledr.001001 ; LEDR[1]~reg0  ; clock_ledr   ; clock_ledr  ; 1.000        ; -0.045     ; 1.344      ;
; -0.388 ; state_ledr.000001 ; LEDR[3]~reg0  ; clock_ledr   ; clock_ledr  ; 1.000        ; -0.045     ; 1.330      ;
; -0.386 ; state_ledr.000001 ; LEDR[4]~reg0  ; clock_ledr   ; clock_ledr  ; 1.000        ; -0.045     ; 1.328      ;
; -0.384 ; state_ledr.000001 ; LEDR[5]~reg0  ; clock_ledr   ; clock_ledr  ; 1.000        ; -0.045     ; 1.326      ;
; -0.377 ; state_ledr.000001 ; LEDR[2]~reg0  ; clock_ledr   ; clock_ledr  ; 1.000        ; -0.045     ; 1.319      ;
; -0.377 ; state_ledr.000011 ; LEDR[3]~reg0  ; clock_ledr   ; clock_ledr  ; 1.000        ; -0.045     ; 1.319      ;
; -0.376 ; state_ledr.000001 ; LEDR[1]~reg0  ; clock_ledr   ; clock_ledr  ; 1.000        ; -0.045     ; 1.318      ;
; -0.375 ; state_ledr.000011 ; LEDR[4]~reg0  ; clock_ledr   ; clock_ledr  ; 1.000        ; -0.045     ; 1.317      ;
; -0.373 ; state_ledr.000011 ; LEDR[5]~reg0  ; clock_ledr   ; clock_ledr  ; 1.000        ; -0.045     ; 1.315      ;
; -0.366 ; state_ledr.000011 ; LEDR[2]~reg0  ; clock_ledr   ; clock_ledr  ; 1.000        ; -0.045     ; 1.308      ;
; -0.365 ; state_ledr.000011 ; LEDR[1]~reg0  ; clock_ledr   ; clock_ledr  ; 1.000        ; -0.045     ; 1.307      ;
; -0.344 ; state_ledr.010011 ; LEDR[8]~reg0  ; clock_ledr   ; clock_ledr  ; 1.000        ; -0.043     ; 1.288      ;
; -0.344 ; state_ledr.010011 ; LEDR[12]~reg0 ; clock_ledr   ; clock_ledr  ; 1.000        ; -0.043     ; 1.288      ;
; -0.344 ; state_ledr.010011 ; LEDR[13]~reg0 ; clock_ledr   ; clock_ledr  ; 1.000        ; -0.043     ; 1.288      ;
; -0.316 ; state_ledr.011100 ; LEDR[14]~reg0 ; clock_ledr   ; clock_ledr  ; 1.000        ; -0.037     ; 1.266      ;
; -0.316 ; state_ledr.011100 ; LEDR[15]~reg0 ; clock_ledr   ; clock_ledr  ; 1.000        ; -0.037     ; 1.266      ;
; -0.316 ; state_ledr.011100 ; LEDR[17]~reg0 ; clock_ledr   ; clock_ledr  ; 1.000        ; -0.037     ; 1.266      ;
; -0.315 ; state_ledr.011100 ; LEDR[16]~reg0 ; clock_ledr   ; clock_ledr  ; 1.000        ; -0.037     ; 1.265      ;
; -0.295 ; state_ledr.011110 ; LEDR[14]~reg0 ; clock_ledr   ; clock_ledr  ; 1.000        ; -0.037     ; 1.245      ;
; -0.295 ; state_ledr.011110 ; LEDR[15]~reg0 ; clock_ledr   ; clock_ledr  ; 1.000        ; -0.037     ; 1.245      ;
; -0.295 ; state_ledr.011110 ; LEDR[17]~reg0 ; clock_ledr   ; clock_ledr  ; 1.000        ; -0.037     ; 1.245      ;
; -0.294 ; state_ledr.011110 ; LEDR[16]~reg0 ; clock_ledr   ; clock_ledr  ; 1.000        ; -0.037     ; 1.244      ;
; -0.289 ; state_ledr.010111 ; LEDR[14]~reg0 ; clock_ledr   ; clock_ledr  ; 1.000        ; -0.037     ; 1.239      ;
; -0.289 ; state_ledr.010111 ; LEDR[15]~reg0 ; clock_ledr   ; clock_ledr  ; 1.000        ; -0.037     ; 1.239      ;
; -0.289 ; state_ledr.010111 ; LEDR[17]~reg0 ; clock_ledr   ; clock_ledr  ; 1.000        ; -0.037     ; 1.239      ;
; -0.288 ; state_ledr.010111 ; LEDR[16]~reg0 ; clock_ledr   ; clock_ledr  ; 1.000        ; -0.037     ; 1.238      ;
; -0.279 ; state_ledr.011000 ; LEDR[8]~reg0  ; clock_ledr   ; clock_ledr  ; 1.000        ; -0.041     ; 1.225      ;
; -0.279 ; state_ledr.011000 ; LEDR[12]~reg0 ; clock_ledr   ; clock_ledr  ; 1.000        ; -0.041     ; 1.225      ;
; -0.279 ; state_ledr.011000 ; LEDR[13]~reg0 ; clock_ledr   ; clock_ledr  ; 1.000        ; -0.041     ; 1.225      ;
; -0.279 ; state_ledr.010101 ; LEDR[14]~reg0 ; clock_ledr   ; clock_ledr  ; 1.000        ; -0.035     ; 1.231      ;
; -0.279 ; state_ledr.010101 ; LEDR[15]~reg0 ; clock_ledr   ; clock_ledr  ; 1.000        ; -0.035     ; 1.231      ;
; -0.279 ; state_ledr.010101 ; LEDR[17]~reg0 ; clock_ledr   ; clock_ledr  ; 1.000        ; -0.035     ; 1.231      ;
; -0.279 ; state_ledr.010110 ; LEDR[14]~reg0 ; clock_ledr   ; clock_ledr  ; 1.000        ; -0.035     ; 1.231      ;
; -0.279 ; state_ledr.010110 ; LEDR[15]~reg0 ; clock_ledr   ; clock_ledr  ; 1.000        ; -0.035     ; 1.231      ;
; -0.279 ; state_ledr.010110 ; LEDR[17]~reg0 ; clock_ledr   ; clock_ledr  ; 1.000        ; -0.035     ; 1.231      ;
; -0.278 ; state_ledr.010101 ; LEDR[16]~reg0 ; clock_ledr   ; clock_ledr  ; 1.000        ; -0.035     ; 1.230      ;
; -0.278 ; state_ledr.010110 ; LEDR[16]~reg0 ; clock_ledr   ; clock_ledr  ; 1.000        ; -0.035     ; 1.230      ;
; -0.277 ; state_ledr.001000 ; LEDR[3]~reg0  ; clock_ledr   ; clock_ledr  ; 1.000        ; -0.045     ; 1.219      ;
; -0.275 ; state_ledr.001000 ; LEDR[4]~reg0  ; clock_ledr   ; clock_ledr  ; 1.000        ; -0.045     ; 1.217      ;
; -0.274 ; state_ledr.010100 ; LEDR[8]~reg0  ; clock_ledr   ; clock_ledr  ; 1.000        ; -0.039     ; 1.222      ;
; -0.274 ; state_ledr.010100 ; LEDR[12]~reg0 ; clock_ledr   ; clock_ledr  ; 1.000        ; -0.039     ; 1.222      ;
; -0.274 ; state_ledr.010100 ; LEDR[13]~reg0 ; clock_ledr   ; clock_ledr  ; 1.000        ; -0.039     ; 1.222      ;
; -0.274 ; state_ledr.000111 ; LEDR[3]~reg0  ; clock_ledr   ; clock_ledr  ; 1.000        ; -0.045     ; 1.216      ;
; -0.273 ; state_ledr.001000 ; LEDR[5]~reg0  ; clock_ledr   ; clock_ledr  ; 1.000        ; -0.045     ; 1.215      ;
; -0.272 ; state_ledr.000111 ; LEDR[4]~reg0  ; clock_ledr   ; clock_ledr  ; 1.000        ; -0.045     ; 1.214      ;
; -0.270 ; state_ledr.000111 ; LEDR[5]~reg0  ; clock_ledr   ; clock_ledr  ; 1.000        ; -0.045     ; 1.212      ;
; -0.268 ; state_ledr.000000 ; LEDR[8]~reg0  ; clock_ledr   ; clock_ledr  ; 1.000        ; -0.043     ; 1.212      ;
; -0.268 ; state_ledr.000000 ; LEDR[12]~reg0 ; clock_ledr   ; clock_ledr  ; 1.000        ; -0.043     ; 1.212      ;
; -0.268 ; state_ledr.000000 ; LEDR[13]~reg0 ; clock_ledr   ; clock_ledr  ; 1.000        ; -0.043     ; 1.212      ;
; -0.266 ; state_ledr.001000 ; LEDR[2]~reg0  ; clock_ledr   ; clock_ledr  ; 1.000        ; -0.045     ; 1.208      ;
; -0.265 ; state_ledr.011010 ; LEDR[8]~reg0  ; clock_ledr   ; clock_ledr  ; 1.000        ; -0.041     ; 1.211      ;
; -0.265 ; state_ledr.011010 ; LEDR[12]~reg0 ; clock_ledr   ; clock_ledr  ; 1.000        ; -0.041     ; 1.211      ;
; -0.265 ; state_ledr.011010 ; LEDR[13]~reg0 ; clock_ledr   ; clock_ledr  ; 1.000        ; -0.041     ; 1.211      ;
; -0.265 ; state_ledr.001000 ; LEDR[1]~reg0  ; clock_ledr   ; clock_ledr  ; 1.000        ; -0.045     ; 1.207      ;
; -0.264 ; state_ledr.010011 ; LEDR[3]~reg0  ; clock_ledr   ; clock_ledr  ; 1.000        ; -0.045     ; 1.206      ;
; -0.263 ; state_ledr.000111 ; LEDR[2]~reg0  ; clock_ledr   ; clock_ledr  ; 1.000        ; -0.045     ; 1.205      ;
; -0.262 ; state_ledr.010011 ; LEDR[4]~reg0  ; clock_ledr   ; clock_ledr  ; 1.000        ; -0.045     ; 1.204      ;
; -0.262 ; state_ledr.000111 ; LEDR[1]~reg0  ; clock_ledr   ; clock_ledr  ; 1.000        ; -0.045     ; 1.204      ;
; -0.261 ; state_ledr.010011 ; LEDR[14]~reg0 ; clock_ledr   ; clock_ledr  ; 1.000        ; -0.039     ; 1.209      ;
; -0.261 ; state_ledr.010011 ; LEDR[15]~reg0 ; clock_ledr   ; clock_ledr  ; 1.000        ; -0.039     ; 1.209      ;
; -0.261 ; state_ledr.010011 ; LEDR[17]~reg0 ; clock_ledr   ; clock_ledr  ; 1.000        ; -0.039     ; 1.209      ;
; -0.260 ; state_ledr.010011 ; LEDR[5]~reg0  ; clock_ledr   ; clock_ledr  ; 1.000        ; -0.045     ; 1.202      ;
; -0.260 ; state_ledr.010011 ; LEDR[16]~reg0 ; clock_ledr   ; clock_ledr  ; 1.000        ; -0.039     ; 1.208      ;
; -0.253 ; state_ledr.010011 ; LEDR[2]~reg0  ; clock_ledr   ; clock_ledr  ; 1.000        ; -0.045     ; 1.195      ;
; -0.252 ; state_ledr.010011 ; LEDR[1]~reg0  ; clock_ledr   ; clock_ledr  ; 1.000        ; -0.045     ; 1.194      ;
; -0.252 ; state_ledr.001010 ; LEDR[3]~reg0  ; clock_ledr   ; clock_ledr  ; 1.000        ; -0.045     ; 1.194      ;
; -0.250 ; state_ledr.001010 ; LEDR[4]~reg0  ; clock_ledr   ; clock_ledr  ; 1.000        ; -0.045     ; 1.192      ;
; -0.248 ; state_ledr.001010 ; LEDR[5]~reg0  ; clock_ledr   ; clock_ledr  ; 1.000        ; -0.045     ; 1.190      ;
; -0.241 ; state_ledr.000010 ; LEDR[3]~reg0  ; clock_ledr   ; clock_ledr  ; 1.000        ; -0.045     ; 1.183      ;
; -0.241 ; state_ledr.001010 ; LEDR[2]~reg0  ; clock_ledr   ; clock_ledr  ; 1.000        ; -0.045     ; 1.183      ;
; -0.240 ; state_ledr.001010 ; LEDR[1]~reg0  ; clock_ledr   ; clock_ledr  ; 1.000        ; -0.045     ; 1.182      ;
; -0.239 ; state_ledr.000010 ; LEDR[4]~reg0  ; clock_ledr   ; clock_ledr  ; 1.000        ; -0.045     ; 1.181      ;
; -0.237 ; state_ledr.000010 ; LEDR[5]~reg0  ; clock_ledr   ; clock_ledr  ; 1.000        ; -0.045     ; 1.179      ;
; -0.237 ; state_ledr.011011 ; LEDR[8]~reg0  ; clock_ledr   ; clock_ledr  ; 1.000        ; -0.041     ; 1.183      ;
; -0.237 ; state_ledr.011011 ; LEDR[12]~reg0 ; clock_ledr   ; clock_ledr  ; 1.000        ; -0.041     ; 1.183      ;
; -0.237 ; state_ledr.011011 ; LEDR[13]~reg0 ; clock_ledr   ; clock_ledr  ; 1.000        ; -0.041     ; 1.183      ;
; -0.235 ; state_ledr.000100 ; LEDR[3]~reg0  ; clock_ledr   ; clock_ledr  ; 1.000        ; -0.045     ; 1.177      ;
; -0.233 ; state_ledr.000100 ; LEDR[4]~reg0  ; clock_ledr   ; clock_ledr  ; 1.000        ; -0.045     ; 1.175      ;
; -0.231 ; state_ledr.000100 ; LEDR[5]~reg0  ; clock_ledr   ; clock_ledr  ; 1.000        ; -0.045     ; 1.173      ;
; -0.230 ; state_ledr.000010 ; LEDR[2]~reg0  ; clock_ledr   ; clock_ledr  ; 1.000        ; -0.045     ; 1.172      ;
; -0.229 ; state_ledr.000010 ; LEDR[1]~reg0  ; clock_ledr   ; clock_ledr  ; 1.000        ; -0.045     ; 1.171      ;
; -0.227 ; state_ledr.011111 ; LEDR[14]~reg0 ; clock_ledr   ; clock_ledr  ; 1.000        ; -0.037     ; 1.177      ;
+--------+-------------------+---------------+--------------+-------------+--------------+------------+------------+


+-------------------------------------------------------------------------------------------------------------------+
; Fast 1200mV 0C Model Setup: 'clock_ledg'                                                                          ;
+-------+------------------+------------------+--------------+-------------+--------------+------------+------------+
; Slack ; From Node        ; To Node          ; Launch Clock ; Latch Clock ; Relationship ; Clock Skew ; Data Delay ;
+-------+------------------+------------------+--------------+-------------+--------------+------------+------------+
; 0.391 ; state_ledg.01010 ; LEDG[3]~reg0     ; clock_ledg   ; clock_ledg  ; 1.000        ; -0.041     ; 0.555      ;
; 0.391 ; state_ledg.00011 ; LEDG[4]~reg0     ; clock_ledg   ; clock_ledg  ; 1.000        ; -0.041     ; 0.555      ;
; 0.395 ; state_ledg.01001 ; LEDG[2]~reg0     ; clock_ledg   ; clock_ledg  ; 1.000        ; -0.041     ; 0.551      ;
; 0.397 ; state_ledg.00110 ; LEDG[1]~reg0     ; clock_ledg   ; clock_ledg  ; 1.000        ; -0.041     ; 0.549      ;
; 0.397 ; state_ledg.01101 ; LEDG[6]~reg0     ; clock_ledg   ; clock_ledg  ; 1.000        ; -0.041     ; 0.549      ;
; 0.399 ; state_ledg.01100 ; LEDG[5]~reg0     ; clock_ledg   ; clock_ledg  ; 1.000        ; -0.041     ; 0.547      ;
; 0.474 ; state_ledg.00011 ; state_ledg.00100 ; clock_ledg   ; clock_ledg  ; 1.000        ; -0.043     ; 0.470      ;
; 0.480 ; state_ledg.01010 ; state_ledg.01011 ; clock_ledg   ; clock_ledg  ; 1.000        ; -0.039     ; 0.468      ;
; 0.561 ; state_ledg.01001 ; state_ledg.01010 ; clock_ledg   ; clock_ledg  ; 1.000        ; -0.041     ; 0.385      ;
; 0.564 ; state_ledg.01000 ; state_ledg.01001 ; clock_ledg   ; clock_ledg  ; 1.000        ; -0.041     ; 0.382      ;
; 0.565 ; state_ledg.00001 ; state_ledg.00010 ; clock_ledg   ; clock_ledg  ; 1.000        ; -0.041     ; 0.381      ;
; 0.565 ; state_ledg.00101 ; LEDG[2]~reg0     ; clock_ledg   ; clock_ledg  ; 1.000        ; -0.041     ; 0.381      ;
; 0.565 ; state_ledg.01000 ; LEDG[1]~reg0     ; clock_ledg   ; clock_ledg  ; 1.000        ; -0.041     ; 0.381      ;
; 0.566 ; state_ledg.00010 ; state_ledg.00011 ; clock_ledg   ; clock_ledg  ; 1.000        ; -0.041     ; 0.380      ;
; 0.566 ; state_ledg.00101 ; state_ledg.00110 ; clock_ledg   ; clock_ledg  ; 1.000        ; -0.041     ; 0.380      ;
; 0.566 ; state_ledg.00110 ; state_ledg.00111 ; clock_ledg   ; clock_ledg  ; 1.000        ; -0.041     ; 0.380      ;
; 0.566 ; state_ledg.01011 ; LEDG[4]~reg0     ; clock_ledg   ; clock_ledg  ; 1.000        ; -0.041     ; 0.380      ;
; 0.566 ; state_ledg.00010 ; LEDG[5]~reg0     ; clock_ledg   ; clock_ledg  ; 1.000        ; -0.041     ; 0.380      ;
; 0.567 ; state_ledg.00111 ; state_ledg.01000 ; clock_ledg   ; clock_ledg  ; 1.000        ; -0.041     ; 0.379      ;
; 0.567 ; state_ledg.01100 ; state_ledg.01101 ; clock_ledg   ; clock_ledg  ; 1.000        ; -0.041     ; 0.379      ;
; 0.567 ; state_ledg.01101 ; state_ledg.00000 ; clock_ledg   ; clock_ledg  ; 1.000        ; -0.041     ; 0.379      ;
; 0.567 ; state_ledg.00100 ; LEDG[3]~reg0     ; clock_ledg   ; clock_ledg  ; 1.000        ; -0.041     ; 0.379      ;
; 0.568 ; state_ledg.01011 ; state_ledg.01100 ; clock_ledg   ; clock_ledg  ; 1.000        ; -0.041     ; 0.378      ;
; 0.568 ; state_ledg.00100 ; state_ledg.00101 ; clock_ledg   ; clock_ledg  ; 1.000        ; -0.041     ; 0.378      ;
; 0.568 ; state_ledg.00001 ; LEDG[6]~reg0     ; clock_ledg   ; clock_ledg  ; 1.000        ; -0.041     ; 0.378      ;
; 0.569 ; state_ledg.00111 ; LEDG[0]~reg0     ; clock_ledg   ; clock_ledg  ; 1.000        ; -0.041     ; 0.377      ;
; 0.571 ; state_ledg.00000 ; state_ledg.00001 ; clock_ledg   ; clock_ledg  ; 1.000        ; -0.041     ; 0.375      ;
; 0.571 ; state_ledg.00000 ; LEDG[7]~reg0     ; clock_ledg   ; clock_ledg  ; 1.000        ; -0.041     ; 0.375      ;
+-------+------------------+------------------+--------------+-------------+--------------+------------+------------+


+-------------------------------------------------------------------------------------------------------------------+
; Fast 1200mV 0C Model Setup: 'clock_hex'                                                                           ;
+-------+------------------+------------------+--------------+-------------+--------------+------------+------------+
; Slack ; From Node        ; To Node          ; Launch Clock ; Latch Clock ; Relationship ; Clock Skew ; Data Delay ;
+-------+------------------+------------------+--------------+-------------+--------------+------------+------------+
; 0.626 ; state_hex.hex_s1 ; state_hex.hex_s1 ; clock_hex    ; clock_hex   ; 1.000        ; -0.022     ; 0.359      ;
+-------+------------------+------------------+--------------+-------------+--------------+------------+------------+


+------------------------------------------------------------------------------------------------------------------+
; Fast 1200mV 0C Model Hold: 'CLOCK_50'                                                                            ;
+--------+-----------------+-----------------+--------------+-------------+--------------+------------+------------+
; Slack  ; From Node       ; To Node         ; Launch Clock ; Latch Clock ; Relationship ; Clock Skew ; Data Delay ;
+--------+-----------------+-----------------+--------------+-------------+--------------+------------+------------+
; -0.274 ; clock_ledg      ; clock_ledg      ; clock_ledg   ; CLOCK_50    ; 0.000        ; 1.566      ; 1.511      ;
; -0.196 ; clock_hex       ; clock_hex       ; clock_hex    ; CLOCK_50    ; 0.000        ; 1.538      ; 1.551      ;
; -0.173 ; clock_ledr      ; clock_ledr      ; clock_ledr   ; CLOCK_50    ; 0.000        ; 1.553      ; 1.599      ;
; 0.174  ; blink_en        ; blink_en        ; CLOCK_50     ; CLOCK_50    ; 0.000        ; 0.049      ; 0.307      ;
; 0.174  ; index[1]        ; index[1]        ; CLOCK_50     ; CLOCK_50    ; 0.000        ; 0.049      ; 0.307      ;
; 0.174  ; flag            ; flag            ; CLOCK_50     ; CLOCK_50    ; 0.000        ; 0.049      ; 0.307      ;
; 0.174  ; en              ; en              ; CLOCK_50     ; CLOCK_50    ; 0.000        ; 0.049      ; 0.307      ;
; 0.183  ; state[0]        ; state[0]        ; CLOCK_50     ; CLOCK_50    ; 0.000        ; 0.040      ; 0.307      ;
; 0.200  ; blink_count[24] ; blink_count[24] ; CLOCK_50     ; CLOCK_50    ; 0.000        ; 0.041      ; 0.325      ;
; 0.205  ; count_lcd[19]   ; count_lcd[19]   ; CLOCK_50     ; CLOCK_50    ; 0.000        ; 0.040      ; 0.329      ;
; 0.292  ; blink_count[7]  ; blink_count[7]  ; CLOCK_50     ; CLOCK_50    ; 0.000        ; 0.041      ; 0.417      ;
; 0.294  ; blink_count[6]  ; blink_count[6]  ; CLOCK_50     ; CLOCK_50    ; 0.000        ; 0.041      ; 0.419      ;
; 0.294  ; blink_count[8]  ; blink_count[8]  ; CLOCK_50     ; CLOCK_50    ; 0.000        ; 0.041      ; 0.419      ;
; 0.294  ; q_ledg[11]      ; q_ledg[11]      ; CLOCK_50     ; CLOCK_50    ; 0.000        ; 0.041      ; 0.419      ;
; 0.295  ; q_ledg[9]       ; q_ledg[9]       ; CLOCK_50     ; CLOCK_50    ; 0.000        ; 0.041      ; 0.420      ;
; 0.296  ; blink_count[22] ; blink_count[22] ; CLOCK_50     ; CLOCK_50    ; 0.000        ; 0.041      ; 0.421      ;
; 0.298  ; count_lcd[10]   ; count_lcd[10]   ; CLOCK_50     ; CLOCK_50    ; 0.000        ; 0.040      ; 0.422      ;
; 0.299  ; blink_count[9]  ; blink_count[9]  ; CLOCK_50     ; CLOCK_50    ; 0.000        ; 0.041      ; 0.424      ;
; 0.299  ; q_hex[6]        ; q_hex[6]        ; CLOCK_50     ; CLOCK_50    ; 0.000        ; 0.041      ; 0.424      ;
; 0.299  ; q_hex[15]       ; q_hex[15]       ; CLOCK_50     ; CLOCK_50    ; 0.000        ; 0.041      ; 0.424      ;
; 0.299  ; q_ledg[6]       ; q_ledg[6]       ; CLOCK_50     ; CLOCK_50    ; 0.000        ; 0.041      ; 0.424      ;
; 0.299  ; q_ledg[15]      ; q_ledg[15]      ; CLOCK_50     ; CLOCK_50    ; 0.000        ; 0.041      ; 0.424      ;
; 0.299  ; q_ledr[15]      ; q_ledr[15]      ; CLOCK_50     ; CLOCK_50    ; 0.000        ; 0.041      ; 0.424      ;
; 0.299  ; q_ledr[16]      ; q_ledr[16]      ; CLOCK_50     ; CLOCK_50    ; 0.000        ; 0.042      ; 0.425      ;
; 0.299  ; q_ledr[31]      ; q_ledr[31]      ; CLOCK_50     ; CLOCK_50    ; 0.000        ; 0.042      ; 0.425      ;
; 0.299  ; count_lcd[13]   ; count_lcd[13]   ; CLOCK_50     ; CLOCK_50    ; 0.000        ; 0.040      ; 0.423      ;
; 0.300  ; q_hex[5]        ; q_hex[5]        ; CLOCK_50     ; CLOCK_50    ; 0.000        ; 0.041      ; 0.425      ;
; 0.300  ; q_hex[8]        ; q_hex[8]        ; CLOCK_50     ; CLOCK_50    ; 0.000        ; 0.041      ; 0.425      ;
; 0.300  ; q_hex[13]       ; q_hex[13]       ; CLOCK_50     ; CLOCK_50    ; 0.000        ; 0.041      ; 0.425      ;
; 0.300  ; q_hex[31]       ; q_hex[31]       ; CLOCK_50     ; CLOCK_50    ; 0.000        ; 0.041      ; 0.425      ;
; 0.300  ; q_ledg[14]      ; q_ledg[14]      ; CLOCK_50     ; CLOCK_50    ; 0.000        ; 0.041      ; 0.425      ;
; 0.300  ; q_ledg[16]      ; q_ledg[16]      ; CLOCK_50     ; CLOCK_50    ; 0.000        ; 0.041      ; 0.425      ;
; 0.300  ; q_ledg[22]      ; q_ledg[22]      ; CLOCK_50     ; CLOCK_50    ; 0.000        ; 0.041      ; 0.425      ;
; 0.300  ; q_ledg[31]      ; q_ledg[31]      ; CLOCK_50     ; CLOCK_50    ; 0.000        ; 0.041      ; 0.425      ;
; 0.300  ; q_ledr[5]       ; q_ledr[5]       ; CLOCK_50     ; CLOCK_50    ; 0.000        ; 0.041      ; 0.425      ;
; 0.300  ; q_ledr[13]      ; q_ledr[13]      ; CLOCK_50     ; CLOCK_50    ; 0.000        ; 0.041      ; 0.425      ;
; 0.300  ; q_ledr[17]      ; q_ledr[17]      ; CLOCK_50     ; CLOCK_50    ; 0.000        ; 0.042      ; 0.426      ;
; 0.300  ; q_ledr[20]      ; q_ledr[20]      ; CLOCK_50     ; CLOCK_50    ; 0.000        ; 0.042      ; 0.426      ;
; 0.300  ; q_ledr[21]      ; q_ledr[21]      ; CLOCK_50     ; CLOCK_50    ; 0.000        ; 0.042      ; 0.426      ;
; 0.300  ; q_ledr[24]      ; q_ledr[24]      ; CLOCK_50     ; CLOCK_50    ; 0.000        ; 0.042      ; 0.426      ;
; 0.300  ; q_ledr[27]      ; q_ledr[27]      ; CLOCK_50     ; CLOCK_50    ; 0.000        ; 0.042      ; 0.426      ;
; 0.300  ; q_ledr[29]      ; q_ledr[29]      ; CLOCK_50     ; CLOCK_50    ; 0.000        ; 0.042      ; 0.426      ;
; 0.300  ; q_ledr[30]      ; q_ledr[30]      ; CLOCK_50     ; CLOCK_50    ; 0.000        ; 0.042      ; 0.426      ;
; 0.300  ; count_lcd[2]    ; count_lcd[2]    ; CLOCK_50     ; CLOCK_50    ; 0.000        ; 0.040      ; 0.424      ;
; 0.300  ; count_lcd[7]    ; count_lcd[7]    ; CLOCK_50     ; CLOCK_50    ; 0.000        ; 0.040      ; 0.424      ;
; 0.300  ; count_lcd[9]    ; count_lcd[9]    ; CLOCK_50     ; CLOCK_50    ; 0.000        ; 0.040      ; 0.424      ;
; 0.300  ; count_lcd[12]   ; count_lcd[12]   ; CLOCK_50     ; CLOCK_50    ; 0.000        ; 0.040      ; 0.424      ;
; 0.301  ; blink_count[14] ; blink_count[14] ; CLOCK_50     ; CLOCK_50    ; 0.000        ; 0.041      ; 0.426      ;
; 0.301  ; q_hex[7]        ; q_hex[7]        ; CLOCK_50     ; CLOCK_50    ; 0.000        ; 0.041      ; 0.426      ;
; 0.301  ; q_hex[21]       ; q_hex[21]       ; CLOCK_50     ; CLOCK_50    ; 0.000        ; 0.041      ; 0.426      ;
; 0.301  ; q_hex[24]       ; q_hex[24]       ; CLOCK_50     ; CLOCK_50    ; 0.000        ; 0.041      ; 0.426      ;
; 0.301  ; q_hex[27]       ; q_hex[27]       ; CLOCK_50     ; CLOCK_50    ; 0.000        ; 0.041      ; 0.426      ;
; 0.301  ; q_hex[29]       ; q_hex[29]       ; CLOCK_50     ; CLOCK_50    ; 0.000        ; 0.041      ; 0.426      ;
; 0.301  ; q_hex[30]       ; q_hex[30]       ; CLOCK_50     ; CLOCK_50    ; 0.000        ; 0.041      ; 0.426      ;
; 0.301  ; q_ledg[12]      ; q_ledg[12]      ; CLOCK_50     ; CLOCK_50    ; 0.000        ; 0.041      ; 0.426      ;
; 0.301  ; q_ledg[19]      ; q_ledg[19]      ; CLOCK_50     ; CLOCK_50    ; 0.000        ; 0.041      ; 0.426      ;
; 0.301  ; q_ledg[20]      ; q_ledg[20]      ; CLOCK_50     ; CLOCK_50    ; 0.000        ; 0.041      ; 0.426      ;
; 0.301  ; q_ledg[24]      ; q_ledg[24]      ; CLOCK_50     ; CLOCK_50    ; 0.000        ; 0.041      ; 0.426      ;
; 0.301  ; q_ledg[27]      ; q_ledg[27]      ; CLOCK_50     ; CLOCK_50    ; 0.000        ; 0.041      ; 0.426      ;
; 0.301  ; q_ledg[29]      ; q_ledg[29]      ; CLOCK_50     ; CLOCK_50    ; 0.000        ; 0.041      ; 0.426      ;
; 0.301  ; q_ledg[30]      ; q_ledg[30]      ; CLOCK_50     ; CLOCK_50    ; 0.000        ; 0.041      ; 0.426      ;
; 0.301  ; q_ledr[7]       ; q_ledr[7]       ; CLOCK_50     ; CLOCK_50    ; 0.000        ; 0.041      ; 0.426      ;
; 0.301  ; q_ledr[10]      ; q_ledr[10]      ; CLOCK_50     ; CLOCK_50    ; 0.000        ; 0.041      ; 0.426      ;
; 0.301  ; q_ledr[12]      ; q_ledr[12]      ; CLOCK_50     ; CLOCK_50    ; 0.000        ; 0.041      ; 0.426      ;
; 0.301  ; q_ledr[23]      ; q_ledr[23]      ; CLOCK_50     ; CLOCK_50    ; 0.000        ; 0.042      ; 0.427      ;
; 0.301  ; q_ledr[25]      ; q_ledr[25]      ; CLOCK_50     ; CLOCK_50    ; 0.000        ; 0.042      ; 0.427      ;
; 0.301  ; q_ledr[26]      ; q_ledr[26]      ; CLOCK_50     ; CLOCK_50    ; 0.000        ; 0.042      ; 0.427      ;
; 0.301  ; q_ledr[28]      ; q_ledr[28]      ; CLOCK_50     ; CLOCK_50    ; 0.000        ; 0.042      ; 0.427      ;
; 0.301  ; count_lcd[14]   ; count_lcd[14]   ; CLOCK_50     ; CLOCK_50    ; 0.000        ; 0.040      ; 0.425      ;
; 0.302  ; blink_count[16] ; blink_count[16] ; CLOCK_50     ; CLOCK_50    ; 0.000        ; 0.041      ; 0.427      ;
; 0.302  ; q_hex[23]       ; q_hex[23]       ; CLOCK_50     ; CLOCK_50    ; 0.000        ; 0.041      ; 0.427      ;
; 0.302  ; q_hex[25]       ; q_hex[25]       ; CLOCK_50     ; CLOCK_50    ; 0.000        ; 0.041      ; 0.427      ;
; 0.302  ; q_hex[26]       ; q_hex[26]       ; CLOCK_50     ; CLOCK_50    ; 0.000        ; 0.041      ; 0.427      ;
; 0.302  ; q_hex[28]       ; q_hex[28]       ; CLOCK_50     ; CLOCK_50    ; 0.000        ; 0.041      ; 0.427      ;
; 0.302  ; q_ledg[23]      ; q_ledg[23]      ; CLOCK_50     ; CLOCK_50    ; 0.000        ; 0.041      ; 0.427      ;
; 0.302  ; q_ledg[25]      ; q_ledg[25]      ; CLOCK_50     ; CLOCK_50    ; 0.000        ; 0.041      ; 0.427      ;
; 0.302  ; q_ledg[26]      ; q_ledg[26]      ; CLOCK_50     ; CLOCK_50    ; 0.000        ; 0.041      ; 0.427      ;
; 0.302  ; q_ledg[28]      ; q_ledg[28]      ; CLOCK_50     ; CLOCK_50    ; 0.000        ; 0.041      ; 0.427      ;
; 0.302  ; count_lcd[8]    ; count_lcd[8]    ; CLOCK_50     ; CLOCK_50    ; 0.000        ; 0.040      ; 0.426      ;
; 0.302  ; count_lcd[17]   ; count_lcd[17]   ; CLOCK_50     ; CLOCK_50    ; 0.000        ; 0.040      ; 0.426      ;
; 0.302  ; count_lcd[16]   ; count_lcd[16]   ; CLOCK_50     ; CLOCK_50    ; 0.000        ; 0.040      ; 0.426      ;
; 0.303  ; count_lcd[4]    ; count_lcd[4]    ; CLOCK_50     ; CLOCK_50    ; 0.000        ; 0.040      ; 0.427      ;
; 0.303  ; count_lcd[6]    ; count_lcd[6]    ; CLOCK_50     ; CLOCK_50    ; 0.000        ; 0.040      ; 0.427      ;
; 0.303  ; index[0]        ; index[1]        ; CLOCK_50     ; CLOCK_50    ; 0.000        ; 0.254      ; 0.641      ;
; 0.304  ; blink_count[2]  ; blink_count[2]  ; CLOCK_50     ; CLOCK_50    ; 0.000        ; 0.041      ; 0.429      ;
; 0.305  ; blink_count[1]  ; blink_count[1]  ; CLOCK_50     ; CLOCK_50    ; 0.000        ; 0.041      ; 0.430      ;
; 0.305  ; count_lcd[11]   ; count_lcd[11]   ; CLOCK_50     ; CLOCK_50    ; 0.000        ; 0.040      ; 0.429      ;
; 0.305  ; count_lcd[15]   ; count_lcd[15]   ; CLOCK_50     ; CLOCK_50    ; 0.000        ; 0.040      ; 0.429      ;
; 0.305  ; index[0]        ; en              ; CLOCK_50     ; CLOCK_50    ; 0.000        ; 0.254      ; 0.643      ;
; 0.306  ; count_lcd[3]    ; count_lcd[3]    ; CLOCK_50     ; CLOCK_50    ; 0.000        ; 0.040      ; 0.430      ;
; 0.310  ; count_lcd[0]    ; count_lcd[0]    ; CLOCK_50     ; CLOCK_50    ; 0.000        ; 0.040      ; 0.434      ;
; 0.311  ; count_lcd[1]    ; count_lcd[1]    ; CLOCK_50     ; CLOCK_50    ; 0.000        ; 0.040      ; 0.435      ;
; 0.312  ; count_lcd[5]    ; count_lcd[5]    ; CLOCK_50     ; CLOCK_50    ; 0.000        ; 0.040      ; 0.436      ;
; 0.315  ; count_lcd[18]   ; count_lcd[18]   ; CLOCK_50     ; CLOCK_50    ; 0.000        ; 0.040      ; 0.439      ;
; 0.316  ; blink_count[3]  ; blink_count[3]  ; CLOCK_50     ; CLOCK_50    ; 0.000        ; 0.041      ; 0.441      ;
; 0.316  ; state[4]        ; state[4]        ; CLOCK_50     ; CLOCK_50    ; 0.000        ; 0.040      ; 0.440      ;
; 0.317  ; blink_count[0]  ; blink_count[0]  ; CLOCK_50     ; CLOCK_50    ; 0.000        ; 0.041      ; 0.442      ;
; 0.317  ; blink_count[4]  ; blink_count[4]  ; CLOCK_50     ; CLOCK_50    ; 0.000        ; 0.041      ; 0.442      ;
; 0.319  ; state[2]        ; state[2]        ; CLOCK_50     ; CLOCK_50    ; 0.000        ; 0.040      ; 0.443      ;
; 0.319  ; clock_ledg      ; clock_ledg      ; clock_ledg   ; CLOCK_50    ; -0.500       ; 1.566      ; 1.604      ;
+--------+-----------------+-----------------+--------------+-------------+--------------+------------+------------+


+---------------------------------------------------------------------------------------------------------------------+
; Fast 1200mV 0C Model Hold: 'clock_ledr'                                                                             ;
+-------+-------------------+-------------------+--------------+-------------+--------------+------------+------------+
; Slack ; From Node         ; To Node           ; Launch Clock ; Latch Clock ; Relationship ; Clock Skew ; Data Delay ;
+-------+-------------------+-------------------+--------------+-------------+--------------+------------+------------+
; 0.191 ; state_ledr.011010 ; state_ledr.011011 ; clock_ledr   ; clock_ledr  ; 0.000        ; 0.041      ; 0.316      ;
; 0.196 ; state_ledr.011011 ; state_ledr.011100 ; clock_ledr   ; clock_ledr  ; 0.000        ; 0.041      ; 0.321      ;
; 0.198 ; state_ledr.100011 ; state_ledr.100100 ; clock_ledr   ; clock_ledr  ; 0.000        ; 0.041      ; 0.323      ;
; 0.202 ; state_ledr.001100 ; state_ledr.001101 ; clock_ledr   ; clock_ledr  ; 0.000        ; 0.041      ; 0.327      ;
; 0.210 ; state_ledr.011001 ; state_ledr.011010 ; clock_ledr   ; clock_ledr  ; 0.000        ; 0.041      ; 0.335      ;
; 0.210 ; state_ledr.100001 ; state_ledr.100010 ; clock_ledr   ; clock_ledr  ; 0.000        ; 0.246      ; 0.540      ;
; 0.210 ; state_ledr.010111 ; LEDR[6]~reg0      ; clock_ledr   ; clock_ledr  ; 0.000        ; 0.240      ; 0.534      ;
; 0.226 ; state_ledr.010000 ; state_ledr.010001 ; clock_ledr   ; clock_ledr  ; 0.000        ; 0.248      ; 0.558      ;
; 0.229 ; state_ledr.010000 ; LEDR[0]~reg0      ; clock_ledr   ; clock_ledr  ; 0.000        ; 0.248      ; 0.561      ;
; 0.252 ; state_ledr.100100 ; state_ledr.100101 ; clock_ledr   ; clock_ledr  ; 0.000        ; 0.041      ; 0.377      ;
; 0.253 ; state_ledr.100100 ; LEDR[17]~reg0     ; clock_ledr   ; clock_ledr  ; 0.000        ; 0.041      ; 0.378      ;
; 0.265 ; state_ledr.001101 ; LEDR[4]~reg0      ; clock_ledr   ; clock_ledr  ; 0.000        ; 0.041      ; 0.390      ;
; 0.266 ; state_ledr.001001 ; state_ledr.001010 ; clock_ledr   ; clock_ledr  ; 0.000        ; 0.041      ; 0.391      ;
; 0.267 ; state_ledr.011110 ; state_ledr.011111 ; clock_ledr   ; clock_ledr  ; 0.000        ; 0.041      ; 0.392      ;
; 0.269 ; state_ledr.010010 ; state_ledr.010011 ; clock_ledr   ; clock_ledr  ; 0.000        ; 0.039      ; 0.392      ;
; 0.270 ; state_ledr.010101 ; state_ledr.010110 ; clock_ledr   ; clock_ledr  ; 0.000        ; 0.041      ; 0.395      ;
; 0.273 ; state_ledr.100000 ; state_ledr.100001 ; clock_ledr   ; clock_ledr  ; 0.000        ; 0.041      ; 0.398      ;
; 0.274 ; state_ledr.010110 ; state_ledr.010111 ; clock_ledr   ; clock_ledr  ; 0.000        ; 0.043      ; 0.401      ;
; 0.274 ; state_ledr.100101 ; state_ledr.000000 ; clock_ledr   ; clock_ledr  ; 0.000        ; 0.039      ; 0.397      ;
; 0.279 ; state_ledr.001101 ; state_ledr.001110 ; clock_ledr   ; clock_ledr  ; 0.000        ; 0.041      ; 0.404      ;
; 0.280 ; state_ledr.001000 ; LEDR[9]~reg0      ; clock_ledr   ; clock_ledr  ; 0.000        ; 0.242      ; 0.606      ;
; 0.282 ; state_ledr.010111 ; state_ledr.011000 ; clock_ledr   ; clock_ledr  ; 0.000        ; 0.041      ; 0.407      ;
; 0.287 ; state_ledr.011100 ; state_ledr.011101 ; clock_ledr   ; clock_ledr  ; 0.000        ; 0.041      ; 0.412      ;
; 0.297 ; state_ledr.011001 ; LEDR[6]~reg0      ; clock_ledr   ; clock_ledr  ; 0.000        ; 0.240      ; 0.621      ;
; 0.310 ; state_ledr.001110 ; LEDR[0]~reg0      ; clock_ledr   ; clock_ledr  ; 0.000        ; 0.248      ; 0.642      ;
; 0.312 ; state_ledr.100011 ; LEDR[16]~reg0     ; clock_ledr   ; clock_ledr  ; 0.000        ; 0.041      ; 0.437      ;
; 0.312 ; state_ledr.100011 ; LEDR[17]~reg0     ; clock_ledr   ; clock_ledr  ; 0.000        ; 0.041      ; 0.437      ;
; 0.316 ; state_ledr.001101 ; LEDR[3]~reg0      ; clock_ledr   ; clock_ledr  ; 0.000        ; 0.041      ; 0.441      ;
; 0.320 ; state_ledr.001100 ; LEDR[3]~reg0      ; clock_ledr   ; clock_ledr  ; 0.000        ; 0.041      ; 0.445      ;
; 0.322 ; state_ledr.001110 ; state_ledr.001111 ; clock_ledr   ; clock_ledr  ; 0.000        ; 0.041      ; 0.447      ;
; 0.322 ; state_ledr.011001 ; LEDR[7]~reg0      ; clock_ledr   ; clock_ledr  ; 0.000        ; 0.246      ; 0.652      ;
; 0.322 ; state_ledr.001110 ; LEDR[3]~reg0      ; clock_ledr   ; clock_ledr  ; 0.000        ; 0.041      ; 0.447      ;
; 0.323 ; state_ledr.001011 ; state_ledr.001100 ; clock_ledr   ; clock_ledr  ; 0.000        ; 0.041      ; 0.448      ;
; 0.323 ; state_ledr.001100 ; LEDR[4]~reg0      ; clock_ledr   ; clock_ledr  ; 0.000        ; 0.041      ; 0.448      ;
; 0.324 ; state_ledr.001100 ; LEDR[5]~reg0      ; clock_ledr   ; clock_ledr  ; 0.000        ; 0.041      ; 0.449      ;
; 0.325 ; state_ledr.100000 ; LEDR[13]~reg0     ; clock_ledr   ; clock_ledr  ; 0.000        ; 0.041      ; 0.450      ;
; 0.336 ; state_ledr.000000 ; state_ledr.000001 ; clock_ledr   ; clock_ledr  ; 0.000        ; 0.041      ; 0.461      ;
; 0.338 ; state_ledr.000101 ; state_ledr.000110 ; clock_ledr   ; clock_ledr  ; 0.000        ; 0.041      ; 0.463      ;
; 0.338 ; state_ledr.010100 ; LEDR[1]~reg0      ; clock_ledr   ; clock_ledr  ; 0.000        ; 0.041      ; 0.463      ;
; 0.338 ; state_ledr.010100 ; LEDR[2]~reg0      ; clock_ledr   ; clock_ledr  ; 0.000        ; 0.041      ; 0.463      ;
; 0.341 ; state_ledr.001111 ; state_ledr.010000 ; clock_ledr   ; clock_ledr  ; 0.000        ; 0.041      ; 0.466      ;
; 0.341 ; state_ledr.010100 ; state_ledr.010101 ; clock_ledr   ; clock_ledr  ; 0.000        ; 0.041      ; 0.466      ;
; 0.344 ; state_ledr.000111 ; state_ledr.001000 ; clock_ledr   ; clock_ledr  ; 0.000        ; 0.041      ; 0.469      ;
; 0.346 ; state_ledr.001011 ; LEDR[1]~reg0      ; clock_ledr   ; clock_ledr  ; 0.000        ; 0.041      ; 0.471      ;
; 0.347 ; state_ledr.001011 ; LEDR[2]~reg0      ; clock_ledr   ; clock_ledr  ; 0.000        ; 0.041      ; 0.472      ;
; 0.353 ; state_ledr.000001 ; state_ledr.000010 ; clock_ledr   ; clock_ledr  ; 0.000        ; 0.041      ; 0.478      ;
; 0.354 ; state_ledr.000100 ; state_ledr.000101 ; clock_ledr   ; clock_ledr  ; 0.000        ; 0.041      ; 0.479      ;
; 0.359 ; state_ledr.001011 ; LEDR[6]~reg0      ; clock_ledr   ; clock_ledr  ; 0.000        ; 0.242      ; 0.685      ;
; 0.361 ; state_ledr.001100 ; LEDR[0]~reg0      ; clock_ledr   ; clock_ledr  ; 0.000        ; 0.248      ; 0.693      ;
; 0.363 ; state_ledr.001000 ; state_ledr.001001 ; clock_ledr   ; clock_ledr  ; 0.000        ; 0.041      ; 0.488      ;
; 0.369 ; state_ledr.000110 ; state_ledr.000111 ; clock_ledr   ; clock_ledr  ; 0.000        ; 0.041      ; 0.494      ;
; 0.371 ; state_ledr.000011 ; state_ledr.000100 ; clock_ledr   ; clock_ledr  ; 0.000        ; 0.041      ; 0.496      ;
; 0.375 ; state_ledr.011001 ; LEDR[10]~reg0     ; clock_ledr   ; clock_ledr  ; 0.000        ; 0.244      ; 0.703      ;
; 0.375 ; state_ledr.011001 ; LEDR[9]~reg0      ; clock_ledr   ; clock_ledr  ; 0.000        ; 0.244      ; 0.703      ;
; 0.376 ; state_ledr.000101 ; LEDR[8]~reg0      ; clock_ledr   ; clock_ledr  ; 0.000        ; 0.039      ; 0.499      ;
; 0.377 ; state_ledr.000101 ; LEDR[12]~reg0     ; clock_ledr   ; clock_ledr  ; 0.000        ; 0.039      ; 0.500      ;
; 0.385 ; state_ledr.011101 ; LEDR[10]~reg0     ; clock_ledr   ; clock_ledr  ; 0.000        ; 0.244      ; 0.713      ;
; 0.387 ; state_ledr.010011 ; state_ledr.010100 ; clock_ledr   ; clock_ledr  ; 0.000        ; 0.037      ; 0.508      ;
; 0.388 ; state_ledr.000000 ; LEDR[7]~reg0      ; clock_ledr   ; clock_ledr  ; 0.000        ; 0.244      ; 0.716      ;
; 0.389 ; state_ledr.010101 ; LEDR[2]~reg0      ; clock_ledr   ; clock_ledr  ; 0.000        ; 0.041      ; 0.514      ;
; 0.398 ; state_ledr.100010 ; state_ledr.100011 ; clock_ledr   ; clock_ledr  ; 0.000        ; -0.152     ; 0.330      ;
; 0.407 ; state_ledr.000001 ; LEDR[15]~reg0     ; clock_ledr   ; clock_ledr  ; 0.000        ; 0.043      ; 0.534      ;
; 0.408 ; state_ledr.010111 ; LEDR[5]~reg0      ; clock_ledr   ; clock_ledr  ; 0.000        ; 0.039      ; 0.531      ;
; 0.409 ; state_ledr.010111 ; LEDR[4]~reg0      ; clock_ledr   ; clock_ledr  ; 0.000        ; 0.039      ; 0.532      ;
; 0.412 ; state_ledr.011101 ; state_ledr.011110 ; clock_ledr   ; clock_ledr  ; 0.000        ; 0.041      ; 0.537      ;
; 0.414 ; state_ledr.011101 ; LEDR[11]~reg0     ; clock_ledr   ; clock_ledr  ; 0.000        ; 0.041      ; 0.539      ;
; 0.421 ; state_ledr.000010 ; LEDR[15]~reg0     ; clock_ledr   ; clock_ledr  ; 0.000        ; 0.043      ; 0.548      ;
; 0.422 ; state_ledr.000010 ; LEDR[10]~reg0     ; clock_ledr   ; clock_ledr  ; 0.000        ; 0.242      ; 0.748      ;
; 0.422 ; state_ledr.000010 ; LEDR[9]~reg0      ; clock_ledr   ; clock_ledr  ; 0.000        ; 0.242      ; 0.748      ;
; 0.427 ; state_ledr.011000 ; state_ledr.011001 ; clock_ledr   ; clock_ledr  ; 0.000        ; 0.041      ; 0.552      ;
; 0.429 ; state_ledr.010100 ; LEDR[6]~reg0      ; clock_ledr   ; clock_ledr  ; 0.000        ; 0.242      ; 0.755      ;
; 0.442 ; state_ledr.000001 ; LEDR[16]~reg0     ; clock_ledr   ; clock_ledr  ; 0.000        ; 0.043      ; 0.569      ;
; 0.443 ; state_ledr.000010 ; LEDR[7]~reg0      ; clock_ledr   ; clock_ledr  ; 0.000        ; 0.244      ; 0.771      ;
; 0.445 ; state_ledr.000001 ; LEDR[14]~reg0     ; clock_ledr   ; clock_ledr  ; 0.000        ; 0.043      ; 0.572      ;
; 0.447 ; state_ledr.010001 ; state_ledr.010010 ; clock_ledr   ; clock_ledr  ; 0.000        ; -0.152     ; 0.379      ;
; 0.448 ; state_ledr.011000 ; LEDR[7]~reg0      ; clock_ledr   ; clock_ledr  ; 0.000        ; 0.246      ; 0.778      ;
; 0.449 ; state_ledr.000010 ; LEDR[13]~reg0     ; clock_ledr   ; clock_ledr  ; 0.000        ; 0.039      ; 0.572      ;
; 0.450 ; state_ledr.001010 ; state_ledr.001011 ; clock_ledr   ; clock_ledr  ; 0.000        ; 0.037      ; 0.571      ;
; 0.451 ; state_ledr.011111 ; state_ledr.100000 ; clock_ledr   ; clock_ledr  ; 0.000        ; 0.041      ; 0.576      ;
; 0.453 ; state_ledr.000101 ; LEDR[7]~reg0      ; clock_ledr   ; clock_ledr  ; 0.000        ; 0.244      ; 0.781      ;
; 0.453 ; state_ledr.010100 ; LEDR[7]~reg0      ; clock_ledr   ; clock_ledr  ; 0.000        ; 0.248      ; 0.785      ;
; 0.475 ; state_ledr.000100 ; LEDR[10]~reg0     ; clock_ledr   ; clock_ledr  ; 0.000        ; 0.242      ; 0.801      ;
; 0.475 ; state_ledr.000100 ; LEDR[9]~reg0      ; clock_ledr   ; clock_ledr  ; 0.000        ; 0.242      ; 0.801      ;
; 0.475 ; state_ledr.000010 ; LEDR[14]~reg0     ; clock_ledr   ; clock_ledr  ; 0.000        ; 0.043      ; 0.602      ;
; 0.478 ; state_ledr.011100 ; LEDR[9]~reg0      ; clock_ledr   ; clock_ledr  ; 0.000        ; 0.244      ; 0.806      ;
; 0.478 ; state_ledr.011100 ; LEDR[10]~reg0     ; clock_ledr   ; clock_ledr  ; 0.000        ; 0.244      ; 0.806      ;
; 0.483 ; state_ledr.000111 ; LEDR[10]~reg0     ; clock_ledr   ; clock_ledr  ; 0.000        ; 0.242      ; 0.809      ;
; 0.483 ; state_ledr.000111 ; LEDR[9]~reg0      ; clock_ledr   ; clock_ledr  ; 0.000        ; 0.242      ; 0.809      ;
; 0.487 ; state_ledr.001000 ; LEDR[7]~reg0      ; clock_ledr   ; clock_ledr  ; 0.000        ; 0.244      ; 0.815      ;
; 0.491 ; state_ledr.001111 ; LEDR[0]~reg0      ; clock_ledr   ; clock_ledr  ; 0.000        ; 0.248      ; 0.823      ;
; 0.494 ; state_ledr.000101 ; LEDR[11]~reg0     ; clock_ledr   ; clock_ledr  ; 0.000        ; 0.039      ; 0.617      ;
; 0.495 ; state_ledr.011010 ; LEDR[7]~reg0      ; clock_ledr   ; clock_ledr  ; 0.000        ; 0.246      ; 0.825      ;
; 0.496 ; state_ledr.000000 ; LEDR[0]~reg0      ; clock_ledr   ; clock_ledr  ; 0.000        ; 0.244      ; 0.824      ;
; 0.496 ; state_ledr.010000 ; LEDR[1]~reg0      ; clock_ledr   ; clock_ledr  ; 0.000        ; 0.041      ; 0.621      ;
; 0.496 ; state_ledr.000100 ; LEDR[7]~reg0      ; clock_ledr   ; clock_ledr  ; 0.000        ; 0.244      ; 0.824      ;
; 0.497 ; state_ledr.001101 ; LEDR[0]~reg0      ; clock_ledr   ; clock_ledr  ; 0.000        ; 0.248      ; 0.829      ;
; 0.497 ; state_ledr.000100 ; LEDR[13]~reg0     ; clock_ledr   ; clock_ledr  ; 0.000        ; 0.039      ; 0.620      ;
; 0.499 ; state_ledr.001011 ; LEDR[0]~reg0      ; clock_ledr   ; clock_ledr  ; 0.000        ; 0.248      ; 0.831      ;
; 0.508 ; state_ledr.011000 ; LEDR[6]~reg0      ; clock_ledr   ; clock_ledr  ; 0.000        ; 0.240      ; 0.832      ;
; 0.512 ; state_ledr.100010 ; LEDR[15]~reg0     ; clock_ledr   ; clock_ledr  ; 0.000        ; -0.152     ; 0.444      ;
+-------+-------------------+-------------------+--------------+-------------+--------------+------------+------------+


+-------------------------------------------------------------------------------------------------------------------+
; Fast 1200mV 0C Model Hold: 'clock_ledg'                                                                           ;
+-------+------------------+------------------+--------------+-------------+--------------+------------+------------+
; Slack ; From Node        ; To Node          ; Launch Clock ; Latch Clock ; Relationship ; Clock Skew ; Data Delay ;
+-------+------------------+------------------+--------------+-------------+--------------+------------+------------+
; 0.192 ; state_ledg.01011 ; state_ledg.01100 ; clock_ledg   ; clock_ledg  ; 0.000        ; 0.041      ; 0.317      ;
; 0.192 ; state_ledg.00111 ; LEDG[0]~reg0     ; clock_ledg   ; clock_ledg  ; 0.000        ; 0.041      ; 0.317      ;
; 0.193 ; state_ledg.00111 ; state_ledg.01000 ; clock_ledg   ; clock_ledg  ; 0.000        ; 0.041      ; 0.318      ;
; 0.193 ; state_ledg.01100 ; state_ledg.01101 ; clock_ledg   ; clock_ledg  ; 0.000        ; 0.041      ; 0.318      ;
; 0.193 ; state_ledg.00010 ; state_ledg.00011 ; clock_ledg   ; clock_ledg  ; 0.000        ; 0.041      ; 0.318      ;
; 0.193 ; state_ledg.00100 ; state_ledg.00101 ; clock_ledg   ; clock_ledg  ; 0.000        ; 0.041      ; 0.318      ;
; 0.193 ; state_ledg.00110 ; state_ledg.00111 ; clock_ledg   ; clock_ledg  ; 0.000        ; 0.041      ; 0.318      ;
; 0.193 ; state_ledg.00100 ; LEDG[3]~reg0     ; clock_ledg   ; clock_ledg  ; 0.000        ; 0.041      ; 0.318      ;
; 0.193 ; state_ledg.00001 ; LEDG[6]~reg0     ; clock_ledg   ; clock_ledg  ; 0.000        ; 0.041      ; 0.318      ;
; 0.194 ; state_ledg.00101 ; state_ledg.00110 ; clock_ledg   ; clock_ledg  ; 0.000        ; 0.041      ; 0.319      ;
; 0.194 ; state_ledg.01011 ; LEDG[4]~reg0     ; clock_ledg   ; clock_ledg  ; 0.000        ; 0.041      ; 0.319      ;
; 0.194 ; state_ledg.00010 ; LEDG[5]~reg0     ; clock_ledg   ; clock_ledg  ; 0.000        ; 0.041      ; 0.319      ;
; 0.195 ; state_ledg.01000 ; state_ledg.01001 ; clock_ledg   ; clock_ledg  ; 0.000        ; 0.041      ; 0.320      ;
; 0.195 ; state_ledg.00001 ; state_ledg.00010 ; clock_ledg   ; clock_ledg  ; 0.000        ; 0.041      ; 0.320      ;
; 0.195 ; state_ledg.01000 ; LEDG[1]~reg0     ; clock_ledg   ; clock_ledg  ; 0.000        ; 0.041      ; 0.320      ;
; 0.195 ; state_ledg.00101 ; LEDG[2]~reg0     ; clock_ledg   ; clock_ledg  ; 0.000        ; 0.041      ; 0.320      ;
; 0.197 ; state_ledg.01001 ; state_ledg.01010 ; clock_ledg   ; clock_ledg  ; 0.000        ; 0.041      ; 0.322      ;
; 0.197 ; state_ledg.00000 ; state_ledg.00001 ; clock_ledg   ; clock_ledg  ; 0.000        ; 0.041      ; 0.322      ;
; 0.197 ; state_ledg.00000 ; LEDG[7]~reg0     ; clock_ledg   ; clock_ledg  ; 0.000        ; 0.041      ; 0.322      ;
; 0.200 ; state_ledg.01101 ; state_ledg.00000 ; clock_ledg   ; clock_ledg  ; 0.000        ; 0.041      ; 0.325      ;
; 0.269 ; state_ledg.01010 ; state_ledg.01011 ; clock_ledg   ; clock_ledg  ; 0.000        ; 0.043      ; 0.396      ;
; 0.276 ; state_ledg.00011 ; state_ledg.00100 ; clock_ledg   ; clock_ledg  ; 0.000        ; 0.039      ; 0.399      ;
; 0.315 ; state_ledg.01100 ; LEDG[5]~reg0     ; clock_ledg   ; clock_ledg  ; 0.000        ; 0.041      ; 0.440      ;
; 0.317 ; state_ledg.01101 ; LEDG[6]~reg0     ; clock_ledg   ; clock_ledg  ; 0.000        ; 0.041      ; 0.442      ;
; 0.317 ; state_ledg.00110 ; LEDG[1]~reg0     ; clock_ledg   ; clock_ledg  ; 0.000        ; 0.041      ; 0.442      ;
; 0.319 ; state_ledg.01001 ; LEDG[2]~reg0     ; clock_ledg   ; clock_ledg  ; 0.000        ; 0.041      ; 0.444      ;
; 0.323 ; state_ledg.00011 ; LEDG[4]~reg0     ; clock_ledg   ; clock_ledg  ; 0.000        ; 0.041      ; 0.448      ;
; 0.324 ; state_ledg.01010 ; LEDG[3]~reg0     ; clock_ledg   ; clock_ledg  ; 0.000        ; 0.041      ; 0.449      ;
+-------+------------------+------------------+--------------+-------------+--------------+------------+------------+


+-------------------------------------------------------------------------------------------------------------------+
; Fast 1200mV 0C Model Hold: 'clock_hex'                                                                            ;
+-------+------------------+------------------+--------------+-------------+--------------+------------+------------+
; Slack ; From Node        ; To Node          ; Launch Clock ; Latch Clock ; Relationship ; Clock Skew ; Data Delay ;
+-------+------------------+------------------+--------------+-------------+--------------+------------+------------+
; 0.208 ; state_hex.hex_s1 ; state_hex.hex_s1 ; clock_hex    ; clock_hex   ; 0.000        ; 0.022      ; 0.314      ;
+-------+------------------+------------------+--------------+-------------+--------------+------------+------------+


+-----------------------------------------------------------------------------------------------+
; Fast 1200mV 0C Model Minimum Pulse Width: 'CLOCK_50'                                          ;
+--------+--------------+----------------+------------+----------+------------+-----------------+
; Slack  ; Actual Width ; Required Width ; Type       ; Clock    ; Clock Edge ; Target          ;
+--------+--------------+----------------+------------+----------+------------+-----------------+
; -3.000 ; 1.000        ; 4.000          ; Port Rate  ; CLOCK_50 ; Rise       ; CLOCK_50        ;
; -1.000 ; 1.000        ; 2.000          ; Min Period ; CLOCK_50 ; Rise       ; blink_count[0]  ;
; -1.000 ; 1.000        ; 2.000          ; Min Period ; CLOCK_50 ; Rise       ; blink_count[10] ;
; -1.000 ; 1.000        ; 2.000          ; Min Period ; CLOCK_50 ; Rise       ; blink_count[11] ;
; -1.000 ; 1.000        ; 2.000          ; Min Period ; CLOCK_50 ; Rise       ; blink_count[12] ;
; -1.000 ; 1.000        ; 2.000          ; Min Period ; CLOCK_50 ; Rise       ; blink_count[13] ;
; -1.000 ; 1.000        ; 2.000          ; Min Period ; CLOCK_50 ; Rise       ; blink_count[14] ;
; -1.000 ; 1.000        ; 2.000          ; Min Period ; CLOCK_50 ; Rise       ; blink_count[15] ;
; -1.000 ; 1.000        ; 2.000          ; Min Period ; CLOCK_50 ; Rise       ; blink_count[16] ;
; -1.000 ; 1.000        ; 2.000          ; Min Period ; CLOCK_50 ; Rise       ; blink_count[17] ;
; -1.000 ; 1.000        ; 2.000          ; Min Period ; CLOCK_50 ; Rise       ; blink_count[18] ;
; -1.000 ; 1.000        ; 2.000          ; Min Period ; CLOCK_50 ; Rise       ; blink_count[19] ;
; -1.000 ; 1.000        ; 2.000          ; Min Period ; CLOCK_50 ; Rise       ; blink_count[1]  ;
; -1.000 ; 1.000        ; 2.000          ; Min Period ; CLOCK_50 ; Rise       ; blink_count[20] ;
; -1.000 ; 1.000        ; 2.000          ; Min Period ; CLOCK_50 ; Rise       ; blink_count[21] ;
; -1.000 ; 1.000        ; 2.000          ; Min Period ; CLOCK_50 ; Rise       ; blink_count[22] ;
; -1.000 ; 1.000        ; 2.000          ; Min Period ; CLOCK_50 ; Rise       ; blink_count[23] ;
; -1.000 ; 1.000        ; 2.000          ; Min Period ; CLOCK_50 ; Rise       ; blink_count[24] ;
; -1.000 ; 1.000        ; 2.000          ; Min Period ; CLOCK_50 ; Rise       ; blink_count[2]  ;
; -1.000 ; 1.000        ; 2.000          ; Min Period ; CLOCK_50 ; Rise       ; blink_count[3]  ;
; -1.000 ; 1.000        ; 2.000          ; Min Period ; CLOCK_50 ; Rise       ; blink_count[4]  ;
; -1.000 ; 1.000        ; 2.000          ; Min Period ; CLOCK_50 ; Rise       ; blink_count[5]  ;
; -1.000 ; 1.000        ; 2.000          ; Min Period ; CLOCK_50 ; Rise       ; blink_count[6]  ;
; -1.000 ; 1.000        ; 2.000          ; Min Period ; CLOCK_50 ; Rise       ; blink_count[7]  ;
; -1.000 ; 1.000        ; 2.000          ; Min Period ; CLOCK_50 ; Rise       ; blink_count[8]  ;
; -1.000 ; 1.000        ; 2.000          ; Min Period ; CLOCK_50 ; Rise       ; blink_count[9]  ;
; -1.000 ; 1.000        ; 2.000          ; Min Period ; CLOCK_50 ; Rise       ; blink_en        ;
; -1.000 ; 1.000        ; 2.000          ; Min Period ; CLOCK_50 ; Rise       ; blink_prev      ;
; -1.000 ; 1.000        ; 2.000          ; Min Period ; CLOCK_50 ; Rise       ; clock_hex       ;
; -1.000 ; 1.000        ; 2.000          ; Min Period ; CLOCK_50 ; Rise       ; clock_ledg      ;
; -1.000 ; 1.000        ; 2.000          ; Min Period ; CLOCK_50 ; Rise       ; clock_ledr      ;
; -1.000 ; 1.000        ; 2.000          ; Min Period ; CLOCK_50 ; Rise       ; count_lcd[0]    ;
; -1.000 ; 1.000        ; 2.000          ; Min Period ; CLOCK_50 ; Rise       ; count_lcd[10]   ;
; -1.000 ; 1.000        ; 2.000          ; Min Period ; CLOCK_50 ; Rise       ; count_lcd[11]   ;
; -1.000 ; 1.000        ; 2.000          ; Min Period ; CLOCK_50 ; Rise       ; count_lcd[12]   ;
; -1.000 ; 1.000        ; 2.000          ; Min Period ; CLOCK_50 ; Rise       ; count_lcd[13]   ;
; -1.000 ; 1.000        ; 2.000          ; Min Period ; CLOCK_50 ; Rise       ; count_lcd[14]   ;
; -1.000 ; 1.000        ; 2.000          ; Min Period ; CLOCK_50 ; Rise       ; count_lcd[15]   ;
; -1.000 ; 1.000        ; 2.000          ; Min Period ; CLOCK_50 ; Rise       ; count_lcd[16]   ;
; -1.000 ; 1.000        ; 2.000          ; Min Period ; CLOCK_50 ; Rise       ; count_lcd[17]   ;
; -1.000 ; 1.000        ; 2.000          ; Min Period ; CLOCK_50 ; Rise       ; count_lcd[18]   ;
; -1.000 ; 1.000        ; 2.000          ; Min Period ; CLOCK_50 ; Rise       ; count_lcd[19]   ;
; -1.000 ; 1.000        ; 2.000          ; Min Period ; CLOCK_50 ; Rise       ; count_lcd[1]    ;
; -1.000 ; 1.000        ; 2.000          ; Min Period ; CLOCK_50 ; Rise       ; count_lcd[2]    ;
; -1.000 ; 1.000        ; 2.000          ; Min Period ; CLOCK_50 ; Rise       ; count_lcd[3]    ;
; -1.000 ; 1.000        ; 2.000          ; Min Period ; CLOCK_50 ; Rise       ; count_lcd[4]    ;
; -1.000 ; 1.000        ; 2.000          ; Min Period ; CLOCK_50 ; Rise       ; count_lcd[5]    ;
; -1.000 ; 1.000        ; 2.000          ; Min Period ; CLOCK_50 ; Rise       ; count_lcd[6]    ;
; -1.000 ; 1.000        ; 2.000          ; Min Period ; CLOCK_50 ; Rise       ; count_lcd[7]    ;
; -1.000 ; 1.000        ; 2.000          ; Min Period ; CLOCK_50 ; Rise       ; count_lcd[8]    ;
; -1.000 ; 1.000        ; 2.000          ; Min Period ; CLOCK_50 ; Rise       ; count_lcd[9]    ;
; -1.000 ; 1.000        ; 2.000          ; Min Period ; CLOCK_50 ; Rise       ; countend[0]     ;
; -1.000 ; 1.000        ; 2.000          ; Min Period ; CLOCK_50 ; Rise       ; countend[18]    ;
; -1.000 ; 1.000        ; 2.000          ; Min Period ; CLOCK_50 ; Rise       ; countend[4]     ;
; -1.000 ; 1.000        ; 2.000          ; Min Period ; CLOCK_50 ; Rise       ; data[0]         ;
; -1.000 ; 1.000        ; 2.000          ; Min Period ; CLOCK_50 ; Rise       ; data[1]         ;
; -1.000 ; 1.000        ; 2.000          ; Min Period ; CLOCK_50 ; Rise       ; data[2]         ;
; -1.000 ; 1.000        ; 2.000          ; Min Period ; CLOCK_50 ; Rise       ; data[3]         ;
; -1.000 ; 1.000        ; 2.000          ; Min Period ; CLOCK_50 ; Rise       ; data[4]         ;
; -1.000 ; 1.000        ; 2.000          ; Min Period ; CLOCK_50 ; Rise       ; data[5]         ;
; -1.000 ; 1.000        ; 2.000          ; Min Period ; CLOCK_50 ; Rise       ; data[6]         ;
; -1.000 ; 1.000        ; 2.000          ; Min Period ; CLOCK_50 ; Rise       ; data[7]         ;
; -1.000 ; 1.000        ; 2.000          ; Min Period ; CLOCK_50 ; Rise       ; data[8]         ;
; -1.000 ; 1.000        ; 2.000          ; Min Period ; CLOCK_50 ; Rise       ; en              ;
; -1.000 ; 1.000        ; 2.000          ; Min Period ; CLOCK_50 ; Rise       ; flag            ;
; -1.000 ; 1.000        ; 2.000          ; Min Period ; CLOCK_50 ; Rise       ; index[0]        ;
; -1.000 ; 1.000        ; 2.000          ; Min Period ; CLOCK_50 ; Rise       ; index[1]        ;
; -1.000 ; 1.000        ; 2.000          ; Min Period ; CLOCK_50 ; Rise       ; q_hex[10]       ;
; -1.000 ; 1.000        ; 2.000          ; Min Period ; CLOCK_50 ; Rise       ; q_hex[11]       ;
; -1.000 ; 1.000        ; 2.000          ; Min Period ; CLOCK_50 ; Rise       ; q_hex[12]       ;
; -1.000 ; 1.000        ; 2.000          ; Min Period ; CLOCK_50 ; Rise       ; q_hex[13]       ;
; -1.000 ; 1.000        ; 2.000          ; Min Period ; CLOCK_50 ; Rise       ; q_hex[14]       ;
; -1.000 ; 1.000        ; 2.000          ; Min Period ; CLOCK_50 ; Rise       ; q_hex[15]       ;
; -1.000 ; 1.000        ; 2.000          ; Min Period ; CLOCK_50 ; Rise       ; q_hex[16]       ;
; -1.000 ; 1.000        ; 2.000          ; Min Period ; CLOCK_50 ; Rise       ; q_hex[17]       ;
; -1.000 ; 1.000        ; 2.000          ; Min Period ; CLOCK_50 ; Rise       ; q_hex[18]       ;
; -1.000 ; 1.000        ; 2.000          ; Min Period ; CLOCK_50 ; Rise       ; q_hex[19]       ;
; -1.000 ; 1.000        ; 2.000          ; Min Period ; CLOCK_50 ; Rise       ; q_hex[20]       ;
; -1.000 ; 1.000        ; 2.000          ; Min Period ; CLOCK_50 ; Rise       ; q_hex[21]       ;
; -1.000 ; 1.000        ; 2.000          ; Min Period ; CLOCK_50 ; Rise       ; q_hex[22]       ;
; -1.000 ; 1.000        ; 2.000          ; Min Period ; CLOCK_50 ; Rise       ; q_hex[23]       ;
; -1.000 ; 1.000        ; 2.000          ; Min Period ; CLOCK_50 ; Rise       ; q_hex[24]       ;
; -1.000 ; 1.000        ; 2.000          ; Min Period ; CLOCK_50 ; Rise       ; q_hex[25]       ;
; -1.000 ; 1.000        ; 2.000          ; Min Period ; CLOCK_50 ; Rise       ; q_hex[26]       ;
; -1.000 ; 1.000        ; 2.000          ; Min Period ; CLOCK_50 ; Rise       ; q_hex[27]       ;
; -1.000 ; 1.000        ; 2.000          ; Min Period ; CLOCK_50 ; Rise       ; q_hex[28]       ;
; -1.000 ; 1.000        ; 2.000          ; Min Period ; CLOCK_50 ; Rise       ; q_hex[29]       ;
; -1.000 ; 1.000        ; 2.000          ; Min Period ; CLOCK_50 ; Rise       ; q_hex[30]       ;
; -1.000 ; 1.000        ; 2.000          ; Min Period ; CLOCK_50 ; Rise       ; q_hex[31]       ;
; -1.000 ; 1.000        ; 2.000          ; Min Period ; CLOCK_50 ; Rise       ; q_hex[4]        ;
; -1.000 ; 1.000        ; 2.000          ; Min Period ; CLOCK_50 ; Rise       ; q_hex[5]        ;
; -1.000 ; 1.000        ; 2.000          ; Min Period ; CLOCK_50 ; Rise       ; q_hex[6]        ;
; -1.000 ; 1.000        ; 2.000          ; Min Period ; CLOCK_50 ; Rise       ; q_hex[7]        ;
; -1.000 ; 1.000        ; 2.000          ; Min Period ; CLOCK_50 ; Rise       ; q_hex[8]        ;
; -1.000 ; 1.000        ; 2.000          ; Min Period ; CLOCK_50 ; Rise       ; q_hex[9]        ;
; -1.000 ; 1.000        ; 2.000          ; Min Period ; CLOCK_50 ; Rise       ; q_ledg[10]      ;
; -1.000 ; 1.000        ; 2.000          ; Min Period ; CLOCK_50 ; Rise       ; q_ledg[11]      ;
; -1.000 ; 1.000        ; 2.000          ; Min Period ; CLOCK_50 ; Rise       ; q_ledg[12]      ;
; -1.000 ; 1.000        ; 2.000          ; Min Period ; CLOCK_50 ; Rise       ; q_ledg[13]      ;
; -1.000 ; 1.000        ; 2.000          ; Min Period ; CLOCK_50 ; Rise       ; q_ledg[14]      ;
+--------+--------------+----------------+------------+----------+------------+-----------------+


+--------------------------------------------------------------------------------------------------------+
; Fast 1200mV 0C Model Minimum Pulse Width: 'clock_ledr'                                                 ;
+--------+--------------+----------------+-----------------+------------+------------+-------------------+
; Slack  ; Actual Width ; Required Width ; Type            ; Clock      ; Clock Edge ; Target            ;
+--------+--------------+----------------+-----------------+------------+------------+-------------------+
; -1.000 ; 1.000        ; 2.000          ; Min Period      ; clock_ledr ; Rise       ; LEDR[0]~reg0      ;
; -1.000 ; 1.000        ; 2.000          ; Min Period      ; clock_ledr ; Rise       ; LEDR[10]~reg0     ;
; -1.000 ; 1.000        ; 2.000          ; Min Period      ; clock_ledr ; Rise       ; LEDR[11]~reg0     ;
; -1.000 ; 1.000        ; 2.000          ; Min Period      ; clock_ledr ; Rise       ; LEDR[12]~reg0     ;
; -1.000 ; 1.000        ; 2.000          ; Min Period      ; clock_ledr ; Rise       ; LEDR[13]~reg0     ;
; -1.000 ; 1.000        ; 2.000          ; Min Period      ; clock_ledr ; Rise       ; LEDR[14]~reg0     ;
; -1.000 ; 1.000        ; 2.000          ; Min Period      ; clock_ledr ; Rise       ; LEDR[15]~reg0     ;
; -1.000 ; 1.000        ; 2.000          ; Min Period      ; clock_ledr ; Rise       ; LEDR[16]~reg0     ;
; -1.000 ; 1.000        ; 2.000          ; Min Period      ; clock_ledr ; Rise       ; LEDR[17]~reg0     ;
; -1.000 ; 1.000        ; 2.000          ; Min Period      ; clock_ledr ; Rise       ; LEDR[1]~reg0      ;
; -1.000 ; 1.000        ; 2.000          ; Min Period      ; clock_ledr ; Rise       ; LEDR[2]~reg0      ;
; -1.000 ; 1.000        ; 2.000          ; Min Period      ; clock_ledr ; Rise       ; LEDR[3]~reg0      ;
; -1.000 ; 1.000        ; 2.000          ; Min Period      ; clock_ledr ; Rise       ; LEDR[4]~reg0      ;
; -1.000 ; 1.000        ; 2.000          ; Min Period      ; clock_ledr ; Rise       ; LEDR[5]~reg0      ;
; -1.000 ; 1.000        ; 2.000          ; Min Period      ; clock_ledr ; Rise       ; LEDR[6]~reg0      ;
; -1.000 ; 1.000        ; 2.000          ; Min Period      ; clock_ledr ; Rise       ; LEDR[7]~reg0      ;
; -1.000 ; 1.000        ; 2.000          ; Min Period      ; clock_ledr ; Rise       ; LEDR[8]~reg0      ;
; -1.000 ; 1.000        ; 2.000          ; Min Period      ; clock_ledr ; Rise       ; LEDR[9]~reg0      ;
; -1.000 ; 1.000        ; 2.000          ; Min Period      ; clock_ledr ; Rise       ; state_ledr.000000 ;
; -1.000 ; 1.000        ; 2.000          ; Min Period      ; clock_ledr ; Rise       ; state_ledr.000001 ;
; -1.000 ; 1.000        ; 2.000          ; Min Period      ; clock_ledr ; Rise       ; state_ledr.000010 ;
; -1.000 ; 1.000        ; 2.000          ; Min Period      ; clock_ledr ; Rise       ; state_ledr.000011 ;
; -1.000 ; 1.000        ; 2.000          ; Min Period      ; clock_ledr ; Rise       ; state_ledr.000100 ;
; -1.000 ; 1.000        ; 2.000          ; Min Period      ; clock_ledr ; Rise       ; state_ledr.000101 ;
; -1.000 ; 1.000        ; 2.000          ; Min Period      ; clock_ledr ; Rise       ; state_ledr.000110 ;
; -1.000 ; 1.000        ; 2.000          ; Min Period      ; clock_ledr ; Rise       ; state_ledr.000111 ;
; -1.000 ; 1.000        ; 2.000          ; Min Period      ; clock_ledr ; Rise       ; state_ledr.001000 ;
; -1.000 ; 1.000        ; 2.000          ; Min Period      ; clock_ledr ; Rise       ; state_ledr.001001 ;
; -1.000 ; 1.000        ; 2.000          ; Min Period      ; clock_ledr ; Rise       ; state_ledr.001010 ;
; -1.000 ; 1.000        ; 2.000          ; Min Period      ; clock_ledr ; Rise       ; state_ledr.001011 ;
; -1.000 ; 1.000        ; 2.000          ; Min Period      ; clock_ledr ; Rise       ; state_ledr.001100 ;
; -1.000 ; 1.000        ; 2.000          ; Min Period      ; clock_ledr ; Rise       ; state_ledr.001101 ;
; -1.000 ; 1.000        ; 2.000          ; Min Period      ; clock_ledr ; Rise       ; state_ledr.001110 ;
; -1.000 ; 1.000        ; 2.000          ; Min Period      ; clock_ledr ; Rise       ; state_ledr.001111 ;
; -1.000 ; 1.000        ; 2.000          ; Min Period      ; clock_ledr ; Rise       ; state_ledr.010000 ;
; -1.000 ; 1.000        ; 2.000          ; Min Period      ; clock_ledr ; Rise       ; state_ledr.010001 ;
; -1.000 ; 1.000        ; 2.000          ; Min Period      ; clock_ledr ; Rise       ; state_ledr.010010 ;
; -1.000 ; 1.000        ; 2.000          ; Min Period      ; clock_ledr ; Rise       ; state_ledr.010011 ;
; -1.000 ; 1.000        ; 2.000          ; Min Period      ; clock_ledr ; Rise       ; state_ledr.010100 ;
; -1.000 ; 1.000        ; 2.000          ; Min Period      ; clock_ledr ; Rise       ; state_ledr.010101 ;
; -1.000 ; 1.000        ; 2.000          ; Min Period      ; clock_ledr ; Rise       ; state_ledr.010110 ;
; -1.000 ; 1.000        ; 2.000          ; Min Period      ; clock_ledr ; Rise       ; state_ledr.010111 ;
; -1.000 ; 1.000        ; 2.000          ; Min Period      ; clock_ledr ; Rise       ; state_ledr.011000 ;
; -1.000 ; 1.000        ; 2.000          ; Min Period      ; clock_ledr ; Rise       ; state_ledr.011001 ;
; -1.000 ; 1.000        ; 2.000          ; Min Period      ; clock_ledr ; Rise       ; state_ledr.011010 ;
; -1.000 ; 1.000        ; 2.000          ; Min Period      ; clock_ledr ; Rise       ; state_ledr.011011 ;
; -1.000 ; 1.000        ; 2.000          ; Min Period      ; clock_ledr ; Rise       ; state_ledr.011100 ;
; -1.000 ; 1.000        ; 2.000          ; Min Period      ; clock_ledr ; Rise       ; state_ledr.011101 ;
; -1.000 ; 1.000        ; 2.000          ; Min Period      ; clock_ledr ; Rise       ; state_ledr.011110 ;
; -1.000 ; 1.000        ; 2.000          ; Min Period      ; clock_ledr ; Rise       ; state_ledr.011111 ;
; -1.000 ; 1.000        ; 2.000          ; Min Period      ; clock_ledr ; Rise       ; state_ledr.100000 ;
; -1.000 ; 1.000        ; 2.000          ; Min Period      ; clock_ledr ; Rise       ; state_ledr.100001 ;
; -1.000 ; 1.000        ; 2.000          ; Min Period      ; clock_ledr ; Rise       ; state_ledr.100010 ;
; -1.000 ; 1.000        ; 2.000          ; Min Period      ; clock_ledr ; Rise       ; state_ledr.100011 ;
; -1.000 ; 1.000        ; 2.000          ; Min Period      ; clock_ledr ; Rise       ; state_ledr.100100 ;
; -1.000 ; 1.000        ; 2.000          ; Min Period      ; clock_ledr ; Rise       ; state_ledr.100101 ;
; 0.199  ; 0.383        ; 0.184          ; Low Pulse Width ; clock_ledr ; Rise       ; LEDR[0]~reg0      ;
; 0.199  ; 0.383        ; 0.184          ; Low Pulse Width ; clock_ledr ; Rise       ; LEDR[10]~reg0     ;
; 0.199  ; 0.383        ; 0.184          ; Low Pulse Width ; clock_ledr ; Rise       ; LEDR[7]~reg0      ;
; 0.199  ; 0.383        ; 0.184          ; Low Pulse Width ; clock_ledr ; Rise       ; LEDR[9]~reg0      ;
; 0.199  ; 0.383        ; 0.184          ; Low Pulse Width ; clock_ledr ; Rise       ; state_ledr.010001 ;
; 0.199  ; 0.383        ; 0.184          ; Low Pulse Width ; clock_ledr ; Rise       ; state_ledr.100010 ;
; 0.200  ; 0.384        ; 0.184          ; Low Pulse Width ; clock_ledr ; Rise       ; LEDR[6]~reg0      ;
; 0.223  ; 0.407        ; 0.184          ; Low Pulse Width ; clock_ledr ; Rise       ; LEDR[11]~reg0     ;
; 0.223  ; 0.407        ; 0.184          ; Low Pulse Width ; clock_ledr ; Rise       ; LEDR[12]~reg0     ;
; 0.223  ; 0.407        ; 0.184          ; Low Pulse Width ; clock_ledr ; Rise       ; LEDR[13]~reg0     ;
; 0.223  ; 0.407        ; 0.184          ; Low Pulse Width ; clock_ledr ; Rise       ; LEDR[14]~reg0     ;
; 0.223  ; 0.407        ; 0.184          ; Low Pulse Width ; clock_ledr ; Rise       ; LEDR[15]~reg0     ;
; 0.223  ; 0.407        ; 0.184          ; Low Pulse Width ; clock_ledr ; Rise       ; LEDR[16]~reg0     ;
; 0.223  ; 0.407        ; 0.184          ; Low Pulse Width ; clock_ledr ; Rise       ; LEDR[17]~reg0     ;
; 0.223  ; 0.407        ; 0.184          ; Low Pulse Width ; clock_ledr ; Rise       ; LEDR[1]~reg0      ;
; 0.223  ; 0.407        ; 0.184          ; Low Pulse Width ; clock_ledr ; Rise       ; LEDR[2]~reg0      ;
; 0.223  ; 0.407        ; 0.184          ; Low Pulse Width ; clock_ledr ; Rise       ; LEDR[3]~reg0      ;
; 0.223  ; 0.407        ; 0.184          ; Low Pulse Width ; clock_ledr ; Rise       ; LEDR[4]~reg0      ;
; 0.223  ; 0.407        ; 0.184          ; Low Pulse Width ; clock_ledr ; Rise       ; LEDR[5]~reg0      ;
; 0.223  ; 0.407        ; 0.184          ; Low Pulse Width ; clock_ledr ; Rise       ; LEDR[8]~reg0      ;
; 0.223  ; 0.407        ; 0.184          ; Low Pulse Width ; clock_ledr ; Rise       ; state_ledr.000000 ;
; 0.223  ; 0.407        ; 0.184          ; Low Pulse Width ; clock_ledr ; Rise       ; state_ledr.000001 ;
; 0.223  ; 0.407        ; 0.184          ; Low Pulse Width ; clock_ledr ; Rise       ; state_ledr.000010 ;
; 0.223  ; 0.407        ; 0.184          ; Low Pulse Width ; clock_ledr ; Rise       ; state_ledr.000011 ;
; 0.223  ; 0.407        ; 0.184          ; Low Pulse Width ; clock_ledr ; Rise       ; state_ledr.000100 ;
; 0.223  ; 0.407        ; 0.184          ; Low Pulse Width ; clock_ledr ; Rise       ; state_ledr.000101 ;
; 0.223  ; 0.407        ; 0.184          ; Low Pulse Width ; clock_ledr ; Rise       ; state_ledr.000110 ;
; 0.223  ; 0.407        ; 0.184          ; Low Pulse Width ; clock_ledr ; Rise       ; state_ledr.000111 ;
; 0.223  ; 0.407        ; 0.184          ; Low Pulse Width ; clock_ledr ; Rise       ; state_ledr.001000 ;
; 0.223  ; 0.407        ; 0.184          ; Low Pulse Width ; clock_ledr ; Rise       ; state_ledr.001001 ;
; 0.223  ; 0.407        ; 0.184          ; Low Pulse Width ; clock_ledr ; Rise       ; state_ledr.001010 ;
; 0.223  ; 0.407        ; 0.184          ; Low Pulse Width ; clock_ledr ; Rise       ; state_ledr.001011 ;
; 0.223  ; 0.407        ; 0.184          ; Low Pulse Width ; clock_ledr ; Rise       ; state_ledr.001100 ;
; 0.223  ; 0.407        ; 0.184          ; Low Pulse Width ; clock_ledr ; Rise       ; state_ledr.001101 ;
; 0.223  ; 0.407        ; 0.184          ; Low Pulse Width ; clock_ledr ; Rise       ; state_ledr.001110 ;
; 0.223  ; 0.407        ; 0.184          ; Low Pulse Width ; clock_ledr ; Rise       ; state_ledr.001111 ;
; 0.223  ; 0.407        ; 0.184          ; Low Pulse Width ; clock_ledr ; Rise       ; state_ledr.010000 ;
; 0.223  ; 0.407        ; 0.184          ; Low Pulse Width ; clock_ledr ; Rise       ; state_ledr.010010 ;
; 0.223  ; 0.407        ; 0.184          ; Low Pulse Width ; clock_ledr ; Rise       ; state_ledr.010011 ;
; 0.223  ; 0.407        ; 0.184          ; Low Pulse Width ; clock_ledr ; Rise       ; state_ledr.010100 ;
; 0.223  ; 0.407        ; 0.184          ; Low Pulse Width ; clock_ledr ; Rise       ; state_ledr.010101 ;
; 0.223  ; 0.407        ; 0.184          ; Low Pulse Width ; clock_ledr ; Rise       ; state_ledr.010110 ;
; 0.223  ; 0.407        ; 0.184          ; Low Pulse Width ; clock_ledr ; Rise       ; state_ledr.010111 ;
; 0.223  ; 0.407        ; 0.184          ; Low Pulse Width ; clock_ledr ; Rise       ; state_ledr.011000 ;
+--------+--------------+----------------+-----------------+------------+------------+-------------------+


+-------------------------------------------------------------------------------------------------------------------+
; Fast 1200mV 0C Model Minimum Pulse Width: 'clock_ledg'                                                            ;
+--------+--------------+----------------+------------------+------------+------------+-----------------------------+
; Slack  ; Actual Width ; Required Width ; Type             ; Clock      ; Clock Edge ; Target                      ;
+--------+--------------+----------------+------------------+------------+------------+-----------------------------+
; -1.000 ; 1.000        ; 2.000          ; Min Period       ; clock_ledg ; Rise       ; LEDG[0]~reg0                ;
; -1.000 ; 1.000        ; 2.000          ; Min Period       ; clock_ledg ; Rise       ; LEDG[1]~reg0                ;
; -1.000 ; 1.000        ; 2.000          ; Min Period       ; clock_ledg ; Rise       ; LEDG[2]~reg0                ;
; -1.000 ; 1.000        ; 2.000          ; Min Period       ; clock_ledg ; Rise       ; LEDG[3]~reg0                ;
; -1.000 ; 1.000        ; 2.000          ; Min Period       ; clock_ledg ; Rise       ; LEDG[4]~reg0                ;
; -1.000 ; 1.000        ; 2.000          ; Min Period       ; clock_ledg ; Rise       ; LEDG[5]~reg0                ;
; -1.000 ; 1.000        ; 2.000          ; Min Period       ; clock_ledg ; Rise       ; LEDG[6]~reg0                ;
; -1.000 ; 1.000        ; 2.000          ; Min Period       ; clock_ledg ; Rise       ; LEDG[7]~reg0                ;
; -1.000 ; 1.000        ; 2.000          ; Min Period       ; clock_ledg ; Rise       ; state_ledg.00000            ;
; -1.000 ; 1.000        ; 2.000          ; Min Period       ; clock_ledg ; Rise       ; state_ledg.00001            ;
; -1.000 ; 1.000        ; 2.000          ; Min Period       ; clock_ledg ; Rise       ; state_ledg.00010            ;
; -1.000 ; 1.000        ; 2.000          ; Min Period       ; clock_ledg ; Rise       ; state_ledg.00011            ;
; -1.000 ; 1.000        ; 2.000          ; Min Period       ; clock_ledg ; Rise       ; state_ledg.00100            ;
; -1.000 ; 1.000        ; 2.000          ; Min Period       ; clock_ledg ; Rise       ; state_ledg.00101            ;
; -1.000 ; 1.000        ; 2.000          ; Min Period       ; clock_ledg ; Rise       ; state_ledg.00110            ;
; -1.000 ; 1.000        ; 2.000          ; Min Period       ; clock_ledg ; Rise       ; state_ledg.00111            ;
; -1.000 ; 1.000        ; 2.000          ; Min Period       ; clock_ledg ; Rise       ; state_ledg.01000            ;
; -1.000 ; 1.000        ; 2.000          ; Min Period       ; clock_ledg ; Rise       ; state_ledg.01001            ;
; -1.000 ; 1.000        ; 2.000          ; Min Period       ; clock_ledg ; Rise       ; state_ledg.01010            ;
; -1.000 ; 1.000        ; 2.000          ; Min Period       ; clock_ledg ; Rise       ; state_ledg.01011            ;
; -1.000 ; 1.000        ; 2.000          ; Min Period       ; clock_ledg ; Rise       ; state_ledg.01100            ;
; -1.000 ; 1.000        ; 2.000          ; Min Period       ; clock_ledg ; Rise       ; state_ledg.01101            ;
; 0.247  ; 0.431        ; 0.184          ; Low Pulse Width  ; clock_ledg ; Rise       ; LEDG[0]~reg0                ;
; 0.247  ; 0.431        ; 0.184          ; Low Pulse Width  ; clock_ledg ; Rise       ; LEDG[1]~reg0                ;
; 0.247  ; 0.431        ; 0.184          ; Low Pulse Width  ; clock_ledg ; Rise       ; LEDG[2]~reg0                ;
; 0.247  ; 0.431        ; 0.184          ; Low Pulse Width  ; clock_ledg ; Rise       ; LEDG[3]~reg0                ;
; 0.247  ; 0.431        ; 0.184          ; Low Pulse Width  ; clock_ledg ; Rise       ; LEDG[4]~reg0                ;
; 0.247  ; 0.431        ; 0.184          ; Low Pulse Width  ; clock_ledg ; Rise       ; LEDG[5]~reg0                ;
; 0.247  ; 0.431        ; 0.184          ; Low Pulse Width  ; clock_ledg ; Rise       ; LEDG[6]~reg0                ;
; 0.247  ; 0.431        ; 0.184          ; Low Pulse Width  ; clock_ledg ; Rise       ; LEDG[7]~reg0                ;
; 0.247  ; 0.431        ; 0.184          ; Low Pulse Width  ; clock_ledg ; Rise       ; state_ledg.00000            ;
; 0.247  ; 0.431        ; 0.184          ; Low Pulse Width  ; clock_ledg ; Rise       ; state_ledg.00001            ;
; 0.247  ; 0.431        ; 0.184          ; Low Pulse Width  ; clock_ledg ; Rise       ; state_ledg.00010            ;
; 0.247  ; 0.431        ; 0.184          ; Low Pulse Width  ; clock_ledg ; Rise       ; state_ledg.00011            ;
; 0.247  ; 0.431        ; 0.184          ; Low Pulse Width  ; clock_ledg ; Rise       ; state_ledg.00100            ;
; 0.247  ; 0.431        ; 0.184          ; Low Pulse Width  ; clock_ledg ; Rise       ; state_ledg.00101            ;
; 0.247  ; 0.431        ; 0.184          ; Low Pulse Width  ; clock_ledg ; Rise       ; state_ledg.00110            ;
; 0.247  ; 0.431        ; 0.184          ; Low Pulse Width  ; clock_ledg ; Rise       ; state_ledg.00111            ;
; 0.247  ; 0.431        ; 0.184          ; Low Pulse Width  ; clock_ledg ; Rise       ; state_ledg.01000            ;
; 0.247  ; 0.431        ; 0.184          ; Low Pulse Width  ; clock_ledg ; Rise       ; state_ledg.01001            ;
; 0.247  ; 0.431        ; 0.184          ; Low Pulse Width  ; clock_ledg ; Rise       ; state_ledg.01010            ;
; 0.247  ; 0.431        ; 0.184          ; Low Pulse Width  ; clock_ledg ; Rise       ; state_ledg.01011            ;
; 0.247  ; 0.431        ; 0.184          ; Low Pulse Width  ; clock_ledg ; Rise       ; state_ledg.01100            ;
; 0.247  ; 0.431        ; 0.184          ; Low Pulse Width  ; clock_ledg ; Rise       ; state_ledg.01101            ;
; 0.349  ; 0.565        ; 0.216          ; High Pulse Width ; clock_ledg ; Rise       ; LEDG[0]~reg0                ;
; 0.349  ; 0.565        ; 0.216          ; High Pulse Width ; clock_ledg ; Rise       ; LEDG[1]~reg0                ;
; 0.349  ; 0.565        ; 0.216          ; High Pulse Width ; clock_ledg ; Rise       ; LEDG[2]~reg0                ;
; 0.349  ; 0.565        ; 0.216          ; High Pulse Width ; clock_ledg ; Rise       ; LEDG[3]~reg0                ;
; 0.349  ; 0.565        ; 0.216          ; High Pulse Width ; clock_ledg ; Rise       ; LEDG[4]~reg0                ;
; 0.349  ; 0.565        ; 0.216          ; High Pulse Width ; clock_ledg ; Rise       ; LEDG[5]~reg0                ;
; 0.349  ; 0.565        ; 0.216          ; High Pulse Width ; clock_ledg ; Rise       ; LEDG[6]~reg0                ;
; 0.349  ; 0.565        ; 0.216          ; High Pulse Width ; clock_ledg ; Rise       ; LEDG[7]~reg0                ;
; 0.349  ; 0.565        ; 0.216          ; High Pulse Width ; clock_ledg ; Rise       ; state_ledg.00000            ;
; 0.349  ; 0.565        ; 0.216          ; High Pulse Width ; clock_ledg ; Rise       ; state_ledg.00001            ;
; 0.349  ; 0.565        ; 0.216          ; High Pulse Width ; clock_ledg ; Rise       ; state_ledg.00010            ;
; 0.349  ; 0.565        ; 0.216          ; High Pulse Width ; clock_ledg ; Rise       ; state_ledg.00011            ;
; 0.349  ; 0.565        ; 0.216          ; High Pulse Width ; clock_ledg ; Rise       ; state_ledg.00100            ;
; 0.349  ; 0.565        ; 0.216          ; High Pulse Width ; clock_ledg ; Rise       ; state_ledg.00101            ;
; 0.349  ; 0.565        ; 0.216          ; High Pulse Width ; clock_ledg ; Rise       ; state_ledg.00110            ;
; 0.349  ; 0.565        ; 0.216          ; High Pulse Width ; clock_ledg ; Rise       ; state_ledg.00111            ;
; 0.349  ; 0.565        ; 0.216          ; High Pulse Width ; clock_ledg ; Rise       ; state_ledg.01000            ;
; 0.349  ; 0.565        ; 0.216          ; High Pulse Width ; clock_ledg ; Rise       ; state_ledg.01001            ;
; 0.349  ; 0.565        ; 0.216          ; High Pulse Width ; clock_ledg ; Rise       ; state_ledg.01010            ;
; 0.349  ; 0.565        ; 0.216          ; High Pulse Width ; clock_ledg ; Rise       ; state_ledg.01011            ;
; 0.349  ; 0.565        ; 0.216          ; High Pulse Width ; clock_ledg ; Rise       ; state_ledg.01100            ;
; 0.349  ; 0.565        ; 0.216          ; High Pulse Width ; clock_ledg ; Rise       ; state_ledg.01101            ;
; 0.427  ; 0.427        ; 0.000          ; Low Pulse Width  ; clock_ledg ; Rise       ; LEDG[0]~reg0|clk            ;
; 0.427  ; 0.427        ; 0.000          ; Low Pulse Width  ; clock_ledg ; Rise       ; LEDG[1]~reg0|clk            ;
; 0.427  ; 0.427        ; 0.000          ; Low Pulse Width  ; clock_ledg ; Rise       ; LEDG[2]~reg0|clk            ;
; 0.427  ; 0.427        ; 0.000          ; Low Pulse Width  ; clock_ledg ; Rise       ; LEDG[3]~reg0|clk            ;
; 0.427  ; 0.427        ; 0.000          ; Low Pulse Width  ; clock_ledg ; Rise       ; LEDG[4]~reg0|clk            ;
; 0.427  ; 0.427        ; 0.000          ; Low Pulse Width  ; clock_ledg ; Rise       ; LEDG[5]~reg0|clk            ;
; 0.427  ; 0.427        ; 0.000          ; Low Pulse Width  ; clock_ledg ; Rise       ; LEDG[6]~reg0|clk            ;
; 0.427  ; 0.427        ; 0.000          ; Low Pulse Width  ; clock_ledg ; Rise       ; LEDG[7]~reg0|clk            ;
; 0.427  ; 0.427        ; 0.000          ; Low Pulse Width  ; clock_ledg ; Rise       ; state_ledg.00000|clk        ;
; 0.427  ; 0.427        ; 0.000          ; Low Pulse Width  ; clock_ledg ; Rise       ; state_ledg.00001|clk        ;
; 0.427  ; 0.427        ; 0.000          ; Low Pulse Width  ; clock_ledg ; Rise       ; state_ledg.00010|clk        ;
; 0.427  ; 0.427        ; 0.000          ; Low Pulse Width  ; clock_ledg ; Rise       ; state_ledg.00011|clk        ;
; 0.427  ; 0.427        ; 0.000          ; Low Pulse Width  ; clock_ledg ; Rise       ; state_ledg.00100|clk        ;
; 0.427  ; 0.427        ; 0.000          ; Low Pulse Width  ; clock_ledg ; Rise       ; state_ledg.00101|clk        ;
; 0.427  ; 0.427        ; 0.000          ; Low Pulse Width  ; clock_ledg ; Rise       ; state_ledg.00110|clk        ;
; 0.427  ; 0.427        ; 0.000          ; Low Pulse Width  ; clock_ledg ; Rise       ; state_ledg.00111|clk        ;
; 0.427  ; 0.427        ; 0.000          ; Low Pulse Width  ; clock_ledg ; Rise       ; state_ledg.01000|clk        ;
; 0.427  ; 0.427        ; 0.000          ; Low Pulse Width  ; clock_ledg ; Rise       ; state_ledg.01001|clk        ;
; 0.427  ; 0.427        ; 0.000          ; Low Pulse Width  ; clock_ledg ; Rise       ; state_ledg.01010|clk        ;
; 0.427  ; 0.427        ; 0.000          ; Low Pulse Width  ; clock_ledg ; Rise       ; state_ledg.01011|clk        ;
; 0.427  ; 0.427        ; 0.000          ; Low Pulse Width  ; clock_ledg ; Rise       ; state_ledg.01100|clk        ;
; 0.427  ; 0.427        ; 0.000          ; Low Pulse Width  ; clock_ledg ; Rise       ; state_ledg.01101|clk        ;
; 0.437  ; 0.437        ; 0.000          ; Low Pulse Width  ; clock_ledg ; Rise       ; clock_ledg~clkctrl|inclk[0] ;
; 0.437  ; 0.437        ; 0.000          ; Low Pulse Width  ; clock_ledg ; Rise       ; clock_ledg~clkctrl|outclk   ;
; 0.500  ; 0.500        ; 0.000          ; High Pulse Width ; clock_ledg ; Rise       ; clock_ledg|q                ;
; 0.500  ; 0.500        ; 0.000          ; Low Pulse Width  ; clock_ledg ; Rise       ; clock_ledg|q                ;
; 0.561  ; 0.561        ; 0.000          ; High Pulse Width ; clock_ledg ; Rise       ; clock_ledg~clkctrl|inclk[0] ;
; 0.561  ; 0.561        ; 0.000          ; High Pulse Width ; clock_ledg ; Rise       ; clock_ledg~clkctrl|outclk   ;
; 0.571  ; 0.571        ; 0.000          ; High Pulse Width ; clock_ledg ; Rise       ; LEDG[0]~reg0|clk            ;
; 0.571  ; 0.571        ; 0.000          ; High Pulse Width ; clock_ledg ; Rise       ; LEDG[1]~reg0|clk            ;
; 0.571  ; 0.571        ; 0.000          ; High Pulse Width ; clock_ledg ; Rise       ; LEDG[2]~reg0|clk            ;
; 0.571  ; 0.571        ; 0.000          ; High Pulse Width ; clock_ledg ; Rise       ; LEDG[3]~reg0|clk            ;
; 0.571  ; 0.571        ; 0.000          ; High Pulse Width ; clock_ledg ; Rise       ; LEDG[4]~reg0|clk            ;
; 0.571  ; 0.571        ; 0.000          ; High Pulse Width ; clock_ledg ; Rise       ; LEDG[5]~reg0|clk            ;
+--------+--------------+----------------+------------------+------------+------------+-----------------------------+


+-----------------------------------------------------------------------------------------------------------+
; Fast 1200mV 0C Model Minimum Pulse Width: 'clock_hex'                                                     ;
+--------+--------------+----------------+------------------+-----------+------------+----------------------+
; Slack  ; Actual Width ; Required Width ; Type             ; Clock     ; Clock Edge ; Target               ;
+--------+--------------+----------------+------------------+-----------+------------+----------------------+
; -1.000 ; 1.000        ; 2.000          ; Min Period       ; clock_hex ; Rise       ; state_hex.hex_s1     ;
; 0.277  ; 0.461        ; 0.184          ; Low Pulse Width  ; clock_hex ; Rise       ; state_hex.hex_s1     ;
; 0.319  ; 0.535        ; 0.216          ; High Pulse Width ; clock_hex ; Rise       ; state_hex.hex_s1     ;
; 0.457  ; 0.457        ; 0.000          ; Low Pulse Width  ; clock_hex ; Rise       ; state_hex.hex_s1|clk ;
; 0.500  ; 0.500        ; 0.000          ; High Pulse Width ; clock_hex ; Rise       ; clock_hex|q          ;
; 0.500  ; 0.500        ; 0.000          ; Low Pulse Width  ; clock_hex ; Rise       ; clock_hex|q          ;
; 0.541  ; 0.541        ; 0.000          ; High Pulse Width ; clock_hex ; Rise       ; state_hex.hex_s1|clk ;
+--------+--------------+----------------+------------------+-----------+------------+----------------------+


+--------------------------------------------------------------------------+
; Clock to Output Times                                                    ;
+--------------+------------+-------+-------+------------+-----------------+
; Data Port    ; Clock Port ; Rise  ; Fall  ; Clock Edge ; Clock Reference ;
+--------------+------------+-------+-------+------------+-----------------+
; LCD_DATA[*]  ; CLOCK_50   ; 5.296 ; 5.113 ; Rise       ; CLOCK_50        ;
;  LCD_DATA[0] ; CLOCK_50   ; 3.873 ; 3.890 ; Rise       ; CLOCK_50        ;
;  LCD_DATA[1] ; CLOCK_50   ; 4.077 ; 4.118 ; Rise       ; CLOCK_50        ;
;  LCD_DATA[2] ; CLOCK_50   ; 4.055 ; 4.092 ; Rise       ; CLOCK_50        ;
;  LCD_DATA[3] ; CLOCK_50   ; 3.795 ; 3.798 ; Rise       ; CLOCK_50        ;
;  LCD_DATA[4] ; CLOCK_50   ; 3.924 ; 3.947 ; Rise       ; CLOCK_50        ;
;  LCD_DATA[5] ; CLOCK_50   ; 4.050 ; 4.086 ; Rise       ; CLOCK_50        ;
;  LCD_DATA[6] ; CLOCK_50   ; 3.869 ; 3.892 ; Rise       ; CLOCK_50        ;
;  LCD_DATA[7] ; CLOCK_50   ; 5.296 ; 5.113 ; Rise       ; CLOCK_50        ;
; LCD_EN       ; CLOCK_50   ; 5.263 ; 5.489 ; Rise       ; CLOCK_50        ;
; LCD_RS       ; CLOCK_50   ; 4.047 ; 4.081 ; Rise       ; CLOCK_50        ;
; HEX0[*]      ; clock_hex  ; 7.027 ; 6.494 ; Rise       ; clock_hex       ;
;  HEX0[0]     ; clock_hex  ; 5.655 ; 5.233 ; Rise       ; clock_hex       ;
;  HEX0[1]     ; clock_hex  ; 6.876 ; 6.357 ; Rise       ; clock_hex       ;
;  HEX0[2]     ; clock_hex  ; 5.619 ; 5.198 ; Rise       ; clock_hex       ;
;  HEX0[3]     ; clock_hex  ; 6.479 ; 5.930 ; Rise       ; clock_hex       ;
;  HEX0[4]     ; clock_hex  ; 6.264 ; 5.740 ; Rise       ; clock_hex       ;
;  HEX0[5]     ; clock_hex  ; 7.027 ; 6.494 ; Rise       ; clock_hex       ;
;  HEX0[6]     ; clock_hex  ; 5.790 ; 5.339 ; Rise       ; clock_hex       ;
; HEX1[*]      ; clock_hex  ; 6.707 ; 6.105 ; Rise       ; clock_hex       ;
;  HEX1[0]     ; clock_hex  ; 6.378 ; 5.837 ; Rise       ; clock_hex       ;
;  HEX1[1]     ; clock_hex  ; 6.692 ; 6.094 ; Rise       ; clock_hex       ;
;  HEX1[2]     ; clock_hex  ; 6.707 ; 6.105 ; Rise       ; clock_hex       ;
; HEX2[*]      ; clock_hex  ; 7.054 ; 6.411 ; Rise       ; clock_hex       ;
;  HEX2[0]     ; clock_hex  ; 7.054 ; 6.411 ; Rise       ; clock_hex       ;
;  HEX2[2]     ; clock_hex  ; 7.031 ; 6.394 ; Rise       ; clock_hex       ;
;  HEX2[3]     ; clock_hex  ; 7.021 ; 6.384 ; Rise       ; clock_hex       ;
;  HEX2[4]     ; clock_hex  ; 7.043 ; 6.401 ; Rise       ; clock_hex       ;
;  HEX2[5]     ; clock_hex  ; 7.018 ; 6.382 ; Rise       ; clock_hex       ;
;  HEX2[6]     ; clock_hex  ; 6.858 ; 6.240 ; Rise       ; clock_hex       ;
; HEX3[*]      ; clock_hex  ; 8.673 ; 8.285 ; Rise       ; clock_hex       ;
;  HEX3[0]     ; clock_hex  ; 6.727 ; 6.125 ; Rise       ; clock_hex       ;
;  HEX3[2]     ; clock_hex  ; 8.673 ; 8.285 ; Rise       ; clock_hex       ;
;  HEX3[3]     ; clock_hex  ; 7.172 ; 6.587 ; Rise       ; clock_hex       ;
;  HEX3[5]     ; clock_hex  ; 7.398 ; 6.771 ; Rise       ; clock_hex       ;
;  HEX3[6]     ; clock_hex  ; 7.368 ; 6.741 ; Rise       ; clock_hex       ;
; HEX4[*]      ; clock_hex  ; 7.767 ; 7.089 ; Rise       ; clock_hex       ;
;  HEX4[1]     ; clock_hex  ; 7.352 ; 6.727 ; Rise       ; clock_hex       ;
;  HEX4[2]     ; clock_hex  ; 7.767 ; 7.089 ; Rise       ; clock_hex       ;
;  HEX4[5]     ; clock_hex  ; 7.673 ; 6.999 ; Rise       ; clock_hex       ;
;  HEX4[6]     ; clock_hex  ; 7.665 ; 6.993 ; Rise       ; clock_hex       ;
; HEX5[*]      ; clock_hex  ; 8.833 ; 8.419 ; Rise       ; clock_hex       ;
;  HEX5[0]     ; clock_hex  ; 7.570 ; 6.912 ; Rise       ; clock_hex       ;
;  HEX5[1]     ; clock_hex  ; 8.833 ; 8.419 ; Rise       ; clock_hex       ;
;  HEX5[2]     ; clock_hex  ; 7.402 ; 6.771 ; Rise       ; clock_hex       ;
;  HEX5[3]     ; clock_hex  ; 7.743 ; 7.067 ; Rise       ; clock_hex       ;
;  HEX5[6]     ; clock_hex  ; 7.731 ; 7.059 ; Rise       ; clock_hex       ;
; HEX6[*]      ; clock_hex  ; 7.670 ; 6.997 ; Rise       ; clock_hex       ;
;  HEX6[0]     ; clock_hex  ; 7.521 ; 6.868 ; Rise       ; clock_hex       ;
;  HEX6[1]     ; clock_hex  ; 7.623 ; 6.964 ; Rise       ; clock_hex       ;
;  HEX6[3]     ; clock_hex  ; 7.521 ; 6.868 ; Rise       ; clock_hex       ;
;  HEX6[4]     ; clock_hex  ; 7.644 ; 6.976 ; Rise       ; clock_hex       ;
;  HEX6[6]     ; clock_hex  ; 7.670 ; 6.997 ; Rise       ; clock_hex       ;
; HEX7[*]      ; clock_hex  ; 7.676 ; 7.004 ; Rise       ; clock_hex       ;
;  HEX7[1]     ; clock_hex  ; 7.676 ; 7.004 ; Rise       ; clock_hex       ;
;  HEX7[2]     ; clock_hex  ; 2.982 ; 2.936 ; Rise       ; clock_hex       ;
; LEDG[*]      ; clock_ledg ; 4.161 ; 4.265 ; Rise       ; clock_ledg      ;
;  LEDG[0]     ; clock_ledg ; 4.114 ; 4.211 ; Rise       ; clock_ledg      ;
;  LEDG[1]     ; clock_ledg ; 4.161 ; 4.265 ; Rise       ; clock_ledg      ;
;  LEDG[2]     ; clock_ledg ; 3.881 ; 3.933 ; Rise       ; clock_ledg      ;
;  LEDG[3]     ; clock_ledg ; 3.930 ; 3.989 ; Rise       ; clock_ledg      ;
;  LEDG[4]     ; clock_ledg ; 4.017 ; 4.089 ; Rise       ; clock_ledg      ;
;  LEDG[5]     ; clock_ledg ; 4.019 ; 4.090 ; Rise       ; clock_ledg      ;
;  LEDG[6]     ; clock_ledg ; 3.992 ; 4.060 ; Rise       ; clock_ledg      ;
;  LEDG[7]     ; clock_ledg ; 4.037 ; 4.116 ; Rise       ; clock_ledg      ;
; LEDR[*]      ; clock_ledr ; 5.241 ; 5.419 ; Rise       ; clock_ledr      ;
;  LEDR[0]     ; clock_ledr ; 4.841 ; 4.991 ; Rise       ; clock_ledr      ;
;  LEDR[1]     ; clock_ledr ; 4.164 ; 4.231 ; Rise       ; clock_ledr      ;
;  LEDR[2]     ; clock_ledr ; 4.163 ; 4.227 ; Rise       ; clock_ledr      ;
;  LEDR[3]     ; clock_ledr ; 4.257 ; 4.345 ; Rise       ; clock_ledr      ;
;  LEDR[4]     ; clock_ledr ; 3.843 ; 3.885 ; Rise       ; clock_ledr      ;
;  LEDR[5]     ; clock_ledr ; 3.856 ; 3.899 ; Rise       ; clock_ledr      ;
;  LEDR[6]     ; clock_ledr ; 4.586 ; 4.695 ; Rise       ; clock_ledr      ;
;  LEDR[7]     ; clock_ledr ; 4.405 ; 4.501 ; Rise       ; clock_ledr      ;
;  LEDR[8]     ; clock_ledr ; 4.310 ; 4.430 ; Rise       ; clock_ledr      ;
;  LEDR[9]     ; clock_ledr ; 5.202 ; 5.324 ; Rise       ; clock_ledr      ;
;  LEDR[10]    ; clock_ledr ; 5.067 ; 5.224 ; Rise       ; clock_ledr      ;
;  LEDR[11]    ; clock_ledr ; 4.588 ; 4.741 ; Rise       ; clock_ledr      ;
;  LEDR[12]    ; clock_ledr ; 4.470 ; 4.599 ; Rise       ; clock_ledr      ;
;  LEDR[13]    ; clock_ledr ; 4.446 ; 4.553 ; Rise       ; clock_ledr      ;
;  LEDR[14]    ; clock_ledr ; 4.725 ; 4.899 ; Rise       ; clock_ledr      ;
;  LEDR[15]    ; clock_ledr ; 5.241 ; 5.419 ; Rise       ; clock_ledr      ;
;  LEDR[16]    ; clock_ledr ; 4.164 ; 4.258 ; Rise       ; clock_ledr      ;
;  LEDR[17]    ; clock_ledr ; 4.414 ; 4.543 ; Rise       ; clock_ledr      ;
+--------------+------------+-------+-------+------------+-----------------+


+--------------------------------------------------------------------------+
; Minimum Clock to Output Times                                            ;
+--------------+------------+-------+-------+------------+-----------------+
; Data Port    ; Clock Port ; Rise  ; Fall  ; Clock Edge ; Clock Reference ;
+--------------+------------+-------+-------+------------+-----------------+
; LCD_DATA[*]  ; CLOCK_50   ; 3.672 ; 3.672 ; Rise       ; CLOCK_50        ;
;  LCD_DATA[0] ; CLOCK_50   ; 3.748 ; 3.761 ; Rise       ; CLOCK_50        ;
;  LCD_DATA[1] ; CLOCK_50   ; 3.944 ; 3.981 ; Rise       ; CLOCK_50        ;
;  LCD_DATA[2] ; CLOCK_50   ; 3.923 ; 3.956 ; Rise       ; CLOCK_50        ;
;  LCD_DATA[3] ; CLOCK_50   ; 3.672 ; 3.672 ; Rise       ; CLOCK_50        ;
;  LCD_DATA[4] ; CLOCK_50   ; 3.797 ; 3.817 ; Rise       ; CLOCK_50        ;
;  LCD_DATA[5] ; CLOCK_50   ; 3.919 ; 3.950 ; Rise       ; CLOCK_50        ;
;  LCD_DATA[6] ; CLOCK_50   ; 3.744 ; 3.763 ; Rise       ; CLOCK_50        ;
;  LCD_DATA[7] ; CLOCK_50   ; 5.171 ; 4.984 ; Rise       ; CLOCK_50        ;
; LCD_EN       ; CLOCK_50   ; 5.082 ; 5.297 ; Rise       ; CLOCK_50        ;
; LCD_RS       ; CLOCK_50   ; 3.915 ; 3.945 ; Rise       ; CLOCK_50        ;
; HEX0[*]      ; clock_hex  ; 5.407 ; 5.003 ; Rise       ; clock_hex       ;
;  HEX0[0]     ; clock_hex  ; 5.443 ; 5.038 ; Rise       ; clock_hex       ;
;  HEX0[1]     ; clock_hex  ; 6.653 ; 6.152 ; Rise       ; clock_hex       ;
;  HEX0[2]     ; clock_hex  ; 5.407 ; 5.003 ; Rise       ; clock_hex       ;
;  HEX0[3]     ; clock_hex  ; 6.233 ; 5.706 ; Rise       ; clock_hex       ;
;  HEX0[4]     ; clock_hex  ; 6.028 ; 5.524 ; Rise       ; clock_hex       ;
;  HEX0[5]     ; clock_hex  ; 6.798 ; 6.284 ; Rise       ; clock_hex       ;
;  HEX0[6]     ; clock_hex  ; 5.572 ; 5.139 ; Rise       ; clock_hex       ;
; HEX1[*]      ; clock_hex  ; 6.136 ; 5.617 ; Rise       ; clock_hex       ;
;  HEX1[0]     ; clock_hex  ; 6.136 ; 5.617 ; Rise       ; clock_hex       ;
;  HEX1[1]     ; clock_hex  ; 6.440 ; 5.865 ; Rise       ; clock_hex       ;
;  HEX1[2]     ; clock_hex  ; 6.454 ; 5.875 ; Rise       ; clock_hex       ;
; HEX2[*]      ; clock_hex  ; 6.602 ; 6.007 ; Rise       ; clock_hex       ;
;  HEX2[0]     ; clock_hex  ; 6.789 ; 6.171 ; Rise       ; clock_hex       ;
;  HEX2[2]     ; clock_hex  ; 6.767 ; 6.154 ; Rise       ; clock_hex       ;
;  HEX2[3]     ; clock_hex  ; 6.757 ; 6.144 ; Rise       ; clock_hex       ;
;  HEX2[4]     ; clock_hex  ; 6.778 ; 6.161 ; Rise       ; clock_hex       ;
;  HEX2[5]     ; clock_hex  ; 6.755 ; 6.143 ; Rise       ; clock_hex       ;
;  HEX2[6]     ; clock_hex  ; 6.602 ; 6.007 ; Rise       ; clock_hex       ;
; HEX3[*]      ; clock_hex  ; 6.474 ; 5.895 ; Rise       ; clock_hex       ;
;  HEX3[0]     ; clock_hex  ; 6.474 ; 5.895 ; Rise       ; clock_hex       ;
;  HEX3[2]     ; clock_hex  ; 8.390 ; 8.029 ; Rise       ; clock_hex       ;
;  HEX3[3]     ; clock_hex  ; 6.896 ; 6.337 ; Rise       ; clock_hex       ;
;  HEX3[5]     ; clock_hex  ; 7.116 ; 6.515 ; Rise       ; clock_hex       ;
;  HEX3[6]     ; clock_hex  ; 7.086 ; 6.485 ; Rise       ; clock_hex       ;
; HEX4[*]      ; clock_hex  ; 7.070 ; 6.472 ; Rise       ; clock_hex       ;
;  HEX4[1]     ; clock_hex  ; 7.070 ; 6.472 ; Rise       ; clock_hex       ;
;  HEX4[2]     ; clock_hex  ; 7.471 ; 6.822 ; Rise       ; clock_hex       ;
;  HEX4[5]     ; clock_hex  ; 7.378 ; 6.733 ; Rise       ; clock_hex       ;
;  HEX4[6]     ; clock_hex  ; 7.370 ; 6.727 ; Rise       ; clock_hex       ;
; HEX5[*]      ; clock_hex  ; 7.118 ; 6.514 ; Rise       ; clock_hex       ;
;  HEX5[0]     ; clock_hex  ; 7.279 ; 6.651 ; Rise       ; clock_hex       ;
;  HEX5[1]     ; clock_hex  ; 8.543 ; 8.157 ; Rise       ; clock_hex       ;
;  HEX5[2]     ; clock_hex  ; 7.118 ; 6.514 ; Rise       ; clock_hex       ;
;  HEX5[3]     ; clock_hex  ; 7.447 ; 6.800 ; Rise       ; clock_hex       ;
;  HEX5[6]     ; clock_hex  ; 7.436 ; 6.793 ; Rise       ; clock_hex       ;
; HEX6[*]      ; clock_hex  ; 7.232 ; 6.607 ; Rise       ; clock_hex       ;
;  HEX6[0]     ; clock_hex  ; 7.232 ; 6.607 ; Rise       ; clock_hex       ;
;  HEX6[1]     ; clock_hex  ; 7.330 ; 6.699 ; Rise       ; clock_hex       ;
;  HEX6[3]     ; clock_hex  ; 7.232 ; 6.607 ; Rise       ; clock_hex       ;
;  HEX6[4]     ; clock_hex  ; 7.350 ; 6.710 ; Rise       ; clock_hex       ;
;  HEX6[6]     ; clock_hex  ; 7.375 ; 6.731 ; Rise       ; clock_hex       ;
; HEX7[*]      ; clock_hex  ; 2.876 ; 2.835 ; Rise       ; clock_hex       ;
;  HEX7[1]     ; clock_hex  ; 7.381 ; 6.738 ; Rise       ; clock_hex       ;
;  HEX7[2]     ; clock_hex  ; 2.876 ; 2.835 ; Rise       ; clock_hex       ;
; LEDG[*]      ; clock_ledg ; 3.740 ; 3.790 ; Rise       ; clock_ledg      ;
;  LEDG[0]     ; clock_ledg ; 3.961 ; 4.055 ; Rise       ; clock_ledg      ;
;  LEDG[1]     ; clock_ledg ; 4.006 ; 4.107 ; Rise       ; clock_ledg      ;
;  LEDG[2]     ; clock_ledg ; 3.740 ; 3.790 ; Rise       ; clock_ledg      ;
;  LEDG[3]     ; clock_ledg ; 3.787 ; 3.845 ; Rise       ; clock_ledg      ;
;  LEDG[4]     ; clock_ledg ; 3.869 ; 3.939 ; Rise       ; clock_ledg      ;
;  LEDG[5]     ; clock_ledg ; 3.872 ; 3.941 ; Rise       ; clock_ledg      ;
;  LEDG[6]     ; clock_ledg ; 3.845 ; 3.911 ; Rise       ; clock_ledg      ;
;  LEDG[7]     ; clock_ledg ; 3.890 ; 3.965 ; Rise       ; clock_ledg      ;
; LEDR[*]      ; clock_ledr ; 3.701 ; 3.741 ; Rise       ; clock_ledr      ;
;  LEDR[0]     ; clock_ledr ; 4.661 ; 4.806 ; Rise       ; clock_ledr      ;
;  LEDR[1]     ; clock_ledr ; 4.009 ; 4.073 ; Rise       ; clock_ledr      ;
;  LEDR[2]     ; clock_ledr ; 4.008 ; 4.069 ; Rise       ; clock_ledr      ;
;  LEDR[3]     ; clock_ledr ; 4.098 ; 4.183 ; Rise       ; clock_ledr      ;
;  LEDR[4]     ; clock_ledr ; 3.701 ; 3.741 ; Rise       ; clock_ledr      ;
;  LEDR[5]     ; clock_ledr ; 3.714 ; 3.755 ; Rise       ; clock_ledr      ;
;  LEDR[6]     ; clock_ledr ; 4.416 ; 4.520 ; Rise       ; clock_ledr      ;
;  LEDR[7]     ; clock_ledr ; 4.241 ; 4.334 ; Rise       ; clock_ledr      ;
;  LEDR[8]     ; clock_ledr ; 4.149 ; 4.264 ; Rise       ; clock_ledr      ;
;  LEDR[9]     ; clock_ledr ; 5.043 ; 5.162 ; Rise       ; clock_ledr      ;
;  LEDR[10]    ; clock_ledr ; 4.876 ; 5.027 ; Rise       ; clock_ledr      ;
;  LEDR[11]    ; clock_ledr ; 4.417 ; 4.564 ; Rise       ; clock_ledr      ;
;  LEDR[12]    ; clock_ledr ; 4.304 ; 4.428 ; Rise       ; clock_ledr      ;
;  LEDR[13]    ; clock_ledr ; 4.279 ; 4.383 ; Rise       ; clock_ledr      ;
;  LEDR[14]    ; clock_ledr ; 4.548 ; 4.716 ; Rise       ; clock_ledr      ;
;  LEDR[15]    ; clock_ledr ; 5.080 ; 5.253 ; Rise       ; clock_ledr      ;
;  LEDR[16]    ; clock_ledr ; 4.009 ; 4.099 ; Rise       ; clock_ledr      ;
;  LEDR[17]    ; clock_ledr ; 4.250 ; 4.373 ; Rise       ; clock_ledr      ;
+--------------+------------+-------+-------+------------+-----------------+


---------------------------------------------
; Fast 1200mV 0C Model Metastability Report ;
---------------------------------------------
No synchronizer chains to report.


+---------------------------------------------------------------------------------+
; Multicorner Timing Analysis Summary                                             ;
+------------------+----------+--------+----------+---------+---------------------+
; Clock            ; Setup    ; Hold   ; Recovery ; Removal ; Minimum Pulse Width ;
+------------------+----------+--------+----------+---------+---------------------+
; Worst-case Slack ; -4.331   ; -0.274 ; N/A      ; N/A     ; -3.000              ;
;  CLOCK_50        ; -4.331   ; -0.274 ; N/A      ; N/A     ; -3.000              ;
;  clock_hex       ; 0.210    ; 0.208  ; N/A      ; N/A     ; -1.285              ;
;  clock_ledg      ; -0.246   ; 0.192  ; N/A      ; N/A     ; -1.285              ;
;  clock_ledr      ; -1.981   ; 0.191  ; N/A      ; N/A     ; -1.285              ;
; Design-wide TNS  ; -465.651 ; -0.643 ; 0.0      ; 0.0     ; -302.405            ;
;  CLOCK_50        ; -426.181 ; -0.643 ; N/A      ; N/A     ; -201.615            ;
;  clock_hex       ; 0.000    ; 0.000  ; N/A      ; N/A     ; -1.285              ;
;  clock_ledg      ; -1.499   ; 0.000  ; N/A      ; N/A     ; -28.270             ;
;  clock_ledr      ; -37.971  ; 0.000  ; N/A      ; N/A     ; -71.960             ;
+------------------+----------+--------+----------+---------+---------------------+


+----------------------------------------------------------------------------+
; Clock to Output Times                                                      ;
+--------------+------------+--------+--------+------------+-----------------+
; Data Port    ; Clock Port ; Rise   ; Fall   ; Clock Edge ; Clock Reference ;
+--------------+------------+--------+--------+------------+-----------------+
; LCD_DATA[*]  ; CLOCK_50   ; 9.255  ; 8.868  ; Rise       ; CLOCK_50        ;
;  LCD_DATA[0] ; CLOCK_50   ; 7.321  ; 7.227  ; Rise       ; CLOCK_50        ;
;  LCD_DATA[1] ; CLOCK_50   ; 7.714  ; 7.607  ; Rise       ; CLOCK_50        ;
;  LCD_DATA[2] ; CLOCK_50   ; 7.650  ; 7.558  ; Rise       ; CLOCK_50        ;
;  LCD_DATA[3] ; CLOCK_50   ; 7.205  ; 7.094  ; Rise       ; CLOCK_50        ;
;  LCD_DATA[4] ; CLOCK_50   ; 7.398  ; 7.308  ; Rise       ; CLOCK_50        ;
;  LCD_DATA[5] ; CLOCK_50   ; 7.652  ; 7.553  ; Rise       ; CLOCK_50        ;
;  LCD_DATA[6] ; CLOCK_50   ; 7.334  ; 7.245  ; Rise       ; CLOCK_50        ;
;  LCD_DATA[7] ; CLOCK_50   ; 9.255  ; 8.868  ; Rise       ; CLOCK_50        ;
; LCD_EN       ; CLOCK_50   ; 10.058 ; 10.144 ; Rise       ; CLOCK_50        ;
; LCD_RS       ; CLOCK_50   ; 7.649  ; 7.558  ; Rise       ; CLOCK_50        ;
; HEX0[*]      ; clock_hex  ; 12.333 ; 12.295 ; Rise       ; clock_hex       ;
;  HEX0[0]     ; clock_hex  ; 10.116 ; 10.190 ; Rise       ; clock_hex       ;
;  HEX0[1]     ; clock_hex  ; 12.004 ; 11.934 ; Rise       ; clock_hex       ;
;  HEX0[2]     ; clock_hex  ; 10.078 ; 10.154 ; Rise       ; clock_hex       ;
;  HEX0[3]     ; clock_hex  ; 11.601 ; 11.578 ; Rise       ; clock_hex       ;
;  HEX0[4]     ; clock_hex  ; 11.237 ; 11.209 ; Rise       ; clock_hex       ;
;  HEX0[5]     ; clock_hex  ; 12.333 ; 12.295 ; Rise       ; clock_hex       ;
;  HEX0[6]     ; clock_hex  ; 10.406 ; 10.435 ; Rise       ; clock_hex       ;
; HEX1[*]      ; clock_hex  ; 12.013 ; 11.933 ; Rise       ; clock_hex       ;
;  HEX1[0]     ; clock_hex  ; 11.455 ; 11.418 ; Rise       ; clock_hex       ;
;  HEX1[1]     ; clock_hex  ; 11.975 ; 11.898 ; Rise       ; clock_hex       ;
;  HEX1[2]     ; clock_hex  ; 12.013 ; 11.933 ; Rise       ; clock_hex       ;
; HEX2[*]      ; clock_hex  ; 12.571 ; 12.485 ; Rise       ; clock_hex       ;
;  HEX2[0]     ; clock_hex  ; 12.571 ; 12.485 ; Rise       ; clock_hex       ;
;  HEX2[2]     ; clock_hex  ; 12.534 ; 12.452 ; Rise       ; clock_hex       ;
;  HEX2[3]     ; clock_hex  ; 12.524 ; 12.442 ; Rise       ; clock_hex       ;
;  HEX2[4]     ; clock_hex  ; 12.561 ; 12.474 ; Rise       ; clock_hex       ;
;  HEX2[5]     ; clock_hex  ; 12.520 ; 12.439 ; Rise       ; clock_hex       ;
;  HEX2[6]     ; clock_hex  ; 12.223 ; 12.133 ; Rise       ; clock_hex       ;
; HEX3[*]      ; clock_hex  ; 14.873 ; 15.090 ; Rise       ; clock_hex       ;
;  HEX3[0]     ; clock_hex  ; 12.033 ; 11.953 ; Rise       ; clock_hex       ;
;  HEX3[2]     ; clock_hex  ; 14.873 ; 15.090 ; Rise       ; clock_hex       ;
;  HEX3[3]     ; clock_hex  ; 12.760 ; 12.738 ; Rise       ; clock_hex       ;
;  HEX3[5]     ; clock_hex  ; 13.110 ; 13.017 ; Rise       ; clock_hex       ;
;  HEX3[6]     ; clock_hex  ; 13.080 ; 12.987 ; Rise       ; clock_hex       ;
; HEX4[*]      ; clock_hex  ; 13.711 ; 13.567 ; Rise       ; clock_hex       ;
;  HEX4[1]     ; clock_hex  ; 13.057 ; 12.964 ; Rise       ; clock_hex       ;
;  HEX4[2]     ; clock_hex  ; 13.711 ; 13.567 ; Rise       ; clock_hex       ;
;  HEX4[5]     ; clock_hex  ; 13.598 ; 13.458 ; Rise       ; clock_hex       ;
;  HEX4[6]     ; clock_hex  ; 13.588 ; 13.450 ; Rise       ; clock_hex       ;
; HEX5[*]      ; clock_hex  ; 15.155 ; 15.374 ; Rise       ; clock_hex       ;
;  HEX5[0]     ; clock_hex  ; 13.416 ; 13.327 ; Rise       ; clock_hex       ;
;  HEX5[1]     ; clock_hex  ; 15.155 ; 15.374 ; Rise       ; clock_hex       ;
;  HEX5[2]     ; clock_hex  ; 13.120 ; 13.023 ; Rise       ; clock_hex       ;
;  HEX5[3]     ; clock_hex  ; 13.674 ; 13.530 ; Rise       ; clock_hex       ;
;  HEX5[6]     ; clock_hex  ; 13.654 ; 13.514 ; Rise       ; clock_hex       ;
; HEX6[*]      ; clock_hex  ; 13.591 ; 13.449 ; Rise       ; clock_hex       ;
;  HEX6[0]     ; clock_hex  ; 13.344 ; 13.254 ; Rise       ; clock_hex       ;
;  HEX6[1]     ; clock_hex  ; 13.524 ; 13.394 ; Rise       ; clock_hex       ;
;  HEX6[3]     ; clock_hex  ; 13.344 ; 13.254 ; Rise       ; clock_hex       ;
;  HEX6[4]     ; clock_hex  ; 13.542 ; 13.408 ; Rise       ; clock_hex       ;
;  HEX6[6]     ; clock_hex  ; 13.591 ; 13.449 ; Rise       ; clock_hex       ;
; HEX7[*]      ; clock_hex  ; 13.590 ; 13.450 ; Rise       ; clock_hex       ;
;  HEX7[1]     ; clock_hex  ; 13.590 ; 13.450 ; Rise       ; clock_hex       ;
;  HEX7[2]     ; clock_hex  ; 5.382  ; 5.498  ; Rise       ; clock_hex       ;
; LEDG[*]      ; clock_ledg ; 7.983  ; 7.943  ; Rise       ; clock_ledg      ;
;  LEDG[0]     ; clock_ledg ; 7.900  ; 7.859  ; Rise       ; clock_ledg      ;
;  LEDG[1]     ; clock_ledg ; 7.983  ; 7.943  ; Rise       ; clock_ledg      ;
;  LEDG[2]     ; clock_ledg ; 7.386  ; 7.319  ; Rise       ; clock_ledg      ;
;  LEDG[3]     ; clock_ledg ; 7.460  ; 7.403  ; Rise       ; clock_ledg      ;
;  LEDG[4]     ; clock_ledg ; 7.670  ; 7.613  ; Rise       ; clock_ledg      ;
;  LEDG[5]     ; clock_ledg ; 7.643  ; 7.587  ; Rise       ; clock_ledg      ;
;  LEDG[6]     ; clock_ledg ; 7.616  ; 7.558  ; Rise       ; clock_ledg      ;
;  LEDG[7]     ; clock_ledg ; 7.701  ; 7.631  ; Rise       ; clock_ledg      ;
; LEDR[*]      ; clock_ledr ; 9.901  ; 9.799  ; Rise       ; clock_ledr      ;
;  LEDR[0]     ; clock_ledr ; 9.369  ; 9.332  ; Rise       ; clock_ledr      ;
;  LEDR[1]     ; clock_ledr ; 8.086  ; 7.975  ; Rise       ; clock_ledr      ;
;  LEDR[2]     ; clock_ledr ; 8.088  ; 7.972  ; Rise       ; clock_ledr      ;
;  LEDR[3]     ; clock_ledr ; 8.212  ; 8.161  ; Rise       ; clock_ledr      ;
;  LEDR[4]     ; clock_ledr ; 7.377  ; 7.337  ; Rise       ; clock_ledr      ;
;  LEDR[5]     ; clock_ledr ; 7.393  ; 7.354  ; Rise       ; clock_ledr      ;
;  LEDR[6]     ; clock_ledr ; 8.922  ; 8.827  ; Rise       ; clock_ledr      ;
;  LEDR[7]     ; clock_ledr ; 8.501  ; 8.484  ; Rise       ; clock_ledr      ;
;  LEDR[8]     ; clock_ledr ; 8.337  ; 8.311  ; Rise       ; clock_ledr      ;
;  LEDR[9]     ; clock_ledr ; 9.636  ; 9.675  ; Rise       ; clock_ledr      ;
;  LEDR[10]    ; clock_ledr ; 9.901  ; 9.799  ; Rise       ; clock_ledr      ;
;  LEDR[11]    ; clock_ledr ; 8.894  ; 8.855  ; Rise       ; clock_ledr      ;
;  LEDR[12]    ; clock_ledr ; 8.620  ; 8.587  ; Rise       ; clock_ledr      ;
;  LEDR[13]    ; clock_ledr ; 8.633  ; 8.537  ; Rise       ; clock_ledr      ;
;  LEDR[14]    ; clock_ledr ; 9.166  ; 9.112  ; Rise       ; clock_ledr      ;
;  LEDR[15]    ; clock_ledr ; 9.657  ; 9.745  ; Rise       ; clock_ledr      ;
;  LEDR[16]    ; clock_ledr ; 8.021  ; 8.003  ; Rise       ; clock_ledr      ;
;  LEDR[17]    ; clock_ledr ; 8.532  ; 8.489  ; Rise       ; clock_ledr      ;
+--------------+------------+--------+--------+------------+-----------------+


+--------------------------------------------------------------------------+
; Minimum Clock to Output Times                                            ;
+--------------+------------+-------+-------+------------+-----------------+
; Data Port    ; Clock Port ; Rise  ; Fall  ; Clock Edge ; Clock Reference ;
+--------------+------------+-------+-------+------------+-----------------+
; LCD_DATA[*]  ; CLOCK_50   ; 3.672 ; 3.672 ; Rise       ; CLOCK_50        ;
;  LCD_DATA[0] ; CLOCK_50   ; 3.748 ; 3.761 ; Rise       ; CLOCK_50        ;
;  LCD_DATA[1] ; CLOCK_50   ; 3.944 ; 3.981 ; Rise       ; CLOCK_50        ;
;  LCD_DATA[2] ; CLOCK_50   ; 3.923 ; 3.956 ; Rise       ; CLOCK_50        ;
;  LCD_DATA[3] ; CLOCK_50   ; 3.672 ; 3.672 ; Rise       ; CLOCK_50        ;
;  LCD_DATA[4] ; CLOCK_50   ; 3.797 ; 3.817 ; Rise       ; CLOCK_50        ;
;  LCD_DATA[5] ; CLOCK_50   ; 3.919 ; 3.950 ; Rise       ; CLOCK_50        ;
;  LCD_DATA[6] ; CLOCK_50   ; 3.744 ; 3.763 ; Rise       ; CLOCK_50        ;
;  LCD_DATA[7] ; CLOCK_50   ; 5.171 ; 4.984 ; Rise       ; CLOCK_50        ;
; LCD_EN       ; CLOCK_50   ; 5.082 ; 5.297 ; Rise       ; CLOCK_50        ;
; LCD_RS       ; CLOCK_50   ; 3.915 ; 3.945 ; Rise       ; CLOCK_50        ;
; HEX0[*]      ; clock_hex  ; 5.407 ; 5.003 ; Rise       ; clock_hex       ;
;  HEX0[0]     ; clock_hex  ; 5.443 ; 5.038 ; Rise       ; clock_hex       ;
;  HEX0[1]     ; clock_hex  ; 6.653 ; 6.152 ; Rise       ; clock_hex       ;
;  HEX0[2]     ; clock_hex  ; 5.407 ; 5.003 ; Rise       ; clock_hex       ;
;  HEX0[3]     ; clock_hex  ; 6.233 ; 5.706 ; Rise       ; clock_hex       ;
;  HEX0[4]     ; clock_hex  ; 6.028 ; 5.524 ; Rise       ; clock_hex       ;
;  HEX0[5]     ; clock_hex  ; 6.798 ; 6.284 ; Rise       ; clock_hex       ;
;  HEX0[6]     ; clock_hex  ; 5.572 ; 5.139 ; Rise       ; clock_hex       ;
; HEX1[*]      ; clock_hex  ; 6.136 ; 5.617 ; Rise       ; clock_hex       ;
;  HEX1[0]     ; clock_hex  ; 6.136 ; 5.617 ; Rise       ; clock_hex       ;
;  HEX1[1]     ; clock_hex  ; 6.440 ; 5.865 ; Rise       ; clock_hex       ;
;  HEX1[2]     ; clock_hex  ; 6.454 ; 5.875 ; Rise       ; clock_hex       ;
; HEX2[*]      ; clock_hex  ; 6.602 ; 6.007 ; Rise       ; clock_hex       ;
;  HEX2[0]     ; clock_hex  ; 6.789 ; 6.171 ; Rise       ; clock_hex       ;
;  HEX2[2]     ; clock_hex  ; 6.767 ; 6.154 ; Rise       ; clock_hex       ;
;  HEX2[3]     ; clock_hex  ; 6.757 ; 6.144 ; Rise       ; clock_hex       ;
;  HEX2[4]     ; clock_hex  ; 6.778 ; 6.161 ; Rise       ; clock_hex       ;
;  HEX2[5]     ; clock_hex  ; 6.755 ; 6.143 ; Rise       ; clock_hex       ;
;  HEX2[6]     ; clock_hex  ; 6.602 ; 6.007 ; Rise       ; clock_hex       ;
; HEX3[*]      ; clock_hex  ; 6.474 ; 5.895 ; Rise       ; clock_hex       ;
;  HEX3[0]     ; clock_hex  ; 6.474 ; 5.895 ; Rise       ; clock_hex       ;
;  HEX3[2]     ; clock_hex  ; 8.390 ; 8.029 ; Rise       ; clock_hex       ;
;  HEX3[3]     ; clock_hex  ; 6.896 ; 6.337 ; Rise       ; clock_hex       ;
;  HEX3[5]     ; clock_hex  ; 7.116 ; 6.515 ; Rise       ; clock_hex       ;
;  HEX3[6]     ; clock_hex  ; 7.086 ; 6.485 ; Rise       ; clock_hex       ;
; HEX4[*]      ; clock_hex  ; 7.070 ; 6.472 ; Rise       ; clock_hex       ;
;  HEX4[1]     ; clock_hex  ; 7.070 ; 6.472 ; Rise       ; clock_hex       ;
;  HEX4[2]     ; clock_hex  ; 7.471 ; 6.822 ; Rise       ; clock_hex       ;
;  HEX4[5]     ; clock_hex  ; 7.378 ; 6.733 ; Rise       ; clock_hex       ;
;  HEX4[6]     ; clock_hex  ; 7.370 ; 6.727 ; Rise       ; clock_hex       ;
; HEX5[*]      ; clock_hex  ; 7.118 ; 6.514 ; Rise       ; clock_hex       ;
;  HEX5[0]     ; clock_hex  ; 7.279 ; 6.651 ; Rise       ; clock_hex       ;
;  HEX5[1]     ; clock_hex  ; 8.543 ; 8.157 ; Rise       ; clock_hex       ;
;  HEX5[2]     ; clock_hex  ; 7.118 ; 6.514 ; Rise       ; clock_hex       ;
;  HEX5[3]     ; clock_hex  ; 7.447 ; 6.800 ; Rise       ; clock_hex       ;
;  HEX5[6]     ; clock_hex  ; 7.436 ; 6.793 ; Rise       ; clock_hex       ;
; HEX6[*]      ; clock_hex  ; 7.232 ; 6.607 ; Rise       ; clock_hex       ;
;  HEX6[0]     ; clock_hex  ; 7.232 ; 6.607 ; Rise       ; clock_hex       ;
;  HEX6[1]     ; clock_hex  ; 7.330 ; 6.699 ; Rise       ; clock_hex       ;
;  HEX6[3]     ; clock_hex  ; 7.232 ; 6.607 ; Rise       ; clock_hex       ;
;  HEX6[4]     ; clock_hex  ; 7.350 ; 6.710 ; Rise       ; clock_hex       ;
;  HEX6[6]     ; clock_hex  ; 7.375 ; 6.731 ; Rise       ; clock_hex       ;
; HEX7[*]      ; clock_hex  ; 2.876 ; 2.835 ; Rise       ; clock_hex       ;
;  HEX7[1]     ; clock_hex  ; 7.381 ; 6.738 ; Rise       ; clock_hex       ;
;  HEX7[2]     ; clock_hex  ; 2.876 ; 2.835 ; Rise       ; clock_hex       ;
; LEDG[*]      ; clock_ledg ; 3.740 ; 3.790 ; Rise       ; clock_ledg      ;
;  LEDG[0]     ; clock_ledg ; 3.961 ; 4.055 ; Rise       ; clock_ledg      ;
;  LEDG[1]     ; clock_ledg ; 4.006 ; 4.107 ; Rise       ; clock_ledg      ;
;  LEDG[2]     ; clock_ledg ; 3.740 ; 3.790 ; Rise       ; clock_ledg      ;
;  LEDG[3]     ; clock_ledg ; 3.787 ; 3.845 ; Rise       ; clock_ledg      ;
;  LEDG[4]     ; clock_ledg ; 3.869 ; 3.939 ; Rise       ; clock_ledg      ;
;  LEDG[5]     ; clock_ledg ; 3.872 ; 3.941 ; Rise       ; clock_ledg      ;
;  LEDG[6]     ; clock_ledg ; 3.845 ; 3.911 ; Rise       ; clock_ledg      ;
;  LEDG[7]     ; clock_ledg ; 3.890 ; 3.965 ; Rise       ; clock_ledg      ;
; LEDR[*]      ; clock_ledr ; 3.701 ; 3.741 ; Rise       ; clock_ledr      ;
;  LEDR[0]     ; clock_ledr ; 4.661 ; 4.806 ; Rise       ; clock_ledr      ;
;  LEDR[1]     ; clock_ledr ; 4.009 ; 4.073 ; Rise       ; clock_ledr      ;
;  LEDR[2]     ; clock_ledr ; 4.008 ; 4.069 ; Rise       ; clock_ledr      ;
;  LEDR[3]     ; clock_ledr ; 4.098 ; 4.183 ; Rise       ; clock_ledr      ;
;  LEDR[4]     ; clock_ledr ; 3.701 ; 3.741 ; Rise       ; clock_ledr      ;
;  LEDR[5]     ; clock_ledr ; 3.714 ; 3.755 ; Rise       ; clock_ledr      ;
;  LEDR[6]     ; clock_ledr ; 4.416 ; 4.520 ; Rise       ; clock_ledr      ;
;  LEDR[7]     ; clock_ledr ; 4.241 ; 4.334 ; Rise       ; clock_ledr      ;
;  LEDR[8]     ; clock_ledr ; 4.149 ; 4.264 ; Rise       ; clock_ledr      ;
;  LEDR[9]     ; clock_ledr ; 5.043 ; 5.162 ; Rise       ; clock_ledr      ;
;  LEDR[10]    ; clock_ledr ; 4.876 ; 5.027 ; Rise       ; clock_ledr      ;
;  LEDR[11]    ; clock_ledr ; 4.417 ; 4.564 ; Rise       ; clock_ledr      ;
;  LEDR[12]    ; clock_ledr ; 4.304 ; 4.428 ; Rise       ; clock_ledr      ;
;  LEDR[13]    ; clock_ledr ; 4.279 ; 4.383 ; Rise       ; clock_ledr      ;
;  LEDR[14]    ; clock_ledr ; 4.548 ; 4.716 ; Rise       ; clock_ledr      ;
;  LEDR[15]    ; clock_ledr ; 5.080 ; 5.253 ; Rise       ; clock_ledr      ;
;  LEDR[16]    ; clock_ledr ; 4.009 ; 4.099 ; Rise       ; clock_ledr      ;
;  LEDR[17]    ; clock_ledr ; 4.250 ; 4.373 ; Rise       ; clock_ledr      ;
+--------------+------------+-------+-------+------------+-----------------+


+------------------------------------------------------------------------------------------------------------------------------------------------------------------------------------------------------------------------------------------------------------------------------------------------------------------------------------------------------------------------------------------------------------------+
; Board Trace Model Assignments                                                                                                                                                                                                                                                                                                                                                                                    ;
+---------------+--------------+-------------------+-------------------------+-------------------------+---------------+---------------------+----------------+------------------+--------+------------------+------------------------+------------------------+--------------+---------------+-----------------+-------+---------------------+--------------------+---------------+-----------------+-------------+
; Pin           ; I/O Standard ; Near Tline Length ; Near Tline L per Length ; Near Tline C per Length ; Near Series R ; Near Differential R ; Near Pull-up R ; Near Pull-down R ; Near C ; Far Tline Length ; Far Tline L per Length ; Far Tline C per Length ; Far Series R ; Far Pull-up R ; Far Pull-down R ; Far C ; Termination Voltage ; Far Differential R ; EBD File Name ; EBD Signal Name ; EBD Far-end ;
+---------------+--------------+-------------------+-------------------------+-------------------------+---------------+---------------------+----------------+------------------+--------+------------------+------------------------+------------------------+--------------+---------------+-----------------+-------+---------------------+--------------------+---------------+-----------------+-------------+
; LCD_ON        ; 3.3-V LVTTL  ; 0 in              ; 0 H/in                  ; 0 F/in                  ; short         ; -                   ; open           ; open             ; open   ; 0 in             ; 0 H/in                 ; 0 F/in                 ; short        ; open          ; open            ; open  ; 0 V                 ; -                  ; n/a           ; n/a             ; n/a         ;
; LCD_BLON      ; 3.3-V LVTTL  ; 0 in              ; 0 H/in                  ; 0 F/in                  ; short         ; -                   ; open           ; open             ; open   ; 0 in             ; 0 H/in                 ; 0 F/in                 ; short        ; open          ; open            ; open  ; 0 V                 ; -                  ; n/a           ; n/a             ; n/a         ;
; LCD_EN        ; 3.3-V LVTTL  ; 0 in              ; 0 H/in                  ; 0 F/in                  ; short         ; -                   ; open           ; open             ; open   ; 0 in             ; 0 H/in                 ; 0 F/in                 ; short        ; open          ; open            ; open  ; 0 V                 ; -                  ; n/a           ; n/a             ; n/a         ;
; LCD_RS        ; 3.3-V LVTTL  ; 0 in              ; 0 H/in                  ; 0 F/in                  ; short         ; -                   ; open           ; open             ; open   ; 0 in             ; 0 H/in                 ; 0 F/in                 ; short        ; open          ; open            ; open  ; 0 V                 ; -                  ; n/a           ; n/a             ; n/a         ;
; LCD_RW        ; 3.3-V LVTTL  ; 0 in              ; 0 H/in                  ; 0 F/in                  ; short         ; -                   ; open           ; open             ; open   ; 0 in             ; 0 H/in                 ; 0 F/in                 ; short        ; open          ; open            ; open  ; 0 V                 ; -                  ; n/a           ; n/a             ; n/a         ;
; HEX7[0]       ; 3.3-V LVTTL  ; 0 in              ; 0 H/in                  ; 0 F/in                  ; short         ; -                   ; open           ; open             ; open   ; 0 in             ; 0 H/in                 ; 0 F/in                 ; short        ; open          ; open            ; open  ; 0 V                 ; -                  ; n/a           ; n/a             ; n/a         ;
; HEX7[1]       ; 3.3-V LVTTL  ; 0 in              ; 0 H/in                  ; 0 F/in                  ; short         ; -                   ; open           ; open             ; open   ; 0 in             ; 0 H/in                 ; 0 F/in                 ; short        ; open          ; open            ; open  ; 0 V                 ; -                  ; n/a           ; n/a             ; n/a         ;
; HEX7[2]       ; 3.3-V LVTTL  ; 0 in              ; 0 H/in                  ; 0 F/in                  ; short         ; -                   ; open           ; open             ; open   ; 0 in             ; 0 H/in                 ; 0 F/in                 ; short        ; open          ; open            ; open  ; 0 V                 ; -                  ; n/a           ; n/a             ; n/a         ;
; HEX7[3]       ; 3.3-V LVTTL  ; 0 in              ; 0 H/in                  ; 0 F/in                  ; short         ; -                   ; open           ; open             ; open   ; 0 in             ; 0 H/in                 ; 0 F/in                 ; short        ; open          ; open            ; open  ; 0 V                 ; -                  ; n/a           ; n/a             ; n/a         ;
; HEX7[4]       ; 3.3-V LVTTL  ; 0 in              ; 0 H/in                  ; 0 F/in                  ; short         ; -                   ; open           ; open             ; open   ; 0 in             ; 0 H/in                 ; 0 F/in                 ; short        ; open          ; open            ; open  ; 0 V                 ; -                  ; n/a           ; n/a             ; n/a         ;
; HEX7[5]       ; 3.3-V LVTTL  ; 0 in              ; 0 H/in                  ; 0 F/in                  ; short         ; -                   ; open           ; open             ; open   ; 0 in             ; 0 H/in                 ; 0 F/in                 ; short        ; open          ; open            ; open  ; 0 V                 ; -                  ; n/a           ; n/a             ; n/a         ;
; HEX7[6]       ; 3.3-V LVTTL  ; 0 in              ; 0 H/in                  ; 0 F/in                  ; short         ; -                   ; open           ; open             ; open   ; 0 in             ; 0 H/in                 ; 0 F/in                 ; short        ; open          ; open            ; open  ; 0 V                 ; -                  ; n/a           ; n/a             ; n/a         ;
; HEX6[0]       ; 3.3-V LVTTL  ; 0 in              ; 0 H/in                  ; 0 F/in                  ; short         ; -                   ; open           ; open             ; open   ; 0 in             ; 0 H/in                 ; 0 F/in                 ; short        ; open          ; open            ; open  ; 0 V                 ; -                  ; n/a           ; n/a             ; n/a         ;
; HEX6[1]       ; 3.3-V LVTTL  ; 0 in              ; 0 H/in                  ; 0 F/in                  ; short         ; -                   ; open           ; open             ; open   ; 0 in             ; 0 H/in                 ; 0 F/in                 ; short        ; open          ; open            ; open  ; 0 V                 ; -                  ; n/a           ; n/a             ; n/a         ;
; HEX6[2]       ; 3.3-V LVTTL  ; 0 in              ; 0 H/in                  ; 0 F/in                  ; short         ; -                   ; open           ; open             ; open   ; 0 in             ; 0 H/in                 ; 0 F/in                 ; short        ; open          ; open            ; open  ; 0 V                 ; -                  ; n/a           ; n/a             ; n/a         ;
; HEX6[3]       ; 3.3-V LVTTL  ; 0 in              ; 0 H/in                  ; 0 F/in                  ; short         ; -                   ; open           ; open             ; open   ; 0 in             ; 0 H/in                 ; 0 F/in                 ; short        ; open          ; open            ; open  ; 0 V                 ; -                  ; n/a           ; n/a             ; n/a         ;
; HEX6[4]       ; 3.3-V LVTTL  ; 0 in              ; 0 H/in                  ; 0 F/in                  ; short         ; -                   ; open           ; open             ; open   ; 0 in             ; 0 H/in                 ; 0 F/in                 ; short        ; open          ; open            ; open  ; 0 V                 ; -                  ; n/a           ; n/a             ; n/a         ;
; HEX6[5]       ; 3.3-V LVTTL  ; 0 in              ; 0 H/in                  ; 0 F/in                  ; short         ; -                   ; open           ; open             ; open   ; 0 in             ; 0 H/in                 ; 0 F/in                 ; short        ; open          ; open            ; open  ; 0 V                 ; -                  ; n/a           ; n/a             ; n/a         ;
; HEX6[6]       ; 3.3-V LVTTL  ; 0 in              ; 0 H/in                  ; 0 F/in                  ; short         ; -                   ; open           ; open             ; open   ; 0 in             ; 0 H/in                 ; 0 F/in                 ; short        ; open          ; open            ; open  ; 0 V                 ; -                  ; n/a           ; n/a             ; n/a         ;
; HEX5[0]       ; 3.3-V LVTTL  ; 0 in              ; 0 H/in                  ; 0 F/in                  ; short         ; -                   ; open           ; open             ; open   ; 0 in             ; 0 H/in                 ; 0 F/in                 ; short        ; open          ; open            ; open  ; 0 V                 ; -                  ; n/a           ; n/a             ; n/a         ;
; HEX5[1]       ; 3.3-V LVTTL  ; 0 in              ; 0 H/in                  ; 0 F/in                  ; short         ; -                   ; open           ; open             ; open   ; 0 in             ; 0 H/in                 ; 0 F/in                 ; short        ; open          ; open            ; open  ; 0 V                 ; -                  ; n/a           ; n/a             ; n/a         ;
; HEX5[2]       ; 3.3-V LVTTL  ; 0 in              ; 0 H/in                  ; 0 F/in                  ; short         ; -                   ; open           ; open             ; open   ; 0 in             ; 0 H/in                 ; 0 F/in                 ; short        ; open          ; open            ; open  ; 0 V                 ; -                  ; n/a           ; n/a             ; n/a         ;
; HEX5[3]       ; 3.3-V LVTTL  ; 0 in              ; 0 H/in                  ; 0 F/in                  ; short         ; -                   ; open           ; open             ; open   ; 0 in             ; 0 H/in                 ; 0 F/in                 ; short        ; open          ; open            ; open  ; 0 V                 ; -                  ; n/a           ; n/a             ; n/a         ;
; HEX5[4]       ; 3.3-V LVTTL  ; 0 in              ; 0 H/in                  ; 0 F/in                  ; short         ; -                   ; open           ; open             ; open   ; 0 in             ; 0 H/in                 ; 0 F/in                 ; short        ; open          ; open            ; open  ; 0 V                 ; -                  ; n/a           ; n/a             ; n/a         ;
; HEX5[5]       ; 3.3-V LVTTL  ; 0 in              ; 0 H/in                  ; 0 F/in                  ; short         ; -                   ; open           ; open             ; open   ; 0 in             ; 0 H/in                 ; 0 F/in                 ; short        ; open          ; open            ; open  ; 0 V                 ; -                  ; n/a           ; n/a             ; n/a         ;
; HEX5[6]       ; 3.3-V LVTTL  ; 0 in              ; 0 H/in                  ; 0 F/in                  ; short         ; -                   ; open           ; open             ; open   ; 0 in             ; 0 H/in                 ; 0 F/in                 ; short        ; open          ; open            ; open  ; 0 V                 ; -                  ; n/a           ; n/a             ; n/a         ;
; HEX4[0]       ; 3.3-V LVTTL  ; 0 in              ; 0 H/in                  ; 0 F/in                  ; short         ; -                   ; open           ; open             ; open   ; 0 in             ; 0 H/in                 ; 0 F/in                 ; short        ; open          ; open            ; open  ; 0 V                 ; -                  ; n/a           ; n/a             ; n/a         ;
; HEX4[1]       ; 3.3-V LVTTL  ; 0 in              ; 0 H/in                  ; 0 F/in                  ; short         ; -                   ; open           ; open             ; open   ; 0 in             ; 0 H/in                 ; 0 F/in                 ; short        ; open          ; open            ; open  ; 0 V                 ; -                  ; n/a           ; n/a             ; n/a         ;
; HEX4[2]       ; 3.3-V LVTTL  ; 0 in              ; 0 H/in                  ; 0 F/in                  ; short         ; -                   ; open           ; open             ; open   ; 0 in             ; 0 H/in                 ; 0 F/in                 ; short        ; open          ; open            ; open  ; 0 V                 ; -                  ; n/a           ; n/a             ; n/a         ;
; HEX4[3]       ; 3.3-V LVTTL  ; 0 in              ; 0 H/in                  ; 0 F/in                  ; short         ; -                   ; open           ; open             ; open   ; 0 in             ; 0 H/in                 ; 0 F/in                 ; short        ; open          ; open            ; open  ; 0 V                 ; -                  ; n/a           ; n/a             ; n/a         ;
; HEX4[4]       ; 3.3-V LVTTL  ; 0 in              ; 0 H/in                  ; 0 F/in                  ; short         ; -                   ; open           ; open             ; open   ; 0 in             ; 0 H/in                 ; 0 F/in                 ; short        ; open          ; open            ; open  ; 0 V                 ; -                  ; n/a           ; n/a             ; n/a         ;
; HEX4[5]       ; 3.3-V LVTTL  ; 0 in              ; 0 H/in                  ; 0 F/in                  ; short         ; -                   ; open           ; open             ; open   ; 0 in             ; 0 H/in                 ; 0 F/in                 ; short        ; open          ; open            ; open  ; 0 V                 ; -                  ; n/a           ; n/a             ; n/a         ;
; HEX4[6]       ; 3.3-V LVTTL  ; 0 in              ; 0 H/in                  ; 0 F/in                  ; short         ; -                   ; open           ; open             ; open   ; 0 in             ; 0 H/in                 ; 0 F/in                 ; short        ; open          ; open            ; open  ; 0 V                 ; -                  ; n/a           ; n/a             ; n/a         ;
; HEX3[0]       ; 2.5 V        ; 0 in              ; 0 H/in                  ; 0 F/in                  ; short         ; -                   ; open           ; open             ; open   ; 0 in             ; 0 H/in                 ; 0 F/in                 ; short        ; open          ; open            ; open  ; 0 V                 ; -                  ; n/a           ; n/a             ; n/a         ;
; HEX3[1]       ; 2.5 V        ; 0 in              ; 0 H/in                  ; 0 F/in                  ; short         ; -                   ; open           ; open             ; open   ; 0 in             ; 0 H/in                 ; 0 F/in                 ; short        ; open          ; open            ; open  ; 0 V                 ; -                  ; n/a           ; n/a             ; n/a         ;
; HEX3[2]       ; 3.3-V LVTTL  ; 0 in              ; 0 H/in                  ; 0 F/in                  ; short         ; -                   ; open           ; open             ; open   ; 0 in             ; 0 H/in                 ; 0 F/in                 ; short        ; open          ; open            ; open  ; 0 V                 ; -                  ; n/a           ; n/a             ; n/a         ;
; HEX3[3]       ; 3.3-V LVTTL  ; 0 in              ; 0 H/in                  ; 0 F/in                  ; short         ; -                   ; open           ; open             ; open   ; 0 in             ; 0 H/in                 ; 0 F/in                 ; short        ; open          ; open            ; open  ; 0 V                 ; -                  ; n/a           ; n/a             ; n/a         ;
; HEX3[4]       ; 3.3-V LVTTL  ; 0 in              ; 0 H/in                  ; 0 F/in                  ; short         ; -                   ; open           ; open             ; open   ; 0 in             ; 0 H/in                 ; 0 F/in                 ; short        ; open          ; open            ; open  ; 0 V                 ; -                  ; n/a           ; n/a             ; n/a         ;
; HEX3[5]       ; 3.3-V LVTTL  ; 0 in              ; 0 H/in                  ; 0 F/in                  ; short         ; -                   ; open           ; open             ; open   ; 0 in             ; 0 H/in                 ; 0 F/in                 ; short        ; open          ; open            ; open  ; 0 V                 ; -                  ; n/a           ; n/a             ; n/a         ;
; HEX3[6]       ; 3.3-V LVTTL  ; 0 in              ; 0 H/in                  ; 0 F/in                  ; short         ; -                   ; open           ; open             ; open   ; 0 in             ; 0 H/in                 ; 0 F/in                 ; short        ; open          ; open            ; open  ; 0 V                 ; -                  ; n/a           ; n/a             ; n/a         ;
; HEX2[0]       ; 2.5 V        ; 0 in              ; 0 H/in                  ; 0 F/in                  ; short         ; -                   ; open           ; open             ; open   ; 0 in             ; 0 H/in                 ; 0 F/in                 ; short        ; open          ; open            ; open  ; 0 V                 ; -                  ; n/a           ; n/a             ; n/a         ;
; HEX2[1]       ; 2.5 V        ; 0 in              ; 0 H/in                  ; 0 F/in                  ; short         ; -                   ; open           ; open             ; open   ; 0 in             ; 0 H/in                 ; 0 F/in                 ; short        ; open          ; open            ; open  ; 0 V                 ; -                  ; n/a           ; n/a             ; n/a         ;
; HEX2[2]       ; 2.5 V        ; 0 in              ; 0 H/in                  ; 0 F/in                  ; short         ; -                   ; open           ; open             ; open   ; 0 in             ; 0 H/in                 ; 0 F/in                 ; short        ; open          ; open            ; open  ; 0 V                 ; -                  ; n/a           ; n/a             ; n/a         ;
; HEX2[3]       ; 2.5 V        ; 0 in              ; 0 H/in                  ; 0 F/in                  ; short         ; -                   ; open           ; open             ; open   ; 0 in             ; 0 H/in                 ; 0 F/in                 ; short        ; open          ; open            ; open  ; 0 V                 ; -                  ; n/a           ; n/a             ; n/a         ;
; HEX2[4]       ; 2.5 V        ; 0 in              ; 0 H/in                  ; 0 F/in                  ; short         ; -                   ; open           ; open             ; open   ; 0 in             ; 0 H/in                 ; 0 F/in                 ; short        ; open          ; open            ; open  ; 0 V                 ; -                  ; n/a           ; n/a             ; n/a         ;
; HEX2[5]       ; 2.5 V        ; 0 in              ; 0 H/in                  ; 0 F/in                  ; short         ; -                   ; open           ; open             ; open   ; 0 in             ; 0 H/in                 ; 0 F/in                 ; short        ; open          ; open            ; open  ; 0 V                 ; -                  ; n/a           ; n/a             ; n/a         ;
; HEX2[6]       ; 2.5 V        ; 0 in              ; 0 H/in                  ; 0 F/in                  ; short         ; -                   ; open           ; open             ; open   ; 0 in             ; 0 H/in                 ; 0 F/in                 ; short        ; open          ; open            ; open  ; 0 V                 ; -                  ; n/a           ; n/a             ; n/a         ;
; HEX1[0]       ; 2.5 V        ; 0 in              ; 0 H/in                  ; 0 F/in                  ; short         ; -                   ; open           ; open             ; open   ; 0 in             ; 0 H/in                 ; 0 F/in                 ; short        ; open          ; open            ; open  ; 0 V                 ; -                  ; n/a           ; n/a             ; n/a         ;
; HEX1[1]       ; 2.5 V        ; 0 in              ; 0 H/in                  ; 0 F/in                  ; short         ; -                   ; open           ; open             ; open   ; 0 in             ; 0 H/in                 ; 0 F/in                 ; short        ; open          ; open            ; open  ; 0 V                 ; -                  ; n/a           ; n/a             ; n/a         ;
; HEX1[2]       ; 2.5 V        ; 0 in              ; 0 H/in                  ; 0 F/in                  ; short         ; -                   ; open           ; open             ; open   ; 0 in             ; 0 H/in                 ; 0 F/in                 ; short        ; open          ; open            ; open  ; 0 V                 ; -                  ; n/a           ; n/a             ; n/a         ;
; HEX1[3]       ; 2.5 V        ; 0 in              ; 0 H/in                  ; 0 F/in                  ; short         ; -                   ; open           ; open             ; open   ; 0 in             ; 0 H/in                 ; 0 F/in                 ; short        ; open          ; open            ; open  ; 0 V                 ; -                  ; n/a           ; n/a             ; n/a         ;
; HEX1[4]       ; 2.5 V        ; 0 in              ; 0 H/in                  ; 0 F/in                  ; short         ; -                   ; open           ; open             ; open   ; 0 in             ; 0 H/in                 ; 0 F/in                 ; short        ; open          ; open            ; open  ; 0 V                 ; -                  ; n/a           ; n/a             ; n/a         ;
; HEX1[5]       ; 2.5 V        ; 0 in              ; 0 H/in                  ; 0 F/in                  ; short         ; -                   ; open           ; open             ; open   ; 0 in             ; 0 H/in                 ; 0 F/in                 ; short        ; open          ; open            ; open  ; 0 V                 ; -                  ; n/a           ; n/a             ; n/a         ;
; HEX1[6]       ; 2.5 V        ; 0 in              ; 0 H/in                  ; 0 F/in                  ; short         ; -                   ; open           ; open             ; open   ; 0 in             ; 0 H/in                 ; 0 F/in                 ; short        ; open          ; open            ; open  ; 0 V                 ; -                  ; n/a           ; n/a             ; n/a         ;
; HEX0[0]       ; 2.5 V        ; 0 in              ; 0 H/in                  ; 0 F/in                  ; short         ; -                   ; open           ; open             ; open   ; 0 in             ; 0 H/in                 ; 0 F/in                 ; short        ; open          ; open            ; open  ; 0 V                 ; -                  ; n/a           ; n/a             ; n/a         ;
; HEX0[1]       ; 2.5 V        ; 0 in              ; 0 H/in                  ; 0 F/in                  ; short         ; -                   ; open           ; open             ; open   ; 0 in             ; 0 H/in                 ; 0 F/in                 ; short        ; open          ; open            ; open  ; 0 V                 ; -                  ; n/a           ; n/a             ; n/a         ;
; HEX0[2]       ; 2.5 V        ; 0 in              ; 0 H/in                  ; 0 F/in                  ; short         ; -                   ; open           ; open             ; open   ; 0 in             ; 0 H/in                 ; 0 F/in                 ; short        ; open          ; open            ; open  ; 0 V                 ; -                  ; n/a           ; n/a             ; n/a         ;
; HEX0[3]       ; 2.5 V        ; 0 in              ; 0 H/in                  ; 0 F/in                  ; short         ; -                   ; open           ; open             ; open   ; 0 in             ; 0 H/in                 ; 0 F/in                 ; short        ; open          ; open            ; open  ; 0 V                 ; -                  ; n/a           ; n/a             ; n/a         ;
; HEX0[4]       ; 2.5 V        ; 0 in              ; 0 H/in                  ; 0 F/in                  ; short         ; -                   ; open           ; open             ; open   ; 0 in             ; 0 H/in                 ; 0 F/in                 ; short        ; open          ; open            ; open  ; 0 V                 ; -                  ; n/a           ; n/a             ; n/a         ;
; HEX0[5]       ; 2.5 V        ; 0 in              ; 0 H/in                  ; 0 F/in                  ; short         ; -                   ; open           ; open             ; open   ; 0 in             ; 0 H/in                 ; 0 F/in                 ; short        ; open          ; open            ; open  ; 0 V                 ; -                  ; n/a           ; n/a             ; n/a         ;
; HEX0[6]       ; 2.5 V        ; 0 in              ; 0 H/in                  ; 0 F/in                  ; short         ; -                   ; open           ; open             ; open   ; 0 in             ; 0 H/in                 ; 0 F/in                 ; short        ; open          ; open            ; open  ; 0 V                 ; -                  ; n/a           ; n/a             ; n/a         ;
; LEDG[0]       ; 2.5 V        ; 0 in              ; 0 H/in                  ; 0 F/in                  ; short         ; -                   ; open           ; open             ; open   ; 0 in             ; 0 H/in                 ; 0 F/in                 ; short        ; open          ; open            ; open  ; 0 V                 ; -                  ; n/a           ; n/a             ; n/a         ;
; LEDG[1]       ; 2.5 V        ; 0 in              ; 0 H/in                  ; 0 F/in                  ; short         ; -                   ; open           ; open             ; open   ; 0 in             ; 0 H/in                 ; 0 F/in                 ; short        ; open          ; open            ; open  ; 0 V                 ; -                  ; n/a           ; n/a             ; n/a         ;
; LEDG[2]       ; 2.5 V        ; 0 in              ; 0 H/in                  ; 0 F/in                  ; short         ; -                   ; open           ; open             ; open   ; 0 in             ; 0 H/in                 ; 0 F/in                 ; short        ; open          ; open            ; open  ; 0 V                 ; -                  ; n/a           ; n/a             ; n/a         ;
; LEDG[3]       ; 2.5 V        ; 0 in              ; 0 H/in                  ; 0 F/in                  ; short         ; -                   ; open           ; open             ; open   ; 0 in             ; 0 H/in                 ; 0 F/in                 ; short        ; open          ; open            ; open  ; 0 V                 ; -                  ; n/a           ; n/a             ; n/a         ;
; LEDG[4]       ; 2.5 V        ; 0 in              ; 0 H/in                  ; 0 F/in                  ; short         ; -                   ; open           ; open             ; open   ; 0 in             ; 0 H/in                 ; 0 F/in                 ; short        ; open          ; open            ; open  ; 0 V                 ; -                  ; n/a           ; n/a             ; n/a         ;
; LEDG[5]       ; 2.5 V        ; 0 in              ; 0 H/in                  ; 0 F/in                  ; short         ; -                   ; open           ; open             ; open   ; 0 in             ; 0 H/in                 ; 0 F/in                 ; short        ; open          ; open            ; open  ; 0 V                 ; -                  ; n/a           ; n/a             ; n/a         ;
; LEDG[6]       ; 2.5 V        ; 0 in              ; 0 H/in                  ; 0 F/in                  ; short         ; -                   ; open           ; open             ; open   ; 0 in             ; 0 H/in                 ; 0 F/in                 ; short        ; open          ; open            ; open  ; 0 V                 ; -                  ; n/a           ; n/a             ; n/a         ;
; LEDG[7]       ; 2.5 V        ; 0 in              ; 0 H/in                  ; 0 F/in                  ; short         ; -                   ; open           ; open             ; open   ; 0 in             ; 0 H/in                 ; 0 F/in                 ; short        ; open          ; open            ; open  ; 0 V                 ; -                  ; n/a           ; n/a             ; n/a         ;
; LEDR[0]       ; 2.5 V        ; 0 in              ; 0 H/in                  ; 0 F/in                  ; short         ; -                   ; open           ; open             ; open   ; 0 in             ; 0 H/in                 ; 0 F/in                 ; short        ; open          ; open            ; open  ; 0 V                 ; -                  ; n/a           ; n/a             ; n/a         ;
; LEDR[1]       ; 2.5 V        ; 0 in              ; 0 H/in                  ; 0 F/in                  ; short         ; -                   ; open           ; open             ; open   ; 0 in             ; 0 H/in                 ; 0 F/in                 ; short        ; open          ; open            ; open  ; 0 V                 ; -                  ; n/a           ; n/a             ; n/a         ;
; LEDR[2]       ; 2.5 V        ; 0 in              ; 0 H/in                  ; 0 F/in                  ; short         ; -                   ; open           ; open             ; open   ; 0 in             ; 0 H/in                 ; 0 F/in                 ; short        ; open          ; open            ; open  ; 0 V                 ; -                  ; n/a           ; n/a             ; n/a         ;
; LEDR[3]       ; 2.5 V        ; 0 in              ; 0 H/in                  ; 0 F/in                  ; short         ; -                   ; open           ; open             ; open   ; 0 in             ; 0 H/in                 ; 0 F/in                 ; short        ; open          ; open            ; open  ; 0 V                 ; -                  ; n/a           ; n/a             ; n/a         ;
; LEDR[4]       ; 2.5 V        ; 0 in              ; 0 H/in                  ; 0 F/in                  ; short         ; -                   ; open           ; open             ; open   ; 0 in             ; 0 H/in                 ; 0 F/in                 ; short        ; open          ; open            ; open  ; 0 V                 ; -                  ; n/a           ; n/a             ; n/a         ;
; LEDR[5]       ; 2.5 V        ; 0 in              ; 0 H/in                  ; 0 F/in                  ; short         ; -                   ; open           ; open             ; open   ; 0 in             ; 0 H/in                 ; 0 F/in                 ; short        ; open          ; open            ; open  ; 0 V                 ; -                  ; n/a           ; n/a             ; n/a         ;
; LEDR[6]       ; 2.5 V        ; 0 in              ; 0 H/in                  ; 0 F/in                  ; short         ; -                   ; open           ; open             ; open   ; 0 in             ; 0 H/in                 ; 0 F/in                 ; short        ; open          ; open            ; open  ; 0 V                 ; -                  ; n/a           ; n/a             ; n/a         ;
; LEDR[7]       ; 2.5 V        ; 0 in              ; 0 H/in                  ; 0 F/in                  ; short         ; -                   ; open           ; open             ; open   ; 0 in             ; 0 H/in                 ; 0 F/in                 ; short        ; open          ; open            ; open  ; 0 V                 ; -                  ; n/a           ; n/a             ; n/a         ;
; LEDR[8]       ; 2.5 V        ; 0 in              ; 0 H/in                  ; 0 F/in                  ; short         ; -                   ; open           ; open             ; open   ; 0 in             ; 0 H/in                 ; 0 F/in                 ; short        ; open          ; open            ; open  ; 0 V                 ; -                  ; n/a           ; n/a             ; n/a         ;
; LEDR[9]       ; 2.5 V        ; 0 in              ; 0 H/in                  ; 0 F/in                  ; short         ; -                   ; open           ; open             ; open   ; 0 in             ; 0 H/in                 ; 0 F/in                 ; short        ; open          ; open            ; open  ; 0 V                 ; -                  ; n/a           ; n/a             ; n/a         ;
; LEDR[10]      ; 2.5 V        ; 0 in              ; 0 H/in                  ; 0 F/in                  ; short         ; -                   ; open           ; open             ; open   ; 0 in             ; 0 H/in                 ; 0 F/in                 ; short        ; open          ; open            ; open  ; 0 V                 ; -                  ; n/a           ; n/a             ; n/a         ;
; LEDR[11]      ; 2.5 V        ; 0 in              ; 0 H/in                  ; 0 F/in                  ; short         ; -                   ; open           ; open             ; open   ; 0 in             ; 0 H/in                 ; 0 F/in                 ; short        ; open          ; open            ; open  ; 0 V                 ; -                  ; n/a           ; n/a             ; n/a         ;
; LEDR[12]      ; 2.5 V        ; 0 in              ; 0 H/in                  ; 0 F/in                  ; short         ; -                   ; open           ; open             ; open   ; 0 in             ; 0 H/in                 ; 0 F/in                 ; short        ; open          ; open            ; open  ; 0 V                 ; -                  ; n/a           ; n/a             ; n/a         ;
; LEDR[13]      ; 2.5 V        ; 0 in              ; 0 H/in                  ; 0 F/in                  ; short         ; -                   ; open           ; open             ; open   ; 0 in             ; 0 H/in                 ; 0 F/in                 ; short        ; open          ; open            ; open  ; 0 V                 ; -                  ; n/a           ; n/a             ; n/a         ;
; LEDR[14]      ; 2.5 V        ; 0 in              ; 0 H/in                  ; 0 F/in                  ; short         ; -                   ; open           ; open             ; open   ; 0 in             ; 0 H/in                 ; 0 F/in                 ; short        ; open          ; open            ; open  ; 0 V                 ; -                  ; n/a           ; n/a             ; n/a         ;
; LEDR[15]      ; 2.5 V        ; 0 in              ; 0 H/in                  ; 0 F/in                  ; short         ; -                   ; open           ; open             ; open   ; 0 in             ; 0 H/in                 ; 0 F/in                 ; short        ; open          ; open            ; open  ; 0 V                 ; -                  ; n/a           ; n/a             ; n/a         ;
; LEDR[16]      ; 2.5 V        ; 0 in              ; 0 H/in                  ; 0 F/in                  ; short         ; -                   ; open           ; open             ; open   ; 0 in             ; 0 H/in                 ; 0 F/in                 ; short        ; open          ; open            ; open  ; 0 V                 ; -                  ; n/a           ; n/a             ; n/a         ;
; LEDR[17]      ; 2.5 V        ; 0 in              ; 0 H/in                  ; 0 F/in                  ; short         ; -                   ; open           ; open             ; open   ; 0 in             ; 0 H/in                 ; 0 F/in                 ; short        ; open          ; open            ; open  ; 0 V                 ; -                  ; n/a           ; n/a             ; n/a         ;
; LCD_DATA[0]   ; 3.3-V LVTTL  ; 0 in              ; 0 H/in                  ; 0 F/in                  ; short         ; -                   ; open           ; open             ; open   ; 0 in             ; 0 H/in                 ; 0 F/in                 ; short        ; open          ; open            ; open  ; 0 V                 ; -                  ; n/a           ; n/a             ; n/a         ;
; LCD_DATA[1]   ; 3.3-V LVTTL  ; 0 in              ; 0 H/in                  ; 0 F/in                  ; short         ; -                   ; open           ; open             ; open   ; 0 in             ; 0 H/in                 ; 0 F/in                 ; short        ; open          ; open            ; open  ; 0 V                 ; -                  ; n/a           ; n/a             ; n/a         ;
; LCD_DATA[2]   ; 3.3-V LVTTL  ; 0 in              ; 0 H/in                  ; 0 F/in                  ; short         ; -                   ; open           ; open             ; open   ; 0 in             ; 0 H/in                 ; 0 F/in                 ; short        ; open          ; open            ; open  ; 0 V                 ; -                  ; n/a           ; n/a             ; n/a         ;
; LCD_DATA[3]   ; 3.3-V LVTTL  ; 0 in              ; 0 H/in                  ; 0 F/in                  ; short         ; -                   ; open           ; open             ; open   ; 0 in             ; 0 H/in                 ; 0 F/in                 ; short        ; open          ; open            ; open  ; 0 V                 ; -                  ; n/a           ; n/a             ; n/a         ;
; LCD_DATA[4]   ; 3.3-V LVTTL  ; 0 in              ; 0 H/in                  ; 0 F/in                  ; short         ; -                   ; open           ; open             ; open   ; 0 in             ; 0 H/in                 ; 0 F/in                 ; short        ; open          ; open            ; open  ; 0 V                 ; -                  ; n/a           ; n/a             ; n/a         ;
; LCD_DATA[5]   ; 3.3-V LVTTL  ; 0 in              ; 0 H/in                  ; 0 F/in                  ; short         ; -                   ; open           ; open             ; open   ; 0 in             ; 0 H/in                 ; 0 F/in                 ; short        ; open          ; open            ; open  ; 0 V                 ; -                  ; n/a           ; n/a             ; n/a         ;
; LCD_DATA[6]   ; 3.3-V LVTTL  ; 0 in              ; 0 H/in                  ; 0 F/in                  ; short         ; -                   ; open           ; open             ; open   ; 0 in             ; 0 H/in                 ; 0 F/in                 ; short        ; open          ; open            ; open  ; 0 V                 ; -                  ; n/a           ; n/a             ; n/a         ;
; LCD_DATA[7]   ; 3.3-V LVTTL  ; 0 in              ; 0 H/in                  ; 0 F/in                  ; short         ; -                   ; open           ; open             ; open   ; 0 in             ; 0 H/in                 ; 0 F/in                 ; short        ; open          ; open            ; open  ; 0 V                 ; -                  ; n/a           ; n/a             ; n/a         ;
; ~ALTERA_DCLK~ ; 3.3-V LVTTL  ; 0 in              ; 0 H/in                  ; 0 F/in                  ; short         ; -                   ; open           ; open             ; open   ; 0 in             ; 0 H/in                 ; 0 F/in                 ; short        ; open          ; open            ; open  ; 0 V                 ; -                  ; n/a           ; n/a             ; n/a         ;
; ~ALTERA_nCEO~ ; 2.5 V        ; 0 in              ; 0 H/in                  ; 0 F/in                  ; short         ; -                   ; open           ; open             ; open   ; 0 in             ; 0 H/in                 ; 0 F/in                 ; short        ; open          ; open            ; open  ; 0 V                 ; -                  ; n/a           ; n/a             ; n/a         ;
+---------------+--------------+-------------------+-------------------------+-------------------------+---------------+---------------------+----------------+------------------+--------+------------------+------------------------+------------------------+--------------+---------------+-----------------+-------+---------------------+--------------------+---------------+-----------------+-------------+


+----------------------------------------------------------------------------+
; Input Transition Times                                                     ;
+-------------------------+--------------+-----------------+-----------------+
; Pin                     ; I/O Standard ; 10-90 Rise Time ; 90-10 Fall Time ;
+-------------------------+--------------+-----------------+-----------------+
; LCD_DATA[0]             ; 3.3-V LVTTL  ; 2640 ps         ; 2640 ps         ;
; LCD_DATA[1]             ; 3.3-V LVTTL  ; 2640 ps         ; 2640 ps         ;
; LCD_DATA[2]             ; 3.3-V LVTTL  ; 2640 ps         ; 2640 ps         ;
; LCD_DATA[3]             ; 3.3-V LVTTL  ; 2640 ps         ; 2640 ps         ;
; LCD_DATA[4]             ; 3.3-V LVTTL  ; 2640 ps         ; 2640 ps         ;
; LCD_DATA[5]             ; 3.3-V LVTTL  ; 2640 ps         ; 2640 ps         ;
; LCD_DATA[6]             ; 3.3-V LVTTL  ; 2640 ps         ; 2640 ps         ;
; LCD_DATA[7]             ; 3.3-V LVTTL  ; 2640 ps         ; 2640 ps         ;
; CLOCK_50                ; 3.3-V LVTTL  ; 2640 ps         ; 2640 ps         ;
; ~ALTERA_ASDO_DATA1~     ; 3.3-V LVTTL  ; 2640 ps         ; 2640 ps         ;
; ~ALTERA_FLASH_nCE_nCSO~ ; 3.3-V LVTTL  ; 2640 ps         ; 2640 ps         ;
; ~ALTERA_DATA0~          ; 3.3-V LVTTL  ; 2640 ps         ; 2640 ps         ;
+-------------------------+--------------+-----------------+-----------------+


+--------------------------------------------------------------------------------------------------------------------------------------------------------------------------------------------------------------------------------------------------------------------------------------------------------------------------------------------------------------------------------------------------------------------------------------------------------------------------------------------------------------------------------------------------------------------------------------------------------------------------------------------------------------------------------------------+
; Signal Integrity Metrics (Slow 1200mv 0c Model)                                                                                                                                                                                                                                                                                                                                                                                                                                                                                                                                                                                                                                            ;
+---------------+--------------+---------------------+---------------------+------------------------------+------------------------------+---------------------+---------------------+--------------------------------------+--------------------------------------+-----------------------------+-----------------------------+----------------------------+----------------------------+-----------------------------+-----------------------------+--------------------+--------------------+-------------------------------------+-------------------------------------+----------------------------+----------------------------+---------------------------+---------------------------+
; Pin           ; I/O Standard ; Board Delay on Rise ; Board Delay on Fall ; Steady State Voh at FPGA Pin ; Steady State Vol at FPGA Pin ; Voh Max at FPGA Pin ; Vol Min at FPGA Pin ; Ringback Voltage on Rise at FPGA Pin ; Ringback Voltage on Fall at FPGA Pin ; 10-90 Rise Time at FPGA Pin ; 90-10 Fall Time at FPGA Pin ; Monotonic Rise at FPGA Pin ; Monotonic Fall at FPGA Pin ; Steady State Voh at Far-end ; Steady State Vol at Far-end ; Voh Max at Far-end ; Vol Min at Far-end ; Ringback Voltage on Rise at Far-end ; Ringback Voltage on Fall at Far-end ; 10-90 Rise Time at Far-end ; 90-10 Fall Time at Far-end ; Monotonic Rise at Far-end ; Monotonic Fall at Far-end ;
+---------------+--------------+---------------------+---------------------+------------------------------+------------------------------+---------------------+---------------------+--------------------------------------+--------------------------------------+-----------------------------+-----------------------------+----------------------------+----------------------------+-----------------------------+-----------------------------+--------------------+--------------------+-------------------------------------+-------------------------------------+----------------------------+----------------------------+---------------------------+---------------------------+
; LCD_ON        ; 3.3-V LVTTL  ; 0 s                 ; 0 s                 ; 3.08 V                       ; 1.11e-08 V                   ; 3.09 V              ; -0.0117 V           ; 0.268 V                              ; 0.262 V                              ; 4.74e-09 s                  ; 3.5e-09 s                   ; No                         ; No                         ; 3.08 V                      ; 1.11e-08 V                  ; 3.09 V             ; -0.0117 V          ; 0.268 V                             ; 0.262 V                             ; 4.74e-09 s                 ; 3.5e-09 s                  ; No                        ; No                        ;
; LCD_BLON      ; 3.3-V LVTTL  ; 0 s                 ; 0 s                 ; 3.08 V                       ; 1.11e-08 V                   ; 3.13 V              ; -0.0798 V           ; 0.192 V                              ; 0.22 V                               ; 8.68e-10 s                  ; 6.46e-10 s                  ; No                         ; No                         ; 3.08 V                      ; 1.11e-08 V                  ; 3.13 V             ; -0.0798 V          ; 0.192 V                             ; 0.22 V                              ; 8.68e-10 s                 ; 6.46e-10 s                 ; No                        ; No                        ;
; LCD_EN        ; 3.3-V LVTTL  ; 0 s                 ; 0 s                 ; 3.08 V                       ; 1.11e-08 V                   ; 3.13 V              ; -0.0798 V           ; 0.192 V                              ; 0.22 V                               ; 8.68e-10 s                  ; 6.46e-10 s                  ; No                         ; No                         ; 3.08 V                      ; 1.11e-08 V                  ; 3.13 V             ; -0.0798 V          ; 0.192 V                             ; 0.22 V                              ; 8.68e-10 s                 ; 6.46e-10 s                 ; No                        ; No                        ;
; LCD_RS        ; 3.3-V LVTTL  ; 0 s                 ; 0 s                 ; 3.08 V                       ; 1.11e-08 V                   ; 3.13 V              ; -0.0798 V           ; 0.192 V                              ; 0.22 V                               ; 8.68e-10 s                  ; 6.46e-10 s                  ; No                         ; No                         ; 3.08 V                      ; 1.11e-08 V                  ; 3.13 V             ; -0.0798 V          ; 0.192 V                             ; 0.22 V                              ; 8.68e-10 s                 ; 6.46e-10 s                 ; No                        ; No                        ;
; LCD_RW        ; 3.3-V LVTTL  ; 0 s                 ; 0 s                 ; 3.08 V                       ; 1.11e-08 V                   ; 3.13 V              ; -0.0798 V           ; 0.192 V                              ; 0.22 V                               ; 8.68e-10 s                  ; 6.46e-10 s                  ; No                         ; No                         ; 3.08 V                      ; 1.11e-08 V                  ; 3.13 V             ; -0.0798 V          ; 0.192 V                             ; 0.22 V                              ; 8.68e-10 s                 ; 6.46e-10 s                 ; No                        ; No                        ;
; HEX7[0]       ; 3.3-V LVTTL  ; 0 s                 ; 0 s                 ; 3.08 V                       ; 1.58e-08 V                   ; 3.13 V              ; -0.117 V            ; 0.143 V                              ; 0.259 V                              ; 6.22e-10 s                  ; 4.46e-10 s                  ; No                         ; No                         ; 3.08 V                      ; 1.58e-08 V                  ; 3.13 V             ; -0.117 V           ; 0.143 V                             ; 0.259 V                             ; 6.22e-10 s                 ; 4.46e-10 s                 ; No                        ; No                        ;
; HEX7[1]       ; 3.3-V LVTTL  ; 0 s                 ; 0 s                 ; 3.08 V                       ; 1.58e-08 V                   ; 3.13 V              ; -0.117 V            ; 0.143 V                              ; 0.259 V                              ; 6.22e-10 s                  ; 4.46e-10 s                  ; No                         ; No                         ; 3.08 V                      ; 1.58e-08 V                  ; 3.13 V             ; -0.117 V           ; 0.143 V                             ; 0.259 V                             ; 6.22e-10 s                 ; 4.46e-10 s                 ; No                        ; No                        ;
; HEX7[2]       ; 3.3-V LVTTL  ; 0 s                 ; 0 s                 ; 3.08 V                       ; 1.58e-08 V                   ; 3.13 V              ; -0.117 V            ; 0.143 V                              ; 0.259 V                              ; 6.22e-10 s                  ; 4.46e-10 s                  ; No                         ; No                         ; 3.08 V                      ; 1.58e-08 V                  ; 3.13 V             ; -0.117 V           ; 0.143 V                             ; 0.259 V                             ; 6.22e-10 s                 ; 4.46e-10 s                 ; No                        ; No                        ;
; HEX7[3]       ; 3.3-V LVTTL  ; 0 s                 ; 0 s                 ; 3.08 V                       ; 1.58e-08 V                   ; 3.13 V              ; -0.117 V            ; 0.143 V                              ; 0.259 V                              ; 6.22e-10 s                  ; 4.46e-10 s                  ; No                         ; No                         ; 3.08 V                      ; 1.58e-08 V                  ; 3.13 V             ; -0.117 V           ; 0.143 V                             ; 0.259 V                             ; 6.22e-10 s                 ; 4.46e-10 s                 ; No                        ; No                        ;
; HEX7[4]       ; 3.3-V LVTTL  ; 0 s                 ; 0 s                 ; 3.08 V                       ; 1.58e-08 V                   ; 3.13 V              ; -0.117 V            ; 0.143 V                              ; 0.259 V                              ; 6.22e-10 s                  ; 4.46e-10 s                  ; No                         ; No                         ; 3.08 V                      ; 1.58e-08 V                  ; 3.13 V             ; -0.117 V           ; 0.143 V                             ; 0.259 V                             ; 6.22e-10 s                 ; 4.46e-10 s                 ; No                        ; No                        ;
; HEX7[5]       ; 3.3-V LVTTL  ; 0 s                 ; 0 s                 ; 3.08 V                       ; 1.58e-08 V                   ; 3.13 V              ; -0.117 V            ; 0.143 V                              ; 0.259 V                              ; 6.22e-10 s                  ; 4.46e-10 s                  ; No                         ; No                         ; 3.08 V                      ; 1.58e-08 V                  ; 3.13 V             ; -0.117 V           ; 0.143 V                             ; 0.259 V                             ; 6.22e-10 s                 ; 4.46e-10 s                 ; No                        ; No                        ;
; HEX7[6]       ; 3.3-V LVTTL  ; 0 s                 ; 0 s                 ; 3.08 V                       ; 1.58e-08 V                   ; 3.13 V              ; -0.117 V            ; 0.143 V                              ; 0.259 V                              ; 6.22e-10 s                  ; 4.46e-10 s                  ; No                         ; No                         ; 3.08 V                      ; 1.58e-08 V                  ; 3.13 V             ; -0.117 V           ; 0.143 V                             ; 0.259 V                             ; 6.22e-10 s                 ; 4.46e-10 s                 ; No                        ; No                        ;
; HEX6[0]       ; 3.3-V LVTTL  ; 0 s                 ; 0 s                 ; 3.08 V                       ; 1.58e-08 V                   ; 3.13 V              ; -0.117 V            ; 0.143 V                              ; 0.259 V                              ; 6.22e-10 s                  ; 4.46e-10 s                  ; No                         ; No                         ; 3.08 V                      ; 1.58e-08 V                  ; 3.13 V             ; -0.117 V           ; 0.143 V                             ; 0.259 V                             ; 6.22e-10 s                 ; 4.46e-10 s                 ; No                        ; No                        ;
; HEX6[1]       ; 3.3-V LVTTL  ; 0 s                 ; 0 s                 ; 3.08 V                       ; 1.58e-08 V                   ; 3.13 V              ; -0.117 V            ; 0.143 V                              ; 0.259 V                              ; 6.22e-10 s                  ; 4.46e-10 s                  ; No                         ; No                         ; 3.08 V                      ; 1.58e-08 V                  ; 3.13 V             ; -0.117 V           ; 0.143 V                             ; 0.259 V                             ; 6.22e-10 s                 ; 4.46e-10 s                 ; No                        ; No                        ;
; HEX6[2]       ; 3.3-V LVTTL  ; 0 s                 ; 0 s                 ; 3.08 V                       ; 1.58e-08 V                   ; 3.13 V              ; -0.117 V            ; 0.143 V                              ; 0.259 V                              ; 6.22e-10 s                  ; 4.46e-10 s                  ; No                         ; No                         ; 3.08 V                      ; 1.58e-08 V                  ; 3.13 V             ; -0.117 V           ; 0.143 V                             ; 0.259 V                             ; 6.22e-10 s                 ; 4.46e-10 s                 ; No                        ; No                        ;
; HEX6[3]       ; 3.3-V LVTTL  ; 0 s                 ; 0 s                 ; 3.08 V                       ; 1.58e-08 V                   ; 3.13 V              ; -0.117 V            ; 0.143 V                              ; 0.259 V                              ; 6.22e-10 s                  ; 4.46e-10 s                  ; No                         ; No                         ; 3.08 V                      ; 1.58e-08 V                  ; 3.13 V             ; -0.117 V           ; 0.143 V                             ; 0.259 V                             ; 6.22e-10 s                 ; 4.46e-10 s                 ; No                        ; No                        ;
; HEX6[4]       ; 3.3-V LVTTL  ; 0 s                 ; 0 s                 ; 3.08 V                       ; 1.58e-08 V                   ; 3.13 V              ; -0.117 V            ; 0.143 V                              ; 0.259 V                              ; 6.22e-10 s                  ; 4.46e-10 s                  ; No                         ; No                         ; 3.08 V                      ; 1.58e-08 V                  ; 3.13 V             ; -0.117 V           ; 0.143 V                             ; 0.259 V                             ; 6.22e-10 s                 ; 4.46e-10 s                 ; No                        ; No                        ;
; HEX6[5]       ; 3.3-V LVTTL  ; 0 s                 ; 0 s                 ; 3.08 V                       ; 1.58e-08 V                   ; 3.09 V              ; -0.012 V            ; 0.232 V                              ; 0.268 V                              ; 4.75e-09 s                  ; 3.5e-09 s                   ; Yes                        ; No                         ; 3.08 V                      ; 1.58e-08 V                  ; 3.09 V             ; -0.012 V           ; 0.232 V                             ; 0.268 V                             ; 4.75e-09 s                 ; 3.5e-09 s                  ; Yes                       ; No                        ;
; HEX6[6]       ; 3.3-V LVTTL  ; 0 s                 ; 0 s                 ; 3.08 V                       ; 1.58e-08 V                   ; 3.13 V              ; -0.117 V            ; 0.143 V                              ; 0.259 V                              ; 6.22e-10 s                  ; 4.46e-10 s                  ; No                         ; No                         ; 3.08 V                      ; 1.58e-08 V                  ; 3.13 V             ; -0.117 V           ; 0.143 V                             ; 0.259 V                             ; 6.22e-10 s                 ; 4.46e-10 s                 ; No                        ; No                        ;
; HEX5[0]       ; 3.3-V LVTTL  ; 0 s                 ; 0 s                 ; 3.08 V                       ; 1.58e-08 V                   ; 3.13 V              ; -0.117 V            ; 0.143 V                              ; 0.259 V                              ; 6.22e-10 s                  ; 4.46e-10 s                  ; No                         ; No                         ; 3.08 V                      ; 1.58e-08 V                  ; 3.13 V             ; -0.117 V           ; 0.143 V                             ; 0.259 V                             ; 6.22e-10 s                 ; 4.46e-10 s                 ; No                        ; No                        ;
; HEX5[1]       ; 3.3-V LVTTL  ; 0 s                 ; 0 s                 ; 3.08 V                       ; 1.58e-08 V                   ; 3.09 V              ; -0.012 V            ; 0.232 V                              ; 0.268 V                              ; 4.75e-09 s                  ; 3.5e-09 s                   ; Yes                        ; No                         ; 3.08 V                      ; 1.58e-08 V                  ; 3.09 V             ; -0.012 V           ; 0.232 V                             ; 0.268 V                             ; 4.75e-09 s                 ; 3.5e-09 s                  ; Yes                       ; No                        ;
; HEX5[2]       ; 3.3-V LVTTL  ; 0 s                 ; 0 s                 ; 3.08 V                       ; 1.58e-08 V                   ; 3.13 V              ; -0.117 V            ; 0.143 V                              ; 0.259 V                              ; 6.22e-10 s                  ; 4.46e-10 s                  ; No                         ; No                         ; 3.08 V                      ; 1.58e-08 V                  ; 3.13 V             ; -0.117 V           ; 0.143 V                             ; 0.259 V                             ; 6.22e-10 s                 ; 4.46e-10 s                 ; No                        ; No                        ;
; HEX5[3]       ; 3.3-V LVTTL  ; 0 s                 ; 0 s                 ; 3.08 V                       ; 1.58e-08 V                   ; 3.13 V              ; -0.117 V            ; 0.143 V                              ; 0.259 V                              ; 6.22e-10 s                  ; 4.46e-10 s                  ; No                         ; No                         ; 3.08 V                      ; 1.58e-08 V                  ; 3.13 V             ; -0.117 V           ; 0.143 V                             ; 0.259 V                             ; 6.22e-10 s                 ; 4.46e-10 s                 ; No                        ; No                        ;
; HEX5[4]       ; 3.3-V LVTTL  ; 0 s                 ; 0 s                 ; 3.08 V                       ; 1.58e-08 V                   ; 3.13 V              ; -0.117 V            ; 0.143 V                              ; 0.259 V                              ; 6.22e-10 s                  ; 4.46e-10 s                  ; No                         ; No                         ; 3.08 V                      ; 1.58e-08 V                  ; 3.13 V             ; -0.117 V           ; 0.143 V                             ; 0.259 V                             ; 6.22e-10 s                 ; 4.46e-10 s                 ; No                        ; No                        ;
; HEX5[5]       ; 3.3-V LVTTL  ; 0 s                 ; 0 s                 ; 3.08 V                       ; 1.58e-08 V                   ; 3.13 V              ; -0.117 V            ; 0.143 V                              ; 0.259 V                              ; 6.22e-10 s                  ; 4.46e-10 s                  ; No                         ; No                         ; 3.08 V                      ; 1.58e-08 V                  ; 3.13 V             ; -0.117 V           ; 0.143 V                             ; 0.259 V                             ; 6.22e-10 s                 ; 4.46e-10 s                 ; No                        ; No                        ;
; HEX5[6]       ; 3.3-V LVTTL  ; 0 s                 ; 0 s                 ; 3.08 V                       ; 1.58e-08 V                   ; 3.13 V              ; -0.117 V            ; 0.143 V                              ; 0.259 V                              ; 6.22e-10 s                  ; 4.46e-10 s                  ; No                         ; No                         ; 3.08 V                      ; 1.58e-08 V                  ; 3.13 V             ; -0.117 V           ; 0.143 V                             ; 0.259 V                             ; 6.22e-10 s                 ; 4.46e-10 s                 ; No                        ; No                        ;
; HEX4[0]       ; 3.3-V LVTTL  ; 0 s                 ; 0 s                 ; 3.08 V                       ; 1.58e-08 V                   ; 3.13 V              ; -0.117 V            ; 0.143 V                              ; 0.259 V                              ; 6.22e-10 s                  ; 4.46e-10 s                  ; No                         ; No                         ; 3.08 V                      ; 1.58e-08 V                  ; 3.13 V             ; -0.117 V           ; 0.143 V                             ; 0.259 V                             ; 6.22e-10 s                 ; 4.46e-10 s                 ; No                        ; No                        ;
; HEX4[1]       ; 3.3-V LVTTL  ; 0 s                 ; 0 s                 ; 3.08 V                       ; 1.58e-08 V                   ; 3.13 V              ; -0.117 V            ; 0.143 V                              ; 0.259 V                              ; 6.22e-10 s                  ; 4.46e-10 s                  ; No                         ; No                         ; 3.08 V                      ; 1.58e-08 V                  ; 3.13 V             ; -0.117 V           ; 0.143 V                             ; 0.259 V                             ; 6.22e-10 s                 ; 4.46e-10 s                 ; No                        ; No                        ;
; HEX4[2]       ; 3.3-V LVTTL  ; 0 s                 ; 0 s                 ; 3.08 V                       ; 1.58e-08 V                   ; 3.13 V              ; -0.117 V            ; 0.143 V                              ; 0.259 V                              ; 6.22e-10 s                  ; 4.46e-10 s                  ; No                         ; No                         ; 3.08 V                      ; 1.58e-08 V                  ; 3.13 V             ; -0.117 V           ; 0.143 V                             ; 0.259 V                             ; 6.22e-10 s                 ; 4.46e-10 s                 ; No                        ; No                        ;
; HEX4[3]       ; 3.3-V LVTTL  ; 0 s                 ; 0 s                 ; 3.08 V                       ; 1.58e-08 V                   ; 3.13 V              ; -0.117 V            ; 0.143 V                              ; 0.259 V                              ; 6.22e-10 s                  ; 4.46e-10 s                  ; No                         ; No                         ; 3.08 V                      ; 1.58e-08 V                  ; 3.13 V             ; -0.117 V           ; 0.143 V                             ; 0.259 V                             ; 6.22e-10 s                 ; 4.46e-10 s                 ; No                        ; No                        ;
; HEX4[4]       ; 3.3-V LVTTL  ; 0 s                 ; 0 s                 ; 3.08 V                       ; 1.58e-08 V                   ; 3.13 V              ; -0.117 V            ; 0.143 V                              ; 0.259 V                              ; 6.22e-10 s                  ; 4.46e-10 s                  ; No                         ; No                         ; 3.08 V                      ; 1.58e-08 V                  ; 3.13 V             ; -0.117 V           ; 0.143 V                             ; 0.259 V                             ; 6.22e-10 s                 ; 4.46e-10 s                 ; No                        ; No                        ;
; HEX4[5]       ; 3.3-V LVTTL  ; 0 s                 ; 0 s                 ; 3.08 V                       ; 1.58e-08 V                   ; 3.13 V              ; -0.117 V            ; 0.143 V                              ; 0.259 V                              ; 6.22e-10 s                  ; 4.46e-10 s                  ; No                         ; No                         ; 3.08 V                      ; 1.58e-08 V                  ; 3.13 V             ; -0.117 V           ; 0.143 V                             ; 0.259 V                             ; 6.22e-10 s                 ; 4.46e-10 s                 ; No                        ; No                        ;
; HEX4[6]       ; 3.3-V LVTTL  ; 0 s                 ; 0 s                 ; 3.08 V                       ; 1.58e-08 V                   ; 3.13 V              ; -0.117 V            ; 0.143 V                              ; 0.259 V                              ; 6.22e-10 s                  ; 4.46e-10 s                  ; No                         ; No                         ; 3.08 V                      ; 1.58e-08 V                  ; 3.13 V             ; -0.117 V           ; 0.143 V                             ; 0.259 V                             ; 6.22e-10 s                 ; 4.46e-10 s                 ; No                        ; No                        ;
; HEX3[0]       ; 2.5 V        ; 0 s                 ; 0 s                 ; 2.32 V                       ; 3.07e-09 V                   ; 2.37 V              ; -0.00994 V          ; 0.186 V                              ; 0.028 V                              ; 4.98e-10 s                  ; 4.96e-10 s                  ; Yes                        ; Yes                        ; 2.32 V                      ; 3.07e-09 V                  ; 2.37 V             ; -0.00994 V         ; 0.186 V                             ; 0.028 V                             ; 4.98e-10 s                 ; 4.96e-10 s                 ; Yes                       ; Yes                       ;
; HEX3[1]       ; 2.5 V        ; 0 s                 ; 0 s                 ; 2.32 V                       ; 3.07e-09 V                   ; 2.38 V              ; -0.0144 V           ; 0.227 V                              ; 0.024 V                              ; 3.14e-10 s                  ; 3.39e-10 s                  ; Yes                        ; Yes                        ; 2.32 V                      ; 3.07e-09 V                  ; 2.38 V             ; -0.0144 V          ; 0.227 V                             ; 0.024 V                             ; 3.14e-10 s                 ; 3.39e-10 s                 ; Yes                       ; Yes                       ;
; HEX3[2]       ; 3.3-V LVTTL  ; 0 s                 ; 0 s                 ; 3.08 V                       ; 1.58e-08 V                   ; 3.09 V              ; -0.012 V            ; 0.232 V                              ; 0.268 V                              ; 4.75e-09 s                  ; 3.5e-09 s                   ; Yes                        ; No                         ; 3.08 V                      ; 1.58e-08 V                  ; 3.09 V             ; -0.012 V           ; 0.232 V                             ; 0.268 V                             ; 4.75e-09 s                 ; 3.5e-09 s                  ; Yes                       ; No                        ;
; HEX3[3]       ; 3.3-V LVTTL  ; 0 s                 ; 0 s                 ; 3.08 V                       ; 1.58e-08 V                   ; 3.13 V              ; -0.117 V            ; 0.143 V                              ; 0.259 V                              ; 6.22e-10 s                  ; 4.46e-10 s                  ; No                         ; No                         ; 3.08 V                      ; 1.58e-08 V                  ; 3.13 V             ; -0.117 V           ; 0.143 V                             ; 0.259 V                             ; 6.22e-10 s                 ; 4.46e-10 s                 ; No                        ; No                        ;
; HEX3[4]       ; 3.3-V LVTTL  ; 0 s                 ; 0 s                 ; 3.08 V                       ; 1.58e-08 V                   ; 3.13 V              ; -0.117 V            ; 0.143 V                              ; 0.259 V                              ; 6.22e-10 s                  ; 4.46e-10 s                  ; No                         ; No                         ; 3.08 V                      ; 1.58e-08 V                  ; 3.13 V             ; -0.117 V           ; 0.143 V                             ; 0.259 V                             ; 6.22e-10 s                 ; 4.46e-10 s                 ; No                        ; No                        ;
; HEX3[5]       ; 3.3-V LVTTL  ; 0 s                 ; 0 s                 ; 3.08 V                       ; 1.58e-08 V                   ; 3.13 V              ; -0.117 V            ; 0.143 V                              ; 0.259 V                              ; 6.22e-10 s                  ; 4.46e-10 s                  ; No                         ; No                         ; 3.08 V                      ; 1.58e-08 V                  ; 3.13 V             ; -0.117 V           ; 0.143 V                             ; 0.259 V                             ; 6.22e-10 s                 ; 4.46e-10 s                 ; No                        ; No                        ;
; HEX3[6]       ; 3.3-V LVTTL  ; 0 s                 ; 0 s                 ; 3.08 V                       ; 1.58e-08 V                   ; 3.13 V              ; -0.117 V            ; 0.143 V                              ; 0.259 V                              ; 6.22e-10 s                  ; 4.46e-10 s                  ; No                         ; No                         ; 3.08 V                      ; 1.58e-08 V                  ; 3.13 V             ; -0.117 V           ; 0.143 V                             ; 0.259 V                             ; 6.22e-10 s                 ; 4.46e-10 s                 ; No                        ; No                        ;
; HEX2[0]       ; 2.5 V        ; 0 s                 ; 0 s                 ; 2.32 V                       ; 3.07e-09 V                   ; 2.37 V              ; -0.00994 V          ; 0.186 V                              ; 0.028 V                              ; 4.98e-10 s                  ; 4.96e-10 s                  ; Yes                        ; Yes                        ; 2.32 V                      ; 3.07e-09 V                  ; 2.37 V             ; -0.00994 V         ; 0.186 V                             ; 0.028 V                             ; 4.98e-10 s                 ; 4.96e-10 s                 ; Yes                       ; Yes                       ;
; HEX2[1]       ; 2.5 V        ; 0 s                 ; 0 s                 ; 2.32 V                       ; 3.07e-09 V                   ; 2.37 V              ; -0.00994 V          ; 0.186 V                              ; 0.028 V                              ; 4.98e-10 s                  ; 4.96e-10 s                  ; Yes                        ; Yes                        ; 2.32 V                      ; 3.07e-09 V                  ; 2.37 V             ; -0.00994 V         ; 0.186 V                             ; 0.028 V                             ; 4.98e-10 s                 ; 4.96e-10 s                 ; Yes                       ; Yes                       ;
; HEX2[2]       ; 2.5 V        ; 0 s                 ; 0 s                 ; 2.32 V                       ; 3.07e-09 V                   ; 2.37 V              ; -0.00994 V          ; 0.186 V                              ; 0.028 V                              ; 4.98e-10 s                  ; 4.96e-10 s                  ; Yes                        ; Yes                        ; 2.32 V                      ; 3.07e-09 V                  ; 2.37 V             ; -0.00994 V         ; 0.186 V                             ; 0.028 V                             ; 4.98e-10 s                 ; 4.96e-10 s                 ; Yes                       ; Yes                       ;
; HEX2[3]       ; 2.5 V        ; 0 s                 ; 0 s                 ; 2.32 V                       ; 3.07e-09 V                   ; 2.37 V              ; -0.00994 V          ; 0.186 V                              ; 0.028 V                              ; 4.98e-10 s                  ; 4.96e-10 s                  ; Yes                        ; Yes                        ; 2.32 V                      ; 3.07e-09 V                  ; 2.37 V             ; -0.00994 V         ; 0.186 V                             ; 0.028 V                             ; 4.98e-10 s                 ; 4.96e-10 s                 ; Yes                       ; Yes                       ;
; HEX2[4]       ; 2.5 V        ; 0 s                 ; 0 s                 ; 2.32 V                       ; 3.07e-09 V                   ; 2.37 V              ; -0.00994 V          ; 0.186 V                              ; 0.028 V                              ; 4.98e-10 s                  ; 4.96e-10 s                  ; Yes                        ; Yes                        ; 2.32 V                      ; 3.07e-09 V                  ; 2.37 V             ; -0.00994 V         ; 0.186 V                             ; 0.028 V                             ; 4.98e-10 s                 ; 4.96e-10 s                 ; Yes                       ; Yes                       ;
; HEX2[5]       ; 2.5 V        ; 0 s                 ; 0 s                 ; 2.32 V                       ; 3.07e-09 V                   ; 2.37 V              ; -0.00994 V          ; 0.186 V                              ; 0.028 V                              ; 4.98e-10 s                  ; 4.96e-10 s                  ; Yes                        ; Yes                        ; 2.32 V                      ; 3.07e-09 V                  ; 2.37 V             ; -0.00994 V         ; 0.186 V                             ; 0.028 V                             ; 4.98e-10 s                 ; 4.96e-10 s                 ; Yes                       ; Yes                       ;
; HEX2[6]       ; 2.5 V        ; 0 s                 ; 0 s                 ; 2.32 V                       ; 3.07e-09 V                   ; 2.37 V              ; -0.00994 V          ; 0.186 V                              ; 0.028 V                              ; 4.98e-10 s                  ; 4.96e-10 s                  ; Yes                        ; Yes                        ; 2.32 V                      ; 3.07e-09 V                  ; 2.37 V             ; -0.00994 V         ; 0.186 V                             ; 0.028 V                             ; 4.98e-10 s                 ; 4.96e-10 s                 ; Yes                       ; Yes                       ;
; HEX1[0]       ; 2.5 V        ; 0 s                 ; 0 s                 ; 2.32 V                       ; 3.07e-09 V                   ; 2.38 V              ; -0.0144 V           ; 0.227 V                              ; 0.024 V                              ; 3.14e-10 s                  ; 3.39e-10 s                  ; Yes                        ; Yes                        ; 2.32 V                      ; 3.07e-09 V                  ; 2.38 V             ; -0.0144 V          ; 0.227 V                             ; 0.024 V                             ; 3.14e-10 s                 ; 3.39e-10 s                 ; Yes                       ; Yes                       ;
; HEX1[1]       ; 2.5 V        ; 0 s                 ; 0 s                 ; 2.32 V                       ; 3.07e-09 V                   ; 2.37 V              ; -0.00994 V          ; 0.186 V                              ; 0.028 V                              ; 4.98e-10 s                  ; 4.96e-10 s                  ; Yes                        ; Yes                        ; 2.32 V                      ; 3.07e-09 V                  ; 2.37 V             ; -0.00994 V         ; 0.186 V                             ; 0.028 V                             ; 4.98e-10 s                 ; 4.96e-10 s                 ; Yes                       ; Yes                       ;
; HEX1[2]       ; 2.5 V        ; 0 s                 ; 0 s                 ; 2.32 V                       ; 3.07e-09 V                   ; 2.37 V              ; -0.00994 V          ; 0.186 V                              ; 0.028 V                              ; 4.98e-10 s                  ; 4.96e-10 s                  ; Yes                        ; Yes                        ; 2.32 V                      ; 3.07e-09 V                  ; 2.37 V             ; -0.00994 V         ; 0.186 V                             ; 0.028 V                             ; 4.98e-10 s                 ; 4.96e-10 s                 ; Yes                       ; Yes                       ;
; HEX1[3]       ; 2.5 V        ; 0 s                 ; 0 s                 ; 2.32 V                       ; 3.07e-09 V                   ; 2.37 V              ; -0.00994 V          ; 0.186 V                              ; 0.028 V                              ; 4.98e-10 s                  ; 4.96e-10 s                  ; Yes                        ; Yes                        ; 2.32 V                      ; 3.07e-09 V                  ; 2.37 V             ; -0.00994 V         ; 0.186 V                             ; 0.028 V                             ; 4.98e-10 s                 ; 4.96e-10 s                 ; Yes                       ; Yes                       ;
; HEX1[4]       ; 2.5 V        ; 0 s                 ; 0 s                 ; 2.32 V                       ; 3.07e-09 V                   ; 2.37 V              ; -0.00994 V          ; 0.186 V                              ; 0.028 V                              ; 4.98e-10 s                  ; 4.96e-10 s                  ; Yes                        ; Yes                        ; 2.32 V                      ; 3.07e-09 V                  ; 2.37 V             ; -0.00994 V         ; 0.186 V                             ; 0.028 V                             ; 4.98e-10 s                 ; 4.96e-10 s                 ; Yes                       ; Yes                       ;
; HEX1[5]       ; 2.5 V        ; 0 s                 ; 0 s                 ; 2.32 V                       ; 3.07e-09 V                   ; 2.33 V              ; -0.00496 V          ; 0.223 V                              ; 0.086 V                              ; 2.9e-09 s                   ; 2.73e-09 s                  ; Yes                        ; Yes                        ; 2.32 V                      ; 3.07e-09 V                  ; 2.33 V             ; -0.00496 V         ; 0.223 V                             ; 0.086 V                             ; 2.9e-09 s                  ; 2.73e-09 s                 ; Yes                       ; Yes                       ;
; HEX1[6]       ; 2.5 V        ; 0 s                 ; 0 s                 ; 2.32 V                       ; 3.07e-09 V                   ; 2.33 V              ; -0.00496 V          ; 0.223 V                              ; 0.086 V                              ; 2.9e-09 s                   ; 2.73e-09 s                  ; Yes                        ; Yes                        ; 2.32 V                      ; 3.07e-09 V                  ; 2.33 V             ; -0.00496 V         ; 0.223 V                             ; 0.086 V                             ; 2.9e-09 s                  ; 2.73e-09 s                 ; Yes                       ; Yes                       ;
; HEX0[0]       ; 2.5 V        ; 0 s                 ; 0 s                 ; 2.32 V                       ; 4.49e-09 V                   ; 2.38 V              ; -0.00552 V          ; 0.096 V                              ; 0.019 V                              ; 4.18e-10 s                  ; 3.59e-10 s                  ; No                         ; Yes                        ; 2.32 V                      ; 4.49e-09 V                  ; 2.38 V             ; -0.00552 V         ; 0.096 V                             ; 0.019 V                             ; 4.18e-10 s                 ; 3.59e-10 s                 ; No                        ; Yes                       ;
; HEX0[1]       ; 2.5 V        ; 0 s                 ; 0 s                 ; 2.32 V                       ; 4.49e-09 V                   ; 2.33 V              ; -0.00467 V          ; 0.226 V                              ; 0.087 V                              ; 2.91e-09 s                  ; 2.74e-09 s                  ; Yes                        ; Yes                        ; 2.32 V                      ; 4.49e-09 V                  ; 2.33 V             ; -0.00467 V         ; 0.226 V                             ; 0.087 V                             ; 2.91e-09 s                 ; 2.74e-09 s                 ; Yes                       ; Yes                       ;
; HEX0[2]       ; 2.5 V        ; 0 s                 ; 0 s                 ; 2.32 V                       ; 4.49e-09 V                   ; 2.38 V              ; -0.00552 V          ; 0.096 V                              ; 0.019 V                              ; 4.18e-10 s                  ; 3.59e-10 s                  ; No                         ; Yes                        ; 2.32 V                      ; 4.49e-09 V                  ; 2.38 V             ; -0.00552 V         ; 0.096 V                             ; 0.019 V                             ; 4.18e-10 s                 ; 3.59e-10 s                 ; No                        ; Yes                       ;
; HEX0[3]       ; 2.5 V        ; 0 s                 ; 0 s                 ; 2.32 V                       ; 3.07e-09 V                   ; 2.38 V              ; -0.0144 V           ; 0.227 V                              ; 0.024 V                              ; 3.14e-10 s                  ; 3.39e-10 s                  ; Yes                        ; Yes                        ; 2.32 V                      ; 3.07e-09 V                  ; 2.38 V             ; -0.0144 V          ; 0.227 V                             ; 0.024 V                             ; 3.14e-10 s                 ; 3.39e-10 s                 ; Yes                       ; Yes                       ;
; HEX0[4]       ; 2.5 V        ; 0 s                 ; 0 s                 ; 2.32 V                       ; 3.07e-09 V                   ; 2.38 V              ; -0.0144 V           ; 0.227 V                              ; 0.024 V                              ; 3.14e-10 s                  ; 3.39e-10 s                  ; Yes                        ; Yes                        ; 2.32 V                      ; 3.07e-09 V                  ; 2.38 V             ; -0.0144 V          ; 0.227 V                             ; 0.024 V                             ; 3.14e-10 s                 ; 3.39e-10 s                 ; Yes                       ; Yes                       ;
; HEX0[5]       ; 2.5 V        ; 0 s                 ; 0 s                 ; 2.32 V                       ; 3.07e-09 V                   ; 2.33 V              ; -0.00496 V          ; 0.223 V                              ; 0.086 V                              ; 2.9e-09 s                   ; 2.73e-09 s                  ; Yes                        ; Yes                        ; 2.32 V                      ; 3.07e-09 V                  ; 2.33 V             ; -0.00496 V         ; 0.223 V                             ; 0.086 V                             ; 2.9e-09 s                  ; 2.73e-09 s                 ; Yes                       ; Yes                       ;
; HEX0[6]       ; 2.5 V        ; 0 s                 ; 0 s                 ; 2.32 V                       ; 3.07e-09 V                   ; 2.38 V              ; -0.0144 V           ; 0.227 V                              ; 0.024 V                              ; 3.14e-10 s                  ; 3.39e-10 s                  ; Yes                        ; Yes                        ; 2.32 V                      ; 3.07e-09 V                  ; 2.38 V             ; -0.0144 V          ; 0.227 V                             ; 0.024 V                             ; 3.14e-10 s                 ; 3.39e-10 s                 ; Yes                       ; Yes                       ;
; LEDG[0]       ; 2.5 V        ; 0 s                 ; 0 s                 ; 2.32 V                       ; 4.49e-09 V                   ; 2.38 V              ; -0.00552 V          ; 0.096 V                              ; 0.019 V                              ; 4.18e-10 s                  ; 3.59e-10 s                  ; No                         ; Yes                        ; 2.32 V                      ; 4.49e-09 V                  ; 2.38 V             ; -0.00552 V         ; 0.096 V                             ; 0.019 V                             ; 4.18e-10 s                 ; 3.59e-10 s                 ; No                        ; Yes                       ;
; LEDG[1]       ; 2.5 V        ; 0 s                 ; 0 s                 ; 2.32 V                       ; 4.49e-09 V                   ; 2.38 V              ; -0.00552 V          ; 0.096 V                              ; 0.019 V                              ; 4.18e-10 s                  ; 3.59e-10 s                  ; No                         ; Yes                        ; 2.32 V                      ; 4.49e-09 V                  ; 2.38 V             ; -0.00552 V         ; 0.096 V                             ; 0.019 V                             ; 4.18e-10 s                 ; 3.59e-10 s                 ; No                        ; Yes                       ;
; LEDG[2]       ; 2.5 V        ; 0 s                 ; 0 s                 ; 2.32 V                       ; 4.49e-09 V                   ; 2.38 V              ; -0.00552 V          ; 0.096 V                              ; 0.019 V                              ; 4.18e-10 s                  ; 3.59e-10 s                  ; No                         ; Yes                        ; 2.32 V                      ; 4.49e-09 V                  ; 2.38 V             ; -0.00552 V         ; 0.096 V                             ; 0.019 V                             ; 4.18e-10 s                 ; 3.59e-10 s                 ; No                        ; Yes                       ;
; LEDG[3]       ; 2.5 V        ; 0 s                 ; 0 s                 ; 2.32 V                       ; 4.49e-09 V                   ; 2.38 V              ; -0.00552 V          ; 0.096 V                              ; 0.019 V                              ; 4.18e-10 s                  ; 3.59e-10 s                  ; No                         ; Yes                        ; 2.32 V                      ; 4.49e-09 V                  ; 2.38 V             ; -0.00552 V         ; 0.096 V                             ; 0.019 V                             ; 4.18e-10 s                 ; 3.59e-10 s                 ; No                        ; Yes                       ;
; LEDG[4]       ; 2.5 V        ; 0 s                 ; 0 s                 ; 2.32 V                       ; 4.49e-09 V                   ; 2.38 V              ; -0.00552 V          ; 0.096 V                              ; 0.019 V                              ; 4.18e-10 s                  ; 3.59e-10 s                  ; No                         ; Yes                        ; 2.32 V                      ; 4.49e-09 V                  ; 2.38 V             ; -0.00552 V         ; 0.096 V                             ; 0.019 V                             ; 4.18e-10 s                 ; 3.59e-10 s                 ; No                        ; Yes                       ;
; LEDG[5]       ; 2.5 V        ; 0 s                 ; 0 s                 ; 2.32 V                       ; 4.49e-09 V                   ; 2.38 V              ; -0.00552 V          ; 0.096 V                              ; 0.019 V                              ; 4.18e-10 s                  ; 3.59e-10 s                  ; No                         ; Yes                        ; 2.32 V                      ; 4.49e-09 V                  ; 2.38 V             ; -0.00552 V         ; 0.096 V                             ; 0.019 V                             ; 4.18e-10 s                 ; 3.59e-10 s                 ; No                        ; Yes                       ;
; LEDG[6]       ; 2.5 V        ; 0 s                 ; 0 s                 ; 2.32 V                       ; 4.49e-09 V                   ; 2.38 V              ; -0.00552 V          ; 0.096 V                              ; 0.019 V                              ; 4.18e-10 s                  ; 3.59e-10 s                  ; No                         ; Yes                        ; 2.32 V                      ; 4.49e-09 V                  ; 2.38 V             ; -0.00552 V         ; 0.096 V                             ; 0.019 V                             ; 4.18e-10 s                 ; 3.59e-10 s                 ; No                        ; Yes                       ;
; LEDG[7]       ; 2.5 V        ; 0 s                 ; 0 s                 ; 2.32 V                       ; 4.49e-09 V                   ; 2.38 V              ; -0.00552 V          ; 0.096 V                              ; 0.019 V                              ; 4.18e-10 s                  ; 3.59e-10 s                  ; No                         ; Yes                        ; 2.32 V                      ; 4.49e-09 V                  ; 2.38 V             ; -0.00552 V         ; 0.096 V                             ; 0.019 V                             ; 4.18e-10 s                 ; 3.59e-10 s                 ; No                        ; Yes                       ;
; LEDR[0]       ; 2.5 V        ; 0 s                 ; 0 s                 ; 2.32 V                       ; 4.49e-09 V                   ; 2.38 V              ; -0.00552 V          ; 0.096 V                              ; 0.019 V                              ; 4.18e-10 s                  ; 3.59e-10 s                  ; No                         ; Yes                        ; 2.32 V                      ; 4.49e-09 V                  ; 2.38 V             ; -0.00552 V         ; 0.096 V                             ; 0.019 V                             ; 4.18e-10 s                 ; 3.59e-10 s                 ; No                        ; Yes                       ;
; LEDR[1]       ; 2.5 V        ; 0 s                 ; 0 s                 ; 2.32 V                       ; 4.49e-09 V                   ; 2.38 V              ; -0.00552 V          ; 0.096 V                              ; 0.019 V                              ; 4.18e-10 s                  ; 3.59e-10 s                  ; No                         ; Yes                        ; 2.32 V                      ; 4.49e-09 V                  ; 2.38 V             ; -0.00552 V         ; 0.096 V                             ; 0.019 V                             ; 4.18e-10 s                 ; 3.59e-10 s                 ; No                        ; Yes                       ;
; LEDR[2]       ; 2.5 V        ; 0 s                 ; 0 s                 ; 2.32 V                       ; 4.49e-09 V                   ; 2.38 V              ; -0.00552 V          ; 0.096 V                              ; 0.019 V                              ; 4.18e-10 s                  ; 3.59e-10 s                  ; No                         ; Yes                        ; 2.32 V                      ; 4.49e-09 V                  ; 2.38 V             ; -0.00552 V         ; 0.096 V                             ; 0.019 V                             ; 4.18e-10 s                 ; 3.59e-10 s                 ; No                        ; Yes                       ;
; LEDR[3]       ; 2.5 V        ; 0 s                 ; 0 s                 ; 2.32 V                       ; 4.49e-09 V                   ; 2.38 V              ; -0.00552 V          ; 0.096 V                              ; 0.019 V                              ; 4.18e-10 s                  ; 3.59e-10 s                  ; No                         ; Yes                        ; 2.32 V                      ; 4.49e-09 V                  ; 2.38 V             ; -0.00552 V         ; 0.096 V                             ; 0.019 V                             ; 4.18e-10 s                 ; 3.59e-10 s                 ; No                        ; Yes                       ;
; LEDR[4]       ; 2.5 V        ; 0 s                 ; 0 s                 ; 2.32 V                       ; 4.49e-09 V                   ; 2.38 V              ; -0.00552 V          ; 0.096 V                              ; 0.019 V                              ; 4.18e-10 s                  ; 3.59e-10 s                  ; No                         ; Yes                        ; 2.32 V                      ; 4.49e-09 V                  ; 2.38 V             ; -0.00552 V         ; 0.096 V                             ; 0.019 V                             ; 4.18e-10 s                 ; 3.59e-10 s                 ; No                        ; Yes                       ;
; LEDR[5]       ; 2.5 V        ; 0 s                 ; 0 s                 ; 2.32 V                       ; 4.49e-09 V                   ; 2.38 V              ; -0.00552 V          ; 0.096 V                              ; 0.019 V                              ; 4.18e-10 s                  ; 3.59e-10 s                  ; No                         ; Yes                        ; 2.32 V                      ; 4.49e-09 V                  ; 2.38 V             ; -0.00552 V         ; 0.096 V                             ; 0.019 V                             ; 4.18e-10 s                 ; 3.59e-10 s                 ; No                        ; Yes                       ;
; LEDR[6]       ; 2.5 V        ; 0 s                 ; 0 s                 ; 2.32 V                       ; 4.49e-09 V                   ; 2.38 V              ; -0.00552 V          ; 0.096 V                              ; 0.019 V                              ; 4.18e-10 s                  ; 3.59e-10 s                  ; No                         ; Yes                        ; 2.32 V                      ; 4.49e-09 V                  ; 2.38 V             ; -0.00552 V         ; 0.096 V                             ; 0.019 V                             ; 4.18e-10 s                 ; 3.59e-10 s                 ; No                        ; Yes                       ;
; LEDR[7]       ; 2.5 V        ; 0 s                 ; 0 s                 ; 2.32 V                       ; 4.49e-09 V                   ; 2.38 V              ; -0.00552 V          ; 0.096 V                              ; 0.019 V                              ; 4.18e-10 s                  ; 3.59e-10 s                  ; No                         ; Yes                        ; 2.32 V                      ; 4.49e-09 V                  ; 2.38 V             ; -0.00552 V         ; 0.096 V                             ; 0.019 V                             ; 4.18e-10 s                 ; 3.59e-10 s                 ; No                        ; Yes                       ;
; LEDR[8]       ; 2.5 V        ; 0 s                 ; 0 s                 ; 2.32 V                       ; 4.49e-09 V                   ; 2.38 V              ; -0.00552 V          ; 0.096 V                              ; 0.019 V                              ; 4.18e-10 s                  ; 3.59e-10 s                  ; No                         ; Yes                        ; 2.32 V                      ; 4.49e-09 V                  ; 2.38 V             ; -0.00552 V         ; 0.096 V                             ; 0.019 V                             ; 4.18e-10 s                 ; 3.59e-10 s                 ; No                        ; Yes                       ;
; LEDR[9]       ; 2.5 V        ; 0 s                 ; 0 s                 ; 2.32 V                       ; 4.49e-09 V                   ; 2.33 V              ; -0.00467 V          ; 0.226 V                              ; 0.087 V                              ; 2.91e-09 s                  ; 2.74e-09 s                  ; Yes                        ; Yes                        ; 2.32 V                      ; 4.49e-09 V                  ; 2.33 V             ; -0.00467 V         ; 0.226 V                             ; 0.087 V                             ; 2.91e-09 s                 ; 2.74e-09 s                 ; Yes                       ; Yes                       ;
; LEDR[10]      ; 2.5 V        ; 0 s                 ; 0 s                 ; 2.32 V                       ; 4.49e-09 V                   ; 2.38 V              ; -0.00552 V          ; 0.096 V                              ; 0.019 V                              ; 4.18e-10 s                  ; 3.59e-10 s                  ; No                         ; Yes                        ; 2.32 V                      ; 4.49e-09 V                  ; 2.38 V             ; -0.00552 V         ; 0.096 V                             ; 0.019 V                             ; 4.18e-10 s                 ; 3.59e-10 s                 ; No                        ; Yes                       ;
; LEDR[11]      ; 2.5 V        ; 0 s                 ; 0 s                 ; 2.32 V                       ; 4.49e-09 V                   ; 2.38 V              ; -0.00552 V          ; 0.096 V                              ; 0.019 V                              ; 4.18e-10 s                  ; 3.59e-10 s                  ; No                         ; Yes                        ; 2.32 V                      ; 4.49e-09 V                  ; 2.38 V             ; -0.00552 V         ; 0.096 V                             ; 0.019 V                             ; 4.18e-10 s                 ; 3.59e-10 s                 ; No                        ; Yes                       ;
; LEDR[12]      ; 2.5 V        ; 0 s                 ; 0 s                 ; 2.32 V                       ; 4.49e-09 V                   ; 2.38 V              ; -0.00552 V          ; 0.096 V                              ; 0.019 V                              ; 4.18e-10 s                  ; 3.59e-10 s                  ; No                         ; Yes                        ; 2.32 V                      ; 4.49e-09 V                  ; 2.38 V             ; -0.00552 V         ; 0.096 V                             ; 0.019 V                             ; 4.18e-10 s                 ; 3.59e-10 s                 ; No                        ; Yes                       ;
; LEDR[13]      ; 2.5 V        ; 0 s                 ; 0 s                 ; 2.32 V                       ; 4.49e-09 V                   ; 2.38 V              ; -0.00552 V          ; 0.096 V                              ; 0.019 V                              ; 4.18e-10 s                  ; 3.59e-10 s                  ; No                         ; Yes                        ; 2.32 V                      ; 4.49e-09 V                  ; 2.38 V             ; -0.00552 V         ; 0.096 V                             ; 0.019 V                             ; 4.18e-10 s                 ; 3.59e-10 s                 ; No                        ; Yes                       ;
; LEDR[14]      ; 2.5 V        ; 0 s                 ; 0 s                 ; 2.32 V                       ; 4.49e-09 V                   ; 2.38 V              ; -0.00552 V          ; 0.096 V                              ; 0.019 V                              ; 4.18e-10 s                  ; 3.59e-10 s                  ; No                         ; Yes                        ; 2.32 V                      ; 4.49e-09 V                  ; 2.38 V             ; -0.00552 V         ; 0.096 V                             ; 0.019 V                             ; 4.18e-10 s                 ; 3.59e-10 s                 ; No                        ; Yes                       ;
; LEDR[15]      ; 2.5 V        ; 0 s                 ; 0 s                 ; 2.32 V                       ; 4.49e-09 V                   ; 2.33 V              ; -0.00467 V          ; 0.226 V                              ; 0.087 V                              ; 2.91e-09 s                  ; 2.74e-09 s                  ; Yes                        ; Yes                        ; 2.32 V                      ; 4.49e-09 V                  ; 2.33 V             ; -0.00467 V         ; 0.226 V                             ; 0.087 V                             ; 2.91e-09 s                 ; 2.74e-09 s                 ; Yes                       ; Yes                       ;
; LEDR[16]      ; 2.5 V        ; 0 s                 ; 0 s                 ; 2.32 V                       ; 4.49e-09 V                   ; 2.38 V              ; -0.00552 V          ; 0.096 V                              ; 0.019 V                              ; 4.18e-10 s                  ; 3.59e-10 s                  ; No                         ; Yes                        ; 2.32 V                      ; 4.49e-09 V                  ; 2.38 V             ; -0.00552 V         ; 0.096 V                             ; 0.019 V                             ; 4.18e-10 s                 ; 3.59e-10 s                 ; No                        ; Yes                       ;
; LEDR[17]      ; 2.5 V        ; 0 s                 ; 0 s                 ; 2.32 V                       ; 4.49e-09 V                   ; 2.38 V              ; -0.00552 V          ; 0.096 V                              ; 0.019 V                              ; 4.18e-10 s                  ; 3.59e-10 s                  ; No                         ; Yes                        ; 2.32 V                      ; 4.49e-09 V                  ; 2.38 V             ; -0.00552 V         ; 0.096 V                             ; 0.019 V                             ; 4.18e-10 s                 ; 3.59e-10 s                 ; No                        ; Yes                       ;
; LCD_DATA[0]   ; 3.3-V LVTTL  ; 0 s                 ; 0 s                 ; 3.08 V                       ; 1.11e-08 V                   ; 3.13 V              ; -0.0798 V           ; 0.192 V                              ; 0.22 V                               ; 8.68e-10 s                  ; 6.46e-10 s                  ; No                         ; No                         ; 3.08 V                      ; 1.11e-08 V                  ; 3.13 V             ; -0.0798 V          ; 0.192 V                             ; 0.22 V                              ; 8.68e-10 s                 ; 6.46e-10 s                 ; No                        ; No                        ;
; LCD_DATA[1]   ; 3.3-V LVTTL  ; 0 s                 ; 0 s                 ; 3.08 V                       ; 1.11e-08 V                   ; 3.13 V              ; -0.0798 V           ; 0.192 V                              ; 0.22 V                               ; 8.68e-10 s                  ; 6.46e-10 s                  ; No                         ; No                         ; 3.08 V                      ; 1.11e-08 V                  ; 3.13 V             ; -0.0798 V          ; 0.192 V                             ; 0.22 V                              ; 8.68e-10 s                 ; 6.46e-10 s                 ; No                        ; No                        ;
; LCD_DATA[2]   ; 3.3-V LVTTL  ; 0 s                 ; 0 s                 ; 3.08 V                       ; 1.11e-08 V                   ; 3.13 V              ; -0.0798 V           ; 0.192 V                              ; 0.22 V                               ; 8.68e-10 s                  ; 6.46e-10 s                  ; No                         ; No                         ; 3.08 V                      ; 1.11e-08 V                  ; 3.13 V             ; -0.0798 V          ; 0.192 V                             ; 0.22 V                              ; 8.68e-10 s                 ; 6.46e-10 s                 ; No                        ; No                        ;
; LCD_DATA[3]   ; 3.3-V LVTTL  ; 0 s                 ; 0 s                 ; 3.08 V                       ; 1.11e-08 V                   ; 3.13 V              ; -0.0798 V           ; 0.192 V                              ; 0.22 V                               ; 8.68e-10 s                  ; 6.46e-10 s                  ; No                         ; No                         ; 3.08 V                      ; 1.11e-08 V                  ; 3.13 V             ; -0.0798 V          ; 0.192 V                             ; 0.22 V                              ; 8.68e-10 s                 ; 6.46e-10 s                 ; No                        ; No                        ;
; LCD_DATA[4]   ; 3.3-V LVTTL  ; 0 s                 ; 0 s                 ; 3.08 V                       ; 1.11e-08 V                   ; 3.13 V              ; -0.0798 V           ; 0.192 V                              ; 0.22 V                               ; 8.68e-10 s                  ; 6.46e-10 s                  ; No                         ; No                         ; 3.08 V                      ; 1.11e-08 V                  ; 3.13 V             ; -0.0798 V          ; 0.192 V                             ; 0.22 V                              ; 8.68e-10 s                 ; 6.46e-10 s                 ; No                        ; No                        ;
; LCD_DATA[5]   ; 3.3-V LVTTL  ; 0 s                 ; 0 s                 ; 3.08 V                       ; 1.11e-08 V                   ; 3.13 V              ; -0.0798 V           ; 0.192 V                              ; 0.22 V                               ; 8.68e-10 s                  ; 6.46e-10 s                  ; No                         ; No                         ; 3.08 V                      ; 1.11e-08 V                  ; 3.13 V             ; -0.0798 V          ; 0.192 V                             ; 0.22 V                              ; 8.68e-10 s                 ; 6.46e-10 s                 ; No                        ; No                        ;
; LCD_DATA[6]   ; 3.3-V LVTTL  ; 0 s                 ; 0 s                 ; 3.08 V                       ; 1.11e-08 V                   ; 3.13 V              ; -0.0798 V           ; 0.192 V                              ; 0.22 V                               ; 8.68e-10 s                  ; 6.46e-10 s                  ; No                         ; No                         ; 3.08 V                      ; 1.11e-08 V                  ; 3.13 V             ; -0.0798 V          ; 0.192 V                             ; 0.22 V                              ; 8.68e-10 s                 ; 6.46e-10 s                 ; No                        ; No                        ;
; LCD_DATA[7]   ; 3.3-V LVTTL  ; 0 s                 ; 0 s                 ; 3.08 V                       ; 1.11e-08 V                   ; 3.09 V              ; -0.0117 V           ; 0.268 V                              ; 0.262 V                              ; 4.74e-09 s                  ; 3.5e-09 s                   ; No                         ; No                         ; 3.08 V                      ; 1.11e-08 V                  ; 3.09 V             ; -0.0117 V          ; 0.268 V                             ; 0.262 V                             ; 4.74e-09 s                 ; 3.5e-09 s                  ; No                        ; No                        ;
; ~ALTERA_DCLK~ ; 3.3-V LVTTL  ; 0 s                 ; 0 s                 ; 3.08 V                       ; 5.73e-09 V                   ; 3.19 V              ; -0.173 V            ; 0.149 V                              ; 0.259 V                              ; 2.79e-10 s                  ; 2.42e-10 s                  ; Yes                        ; Yes                        ; 3.08 V                      ; 5.73e-09 V                  ; 3.19 V             ; -0.173 V           ; 0.149 V                             ; 0.259 V                             ; 2.79e-10 s                 ; 2.42e-10 s                 ; Yes                       ; Yes                       ;
; ~ALTERA_nCEO~ ; 2.5 V        ; 0 s                 ; 0 s                 ; 2.32 V                       ; 4.18e-09 V                   ; 2.38 V              ; -0.00483 V          ; 0.152 V                              ; 0.012 V                              ; 4.81e-10 s                  ; 6.29e-10 s                  ; Yes                        ; Yes                        ; 2.32 V                      ; 4.18e-09 V                  ; 2.38 V             ; -0.00483 V         ; 0.152 V                             ; 0.012 V                             ; 4.81e-10 s                 ; 6.29e-10 s                 ; Yes                       ; Yes                       ;
+---------------+--------------+---------------------+---------------------+------------------------------+------------------------------+---------------------+---------------------+--------------------------------------+--------------------------------------+-----------------------------+-----------------------------+----------------------------+----------------------------+-----------------------------+-----------------------------+--------------------+--------------------+-------------------------------------+-------------------------------------+----------------------------+----------------------------+---------------------------+---------------------------+


+--------------------------------------------------------------------------------------------------------------------------------------------------------------------------------------------------------------------------------------------------------------------------------------------------------------------------------------------------------------------------------------------------------------------------------------------------------------------------------------------------------------------------------------------------------------------------------------------------------------------------------------------------------------------------------------------+
; Signal Integrity Metrics (Slow 1200mv 85c Model)                                                                                                                                                                                                                                                                                                                                                                                                                                                                                                                                                                                                                                           ;
+---------------+--------------+---------------------+---------------------+------------------------------+------------------------------+---------------------+---------------------+--------------------------------------+--------------------------------------+-----------------------------+-----------------------------+----------------------------+----------------------------+-----------------------------+-----------------------------+--------------------+--------------------+-------------------------------------+-------------------------------------+----------------------------+----------------------------+---------------------------+---------------------------+
; Pin           ; I/O Standard ; Board Delay on Rise ; Board Delay on Fall ; Steady State Voh at FPGA Pin ; Steady State Vol at FPGA Pin ; Voh Max at FPGA Pin ; Vol Min at FPGA Pin ; Ringback Voltage on Rise at FPGA Pin ; Ringback Voltage on Fall at FPGA Pin ; 10-90 Rise Time at FPGA Pin ; 90-10 Fall Time at FPGA Pin ; Monotonic Rise at FPGA Pin ; Monotonic Fall at FPGA Pin ; Steady State Voh at Far-end ; Steady State Vol at Far-end ; Voh Max at Far-end ; Vol Min at Far-end ; Ringback Voltage on Rise at Far-end ; Ringback Voltage on Fall at Far-end ; 10-90 Rise Time at Far-end ; 90-10 Fall Time at Far-end ; Monotonic Rise at Far-end ; Monotonic Fall at Far-end ;
+---------------+--------------+---------------------+---------------------+------------------------------+------------------------------+---------------------+---------------------+--------------------------------------+--------------------------------------+-----------------------------+-----------------------------+----------------------------+----------------------------+-----------------------------+-----------------------------+--------------------+--------------------+-------------------------------------+-------------------------------------+----------------------------+----------------------------+---------------------------+---------------------------+
; LCD_ON        ; 3.3-V LVTTL  ; 0 s                 ; 0 s                 ; 3.08 V                       ; 1.28e-06 V                   ; 3.08 V              ; -0.00641 V          ; 0.261 V                              ; 0.26 V                               ; 5.52e-09 s                  ; 4.36e-09 s                  ; Yes                        ; Yes                        ; 3.08 V                      ; 1.28e-06 V                  ; 3.08 V             ; -0.00641 V         ; 0.261 V                             ; 0.26 V                              ; 5.52e-09 s                 ; 4.36e-09 s                 ; Yes                       ; Yes                       ;
; LCD_BLON      ; 3.3-V LVTTL  ; 0 s                 ; 0 s                 ; 3.08 V                       ; 1.28e-06 V                   ; 3.11 V              ; -0.0528 V           ; 0.302 V                              ; 0.199 V                              ; 9.51e-10 s                  ; 8.47e-10 s                  ; Yes                        ; No                         ; 3.08 V                      ; 1.28e-06 V                  ; 3.11 V             ; -0.0528 V          ; 0.302 V                             ; 0.199 V                             ; 9.51e-10 s                 ; 8.47e-10 s                 ; Yes                       ; No                        ;
; LCD_EN        ; 3.3-V LVTTL  ; 0 s                 ; 0 s                 ; 3.08 V                       ; 1.28e-06 V                   ; 3.11 V              ; -0.0528 V           ; 0.302 V                              ; 0.199 V                              ; 9.51e-10 s                  ; 8.47e-10 s                  ; Yes                        ; No                         ; 3.08 V                      ; 1.28e-06 V                  ; 3.11 V             ; -0.0528 V          ; 0.302 V                             ; 0.199 V                             ; 9.51e-10 s                 ; 8.47e-10 s                 ; Yes                       ; No                        ;
; LCD_RS        ; 3.3-V LVTTL  ; 0 s                 ; 0 s                 ; 3.08 V                       ; 1.28e-06 V                   ; 3.11 V              ; -0.0528 V           ; 0.302 V                              ; 0.199 V                              ; 9.51e-10 s                  ; 8.47e-10 s                  ; Yes                        ; No                         ; 3.08 V                      ; 1.28e-06 V                  ; 3.11 V             ; -0.0528 V          ; 0.302 V                             ; 0.199 V                             ; 9.51e-10 s                 ; 8.47e-10 s                 ; Yes                       ; No                        ;
; LCD_RW        ; 3.3-V LVTTL  ; 0 s                 ; 0 s                 ; 3.08 V                       ; 1.28e-06 V                   ; 3.11 V              ; -0.0528 V           ; 0.302 V                              ; 0.199 V                              ; 9.51e-10 s                  ; 8.47e-10 s                  ; Yes                        ; No                         ; 3.08 V                      ; 1.28e-06 V                  ; 3.11 V             ; -0.0528 V          ; 0.302 V                             ; 0.199 V                             ; 9.51e-10 s                 ; 8.47e-10 s                 ; Yes                       ; No                        ;
; HEX7[0]       ; 3.3-V LVTTL  ; 0 s                 ; 0 s                 ; 3.08 V                       ; 1.9e-06 V                    ; 3.11 V              ; -0.0625 V           ; 0.224 V                              ; 0.17 V                               ; 6.86e-10 s                  ; 6.31e-10 s                  ; Yes                        ; No                         ; 3.08 V                      ; 1.9e-06 V                   ; 3.11 V             ; -0.0625 V          ; 0.224 V                             ; 0.17 V                              ; 6.86e-10 s                 ; 6.31e-10 s                 ; Yes                       ; No                        ;
; HEX7[1]       ; 3.3-V LVTTL  ; 0 s                 ; 0 s                 ; 3.08 V                       ; 1.9e-06 V                    ; 3.11 V              ; -0.0625 V           ; 0.224 V                              ; 0.17 V                               ; 6.86e-10 s                  ; 6.31e-10 s                  ; Yes                        ; No                         ; 3.08 V                      ; 1.9e-06 V                   ; 3.11 V             ; -0.0625 V          ; 0.224 V                             ; 0.17 V                              ; 6.86e-10 s                 ; 6.31e-10 s                 ; Yes                       ; No                        ;
; HEX7[2]       ; 3.3-V LVTTL  ; 0 s                 ; 0 s                 ; 3.08 V                       ; 1.9e-06 V                    ; 3.11 V              ; -0.0625 V           ; 0.224 V                              ; 0.17 V                               ; 6.86e-10 s                  ; 6.31e-10 s                  ; Yes                        ; No                         ; 3.08 V                      ; 1.9e-06 V                   ; 3.11 V             ; -0.0625 V          ; 0.224 V                             ; 0.17 V                              ; 6.86e-10 s                 ; 6.31e-10 s                 ; Yes                       ; No                        ;
; HEX7[3]       ; 3.3-V LVTTL  ; 0 s                 ; 0 s                 ; 3.08 V                       ; 1.9e-06 V                    ; 3.11 V              ; -0.0625 V           ; 0.224 V                              ; 0.17 V                               ; 6.86e-10 s                  ; 6.31e-10 s                  ; Yes                        ; No                         ; 3.08 V                      ; 1.9e-06 V                   ; 3.11 V             ; -0.0625 V          ; 0.224 V                             ; 0.17 V                              ; 6.86e-10 s                 ; 6.31e-10 s                 ; Yes                       ; No                        ;
; HEX7[4]       ; 3.3-V LVTTL  ; 0 s                 ; 0 s                 ; 3.08 V                       ; 1.9e-06 V                    ; 3.11 V              ; -0.0625 V           ; 0.224 V                              ; 0.17 V                               ; 6.86e-10 s                  ; 6.31e-10 s                  ; Yes                        ; No                         ; 3.08 V                      ; 1.9e-06 V                   ; 3.11 V             ; -0.0625 V          ; 0.224 V                             ; 0.17 V                              ; 6.86e-10 s                 ; 6.31e-10 s                 ; Yes                       ; No                        ;
; HEX7[5]       ; 3.3-V LVTTL  ; 0 s                 ; 0 s                 ; 3.08 V                       ; 1.9e-06 V                    ; 3.11 V              ; -0.0625 V           ; 0.224 V                              ; 0.17 V                               ; 6.86e-10 s                  ; 6.31e-10 s                  ; Yes                        ; No                         ; 3.08 V                      ; 1.9e-06 V                   ; 3.11 V             ; -0.0625 V          ; 0.224 V                             ; 0.17 V                              ; 6.86e-10 s                 ; 6.31e-10 s                 ; Yes                       ; No                        ;
; HEX7[6]       ; 3.3-V LVTTL  ; 0 s                 ; 0 s                 ; 3.08 V                       ; 1.9e-06 V                    ; 3.11 V              ; -0.0625 V           ; 0.224 V                              ; 0.17 V                               ; 6.86e-10 s                  ; 6.31e-10 s                  ; Yes                        ; No                         ; 3.08 V                      ; 1.9e-06 V                   ; 3.11 V             ; -0.0625 V          ; 0.224 V                             ; 0.17 V                              ; 6.86e-10 s                 ; 6.31e-10 s                 ; Yes                       ; No                        ;
; HEX6[0]       ; 3.3-V LVTTL  ; 0 s                 ; 0 s                 ; 3.08 V                       ; 1.9e-06 V                    ; 3.11 V              ; -0.0625 V           ; 0.224 V                              ; 0.17 V                               ; 6.86e-10 s                  ; 6.31e-10 s                  ; Yes                        ; No                         ; 3.08 V                      ; 1.9e-06 V                   ; 3.11 V             ; -0.0625 V          ; 0.224 V                             ; 0.17 V                              ; 6.86e-10 s                 ; 6.31e-10 s                 ; Yes                       ; No                        ;
; HEX6[1]       ; 3.3-V LVTTL  ; 0 s                 ; 0 s                 ; 3.08 V                       ; 1.9e-06 V                    ; 3.11 V              ; -0.0625 V           ; 0.224 V                              ; 0.17 V                               ; 6.86e-10 s                  ; 6.31e-10 s                  ; Yes                        ; No                         ; 3.08 V                      ; 1.9e-06 V                   ; 3.11 V             ; -0.0625 V          ; 0.224 V                             ; 0.17 V                              ; 6.86e-10 s                 ; 6.31e-10 s                 ; Yes                       ; No                        ;
; HEX6[2]       ; 3.3-V LVTTL  ; 0 s                 ; 0 s                 ; 3.08 V                       ; 1.9e-06 V                    ; 3.11 V              ; -0.0625 V           ; 0.224 V                              ; 0.17 V                               ; 6.86e-10 s                  ; 6.31e-10 s                  ; Yes                        ; No                         ; 3.08 V                      ; 1.9e-06 V                   ; 3.11 V             ; -0.0625 V          ; 0.224 V                             ; 0.17 V                              ; 6.86e-10 s                 ; 6.31e-10 s                 ; Yes                       ; No                        ;
; HEX6[3]       ; 3.3-V LVTTL  ; 0 s                 ; 0 s                 ; 3.08 V                       ; 1.9e-06 V                    ; 3.11 V              ; -0.0625 V           ; 0.224 V                              ; 0.17 V                               ; 6.86e-10 s                  ; 6.31e-10 s                  ; Yes                        ; No                         ; 3.08 V                      ; 1.9e-06 V                   ; 3.11 V             ; -0.0625 V          ; 0.224 V                             ; 0.17 V                              ; 6.86e-10 s                 ; 6.31e-10 s                 ; Yes                       ; No                        ;
; HEX6[4]       ; 3.3-V LVTTL  ; 0 s                 ; 0 s                 ; 3.08 V                       ; 1.9e-06 V                    ; 3.11 V              ; -0.0625 V           ; 0.224 V                              ; 0.17 V                               ; 6.86e-10 s                  ; 6.31e-10 s                  ; Yes                        ; No                         ; 3.08 V                      ; 1.9e-06 V                   ; 3.11 V             ; -0.0625 V          ; 0.224 V                             ; 0.17 V                              ; 6.86e-10 s                 ; 6.31e-10 s                 ; Yes                       ; No                        ;
; HEX6[5]       ; 3.3-V LVTTL  ; 0 s                 ; 0 s                 ; 3.08 V                       ; 1.9e-06 V                    ; 3.08 V              ; -0.00581 V          ; 0.138 V                              ; 0.22 V                               ; 5.55e-09 s                  ; 4.38e-09 s                  ; Yes                        ; Yes                        ; 3.08 V                      ; 1.9e-06 V                   ; 3.08 V             ; -0.00581 V         ; 0.138 V                             ; 0.22 V                              ; 5.55e-09 s                 ; 4.38e-09 s                 ; Yes                       ; Yes                       ;
; HEX6[6]       ; 3.3-V LVTTL  ; 0 s                 ; 0 s                 ; 3.08 V                       ; 1.9e-06 V                    ; 3.11 V              ; -0.0625 V           ; 0.224 V                              ; 0.17 V                               ; 6.86e-10 s                  ; 6.31e-10 s                  ; Yes                        ; No                         ; 3.08 V                      ; 1.9e-06 V                   ; 3.11 V             ; -0.0625 V          ; 0.224 V                             ; 0.17 V                              ; 6.86e-10 s                 ; 6.31e-10 s                 ; Yes                       ; No                        ;
; HEX5[0]       ; 3.3-V LVTTL  ; 0 s                 ; 0 s                 ; 3.08 V                       ; 1.9e-06 V                    ; 3.11 V              ; -0.0625 V           ; 0.224 V                              ; 0.17 V                               ; 6.86e-10 s                  ; 6.31e-10 s                  ; Yes                        ; No                         ; 3.08 V                      ; 1.9e-06 V                   ; 3.11 V             ; -0.0625 V          ; 0.224 V                             ; 0.17 V                              ; 6.86e-10 s                 ; 6.31e-10 s                 ; Yes                       ; No                        ;
; HEX5[1]       ; 3.3-V LVTTL  ; 0 s                 ; 0 s                 ; 3.08 V                       ; 1.9e-06 V                    ; 3.08 V              ; -0.00581 V          ; 0.138 V                              ; 0.22 V                               ; 5.55e-09 s                  ; 4.38e-09 s                  ; Yes                        ; Yes                        ; 3.08 V                      ; 1.9e-06 V                   ; 3.08 V             ; -0.00581 V         ; 0.138 V                             ; 0.22 V                              ; 5.55e-09 s                 ; 4.38e-09 s                 ; Yes                       ; Yes                       ;
; HEX5[2]       ; 3.3-V LVTTL  ; 0 s                 ; 0 s                 ; 3.08 V                       ; 1.9e-06 V                    ; 3.11 V              ; -0.0625 V           ; 0.224 V                              ; 0.17 V                               ; 6.86e-10 s                  ; 6.31e-10 s                  ; Yes                        ; No                         ; 3.08 V                      ; 1.9e-06 V                   ; 3.11 V             ; -0.0625 V          ; 0.224 V                             ; 0.17 V                              ; 6.86e-10 s                 ; 6.31e-10 s                 ; Yes                       ; No                        ;
; HEX5[3]       ; 3.3-V LVTTL  ; 0 s                 ; 0 s                 ; 3.08 V                       ; 1.9e-06 V                    ; 3.11 V              ; -0.0625 V           ; 0.224 V                              ; 0.17 V                               ; 6.86e-10 s                  ; 6.31e-10 s                  ; Yes                        ; No                         ; 3.08 V                      ; 1.9e-06 V                   ; 3.11 V             ; -0.0625 V          ; 0.224 V                             ; 0.17 V                              ; 6.86e-10 s                 ; 6.31e-10 s                 ; Yes                       ; No                        ;
; HEX5[4]       ; 3.3-V LVTTL  ; 0 s                 ; 0 s                 ; 3.08 V                       ; 1.9e-06 V                    ; 3.11 V              ; -0.0625 V           ; 0.224 V                              ; 0.17 V                               ; 6.86e-10 s                  ; 6.31e-10 s                  ; Yes                        ; No                         ; 3.08 V                      ; 1.9e-06 V                   ; 3.11 V             ; -0.0625 V          ; 0.224 V                             ; 0.17 V                              ; 6.86e-10 s                 ; 6.31e-10 s                 ; Yes                       ; No                        ;
; HEX5[5]       ; 3.3-V LVTTL  ; 0 s                 ; 0 s                 ; 3.08 V                       ; 1.9e-06 V                    ; 3.11 V              ; -0.0625 V           ; 0.224 V                              ; 0.17 V                               ; 6.86e-10 s                  ; 6.31e-10 s                  ; Yes                        ; No                         ; 3.08 V                      ; 1.9e-06 V                   ; 3.11 V             ; -0.0625 V          ; 0.224 V                             ; 0.17 V                              ; 6.86e-10 s                 ; 6.31e-10 s                 ; Yes                       ; No                        ;
; HEX5[6]       ; 3.3-V LVTTL  ; 0 s                 ; 0 s                 ; 3.08 V                       ; 1.9e-06 V                    ; 3.11 V              ; -0.0625 V           ; 0.224 V                              ; 0.17 V                               ; 6.86e-10 s                  ; 6.31e-10 s                  ; Yes                        ; No                         ; 3.08 V                      ; 1.9e-06 V                   ; 3.11 V             ; -0.0625 V          ; 0.224 V                             ; 0.17 V                              ; 6.86e-10 s                 ; 6.31e-10 s                 ; Yes                       ; No                        ;
; HEX4[0]       ; 3.3-V LVTTL  ; 0 s                 ; 0 s                 ; 3.08 V                       ; 1.9e-06 V                    ; 3.11 V              ; -0.0625 V           ; 0.224 V                              ; 0.17 V                               ; 6.86e-10 s                  ; 6.31e-10 s                  ; Yes                        ; No                         ; 3.08 V                      ; 1.9e-06 V                   ; 3.11 V             ; -0.0625 V          ; 0.224 V                             ; 0.17 V                              ; 6.86e-10 s                 ; 6.31e-10 s                 ; Yes                       ; No                        ;
; HEX4[1]       ; 3.3-V LVTTL  ; 0 s                 ; 0 s                 ; 3.08 V                       ; 1.9e-06 V                    ; 3.11 V              ; -0.0625 V           ; 0.224 V                              ; 0.17 V                               ; 6.86e-10 s                  ; 6.31e-10 s                  ; Yes                        ; No                         ; 3.08 V                      ; 1.9e-06 V                   ; 3.11 V             ; -0.0625 V          ; 0.224 V                             ; 0.17 V                              ; 6.86e-10 s                 ; 6.31e-10 s                 ; Yes                       ; No                        ;
; HEX4[2]       ; 3.3-V LVTTL  ; 0 s                 ; 0 s                 ; 3.08 V                       ; 1.9e-06 V                    ; 3.11 V              ; -0.0625 V           ; 0.224 V                              ; 0.17 V                               ; 6.86e-10 s                  ; 6.31e-10 s                  ; Yes                        ; No                         ; 3.08 V                      ; 1.9e-06 V                   ; 3.11 V             ; -0.0625 V          ; 0.224 V                             ; 0.17 V                              ; 6.86e-10 s                 ; 6.31e-10 s                 ; Yes                       ; No                        ;
; HEX4[3]       ; 3.3-V LVTTL  ; 0 s                 ; 0 s                 ; 3.08 V                       ; 1.9e-06 V                    ; 3.11 V              ; -0.0625 V           ; 0.224 V                              ; 0.17 V                               ; 6.86e-10 s                  ; 6.31e-10 s                  ; Yes                        ; No                         ; 3.08 V                      ; 1.9e-06 V                   ; 3.11 V             ; -0.0625 V          ; 0.224 V                             ; 0.17 V                              ; 6.86e-10 s                 ; 6.31e-10 s                 ; Yes                       ; No                        ;
; HEX4[4]       ; 3.3-V LVTTL  ; 0 s                 ; 0 s                 ; 3.08 V                       ; 1.9e-06 V                    ; 3.11 V              ; -0.0625 V           ; 0.224 V                              ; 0.17 V                               ; 6.86e-10 s                  ; 6.31e-10 s                  ; Yes                        ; No                         ; 3.08 V                      ; 1.9e-06 V                   ; 3.11 V             ; -0.0625 V          ; 0.224 V                             ; 0.17 V                              ; 6.86e-10 s                 ; 6.31e-10 s                 ; Yes                       ; No                        ;
; HEX4[5]       ; 3.3-V LVTTL  ; 0 s                 ; 0 s                 ; 3.08 V                       ; 1.9e-06 V                    ; 3.11 V              ; -0.0625 V           ; 0.224 V                              ; 0.17 V                               ; 6.86e-10 s                  ; 6.31e-10 s                  ; Yes                        ; No                         ; 3.08 V                      ; 1.9e-06 V                   ; 3.11 V             ; -0.0625 V          ; 0.224 V                             ; 0.17 V                              ; 6.86e-10 s                 ; 6.31e-10 s                 ; Yes                       ; No                        ;
; HEX4[6]       ; 3.3-V LVTTL  ; 0 s                 ; 0 s                 ; 3.08 V                       ; 1.9e-06 V                    ; 3.11 V              ; -0.0625 V           ; 0.224 V                              ; 0.17 V                               ; 6.86e-10 s                  ; 6.31e-10 s                  ; Yes                        ; No                         ; 3.08 V                      ; 1.9e-06 V                   ; 3.11 V             ; -0.0625 V          ; 0.224 V                             ; 0.17 V                              ; 6.86e-10 s                 ; 6.31e-10 s                 ; Yes                       ; No                        ;
; HEX3[0]       ; 2.5 V        ; 0 s                 ; 0 s                 ; 2.32 V                       ; 4.67e-07 V                   ; 2.35 V              ; -0.00942 V          ; 0.116 V                              ; 0.033 V                              ; 6.66e-10 s                  ; 6.27e-10 s                  ; Yes                        ; Yes                        ; 2.32 V                      ; 4.67e-07 V                  ; 2.35 V             ; -0.00942 V         ; 0.116 V                             ; 0.033 V                             ; 6.66e-10 s                 ; 6.27e-10 s                 ; Yes                       ; Yes                       ;
; HEX3[1]       ; 2.5 V        ; 0 s                 ; 0 s                 ; 2.32 V                       ; 4.67e-07 V                   ; 2.36 V              ; -0.00552 V          ; 0.11 V                               ; 0.007 V                              ; 4.54e-10 s                  ; 4.35e-10 s                  ; Yes                        ; Yes                        ; 2.32 V                      ; 4.67e-07 V                  ; 2.36 V             ; -0.00552 V         ; 0.11 V                              ; 0.007 V                             ; 4.54e-10 s                 ; 4.35e-10 s                 ; Yes                       ; Yes                       ;
; HEX3[2]       ; 3.3-V LVTTL  ; 0 s                 ; 0 s                 ; 3.08 V                       ; 1.9e-06 V                    ; 3.08 V              ; -0.00581 V          ; 0.138 V                              ; 0.22 V                               ; 5.55e-09 s                  ; 4.38e-09 s                  ; Yes                        ; Yes                        ; 3.08 V                      ; 1.9e-06 V                   ; 3.08 V             ; -0.00581 V         ; 0.138 V                             ; 0.22 V                              ; 5.55e-09 s                 ; 4.38e-09 s                 ; Yes                       ; Yes                       ;
; HEX3[3]       ; 3.3-V LVTTL  ; 0 s                 ; 0 s                 ; 3.08 V                       ; 1.9e-06 V                    ; 3.11 V              ; -0.0625 V           ; 0.224 V                              ; 0.17 V                               ; 6.86e-10 s                  ; 6.31e-10 s                  ; Yes                        ; No                         ; 3.08 V                      ; 1.9e-06 V                   ; 3.11 V             ; -0.0625 V          ; 0.224 V                             ; 0.17 V                              ; 6.86e-10 s                 ; 6.31e-10 s                 ; Yes                       ; No                        ;
; HEX3[4]       ; 3.3-V LVTTL  ; 0 s                 ; 0 s                 ; 3.08 V                       ; 1.9e-06 V                    ; 3.11 V              ; -0.0625 V           ; 0.224 V                              ; 0.17 V                               ; 6.86e-10 s                  ; 6.31e-10 s                  ; Yes                        ; No                         ; 3.08 V                      ; 1.9e-06 V                   ; 3.11 V             ; -0.0625 V          ; 0.224 V                             ; 0.17 V                              ; 6.86e-10 s                 ; 6.31e-10 s                 ; Yes                       ; No                        ;
; HEX3[5]       ; 3.3-V LVTTL  ; 0 s                 ; 0 s                 ; 3.08 V                       ; 1.9e-06 V                    ; 3.11 V              ; -0.0625 V           ; 0.224 V                              ; 0.17 V                               ; 6.86e-10 s                  ; 6.31e-10 s                  ; Yes                        ; No                         ; 3.08 V                      ; 1.9e-06 V                   ; 3.11 V             ; -0.0625 V          ; 0.224 V                             ; 0.17 V                              ; 6.86e-10 s                 ; 6.31e-10 s                 ; Yes                       ; No                        ;
; HEX3[6]       ; 3.3-V LVTTL  ; 0 s                 ; 0 s                 ; 3.08 V                       ; 1.9e-06 V                    ; 3.11 V              ; -0.0625 V           ; 0.224 V                              ; 0.17 V                               ; 6.86e-10 s                  ; 6.31e-10 s                  ; Yes                        ; No                         ; 3.08 V                      ; 1.9e-06 V                   ; 3.11 V             ; -0.0625 V          ; 0.224 V                             ; 0.17 V                              ; 6.86e-10 s                 ; 6.31e-10 s                 ; Yes                       ; No                        ;
; HEX2[0]       ; 2.5 V        ; 0 s                 ; 0 s                 ; 2.32 V                       ; 4.67e-07 V                   ; 2.35 V              ; -0.00942 V          ; 0.116 V                              ; 0.033 V                              ; 6.66e-10 s                  ; 6.27e-10 s                  ; Yes                        ; Yes                        ; 2.32 V                      ; 4.67e-07 V                  ; 2.35 V             ; -0.00942 V         ; 0.116 V                             ; 0.033 V                             ; 6.66e-10 s                 ; 6.27e-10 s                 ; Yes                       ; Yes                       ;
; HEX2[1]       ; 2.5 V        ; 0 s                 ; 0 s                 ; 2.32 V                       ; 4.67e-07 V                   ; 2.35 V              ; -0.00942 V          ; 0.116 V                              ; 0.033 V                              ; 6.66e-10 s                  ; 6.27e-10 s                  ; Yes                        ; Yes                        ; 2.32 V                      ; 4.67e-07 V                  ; 2.35 V             ; -0.00942 V         ; 0.116 V                             ; 0.033 V                             ; 6.66e-10 s                 ; 6.27e-10 s                 ; Yes                       ; Yes                       ;
; HEX2[2]       ; 2.5 V        ; 0 s                 ; 0 s                 ; 2.32 V                       ; 4.67e-07 V                   ; 2.35 V              ; -0.00942 V          ; 0.116 V                              ; 0.033 V                              ; 6.66e-10 s                  ; 6.27e-10 s                  ; Yes                        ; Yes                        ; 2.32 V                      ; 4.67e-07 V                  ; 2.35 V             ; -0.00942 V         ; 0.116 V                             ; 0.033 V                             ; 6.66e-10 s                 ; 6.27e-10 s                 ; Yes                       ; Yes                       ;
; HEX2[3]       ; 2.5 V        ; 0 s                 ; 0 s                 ; 2.32 V                       ; 4.67e-07 V                   ; 2.35 V              ; -0.00942 V          ; 0.116 V                              ; 0.033 V                              ; 6.66e-10 s                  ; 6.27e-10 s                  ; Yes                        ; Yes                        ; 2.32 V                      ; 4.67e-07 V                  ; 2.35 V             ; -0.00942 V         ; 0.116 V                             ; 0.033 V                             ; 6.66e-10 s                 ; 6.27e-10 s                 ; Yes                       ; Yes                       ;
; HEX2[4]       ; 2.5 V        ; 0 s                 ; 0 s                 ; 2.32 V                       ; 4.67e-07 V                   ; 2.35 V              ; -0.00942 V          ; 0.116 V                              ; 0.033 V                              ; 6.66e-10 s                  ; 6.27e-10 s                  ; Yes                        ; Yes                        ; 2.32 V                      ; 4.67e-07 V                  ; 2.35 V             ; -0.00942 V         ; 0.116 V                             ; 0.033 V                             ; 6.66e-10 s                 ; 6.27e-10 s                 ; Yes                       ; Yes                       ;
; HEX2[5]       ; 2.5 V        ; 0 s                 ; 0 s                 ; 2.32 V                       ; 4.67e-07 V                   ; 2.35 V              ; -0.00942 V          ; 0.116 V                              ; 0.033 V                              ; 6.66e-10 s                  ; 6.27e-10 s                  ; Yes                        ; Yes                        ; 2.32 V                      ; 4.67e-07 V                  ; 2.35 V             ; -0.00942 V         ; 0.116 V                             ; 0.033 V                             ; 6.66e-10 s                 ; 6.27e-10 s                 ; Yes                       ; Yes                       ;
; HEX2[6]       ; 2.5 V        ; 0 s                 ; 0 s                 ; 2.32 V                       ; 4.67e-07 V                   ; 2.35 V              ; -0.00942 V          ; 0.116 V                              ; 0.033 V                              ; 6.66e-10 s                  ; 6.27e-10 s                  ; Yes                        ; Yes                        ; 2.32 V                      ; 4.67e-07 V                  ; 2.35 V             ; -0.00942 V         ; 0.116 V                             ; 0.033 V                             ; 6.66e-10 s                 ; 6.27e-10 s                 ; Yes                       ; Yes                       ;
; HEX1[0]       ; 2.5 V        ; 0 s                 ; 0 s                 ; 2.32 V                       ; 4.67e-07 V                   ; 2.36 V              ; -0.00552 V          ; 0.11 V                               ; 0.007 V                              ; 4.54e-10 s                  ; 4.35e-10 s                  ; Yes                        ; Yes                        ; 2.32 V                      ; 4.67e-07 V                  ; 2.36 V             ; -0.00552 V         ; 0.11 V                              ; 0.007 V                             ; 4.54e-10 s                 ; 4.35e-10 s                 ; Yes                       ; Yes                       ;
; HEX1[1]       ; 2.5 V        ; 0 s                 ; 0 s                 ; 2.32 V                       ; 4.67e-07 V                   ; 2.35 V              ; -0.00942 V          ; 0.116 V                              ; 0.033 V                              ; 6.66e-10 s                  ; 6.27e-10 s                  ; Yes                        ; Yes                        ; 2.32 V                      ; 4.67e-07 V                  ; 2.35 V             ; -0.00942 V         ; 0.116 V                             ; 0.033 V                             ; 6.66e-10 s                 ; 6.27e-10 s                 ; Yes                       ; Yes                       ;
; HEX1[2]       ; 2.5 V        ; 0 s                 ; 0 s                 ; 2.32 V                       ; 4.67e-07 V                   ; 2.35 V              ; -0.00942 V          ; 0.116 V                              ; 0.033 V                              ; 6.66e-10 s                  ; 6.27e-10 s                  ; Yes                        ; Yes                        ; 2.32 V                      ; 4.67e-07 V                  ; 2.35 V             ; -0.00942 V         ; 0.116 V                             ; 0.033 V                             ; 6.66e-10 s                 ; 6.27e-10 s                 ; Yes                       ; Yes                       ;
; HEX1[3]       ; 2.5 V        ; 0 s                 ; 0 s                 ; 2.32 V                       ; 4.67e-07 V                   ; 2.35 V              ; -0.00942 V          ; 0.116 V                              ; 0.033 V                              ; 6.66e-10 s                  ; 6.27e-10 s                  ; Yes                        ; Yes                        ; 2.32 V                      ; 4.67e-07 V                  ; 2.35 V             ; -0.00942 V         ; 0.116 V                             ; 0.033 V                             ; 6.66e-10 s                 ; 6.27e-10 s                 ; Yes                       ; Yes                       ;
; HEX1[4]       ; 2.5 V        ; 0 s                 ; 0 s                 ; 2.32 V                       ; 4.67e-07 V                   ; 2.35 V              ; -0.00942 V          ; 0.116 V                              ; 0.033 V                              ; 6.66e-10 s                  ; 6.27e-10 s                  ; Yes                        ; Yes                        ; 2.32 V                      ; 4.67e-07 V                  ; 2.35 V             ; -0.00942 V         ; 0.116 V                             ; 0.033 V                             ; 6.66e-10 s                 ; 6.27e-10 s                 ; Yes                       ; Yes                       ;
; HEX1[5]       ; 2.5 V        ; 0 s                 ; 0 s                 ; 2.32 V                       ; 4.67e-07 V                   ; 2.33 V              ; -0.00269 V          ; 0.13 V                               ; 0.055 V                              ; 3.54e-09 s                  ; 3.29e-09 s                  ; Yes                        ; Yes                        ; 2.32 V                      ; 4.67e-07 V                  ; 2.33 V             ; -0.00269 V         ; 0.13 V                              ; 0.055 V                             ; 3.54e-09 s                 ; 3.29e-09 s                 ; Yes                       ; Yes                       ;
; HEX1[6]       ; 2.5 V        ; 0 s                 ; 0 s                 ; 2.32 V                       ; 4.67e-07 V                   ; 2.33 V              ; -0.00269 V          ; 0.13 V                               ; 0.055 V                              ; 3.54e-09 s                  ; 3.29e-09 s                  ; Yes                        ; Yes                        ; 2.32 V                      ; 4.67e-07 V                  ; 2.33 V             ; -0.00269 V         ; 0.13 V                              ; 0.055 V                             ; 3.54e-09 s                 ; 3.29e-09 s                 ; Yes                       ; Yes                       ;
; HEX0[0]       ; 2.5 V        ; 0 s                 ; 0 s                 ; 2.32 V                       ; 6.92e-07 V                   ; 2.35 V              ; -0.00996 V          ; 0.121 V                              ; 0.03 V                               ; 4.64e-10 s                  ; 4.47e-10 s                  ; Yes                        ; Yes                        ; 2.32 V                      ; 6.92e-07 V                  ; 2.35 V             ; -0.00996 V         ; 0.121 V                             ; 0.03 V                              ; 4.64e-10 s                 ; 4.47e-10 s                 ; Yes                       ; Yes                       ;
; HEX0[1]       ; 2.5 V        ; 0 s                 ; 0 s                 ; 2.32 V                       ; 6.92e-07 V                   ; 2.33 V              ; -0.00265 V          ; 0.133 V                              ; 0.056 V                              ; 3.55e-09 s                  ; 3.31e-09 s                  ; Yes                        ; Yes                        ; 2.32 V                      ; 6.92e-07 V                  ; 2.33 V             ; -0.00265 V         ; 0.133 V                             ; 0.056 V                             ; 3.55e-09 s                 ; 3.31e-09 s                 ; Yes                       ; Yes                       ;
; HEX0[2]       ; 2.5 V        ; 0 s                 ; 0 s                 ; 2.32 V                       ; 6.92e-07 V                   ; 2.35 V              ; -0.00996 V          ; 0.121 V                              ; 0.03 V                               ; 4.64e-10 s                  ; 4.47e-10 s                  ; Yes                        ; Yes                        ; 2.32 V                      ; 6.92e-07 V                  ; 2.35 V             ; -0.00996 V         ; 0.121 V                             ; 0.03 V                              ; 4.64e-10 s                 ; 4.47e-10 s                 ; Yes                       ; Yes                       ;
; HEX0[3]       ; 2.5 V        ; 0 s                 ; 0 s                 ; 2.32 V                       ; 4.67e-07 V                   ; 2.36 V              ; -0.00552 V          ; 0.11 V                               ; 0.007 V                              ; 4.54e-10 s                  ; 4.35e-10 s                  ; Yes                        ; Yes                        ; 2.32 V                      ; 4.67e-07 V                  ; 2.36 V             ; -0.00552 V         ; 0.11 V                              ; 0.007 V                             ; 4.54e-10 s                 ; 4.35e-10 s                 ; Yes                       ; Yes                       ;
; HEX0[4]       ; 2.5 V        ; 0 s                 ; 0 s                 ; 2.32 V                       ; 4.67e-07 V                   ; 2.36 V              ; -0.00552 V          ; 0.11 V                               ; 0.007 V                              ; 4.54e-10 s                  ; 4.35e-10 s                  ; Yes                        ; Yes                        ; 2.32 V                      ; 4.67e-07 V                  ; 2.36 V             ; -0.00552 V         ; 0.11 V                              ; 0.007 V                             ; 4.54e-10 s                 ; 4.35e-10 s                 ; Yes                       ; Yes                       ;
; HEX0[5]       ; 2.5 V        ; 0 s                 ; 0 s                 ; 2.32 V                       ; 4.67e-07 V                   ; 2.33 V              ; -0.00269 V          ; 0.13 V                               ; 0.055 V                              ; 3.54e-09 s                  ; 3.29e-09 s                  ; Yes                        ; Yes                        ; 2.32 V                      ; 4.67e-07 V                  ; 2.33 V             ; -0.00269 V         ; 0.13 V                              ; 0.055 V                             ; 3.54e-09 s                 ; 3.29e-09 s                 ; Yes                       ; Yes                       ;
; HEX0[6]       ; 2.5 V        ; 0 s                 ; 0 s                 ; 2.32 V                       ; 4.67e-07 V                   ; 2.36 V              ; -0.00552 V          ; 0.11 V                               ; 0.007 V                              ; 4.54e-10 s                  ; 4.35e-10 s                  ; Yes                        ; Yes                        ; 2.32 V                      ; 4.67e-07 V                  ; 2.36 V             ; -0.00552 V         ; 0.11 V                              ; 0.007 V                             ; 4.54e-10 s                 ; 4.35e-10 s                 ; Yes                       ; Yes                       ;
; LEDG[0]       ; 2.5 V        ; 0 s                 ; 0 s                 ; 2.32 V                       ; 6.92e-07 V                   ; 2.35 V              ; -0.00996 V          ; 0.121 V                              ; 0.03 V                               ; 4.64e-10 s                  ; 4.47e-10 s                  ; Yes                        ; Yes                        ; 2.32 V                      ; 6.92e-07 V                  ; 2.35 V             ; -0.00996 V         ; 0.121 V                             ; 0.03 V                              ; 4.64e-10 s                 ; 4.47e-10 s                 ; Yes                       ; Yes                       ;
; LEDG[1]       ; 2.5 V        ; 0 s                 ; 0 s                 ; 2.32 V                       ; 6.92e-07 V                   ; 2.35 V              ; -0.00996 V          ; 0.121 V                              ; 0.03 V                               ; 4.64e-10 s                  ; 4.47e-10 s                  ; Yes                        ; Yes                        ; 2.32 V                      ; 6.92e-07 V                  ; 2.35 V             ; -0.00996 V         ; 0.121 V                             ; 0.03 V                              ; 4.64e-10 s                 ; 4.47e-10 s                 ; Yes                       ; Yes                       ;
; LEDG[2]       ; 2.5 V        ; 0 s                 ; 0 s                 ; 2.32 V                       ; 6.92e-07 V                   ; 2.35 V              ; -0.00996 V          ; 0.121 V                              ; 0.03 V                               ; 4.64e-10 s                  ; 4.47e-10 s                  ; Yes                        ; Yes                        ; 2.32 V                      ; 6.92e-07 V                  ; 2.35 V             ; -0.00996 V         ; 0.121 V                             ; 0.03 V                              ; 4.64e-10 s                 ; 4.47e-10 s                 ; Yes                       ; Yes                       ;
; LEDG[3]       ; 2.5 V        ; 0 s                 ; 0 s                 ; 2.32 V                       ; 6.92e-07 V                   ; 2.35 V              ; -0.00996 V          ; 0.121 V                              ; 0.03 V                               ; 4.64e-10 s                  ; 4.47e-10 s                  ; Yes                        ; Yes                        ; 2.32 V                      ; 6.92e-07 V                  ; 2.35 V             ; -0.00996 V         ; 0.121 V                             ; 0.03 V                              ; 4.64e-10 s                 ; 4.47e-10 s                 ; Yes                       ; Yes                       ;
; LEDG[4]       ; 2.5 V        ; 0 s                 ; 0 s                 ; 2.32 V                       ; 6.92e-07 V                   ; 2.35 V              ; -0.00996 V          ; 0.121 V                              ; 0.03 V                               ; 4.64e-10 s                  ; 4.47e-10 s                  ; Yes                        ; Yes                        ; 2.32 V                      ; 6.92e-07 V                  ; 2.35 V             ; -0.00996 V         ; 0.121 V                             ; 0.03 V                              ; 4.64e-10 s                 ; 4.47e-10 s                 ; Yes                       ; Yes                       ;
; LEDG[5]       ; 2.5 V        ; 0 s                 ; 0 s                 ; 2.32 V                       ; 6.92e-07 V                   ; 2.35 V              ; -0.00996 V          ; 0.121 V                              ; 0.03 V                               ; 4.64e-10 s                  ; 4.47e-10 s                  ; Yes                        ; Yes                        ; 2.32 V                      ; 6.92e-07 V                  ; 2.35 V             ; -0.00996 V         ; 0.121 V                             ; 0.03 V                              ; 4.64e-10 s                 ; 4.47e-10 s                 ; Yes                       ; Yes                       ;
; LEDG[6]       ; 2.5 V        ; 0 s                 ; 0 s                 ; 2.32 V                       ; 6.92e-07 V                   ; 2.35 V              ; -0.00996 V          ; 0.121 V                              ; 0.03 V                               ; 4.64e-10 s                  ; 4.47e-10 s                  ; Yes                        ; Yes                        ; 2.32 V                      ; 6.92e-07 V                  ; 2.35 V             ; -0.00996 V         ; 0.121 V                             ; 0.03 V                              ; 4.64e-10 s                 ; 4.47e-10 s                 ; Yes                       ; Yes                       ;
; LEDG[7]       ; 2.5 V        ; 0 s                 ; 0 s                 ; 2.32 V                       ; 6.92e-07 V                   ; 2.35 V              ; -0.00996 V          ; 0.121 V                              ; 0.03 V                               ; 4.64e-10 s                  ; 4.47e-10 s                  ; Yes                        ; Yes                        ; 2.32 V                      ; 6.92e-07 V                  ; 2.35 V             ; -0.00996 V         ; 0.121 V                             ; 0.03 V                              ; 4.64e-10 s                 ; 4.47e-10 s                 ; Yes                       ; Yes                       ;
; LEDR[0]       ; 2.5 V        ; 0 s                 ; 0 s                 ; 2.32 V                       ; 6.92e-07 V                   ; 2.35 V              ; -0.00996 V          ; 0.121 V                              ; 0.03 V                               ; 4.64e-10 s                  ; 4.47e-10 s                  ; Yes                        ; Yes                        ; 2.32 V                      ; 6.92e-07 V                  ; 2.35 V             ; -0.00996 V         ; 0.121 V                             ; 0.03 V                              ; 4.64e-10 s                 ; 4.47e-10 s                 ; Yes                       ; Yes                       ;
; LEDR[1]       ; 2.5 V        ; 0 s                 ; 0 s                 ; 2.32 V                       ; 6.92e-07 V                   ; 2.35 V              ; -0.00996 V          ; 0.121 V                              ; 0.03 V                               ; 4.64e-10 s                  ; 4.47e-10 s                  ; Yes                        ; Yes                        ; 2.32 V                      ; 6.92e-07 V                  ; 2.35 V             ; -0.00996 V         ; 0.121 V                             ; 0.03 V                              ; 4.64e-10 s                 ; 4.47e-10 s                 ; Yes                       ; Yes                       ;
; LEDR[2]       ; 2.5 V        ; 0 s                 ; 0 s                 ; 2.32 V                       ; 6.92e-07 V                   ; 2.35 V              ; -0.00996 V          ; 0.121 V                              ; 0.03 V                               ; 4.64e-10 s                  ; 4.47e-10 s                  ; Yes                        ; Yes                        ; 2.32 V                      ; 6.92e-07 V                  ; 2.35 V             ; -0.00996 V         ; 0.121 V                             ; 0.03 V                              ; 4.64e-10 s                 ; 4.47e-10 s                 ; Yes                       ; Yes                       ;
; LEDR[3]       ; 2.5 V        ; 0 s                 ; 0 s                 ; 2.32 V                       ; 6.92e-07 V                   ; 2.35 V              ; -0.00996 V          ; 0.121 V                              ; 0.03 V                               ; 4.64e-10 s                  ; 4.47e-10 s                  ; Yes                        ; Yes                        ; 2.32 V                      ; 6.92e-07 V                  ; 2.35 V             ; -0.00996 V         ; 0.121 V                             ; 0.03 V                              ; 4.64e-10 s                 ; 4.47e-10 s                 ; Yes                       ; Yes                       ;
; LEDR[4]       ; 2.5 V        ; 0 s                 ; 0 s                 ; 2.32 V                       ; 6.92e-07 V                   ; 2.35 V              ; -0.00996 V          ; 0.121 V                              ; 0.03 V                               ; 4.64e-10 s                  ; 4.47e-10 s                  ; Yes                        ; Yes                        ; 2.32 V                      ; 6.92e-07 V                  ; 2.35 V             ; -0.00996 V         ; 0.121 V                             ; 0.03 V                              ; 4.64e-10 s                 ; 4.47e-10 s                 ; Yes                       ; Yes                       ;
; LEDR[5]       ; 2.5 V        ; 0 s                 ; 0 s                 ; 2.32 V                       ; 6.92e-07 V                   ; 2.35 V              ; -0.00996 V          ; 0.121 V                              ; 0.03 V                               ; 4.64e-10 s                  ; 4.47e-10 s                  ; Yes                        ; Yes                        ; 2.32 V                      ; 6.92e-07 V                  ; 2.35 V             ; -0.00996 V         ; 0.121 V                             ; 0.03 V                              ; 4.64e-10 s                 ; 4.47e-10 s                 ; Yes                       ; Yes                       ;
; LEDR[6]       ; 2.5 V        ; 0 s                 ; 0 s                 ; 2.32 V                       ; 6.92e-07 V                   ; 2.35 V              ; -0.00996 V          ; 0.121 V                              ; 0.03 V                               ; 4.64e-10 s                  ; 4.47e-10 s                  ; Yes                        ; Yes                        ; 2.32 V                      ; 6.92e-07 V                  ; 2.35 V             ; -0.00996 V         ; 0.121 V                             ; 0.03 V                              ; 4.64e-10 s                 ; 4.47e-10 s                 ; Yes                       ; Yes                       ;
; LEDR[7]       ; 2.5 V        ; 0 s                 ; 0 s                 ; 2.32 V                       ; 6.92e-07 V                   ; 2.35 V              ; -0.00996 V          ; 0.121 V                              ; 0.03 V                               ; 4.64e-10 s                  ; 4.47e-10 s                  ; Yes                        ; Yes                        ; 2.32 V                      ; 6.92e-07 V                  ; 2.35 V             ; -0.00996 V         ; 0.121 V                             ; 0.03 V                              ; 4.64e-10 s                 ; 4.47e-10 s                 ; Yes                       ; Yes                       ;
; LEDR[8]       ; 2.5 V        ; 0 s                 ; 0 s                 ; 2.32 V                       ; 6.92e-07 V                   ; 2.35 V              ; -0.00996 V          ; 0.121 V                              ; 0.03 V                               ; 4.64e-10 s                  ; 4.47e-10 s                  ; Yes                        ; Yes                        ; 2.32 V                      ; 6.92e-07 V                  ; 2.35 V             ; -0.00996 V         ; 0.121 V                             ; 0.03 V                              ; 4.64e-10 s                 ; 4.47e-10 s                 ; Yes                       ; Yes                       ;
; LEDR[9]       ; 2.5 V        ; 0 s                 ; 0 s                 ; 2.32 V                       ; 6.92e-07 V                   ; 2.33 V              ; -0.00265 V          ; 0.133 V                              ; 0.056 V                              ; 3.55e-09 s                  ; 3.31e-09 s                  ; Yes                        ; Yes                        ; 2.32 V                      ; 6.92e-07 V                  ; 2.33 V             ; -0.00265 V         ; 0.133 V                             ; 0.056 V                             ; 3.55e-09 s                 ; 3.31e-09 s                 ; Yes                       ; Yes                       ;
; LEDR[10]      ; 2.5 V        ; 0 s                 ; 0 s                 ; 2.32 V                       ; 6.92e-07 V                   ; 2.35 V              ; -0.00996 V          ; 0.121 V                              ; 0.03 V                               ; 4.64e-10 s                  ; 4.47e-10 s                  ; Yes                        ; Yes                        ; 2.32 V                      ; 6.92e-07 V                  ; 2.35 V             ; -0.00996 V         ; 0.121 V                             ; 0.03 V                              ; 4.64e-10 s                 ; 4.47e-10 s                 ; Yes                       ; Yes                       ;
; LEDR[11]      ; 2.5 V        ; 0 s                 ; 0 s                 ; 2.32 V                       ; 6.92e-07 V                   ; 2.35 V              ; -0.00996 V          ; 0.121 V                              ; 0.03 V                               ; 4.64e-10 s                  ; 4.47e-10 s                  ; Yes                        ; Yes                        ; 2.32 V                      ; 6.92e-07 V                  ; 2.35 V             ; -0.00996 V         ; 0.121 V                             ; 0.03 V                              ; 4.64e-10 s                 ; 4.47e-10 s                 ; Yes                       ; Yes                       ;
; LEDR[12]      ; 2.5 V        ; 0 s                 ; 0 s                 ; 2.32 V                       ; 6.92e-07 V                   ; 2.35 V              ; -0.00996 V          ; 0.121 V                              ; 0.03 V                               ; 4.64e-10 s                  ; 4.47e-10 s                  ; Yes                        ; Yes                        ; 2.32 V                      ; 6.92e-07 V                  ; 2.35 V             ; -0.00996 V         ; 0.121 V                             ; 0.03 V                              ; 4.64e-10 s                 ; 4.47e-10 s                 ; Yes                       ; Yes                       ;
; LEDR[13]      ; 2.5 V        ; 0 s                 ; 0 s                 ; 2.32 V                       ; 6.92e-07 V                   ; 2.35 V              ; -0.00996 V          ; 0.121 V                              ; 0.03 V                               ; 4.64e-10 s                  ; 4.47e-10 s                  ; Yes                        ; Yes                        ; 2.32 V                      ; 6.92e-07 V                  ; 2.35 V             ; -0.00996 V         ; 0.121 V                             ; 0.03 V                              ; 4.64e-10 s                 ; 4.47e-10 s                 ; Yes                       ; Yes                       ;
; LEDR[14]      ; 2.5 V        ; 0 s                 ; 0 s                 ; 2.32 V                       ; 6.92e-07 V                   ; 2.35 V              ; -0.00996 V          ; 0.121 V                              ; 0.03 V                               ; 4.64e-10 s                  ; 4.47e-10 s                  ; Yes                        ; Yes                        ; 2.32 V                      ; 6.92e-07 V                  ; 2.35 V             ; -0.00996 V         ; 0.121 V                             ; 0.03 V                              ; 4.64e-10 s                 ; 4.47e-10 s                 ; Yes                       ; Yes                       ;
; LEDR[15]      ; 2.5 V        ; 0 s                 ; 0 s                 ; 2.32 V                       ; 6.92e-07 V                   ; 2.33 V              ; -0.00265 V          ; 0.133 V                              ; 0.056 V                              ; 3.55e-09 s                  ; 3.31e-09 s                  ; Yes                        ; Yes                        ; 2.32 V                      ; 6.92e-07 V                  ; 2.33 V             ; -0.00265 V         ; 0.133 V                             ; 0.056 V                             ; 3.55e-09 s                 ; 3.31e-09 s                 ; Yes                       ; Yes                       ;
; LEDR[16]      ; 2.5 V        ; 0 s                 ; 0 s                 ; 2.32 V                       ; 6.92e-07 V                   ; 2.35 V              ; -0.00996 V          ; 0.121 V                              ; 0.03 V                               ; 4.64e-10 s                  ; 4.47e-10 s                  ; Yes                        ; Yes                        ; 2.32 V                      ; 6.92e-07 V                  ; 2.35 V             ; -0.00996 V         ; 0.121 V                             ; 0.03 V                              ; 4.64e-10 s                 ; 4.47e-10 s                 ; Yes                       ; Yes                       ;
; LEDR[17]      ; 2.5 V        ; 0 s                 ; 0 s                 ; 2.32 V                       ; 6.92e-07 V                   ; 2.35 V              ; -0.00996 V          ; 0.121 V                              ; 0.03 V                               ; 4.64e-10 s                  ; 4.47e-10 s                  ; Yes                        ; Yes                        ; 2.32 V                      ; 6.92e-07 V                  ; 2.35 V             ; -0.00996 V         ; 0.121 V                             ; 0.03 V                              ; 4.64e-10 s                 ; 4.47e-10 s                 ; Yes                       ; Yes                       ;
; LCD_DATA[0]   ; 3.3-V LVTTL  ; 0 s                 ; 0 s                 ; 3.08 V                       ; 1.28e-06 V                   ; 3.11 V              ; -0.0528 V           ; 0.302 V                              ; 0.199 V                              ; 9.51e-10 s                  ; 8.47e-10 s                  ; Yes                        ; No                         ; 3.08 V                      ; 1.28e-06 V                  ; 3.11 V             ; -0.0528 V          ; 0.302 V                             ; 0.199 V                             ; 9.51e-10 s                 ; 8.47e-10 s                 ; Yes                       ; No                        ;
; LCD_DATA[1]   ; 3.3-V LVTTL  ; 0 s                 ; 0 s                 ; 3.08 V                       ; 1.28e-06 V                   ; 3.11 V              ; -0.0528 V           ; 0.302 V                              ; 0.199 V                              ; 9.51e-10 s                  ; 8.47e-10 s                  ; Yes                        ; No                         ; 3.08 V                      ; 1.28e-06 V                  ; 3.11 V             ; -0.0528 V          ; 0.302 V                             ; 0.199 V                             ; 9.51e-10 s                 ; 8.47e-10 s                 ; Yes                       ; No                        ;
; LCD_DATA[2]   ; 3.3-V LVTTL  ; 0 s                 ; 0 s                 ; 3.08 V                       ; 1.28e-06 V                   ; 3.11 V              ; -0.0528 V           ; 0.302 V                              ; 0.199 V                              ; 9.51e-10 s                  ; 8.47e-10 s                  ; Yes                        ; No                         ; 3.08 V                      ; 1.28e-06 V                  ; 3.11 V             ; -0.0528 V          ; 0.302 V                             ; 0.199 V                             ; 9.51e-10 s                 ; 8.47e-10 s                 ; Yes                       ; No                        ;
; LCD_DATA[3]   ; 3.3-V LVTTL  ; 0 s                 ; 0 s                 ; 3.08 V                       ; 1.28e-06 V                   ; 3.11 V              ; -0.0528 V           ; 0.302 V                              ; 0.199 V                              ; 9.51e-10 s                  ; 8.47e-10 s                  ; Yes                        ; No                         ; 3.08 V                      ; 1.28e-06 V                  ; 3.11 V             ; -0.0528 V          ; 0.302 V                             ; 0.199 V                             ; 9.51e-10 s                 ; 8.47e-10 s                 ; Yes                       ; No                        ;
; LCD_DATA[4]   ; 3.3-V LVTTL  ; 0 s                 ; 0 s                 ; 3.08 V                       ; 1.28e-06 V                   ; 3.11 V              ; -0.0528 V           ; 0.302 V                              ; 0.199 V                              ; 9.51e-10 s                  ; 8.47e-10 s                  ; Yes                        ; No                         ; 3.08 V                      ; 1.28e-06 V                  ; 3.11 V             ; -0.0528 V          ; 0.302 V                             ; 0.199 V                             ; 9.51e-10 s                 ; 8.47e-10 s                 ; Yes                       ; No                        ;
; LCD_DATA[5]   ; 3.3-V LVTTL  ; 0 s                 ; 0 s                 ; 3.08 V                       ; 1.28e-06 V                   ; 3.11 V              ; -0.0528 V           ; 0.302 V                              ; 0.199 V                              ; 9.51e-10 s                  ; 8.47e-10 s                  ; Yes                        ; No                         ; 3.08 V                      ; 1.28e-06 V                  ; 3.11 V             ; -0.0528 V          ; 0.302 V                             ; 0.199 V                             ; 9.51e-10 s                 ; 8.47e-10 s                 ; Yes                       ; No                        ;
; LCD_DATA[6]   ; 3.3-V LVTTL  ; 0 s                 ; 0 s                 ; 3.08 V                       ; 1.28e-06 V                   ; 3.11 V              ; -0.0528 V           ; 0.302 V                              ; 0.199 V                              ; 9.51e-10 s                  ; 8.47e-10 s                  ; Yes                        ; No                         ; 3.08 V                      ; 1.28e-06 V                  ; 3.11 V             ; -0.0528 V          ; 0.302 V                             ; 0.199 V                             ; 9.51e-10 s                 ; 8.47e-10 s                 ; Yes                       ; No                        ;
; LCD_DATA[7]   ; 3.3-V LVTTL  ; 0 s                 ; 0 s                 ; 3.08 V                       ; 1.28e-06 V                   ; 3.08 V              ; -0.00641 V          ; 0.261 V                              ; 0.26 V                               ; 5.52e-09 s                  ; 4.36e-09 s                  ; Yes                        ; Yes                        ; 3.08 V                      ; 1.28e-06 V                  ; 3.08 V             ; -0.00641 V         ; 0.261 V                             ; 0.26 V                              ; 5.52e-09 s                 ; 4.36e-09 s                 ; Yes                       ; Yes                       ;
; ~ALTERA_DCLK~ ; 3.3-V LVTTL  ; 0 s                 ; 0 s                 ; 3.08 V                       ; 6.54e-07 V                   ; 3.14 V              ; -0.115 V            ; 0.146 V                              ; 0.141 V                              ; 3.07e-10 s                  ; 3.96e-10 s                  ; Yes                        ; No                         ; 3.08 V                      ; 6.54e-07 V                  ; 3.14 V             ; -0.115 V           ; 0.146 V                             ; 0.141 V                             ; 3.07e-10 s                 ; 3.96e-10 s                 ; Yes                       ; No                        ;
; ~ALTERA_nCEO~ ; 2.5 V        ; 0 s                 ; 0 s                 ; 2.32 V                       ; 6.15e-07 V                   ; 2.35 V              ; -0.00712 V          ; 0.093 V                              ; 0.02 V                               ; 6.21e-10 s                  ; 7.9e-10 s                   ; Yes                        ; Yes                        ; 2.32 V                      ; 6.15e-07 V                  ; 2.35 V             ; -0.00712 V         ; 0.093 V                             ; 0.02 V                              ; 6.21e-10 s                 ; 7.9e-10 s                  ; Yes                       ; Yes                       ;
+---------------+--------------+---------------------+---------------------+------------------------------+------------------------------+---------------------+---------------------+--------------------------------------+--------------------------------------+-----------------------------+-----------------------------+----------------------------+----------------------------+-----------------------------+-----------------------------+--------------------+--------------------+-------------------------------------+-------------------------------------+----------------------------+----------------------------+---------------------------+---------------------------+


+--------------------------------------------------------------------------------------------------------------------------------------------------------------------------------------------------------------------------------------------------------------------------------------------------------------------------------------------------------------------------------------------------------------------------------------------------------------------------------------------------------------------------------------------------------------------------------------------------------------------------------------------------------------------------------------------+
; Signal Integrity Metrics (Fast 1200mv 0c Model)                                                                                                                                                                                                                                                                                                                                                                                                                                                                                                                                                                                                                                            ;
+---------------+--------------+---------------------+---------------------+------------------------------+------------------------------+---------------------+---------------------+--------------------------------------+--------------------------------------+-----------------------------+-----------------------------+----------------------------+----------------------------+-----------------------------+-----------------------------+--------------------+--------------------+-------------------------------------+-------------------------------------+----------------------------+----------------------------+---------------------------+---------------------------+
; Pin           ; I/O Standard ; Board Delay on Rise ; Board Delay on Fall ; Steady State Voh at FPGA Pin ; Steady State Vol at FPGA Pin ; Voh Max at FPGA Pin ; Vol Min at FPGA Pin ; Ringback Voltage on Rise at FPGA Pin ; Ringback Voltage on Fall at FPGA Pin ; 10-90 Rise Time at FPGA Pin ; 90-10 Fall Time at FPGA Pin ; Monotonic Rise at FPGA Pin ; Monotonic Fall at FPGA Pin ; Steady State Voh at Far-end ; Steady State Vol at Far-end ; Voh Max at Far-end ; Vol Min at Far-end ; Ringback Voltage on Rise at Far-end ; Ringback Voltage on Fall at Far-end ; 10-90 Rise Time at Far-end ; 90-10 Fall Time at Far-end ; Monotonic Rise at Far-end ; Monotonic Fall at Far-end ;
+---------------+--------------+---------------------+---------------------+------------------------------+------------------------------+---------------------+---------------------+--------------------------------------+--------------------------------------+-----------------------------+-----------------------------+----------------------------+----------------------------+-----------------------------+-----------------------------+--------------------+--------------------+-------------------------------------+-------------------------------------+----------------------------+----------------------------+---------------------------+---------------------------+
; LCD_ON        ; 3.3-V LVTTL  ; 0 s                 ; 0 s                 ; 3.46 V                       ; 1.25e-07 V                   ; 3.48 V              ; -0.0162 V           ; 0.354 V                              ; 0.317 V                              ; 3.88e-09 s                  ; 3.06e-09 s                  ; No                         ; No                         ; 3.46 V                      ; 1.25e-07 V                  ; 3.48 V             ; -0.0162 V          ; 0.354 V                             ; 0.317 V                             ; 3.88e-09 s                 ; 3.06e-09 s                 ; No                        ; No                        ;
; LCD_BLON      ; 3.3-V LVTTL  ; 0 s                 ; 0 s                 ; 3.46 V                       ; 1.25e-07 V                   ; 3.57 V              ; -0.0855 V           ; 0.315 V                              ; 0.175 V                              ; 6.79e-10 s                  ; 6.15e-10 s                  ; No                         ; No                         ; 3.46 V                      ; 1.25e-07 V                  ; 3.57 V             ; -0.0855 V          ; 0.315 V                             ; 0.175 V                             ; 6.79e-10 s                 ; 6.15e-10 s                 ; No                        ; No                        ;
; LCD_EN        ; 3.3-V LVTTL  ; 0 s                 ; 0 s                 ; 3.46 V                       ; 1.25e-07 V                   ; 3.57 V              ; -0.0855 V           ; 0.315 V                              ; 0.175 V                              ; 6.79e-10 s                  ; 6.15e-10 s                  ; No                         ; No                         ; 3.46 V                      ; 1.25e-07 V                  ; 3.57 V             ; -0.0855 V          ; 0.315 V                             ; 0.175 V                             ; 6.79e-10 s                 ; 6.15e-10 s                 ; No                        ; No                        ;
; LCD_RS        ; 3.3-V LVTTL  ; 0 s                 ; 0 s                 ; 3.46 V                       ; 1.25e-07 V                   ; 3.57 V              ; -0.0855 V           ; 0.315 V                              ; 0.175 V                              ; 6.79e-10 s                  ; 6.15e-10 s                  ; No                         ; No                         ; 3.46 V                      ; 1.25e-07 V                  ; 3.57 V             ; -0.0855 V          ; 0.315 V                             ; 0.175 V                             ; 6.79e-10 s                 ; 6.15e-10 s                 ; No                        ; No                        ;
; LCD_RW        ; 3.3-V LVTTL  ; 0 s                 ; 0 s                 ; 3.46 V                       ; 1.25e-07 V                   ; 3.57 V              ; -0.0855 V           ; 0.315 V                              ; 0.175 V                              ; 6.79e-10 s                  ; 6.15e-10 s                  ; No                         ; No                         ; 3.46 V                      ; 1.25e-07 V                  ; 3.57 V             ; -0.0855 V          ; 0.315 V                             ; 0.175 V                             ; 6.79e-10 s                 ; 6.15e-10 s                 ; No                        ; No                        ;
; HEX7[0]       ; 3.3-V LVTTL  ; 0 s                 ; 0 s                 ; 3.46 V                       ; 1.85e-07 V                   ; 3.57 V              ; -0.141 V            ; 0.301 V                              ; 0.239 V                              ; 4.61e-10 s                  ; 4.2e-10 s                   ; No                         ; No                         ; 3.46 V                      ; 1.85e-07 V                  ; 3.57 V             ; -0.141 V           ; 0.301 V                             ; 0.239 V                             ; 4.61e-10 s                 ; 4.2e-10 s                  ; No                        ; No                        ;
; HEX7[1]       ; 3.3-V LVTTL  ; 0 s                 ; 0 s                 ; 3.46 V                       ; 1.85e-07 V                   ; 3.57 V              ; -0.141 V            ; 0.301 V                              ; 0.239 V                              ; 4.61e-10 s                  ; 4.2e-10 s                   ; No                         ; No                         ; 3.46 V                      ; 1.85e-07 V                  ; 3.57 V             ; -0.141 V           ; 0.301 V                             ; 0.239 V                             ; 4.61e-10 s                 ; 4.2e-10 s                  ; No                        ; No                        ;
; HEX7[2]       ; 3.3-V LVTTL  ; 0 s                 ; 0 s                 ; 3.46 V                       ; 1.85e-07 V                   ; 3.57 V              ; -0.141 V            ; 0.301 V                              ; 0.239 V                              ; 4.61e-10 s                  ; 4.2e-10 s                   ; No                         ; No                         ; 3.46 V                      ; 1.85e-07 V                  ; 3.57 V             ; -0.141 V           ; 0.301 V                             ; 0.239 V                             ; 4.61e-10 s                 ; 4.2e-10 s                  ; No                        ; No                        ;
; HEX7[3]       ; 3.3-V LVTTL  ; 0 s                 ; 0 s                 ; 3.46 V                       ; 1.85e-07 V                   ; 3.57 V              ; -0.141 V            ; 0.301 V                              ; 0.239 V                              ; 4.61e-10 s                  ; 4.2e-10 s                   ; No                         ; No                         ; 3.46 V                      ; 1.85e-07 V                  ; 3.57 V             ; -0.141 V           ; 0.301 V                             ; 0.239 V                             ; 4.61e-10 s                 ; 4.2e-10 s                  ; No                        ; No                        ;
; HEX7[4]       ; 3.3-V LVTTL  ; 0 s                 ; 0 s                 ; 3.46 V                       ; 1.85e-07 V                   ; 3.57 V              ; -0.141 V            ; 0.301 V                              ; 0.239 V                              ; 4.61e-10 s                  ; 4.2e-10 s                   ; No                         ; No                         ; 3.46 V                      ; 1.85e-07 V                  ; 3.57 V             ; -0.141 V           ; 0.301 V                             ; 0.239 V                             ; 4.61e-10 s                 ; 4.2e-10 s                  ; No                        ; No                        ;
; HEX7[5]       ; 3.3-V LVTTL  ; 0 s                 ; 0 s                 ; 3.46 V                       ; 1.85e-07 V                   ; 3.57 V              ; -0.141 V            ; 0.301 V                              ; 0.239 V                              ; 4.61e-10 s                  ; 4.2e-10 s                   ; No                         ; No                         ; 3.46 V                      ; 1.85e-07 V                  ; 3.57 V             ; -0.141 V           ; 0.301 V                             ; 0.239 V                             ; 4.61e-10 s                 ; 4.2e-10 s                  ; No                        ; No                        ;
; HEX7[6]       ; 3.3-V LVTTL  ; 0 s                 ; 0 s                 ; 3.46 V                       ; 1.85e-07 V                   ; 3.57 V              ; -0.141 V            ; 0.301 V                              ; 0.239 V                              ; 4.61e-10 s                  ; 4.2e-10 s                   ; No                         ; No                         ; 3.46 V                      ; 1.85e-07 V                  ; 3.57 V             ; -0.141 V           ; 0.301 V                             ; 0.239 V                             ; 4.61e-10 s                 ; 4.2e-10 s                  ; No                        ; No                        ;
; HEX6[0]       ; 3.3-V LVTTL  ; 0 s                 ; 0 s                 ; 3.46 V                       ; 1.85e-07 V                   ; 3.57 V              ; -0.141 V            ; 0.301 V                              ; 0.239 V                              ; 4.61e-10 s                  ; 4.2e-10 s                   ; No                         ; No                         ; 3.46 V                      ; 1.85e-07 V                  ; 3.57 V             ; -0.141 V           ; 0.301 V                             ; 0.239 V                             ; 4.61e-10 s                 ; 4.2e-10 s                  ; No                        ; No                        ;
; HEX6[1]       ; 3.3-V LVTTL  ; 0 s                 ; 0 s                 ; 3.46 V                       ; 1.85e-07 V                   ; 3.57 V              ; -0.141 V            ; 0.301 V                              ; 0.239 V                              ; 4.61e-10 s                  ; 4.2e-10 s                   ; No                         ; No                         ; 3.46 V                      ; 1.85e-07 V                  ; 3.57 V             ; -0.141 V           ; 0.301 V                             ; 0.239 V                             ; 4.61e-10 s                 ; 4.2e-10 s                  ; No                        ; No                        ;
; HEX6[2]       ; 3.3-V LVTTL  ; 0 s                 ; 0 s                 ; 3.46 V                       ; 1.85e-07 V                   ; 3.57 V              ; -0.141 V            ; 0.301 V                              ; 0.239 V                              ; 4.61e-10 s                  ; 4.2e-10 s                   ; No                         ; No                         ; 3.46 V                      ; 1.85e-07 V                  ; 3.57 V             ; -0.141 V           ; 0.301 V                             ; 0.239 V                             ; 4.61e-10 s                 ; 4.2e-10 s                  ; No                        ; No                        ;
; HEX6[3]       ; 3.3-V LVTTL  ; 0 s                 ; 0 s                 ; 3.46 V                       ; 1.85e-07 V                   ; 3.57 V              ; -0.141 V            ; 0.301 V                              ; 0.239 V                              ; 4.61e-10 s                  ; 4.2e-10 s                   ; No                         ; No                         ; 3.46 V                      ; 1.85e-07 V                  ; 3.57 V             ; -0.141 V           ; 0.301 V                             ; 0.239 V                             ; 4.61e-10 s                 ; 4.2e-10 s                  ; No                        ; No                        ;
; HEX6[4]       ; 3.3-V LVTTL  ; 0 s                 ; 0 s                 ; 3.46 V                       ; 1.85e-07 V                   ; 3.57 V              ; -0.141 V            ; 0.301 V                              ; 0.239 V                              ; 4.61e-10 s                  ; 4.2e-10 s                   ; No                         ; No                         ; 3.46 V                      ; 1.85e-07 V                  ; 3.57 V             ; -0.141 V           ; 0.301 V                             ; 0.239 V                             ; 4.61e-10 s                 ; 4.2e-10 s                  ; No                        ; No                        ;
; HEX6[5]       ; 3.3-V LVTTL  ; 0 s                 ; 0 s                 ; 3.46 V                       ; 1.85e-07 V                   ; 3.48 V              ; -0.0173 V           ; 0.356 V                              ; 0.324 V                              ; 3.89e-09 s                  ; 3.06e-09 s                  ; No                         ; No                         ; 3.46 V                      ; 1.85e-07 V                  ; 3.48 V             ; -0.0173 V          ; 0.356 V                             ; 0.324 V                             ; 3.89e-09 s                 ; 3.06e-09 s                 ; No                        ; No                        ;
; HEX6[6]       ; 3.3-V LVTTL  ; 0 s                 ; 0 s                 ; 3.46 V                       ; 1.85e-07 V                   ; 3.57 V              ; -0.141 V            ; 0.301 V                              ; 0.239 V                              ; 4.61e-10 s                  ; 4.2e-10 s                   ; No                         ; No                         ; 3.46 V                      ; 1.85e-07 V                  ; 3.57 V             ; -0.141 V           ; 0.301 V                             ; 0.239 V                             ; 4.61e-10 s                 ; 4.2e-10 s                  ; No                        ; No                        ;
; HEX5[0]       ; 3.3-V LVTTL  ; 0 s                 ; 0 s                 ; 3.46 V                       ; 1.85e-07 V                   ; 3.57 V              ; -0.141 V            ; 0.301 V                              ; 0.239 V                              ; 4.61e-10 s                  ; 4.2e-10 s                   ; No                         ; No                         ; 3.46 V                      ; 1.85e-07 V                  ; 3.57 V             ; -0.141 V           ; 0.301 V                             ; 0.239 V                             ; 4.61e-10 s                 ; 4.2e-10 s                  ; No                        ; No                        ;
; HEX5[1]       ; 3.3-V LVTTL  ; 0 s                 ; 0 s                 ; 3.46 V                       ; 1.85e-07 V                   ; 3.48 V              ; -0.0173 V           ; 0.356 V                              ; 0.324 V                              ; 3.89e-09 s                  ; 3.06e-09 s                  ; No                         ; No                         ; 3.46 V                      ; 1.85e-07 V                  ; 3.48 V             ; -0.0173 V          ; 0.356 V                             ; 0.324 V                             ; 3.89e-09 s                 ; 3.06e-09 s                 ; No                        ; No                        ;
; HEX5[2]       ; 3.3-V LVTTL  ; 0 s                 ; 0 s                 ; 3.46 V                       ; 1.85e-07 V                   ; 3.57 V              ; -0.141 V            ; 0.301 V                              ; 0.239 V                              ; 4.61e-10 s                  ; 4.2e-10 s                   ; No                         ; No                         ; 3.46 V                      ; 1.85e-07 V                  ; 3.57 V             ; -0.141 V           ; 0.301 V                             ; 0.239 V                             ; 4.61e-10 s                 ; 4.2e-10 s                  ; No                        ; No                        ;
; HEX5[3]       ; 3.3-V LVTTL  ; 0 s                 ; 0 s                 ; 3.46 V                       ; 1.85e-07 V                   ; 3.57 V              ; -0.141 V            ; 0.301 V                              ; 0.239 V                              ; 4.61e-10 s                  ; 4.2e-10 s                   ; No                         ; No                         ; 3.46 V                      ; 1.85e-07 V                  ; 3.57 V             ; -0.141 V           ; 0.301 V                             ; 0.239 V                             ; 4.61e-10 s                 ; 4.2e-10 s                  ; No                        ; No                        ;
; HEX5[4]       ; 3.3-V LVTTL  ; 0 s                 ; 0 s                 ; 3.46 V                       ; 1.85e-07 V                   ; 3.57 V              ; -0.141 V            ; 0.301 V                              ; 0.239 V                              ; 4.61e-10 s                  ; 4.2e-10 s                   ; No                         ; No                         ; 3.46 V                      ; 1.85e-07 V                  ; 3.57 V             ; -0.141 V           ; 0.301 V                             ; 0.239 V                             ; 4.61e-10 s                 ; 4.2e-10 s                  ; No                        ; No                        ;
; HEX5[5]       ; 3.3-V LVTTL  ; 0 s                 ; 0 s                 ; 3.46 V                       ; 1.85e-07 V                   ; 3.57 V              ; -0.141 V            ; 0.301 V                              ; 0.239 V                              ; 4.61e-10 s                  ; 4.2e-10 s                   ; No                         ; No                         ; 3.46 V                      ; 1.85e-07 V                  ; 3.57 V             ; -0.141 V           ; 0.301 V                             ; 0.239 V                             ; 4.61e-10 s                 ; 4.2e-10 s                  ; No                        ; No                        ;
; HEX5[6]       ; 3.3-V LVTTL  ; 0 s                 ; 0 s                 ; 3.46 V                       ; 1.85e-07 V                   ; 3.57 V              ; -0.141 V            ; 0.301 V                              ; 0.239 V                              ; 4.61e-10 s                  ; 4.2e-10 s                   ; No                         ; No                         ; 3.46 V                      ; 1.85e-07 V                  ; 3.57 V             ; -0.141 V           ; 0.301 V                             ; 0.239 V                             ; 4.61e-10 s                 ; 4.2e-10 s                  ; No                        ; No                        ;
; HEX4[0]       ; 3.3-V LVTTL  ; 0 s                 ; 0 s                 ; 3.46 V                       ; 1.85e-07 V                   ; 3.57 V              ; -0.141 V            ; 0.301 V                              ; 0.239 V                              ; 4.61e-10 s                  ; 4.2e-10 s                   ; No                         ; No                         ; 3.46 V                      ; 1.85e-07 V                  ; 3.57 V             ; -0.141 V           ; 0.301 V                             ; 0.239 V                             ; 4.61e-10 s                 ; 4.2e-10 s                  ; No                        ; No                        ;
; HEX4[1]       ; 3.3-V LVTTL  ; 0 s                 ; 0 s                 ; 3.46 V                       ; 1.85e-07 V                   ; 3.57 V              ; -0.141 V            ; 0.301 V                              ; 0.239 V                              ; 4.61e-10 s                  ; 4.2e-10 s                   ; No                         ; No                         ; 3.46 V                      ; 1.85e-07 V                  ; 3.57 V             ; -0.141 V           ; 0.301 V                             ; 0.239 V                             ; 4.61e-10 s                 ; 4.2e-10 s                  ; No                        ; No                        ;
; HEX4[2]       ; 3.3-V LVTTL  ; 0 s                 ; 0 s                 ; 3.46 V                       ; 1.85e-07 V                   ; 3.57 V              ; -0.141 V            ; 0.301 V                              ; 0.239 V                              ; 4.61e-10 s                  ; 4.2e-10 s                   ; No                         ; No                         ; 3.46 V                      ; 1.85e-07 V                  ; 3.57 V             ; -0.141 V           ; 0.301 V                             ; 0.239 V                             ; 4.61e-10 s                 ; 4.2e-10 s                  ; No                        ; No                        ;
; HEX4[3]       ; 3.3-V LVTTL  ; 0 s                 ; 0 s                 ; 3.46 V                       ; 1.85e-07 V                   ; 3.57 V              ; -0.141 V            ; 0.301 V                              ; 0.239 V                              ; 4.61e-10 s                  ; 4.2e-10 s                   ; No                         ; No                         ; 3.46 V                      ; 1.85e-07 V                  ; 3.57 V             ; -0.141 V           ; 0.301 V                             ; 0.239 V                             ; 4.61e-10 s                 ; 4.2e-10 s                  ; No                        ; No                        ;
; HEX4[4]       ; 3.3-V LVTTL  ; 0 s                 ; 0 s                 ; 3.46 V                       ; 1.85e-07 V                   ; 3.57 V              ; -0.141 V            ; 0.301 V                              ; 0.239 V                              ; 4.61e-10 s                  ; 4.2e-10 s                   ; No                         ; No                         ; 3.46 V                      ; 1.85e-07 V                  ; 3.57 V             ; -0.141 V           ; 0.301 V                             ; 0.239 V                             ; 4.61e-10 s                 ; 4.2e-10 s                  ; No                        ; No                        ;
; HEX4[5]       ; 3.3-V LVTTL  ; 0 s                 ; 0 s                 ; 3.46 V                       ; 1.85e-07 V                   ; 3.57 V              ; -0.141 V            ; 0.301 V                              ; 0.239 V                              ; 4.61e-10 s                  ; 4.2e-10 s                   ; No                         ; No                         ; 3.46 V                      ; 1.85e-07 V                  ; 3.57 V             ; -0.141 V           ; 0.301 V                             ; 0.239 V                             ; 4.61e-10 s                 ; 4.2e-10 s                  ; No                        ; No                        ;
; HEX4[6]       ; 3.3-V LVTTL  ; 0 s                 ; 0 s                 ; 3.46 V                       ; 1.85e-07 V                   ; 3.57 V              ; -0.141 V            ; 0.301 V                              ; 0.239 V                              ; 4.61e-10 s                  ; 4.2e-10 s                   ; No                         ; No                         ; 3.46 V                      ; 1.85e-07 V                  ; 3.57 V             ; -0.141 V           ; 0.301 V                             ; 0.239 V                             ; 4.61e-10 s                 ; 4.2e-10 s                  ; No                        ; No                        ;
; HEX3[0]       ; 2.5 V        ; 0 s                 ; 0 s                 ; 2.62 V                       ; 2.74e-08 V                   ; 2.71 V              ; -0.0317 V           ; 0.148 V                              ; 0.064 V                              ; 4.51e-10 s                  ; 4.15e-10 s                  ; No                         ; Yes                        ; 2.62 V                      ; 2.74e-08 V                  ; 2.71 V             ; -0.0317 V          ; 0.148 V                             ; 0.064 V                             ; 4.51e-10 s                 ; 4.15e-10 s                 ; No                        ; Yes                       ;
; HEX3[1]       ; 2.5 V        ; 0 s                 ; 0 s                 ; 2.62 V                       ; 2.74e-08 V                   ; 2.73 V              ; -0.0384 V           ; 0.169 V                              ; 0.089 V                              ; 2.7e-10 s                   ; 2.62e-10 s                  ; Yes                        ; Yes                        ; 2.62 V                      ; 2.74e-08 V                  ; 2.73 V             ; -0.0384 V          ; 0.169 V                             ; 0.089 V                             ; 2.7e-10 s                  ; 2.62e-10 s                 ; Yes                       ; Yes                       ;
; HEX3[2]       ; 3.3-V LVTTL  ; 0 s                 ; 0 s                 ; 3.46 V                       ; 1.85e-07 V                   ; 3.48 V              ; -0.0173 V           ; 0.356 V                              ; 0.324 V                              ; 3.89e-09 s                  ; 3.06e-09 s                  ; No                         ; No                         ; 3.46 V                      ; 1.85e-07 V                  ; 3.48 V             ; -0.0173 V          ; 0.356 V                             ; 0.324 V                             ; 3.89e-09 s                 ; 3.06e-09 s                 ; No                        ; No                        ;
; HEX3[3]       ; 3.3-V LVTTL  ; 0 s                 ; 0 s                 ; 3.46 V                       ; 1.85e-07 V                   ; 3.57 V              ; -0.141 V            ; 0.301 V                              ; 0.239 V                              ; 4.61e-10 s                  ; 4.2e-10 s                   ; No                         ; No                         ; 3.46 V                      ; 1.85e-07 V                  ; 3.57 V             ; -0.141 V           ; 0.301 V                             ; 0.239 V                             ; 4.61e-10 s                 ; 4.2e-10 s                  ; No                        ; No                        ;
; HEX3[4]       ; 3.3-V LVTTL  ; 0 s                 ; 0 s                 ; 3.46 V                       ; 1.85e-07 V                   ; 3.57 V              ; -0.141 V            ; 0.301 V                              ; 0.239 V                              ; 4.61e-10 s                  ; 4.2e-10 s                   ; No                         ; No                         ; 3.46 V                      ; 1.85e-07 V                  ; 3.57 V             ; -0.141 V           ; 0.301 V                             ; 0.239 V                             ; 4.61e-10 s                 ; 4.2e-10 s                  ; No                        ; No                        ;
; HEX3[5]       ; 3.3-V LVTTL  ; 0 s                 ; 0 s                 ; 3.46 V                       ; 1.85e-07 V                   ; 3.57 V              ; -0.141 V            ; 0.301 V                              ; 0.239 V                              ; 4.61e-10 s                  ; 4.2e-10 s                   ; No                         ; No                         ; 3.46 V                      ; 1.85e-07 V                  ; 3.57 V             ; -0.141 V           ; 0.301 V                             ; 0.239 V                             ; 4.61e-10 s                 ; 4.2e-10 s                  ; No                        ; No                        ;
; HEX3[6]       ; 3.3-V LVTTL  ; 0 s                 ; 0 s                 ; 3.46 V                       ; 1.85e-07 V                   ; 3.57 V              ; -0.141 V            ; 0.301 V                              ; 0.239 V                              ; 4.61e-10 s                  ; 4.2e-10 s                   ; No                         ; No                         ; 3.46 V                      ; 1.85e-07 V                  ; 3.57 V             ; -0.141 V           ; 0.301 V                             ; 0.239 V                             ; 4.61e-10 s                 ; 4.2e-10 s                  ; No                        ; No                        ;
; HEX2[0]       ; 2.5 V        ; 0 s                 ; 0 s                 ; 2.62 V                       ; 2.74e-08 V                   ; 2.71 V              ; -0.0317 V           ; 0.148 V                              ; 0.064 V                              ; 4.51e-10 s                  ; 4.15e-10 s                  ; No                         ; Yes                        ; 2.62 V                      ; 2.74e-08 V                  ; 2.71 V             ; -0.0317 V          ; 0.148 V                             ; 0.064 V                             ; 4.51e-10 s                 ; 4.15e-10 s                 ; No                        ; Yes                       ;
; HEX2[1]       ; 2.5 V        ; 0 s                 ; 0 s                 ; 2.62 V                       ; 2.74e-08 V                   ; 2.71 V              ; -0.0317 V           ; 0.148 V                              ; 0.064 V                              ; 4.51e-10 s                  ; 4.15e-10 s                  ; No                         ; Yes                        ; 2.62 V                      ; 2.74e-08 V                  ; 2.71 V             ; -0.0317 V          ; 0.148 V                             ; 0.064 V                             ; 4.51e-10 s                 ; 4.15e-10 s                 ; No                        ; Yes                       ;
; HEX2[2]       ; 2.5 V        ; 0 s                 ; 0 s                 ; 2.62 V                       ; 2.74e-08 V                   ; 2.71 V              ; -0.0317 V           ; 0.148 V                              ; 0.064 V                              ; 4.51e-10 s                  ; 4.15e-10 s                  ; No                         ; Yes                        ; 2.62 V                      ; 2.74e-08 V                  ; 2.71 V             ; -0.0317 V          ; 0.148 V                             ; 0.064 V                             ; 4.51e-10 s                 ; 4.15e-10 s                 ; No                        ; Yes                       ;
; HEX2[3]       ; 2.5 V        ; 0 s                 ; 0 s                 ; 2.62 V                       ; 2.74e-08 V                   ; 2.71 V              ; -0.0317 V           ; 0.148 V                              ; 0.064 V                              ; 4.51e-10 s                  ; 4.15e-10 s                  ; No                         ; Yes                        ; 2.62 V                      ; 2.74e-08 V                  ; 2.71 V             ; -0.0317 V          ; 0.148 V                             ; 0.064 V                             ; 4.51e-10 s                 ; 4.15e-10 s                 ; No                        ; Yes                       ;
; HEX2[4]       ; 2.5 V        ; 0 s                 ; 0 s                 ; 2.62 V                       ; 2.74e-08 V                   ; 2.71 V              ; -0.0317 V           ; 0.148 V                              ; 0.064 V                              ; 4.51e-10 s                  ; 4.15e-10 s                  ; No                         ; Yes                        ; 2.62 V                      ; 2.74e-08 V                  ; 2.71 V             ; -0.0317 V          ; 0.148 V                             ; 0.064 V                             ; 4.51e-10 s                 ; 4.15e-10 s                 ; No                        ; Yes                       ;
; HEX2[5]       ; 2.5 V        ; 0 s                 ; 0 s                 ; 2.62 V                       ; 2.74e-08 V                   ; 2.71 V              ; -0.0317 V           ; 0.148 V                              ; 0.064 V                              ; 4.51e-10 s                  ; 4.15e-10 s                  ; No                         ; Yes                        ; 2.62 V                      ; 2.74e-08 V                  ; 2.71 V             ; -0.0317 V          ; 0.148 V                             ; 0.064 V                             ; 4.51e-10 s                 ; 4.15e-10 s                 ; No                        ; Yes                       ;
; HEX2[6]       ; 2.5 V        ; 0 s                 ; 0 s                 ; 2.62 V                       ; 2.74e-08 V                   ; 2.71 V              ; -0.0317 V           ; 0.148 V                              ; 0.064 V                              ; 4.51e-10 s                  ; 4.15e-10 s                  ; No                         ; Yes                        ; 2.62 V                      ; 2.74e-08 V                  ; 2.71 V             ; -0.0317 V          ; 0.148 V                             ; 0.064 V                             ; 4.51e-10 s                 ; 4.15e-10 s                 ; No                        ; Yes                       ;
; HEX1[0]       ; 2.5 V        ; 0 s                 ; 0 s                 ; 2.62 V                       ; 2.74e-08 V                   ; 2.73 V              ; -0.0384 V           ; 0.169 V                              ; 0.089 V                              ; 2.7e-10 s                   ; 2.62e-10 s                  ; Yes                        ; Yes                        ; 2.62 V                      ; 2.74e-08 V                  ; 2.73 V             ; -0.0384 V          ; 0.169 V                             ; 0.089 V                             ; 2.7e-10 s                  ; 2.62e-10 s                 ; Yes                       ; Yes                       ;
; HEX1[1]       ; 2.5 V        ; 0 s                 ; 0 s                 ; 2.62 V                       ; 2.74e-08 V                   ; 2.71 V              ; -0.0317 V           ; 0.148 V                              ; 0.064 V                              ; 4.51e-10 s                  ; 4.15e-10 s                  ; No                         ; Yes                        ; 2.62 V                      ; 2.74e-08 V                  ; 2.71 V             ; -0.0317 V          ; 0.148 V                             ; 0.064 V                             ; 4.51e-10 s                 ; 4.15e-10 s                 ; No                        ; Yes                       ;
; HEX1[2]       ; 2.5 V        ; 0 s                 ; 0 s                 ; 2.62 V                       ; 2.74e-08 V                   ; 2.71 V              ; -0.0317 V           ; 0.148 V                              ; 0.064 V                              ; 4.51e-10 s                  ; 4.15e-10 s                  ; No                         ; Yes                        ; 2.62 V                      ; 2.74e-08 V                  ; 2.71 V             ; -0.0317 V          ; 0.148 V                             ; 0.064 V                             ; 4.51e-10 s                 ; 4.15e-10 s                 ; No                        ; Yes                       ;
; HEX1[3]       ; 2.5 V        ; 0 s                 ; 0 s                 ; 2.62 V                       ; 2.74e-08 V                   ; 2.71 V              ; -0.0317 V           ; 0.148 V                              ; 0.064 V                              ; 4.51e-10 s                  ; 4.15e-10 s                  ; No                         ; Yes                        ; 2.62 V                      ; 2.74e-08 V                  ; 2.71 V             ; -0.0317 V          ; 0.148 V                             ; 0.064 V                             ; 4.51e-10 s                 ; 4.15e-10 s                 ; No                        ; Yes                       ;
; HEX1[4]       ; 2.5 V        ; 0 s                 ; 0 s                 ; 2.62 V                       ; 2.74e-08 V                   ; 2.71 V              ; -0.0317 V           ; 0.148 V                              ; 0.064 V                              ; 4.51e-10 s                  ; 4.15e-10 s                  ; No                         ; Yes                        ; 2.62 V                      ; 2.74e-08 V                  ; 2.71 V             ; -0.0317 V          ; 0.148 V                             ; 0.064 V                             ; 4.51e-10 s                 ; 4.15e-10 s                 ; No                        ; Yes                       ;
; HEX1[5]       ; 2.5 V        ; 0 s                 ; 0 s                 ; 2.62 V                       ; 2.74e-08 V                   ; 2.64 V              ; -0.0117 V           ; 0.202 V                              ; 0.176 V                              ; 2.38e-09 s                  ; 2.22e-09 s                  ; No                         ; Yes                        ; 2.62 V                      ; 2.74e-08 V                  ; 2.64 V             ; -0.0117 V          ; 0.202 V                             ; 0.176 V                             ; 2.38e-09 s                 ; 2.22e-09 s                 ; No                        ; Yes                       ;
; HEX1[6]       ; 2.5 V        ; 0 s                 ; 0 s                 ; 2.62 V                       ; 2.74e-08 V                   ; 2.64 V              ; -0.0117 V           ; 0.202 V                              ; 0.176 V                              ; 2.38e-09 s                  ; 2.22e-09 s                  ; No                         ; Yes                        ; 2.62 V                      ; 2.74e-08 V                  ; 2.64 V             ; -0.0117 V          ; 0.202 V                             ; 0.176 V                             ; 2.38e-09 s                 ; 2.22e-09 s                 ; No                        ; Yes                       ;
; HEX0[0]       ; 2.5 V        ; 0 s                 ; 0 s                 ; 2.62 V                       ; 4.05e-08 V                   ; 2.72 V              ; -0.0349 V           ; 0.173 V                              ; 0.1 V                                ; 2.72e-10 s                  ; 2.69e-10 s                  ; Yes                        ; Yes                        ; 2.62 V                      ; 4.05e-08 V                  ; 2.72 V             ; -0.0349 V          ; 0.173 V                             ; 0.1 V                               ; 2.72e-10 s                 ; 2.69e-10 s                 ; Yes                       ; Yes                       ;
; HEX0[1]       ; 2.5 V        ; 0 s                 ; 0 s                 ; 2.62 V                       ; 4.05e-08 V                   ; 2.64 V              ; -0.0113 V           ; 0.208 V                              ; 0.179 V                              ; 2.38e-09 s                  ; 2.23e-09 s                  ; No                         ; Yes                        ; 2.62 V                      ; 4.05e-08 V                  ; 2.64 V             ; -0.0113 V          ; 0.208 V                             ; 0.179 V                             ; 2.38e-09 s                 ; 2.23e-09 s                 ; No                        ; Yes                       ;
; HEX0[2]       ; 2.5 V        ; 0 s                 ; 0 s                 ; 2.62 V                       ; 4.05e-08 V                   ; 2.72 V              ; -0.0349 V           ; 0.173 V                              ; 0.1 V                                ; 2.72e-10 s                  ; 2.69e-10 s                  ; Yes                        ; Yes                        ; 2.62 V                      ; 4.05e-08 V                  ; 2.72 V             ; -0.0349 V          ; 0.173 V                             ; 0.1 V                               ; 2.72e-10 s                 ; 2.69e-10 s                 ; Yes                       ; Yes                       ;
; HEX0[3]       ; 2.5 V        ; 0 s                 ; 0 s                 ; 2.62 V                       ; 2.74e-08 V                   ; 2.73 V              ; -0.0384 V           ; 0.169 V                              ; 0.089 V                              ; 2.7e-10 s                   ; 2.62e-10 s                  ; Yes                        ; Yes                        ; 2.62 V                      ; 2.74e-08 V                  ; 2.73 V             ; -0.0384 V          ; 0.169 V                             ; 0.089 V                             ; 2.7e-10 s                  ; 2.62e-10 s                 ; Yes                       ; Yes                       ;
; HEX0[4]       ; 2.5 V        ; 0 s                 ; 0 s                 ; 2.62 V                       ; 2.74e-08 V                   ; 2.73 V              ; -0.0384 V           ; 0.169 V                              ; 0.089 V                              ; 2.7e-10 s                   ; 2.62e-10 s                  ; Yes                        ; Yes                        ; 2.62 V                      ; 2.74e-08 V                  ; 2.73 V             ; -0.0384 V          ; 0.169 V                             ; 0.089 V                             ; 2.7e-10 s                  ; 2.62e-10 s                 ; Yes                       ; Yes                       ;
; HEX0[5]       ; 2.5 V        ; 0 s                 ; 0 s                 ; 2.62 V                       ; 2.74e-08 V                   ; 2.64 V              ; -0.0117 V           ; 0.202 V                              ; 0.176 V                              ; 2.38e-09 s                  ; 2.22e-09 s                  ; No                         ; Yes                        ; 2.62 V                      ; 2.74e-08 V                  ; 2.64 V             ; -0.0117 V          ; 0.202 V                             ; 0.176 V                             ; 2.38e-09 s                 ; 2.22e-09 s                 ; No                        ; Yes                       ;
; HEX0[6]       ; 2.5 V        ; 0 s                 ; 0 s                 ; 2.62 V                       ; 2.74e-08 V                   ; 2.73 V              ; -0.0384 V           ; 0.169 V                              ; 0.089 V                              ; 2.7e-10 s                   ; 2.62e-10 s                  ; Yes                        ; Yes                        ; 2.62 V                      ; 2.74e-08 V                  ; 2.73 V             ; -0.0384 V          ; 0.169 V                             ; 0.089 V                             ; 2.7e-10 s                  ; 2.62e-10 s                 ; Yes                       ; Yes                       ;
; LEDG[0]       ; 2.5 V        ; 0 s                 ; 0 s                 ; 2.62 V                       ; 4.05e-08 V                   ; 2.72 V              ; -0.0349 V           ; 0.173 V                              ; 0.1 V                                ; 2.72e-10 s                  ; 2.69e-10 s                  ; Yes                        ; Yes                        ; 2.62 V                      ; 4.05e-08 V                  ; 2.72 V             ; -0.0349 V          ; 0.173 V                             ; 0.1 V                               ; 2.72e-10 s                 ; 2.69e-10 s                 ; Yes                       ; Yes                       ;
; LEDG[1]       ; 2.5 V        ; 0 s                 ; 0 s                 ; 2.62 V                       ; 4.05e-08 V                   ; 2.72 V              ; -0.0349 V           ; 0.173 V                              ; 0.1 V                                ; 2.72e-10 s                  ; 2.69e-10 s                  ; Yes                        ; Yes                        ; 2.62 V                      ; 4.05e-08 V                  ; 2.72 V             ; -0.0349 V          ; 0.173 V                             ; 0.1 V                               ; 2.72e-10 s                 ; 2.69e-10 s                 ; Yes                       ; Yes                       ;
; LEDG[2]       ; 2.5 V        ; 0 s                 ; 0 s                 ; 2.62 V                       ; 4.05e-08 V                   ; 2.72 V              ; -0.0349 V           ; 0.173 V                              ; 0.1 V                                ; 2.72e-10 s                  ; 2.69e-10 s                  ; Yes                        ; Yes                        ; 2.62 V                      ; 4.05e-08 V                  ; 2.72 V             ; -0.0349 V          ; 0.173 V                             ; 0.1 V                               ; 2.72e-10 s                 ; 2.69e-10 s                 ; Yes                       ; Yes                       ;
; LEDG[3]       ; 2.5 V        ; 0 s                 ; 0 s                 ; 2.62 V                       ; 4.05e-08 V                   ; 2.72 V              ; -0.0349 V           ; 0.173 V                              ; 0.1 V                                ; 2.72e-10 s                  ; 2.69e-10 s                  ; Yes                        ; Yes                        ; 2.62 V                      ; 4.05e-08 V                  ; 2.72 V             ; -0.0349 V          ; 0.173 V                             ; 0.1 V                               ; 2.72e-10 s                 ; 2.69e-10 s                 ; Yes                       ; Yes                       ;
; LEDG[4]       ; 2.5 V        ; 0 s                 ; 0 s                 ; 2.62 V                       ; 4.05e-08 V                   ; 2.72 V              ; -0.0349 V           ; 0.173 V                              ; 0.1 V                                ; 2.72e-10 s                  ; 2.69e-10 s                  ; Yes                        ; Yes                        ; 2.62 V                      ; 4.05e-08 V                  ; 2.72 V             ; -0.0349 V          ; 0.173 V                             ; 0.1 V                               ; 2.72e-10 s                 ; 2.69e-10 s                 ; Yes                       ; Yes                       ;
; LEDG[5]       ; 2.5 V        ; 0 s                 ; 0 s                 ; 2.62 V                       ; 4.05e-08 V                   ; 2.72 V              ; -0.0349 V           ; 0.173 V                              ; 0.1 V                                ; 2.72e-10 s                  ; 2.69e-10 s                  ; Yes                        ; Yes                        ; 2.62 V                      ; 4.05e-08 V                  ; 2.72 V             ; -0.0349 V          ; 0.173 V                             ; 0.1 V                               ; 2.72e-10 s                 ; 2.69e-10 s                 ; Yes                       ; Yes                       ;
; LEDG[6]       ; 2.5 V        ; 0 s                 ; 0 s                 ; 2.62 V                       ; 4.05e-08 V                   ; 2.72 V              ; -0.0349 V           ; 0.173 V                              ; 0.1 V                                ; 2.72e-10 s                  ; 2.69e-10 s                  ; Yes                        ; Yes                        ; 2.62 V                      ; 4.05e-08 V                  ; 2.72 V             ; -0.0349 V          ; 0.173 V                             ; 0.1 V                               ; 2.72e-10 s                 ; 2.69e-10 s                 ; Yes                       ; Yes                       ;
; LEDG[7]       ; 2.5 V        ; 0 s                 ; 0 s                 ; 2.62 V                       ; 4.05e-08 V                   ; 2.72 V              ; -0.0349 V           ; 0.173 V                              ; 0.1 V                                ; 2.72e-10 s                  ; 2.69e-10 s                  ; Yes                        ; Yes                        ; 2.62 V                      ; 4.05e-08 V                  ; 2.72 V             ; -0.0349 V          ; 0.173 V                             ; 0.1 V                               ; 2.72e-10 s                 ; 2.69e-10 s                 ; Yes                       ; Yes                       ;
; LEDR[0]       ; 2.5 V        ; 0 s                 ; 0 s                 ; 2.62 V                       ; 4.05e-08 V                   ; 2.72 V              ; -0.0349 V           ; 0.173 V                              ; 0.1 V                                ; 2.72e-10 s                  ; 2.69e-10 s                  ; Yes                        ; Yes                        ; 2.62 V                      ; 4.05e-08 V                  ; 2.72 V             ; -0.0349 V          ; 0.173 V                             ; 0.1 V                               ; 2.72e-10 s                 ; 2.69e-10 s                 ; Yes                       ; Yes                       ;
; LEDR[1]       ; 2.5 V        ; 0 s                 ; 0 s                 ; 2.62 V                       ; 4.05e-08 V                   ; 2.72 V              ; -0.0349 V           ; 0.173 V                              ; 0.1 V                                ; 2.72e-10 s                  ; 2.69e-10 s                  ; Yes                        ; Yes                        ; 2.62 V                      ; 4.05e-08 V                  ; 2.72 V             ; -0.0349 V          ; 0.173 V                             ; 0.1 V                               ; 2.72e-10 s                 ; 2.69e-10 s                 ; Yes                       ; Yes                       ;
; LEDR[2]       ; 2.5 V        ; 0 s                 ; 0 s                 ; 2.62 V                       ; 4.05e-08 V                   ; 2.72 V              ; -0.0349 V           ; 0.173 V                              ; 0.1 V                                ; 2.72e-10 s                  ; 2.69e-10 s                  ; Yes                        ; Yes                        ; 2.62 V                      ; 4.05e-08 V                  ; 2.72 V             ; -0.0349 V          ; 0.173 V                             ; 0.1 V                               ; 2.72e-10 s                 ; 2.69e-10 s                 ; Yes                       ; Yes                       ;
; LEDR[3]       ; 2.5 V        ; 0 s                 ; 0 s                 ; 2.62 V                       ; 4.05e-08 V                   ; 2.72 V              ; -0.0349 V           ; 0.173 V                              ; 0.1 V                                ; 2.72e-10 s                  ; 2.69e-10 s                  ; Yes                        ; Yes                        ; 2.62 V                      ; 4.05e-08 V                  ; 2.72 V             ; -0.0349 V          ; 0.173 V                             ; 0.1 V                               ; 2.72e-10 s                 ; 2.69e-10 s                 ; Yes                       ; Yes                       ;
; LEDR[4]       ; 2.5 V        ; 0 s                 ; 0 s                 ; 2.62 V                       ; 4.05e-08 V                   ; 2.72 V              ; -0.0349 V           ; 0.173 V                              ; 0.1 V                                ; 2.72e-10 s                  ; 2.69e-10 s                  ; Yes                        ; Yes                        ; 2.62 V                      ; 4.05e-08 V                  ; 2.72 V             ; -0.0349 V          ; 0.173 V                             ; 0.1 V                               ; 2.72e-10 s                 ; 2.69e-10 s                 ; Yes                       ; Yes                       ;
; LEDR[5]       ; 2.5 V        ; 0 s                 ; 0 s                 ; 2.62 V                       ; 4.05e-08 V                   ; 2.72 V              ; -0.0349 V           ; 0.173 V                              ; 0.1 V                                ; 2.72e-10 s                  ; 2.69e-10 s                  ; Yes                        ; Yes                        ; 2.62 V                      ; 4.05e-08 V                  ; 2.72 V             ; -0.0349 V          ; 0.173 V                             ; 0.1 V                               ; 2.72e-10 s                 ; 2.69e-10 s                 ; Yes                       ; Yes                       ;
; LEDR[6]       ; 2.5 V        ; 0 s                 ; 0 s                 ; 2.62 V                       ; 4.05e-08 V                   ; 2.72 V              ; -0.0349 V           ; 0.173 V                              ; 0.1 V                                ; 2.72e-10 s                  ; 2.69e-10 s                  ; Yes                        ; Yes                        ; 2.62 V                      ; 4.05e-08 V                  ; 2.72 V             ; -0.0349 V          ; 0.173 V                             ; 0.1 V                               ; 2.72e-10 s                 ; 2.69e-10 s                 ; Yes                       ; Yes                       ;
; LEDR[7]       ; 2.5 V        ; 0 s                 ; 0 s                 ; 2.62 V                       ; 4.05e-08 V                   ; 2.72 V              ; -0.0349 V           ; 0.173 V                              ; 0.1 V                                ; 2.72e-10 s                  ; 2.69e-10 s                  ; Yes                        ; Yes                        ; 2.62 V                      ; 4.05e-08 V                  ; 2.72 V             ; -0.0349 V          ; 0.173 V                             ; 0.1 V                               ; 2.72e-10 s                 ; 2.69e-10 s                 ; Yes                       ; Yes                       ;
; LEDR[8]       ; 2.5 V        ; 0 s                 ; 0 s                 ; 2.62 V                       ; 4.05e-08 V                   ; 2.72 V              ; -0.0349 V           ; 0.173 V                              ; 0.1 V                                ; 2.72e-10 s                  ; 2.69e-10 s                  ; Yes                        ; Yes                        ; 2.62 V                      ; 4.05e-08 V                  ; 2.72 V             ; -0.0349 V          ; 0.173 V                             ; 0.1 V                               ; 2.72e-10 s                 ; 2.69e-10 s                 ; Yes                       ; Yes                       ;
; LEDR[9]       ; 2.5 V        ; 0 s                 ; 0 s                 ; 2.62 V                       ; 4.05e-08 V                   ; 2.64 V              ; -0.0113 V           ; 0.208 V                              ; 0.179 V                              ; 2.38e-09 s                  ; 2.23e-09 s                  ; No                         ; Yes                        ; 2.62 V                      ; 4.05e-08 V                  ; 2.64 V             ; -0.0113 V          ; 0.208 V                             ; 0.179 V                             ; 2.38e-09 s                 ; 2.23e-09 s                 ; No                        ; Yes                       ;
; LEDR[10]      ; 2.5 V        ; 0 s                 ; 0 s                 ; 2.62 V                       ; 4.05e-08 V                   ; 2.72 V              ; -0.0349 V           ; 0.173 V                              ; 0.1 V                                ; 2.72e-10 s                  ; 2.69e-10 s                  ; Yes                        ; Yes                        ; 2.62 V                      ; 4.05e-08 V                  ; 2.72 V             ; -0.0349 V          ; 0.173 V                             ; 0.1 V                               ; 2.72e-10 s                 ; 2.69e-10 s                 ; Yes                       ; Yes                       ;
; LEDR[11]      ; 2.5 V        ; 0 s                 ; 0 s                 ; 2.62 V                       ; 4.05e-08 V                   ; 2.72 V              ; -0.0349 V           ; 0.173 V                              ; 0.1 V                                ; 2.72e-10 s                  ; 2.69e-10 s                  ; Yes                        ; Yes                        ; 2.62 V                      ; 4.05e-08 V                  ; 2.72 V             ; -0.0349 V          ; 0.173 V                             ; 0.1 V                               ; 2.72e-10 s                 ; 2.69e-10 s                 ; Yes                       ; Yes                       ;
; LEDR[12]      ; 2.5 V        ; 0 s                 ; 0 s                 ; 2.62 V                       ; 4.05e-08 V                   ; 2.72 V              ; -0.0349 V           ; 0.173 V                              ; 0.1 V                                ; 2.72e-10 s                  ; 2.69e-10 s                  ; Yes                        ; Yes                        ; 2.62 V                      ; 4.05e-08 V                  ; 2.72 V             ; -0.0349 V          ; 0.173 V                             ; 0.1 V                               ; 2.72e-10 s                 ; 2.69e-10 s                 ; Yes                       ; Yes                       ;
; LEDR[13]      ; 2.5 V        ; 0 s                 ; 0 s                 ; 2.62 V                       ; 4.05e-08 V                   ; 2.72 V              ; -0.0349 V           ; 0.173 V                              ; 0.1 V                                ; 2.72e-10 s                  ; 2.69e-10 s                  ; Yes                        ; Yes                        ; 2.62 V                      ; 4.05e-08 V                  ; 2.72 V             ; -0.0349 V          ; 0.173 V                             ; 0.1 V                               ; 2.72e-10 s                 ; 2.69e-10 s                 ; Yes                       ; Yes                       ;
; LEDR[14]      ; 2.5 V        ; 0 s                 ; 0 s                 ; 2.62 V                       ; 4.05e-08 V                   ; 2.72 V              ; -0.0349 V           ; 0.173 V                              ; 0.1 V                                ; 2.72e-10 s                  ; 2.69e-10 s                  ; Yes                        ; Yes                        ; 2.62 V                      ; 4.05e-08 V                  ; 2.72 V             ; -0.0349 V          ; 0.173 V                             ; 0.1 V                               ; 2.72e-10 s                 ; 2.69e-10 s                 ; Yes                       ; Yes                       ;
; LEDR[15]      ; 2.5 V        ; 0 s                 ; 0 s                 ; 2.62 V                       ; 4.05e-08 V                   ; 2.64 V              ; -0.0113 V           ; 0.208 V                              ; 0.179 V                              ; 2.38e-09 s                  ; 2.23e-09 s                  ; No                         ; Yes                        ; 2.62 V                      ; 4.05e-08 V                  ; 2.64 V             ; -0.0113 V          ; 0.208 V                             ; 0.179 V                             ; 2.38e-09 s                 ; 2.23e-09 s                 ; No                        ; Yes                       ;
; LEDR[16]      ; 2.5 V        ; 0 s                 ; 0 s                 ; 2.62 V                       ; 4.05e-08 V                   ; 2.72 V              ; -0.0349 V           ; 0.173 V                              ; 0.1 V                                ; 2.72e-10 s                  ; 2.69e-10 s                  ; Yes                        ; Yes                        ; 2.62 V                      ; 4.05e-08 V                  ; 2.72 V             ; -0.0349 V          ; 0.173 V                             ; 0.1 V                               ; 2.72e-10 s                 ; 2.69e-10 s                 ; Yes                       ; Yes                       ;
; LEDR[17]      ; 2.5 V        ; 0 s                 ; 0 s                 ; 2.62 V                       ; 4.05e-08 V                   ; 2.72 V              ; -0.0349 V           ; 0.173 V                              ; 0.1 V                                ; 2.72e-10 s                  ; 2.69e-10 s                  ; Yes                        ; Yes                        ; 2.62 V                      ; 4.05e-08 V                  ; 2.72 V             ; -0.0349 V          ; 0.173 V                             ; 0.1 V                               ; 2.72e-10 s                 ; 2.69e-10 s                 ; Yes                       ; Yes                       ;
; LCD_DATA[0]   ; 3.3-V LVTTL  ; 0 s                 ; 0 s                 ; 3.46 V                       ; 1.25e-07 V                   ; 3.57 V              ; -0.0855 V           ; 0.315 V                              ; 0.175 V                              ; 6.79e-10 s                  ; 6.15e-10 s                  ; No                         ; No                         ; 3.46 V                      ; 1.25e-07 V                  ; 3.57 V             ; -0.0855 V          ; 0.315 V                             ; 0.175 V                             ; 6.79e-10 s                 ; 6.15e-10 s                 ; No                        ; No                        ;
; LCD_DATA[1]   ; 3.3-V LVTTL  ; 0 s                 ; 0 s                 ; 3.46 V                       ; 1.25e-07 V                   ; 3.57 V              ; -0.0855 V           ; 0.315 V                              ; 0.175 V                              ; 6.79e-10 s                  ; 6.15e-10 s                  ; No                         ; No                         ; 3.46 V                      ; 1.25e-07 V                  ; 3.57 V             ; -0.0855 V          ; 0.315 V                             ; 0.175 V                             ; 6.79e-10 s                 ; 6.15e-10 s                 ; No                        ; No                        ;
; LCD_DATA[2]   ; 3.3-V LVTTL  ; 0 s                 ; 0 s                 ; 3.46 V                       ; 1.25e-07 V                   ; 3.57 V              ; -0.0855 V           ; 0.315 V                              ; 0.175 V                              ; 6.79e-10 s                  ; 6.15e-10 s                  ; No                         ; No                         ; 3.46 V                      ; 1.25e-07 V                  ; 3.57 V             ; -0.0855 V          ; 0.315 V                             ; 0.175 V                             ; 6.79e-10 s                 ; 6.15e-10 s                 ; No                        ; No                        ;
; LCD_DATA[3]   ; 3.3-V LVTTL  ; 0 s                 ; 0 s                 ; 3.46 V                       ; 1.25e-07 V                   ; 3.57 V              ; -0.0855 V           ; 0.315 V                              ; 0.175 V                              ; 6.79e-10 s                  ; 6.15e-10 s                  ; No                         ; No                         ; 3.46 V                      ; 1.25e-07 V                  ; 3.57 V             ; -0.0855 V          ; 0.315 V                             ; 0.175 V                             ; 6.79e-10 s                 ; 6.15e-10 s                 ; No                        ; No                        ;
; LCD_DATA[4]   ; 3.3-V LVTTL  ; 0 s                 ; 0 s                 ; 3.46 V                       ; 1.25e-07 V                   ; 3.57 V              ; -0.0855 V           ; 0.315 V                              ; 0.175 V                              ; 6.79e-10 s                  ; 6.15e-10 s                  ; No                         ; No                         ; 3.46 V                      ; 1.25e-07 V                  ; 3.57 V             ; -0.0855 V          ; 0.315 V                             ; 0.175 V                             ; 6.79e-10 s                 ; 6.15e-10 s                 ; No                        ; No                        ;
; LCD_DATA[5]   ; 3.3-V LVTTL  ; 0 s                 ; 0 s                 ; 3.46 V                       ; 1.25e-07 V                   ; 3.57 V              ; -0.0855 V           ; 0.315 V                              ; 0.175 V                              ; 6.79e-10 s                  ; 6.15e-10 s                  ; No                         ; No                         ; 3.46 V                      ; 1.25e-07 V                  ; 3.57 V             ; -0.0855 V          ; 0.315 V                             ; 0.175 V                             ; 6.79e-10 s                 ; 6.15e-10 s                 ; No                        ; No                        ;
; LCD_DATA[6]   ; 3.3-V LVTTL  ; 0 s                 ; 0 s                 ; 3.46 V                       ; 1.25e-07 V                   ; 3.57 V              ; -0.0855 V           ; 0.315 V                              ; 0.175 V                              ; 6.79e-10 s                  ; 6.15e-10 s                  ; No                         ; No                         ; 3.46 V                      ; 1.25e-07 V                  ; 3.57 V             ; -0.0855 V          ; 0.315 V                             ; 0.175 V                             ; 6.79e-10 s                 ; 6.15e-10 s                 ; No                        ; No                        ;
; LCD_DATA[7]   ; 3.3-V LVTTL  ; 0 s                 ; 0 s                 ; 3.46 V                       ; 1.25e-07 V                   ; 3.48 V              ; -0.0162 V           ; 0.354 V                              ; 0.317 V                              ; 3.88e-09 s                  ; 3.06e-09 s                  ; No                         ; No                         ; 3.46 V                      ; 1.25e-07 V                  ; 3.48 V             ; -0.0162 V          ; 0.354 V                             ; 0.317 V                             ; 3.88e-09 s                 ; 3.06e-09 s                 ; No                        ; No                        ;
; ~ALTERA_DCLK~ ; 3.3-V LVTTL  ; 0 s                 ; 0 s                 ; 3.46 V                       ; 6.54e-08 V                   ; 3.66 V              ; -0.26 V             ; 0.41 V                               ; 0.32 V                               ; 1.57e-10 s                  ; 2.15e-10 s                  ; No                         ; Yes                        ; 3.46 V                      ; 6.54e-08 V                  ; 3.66 V             ; -0.26 V            ; 0.41 V                              ; 0.32 V                              ; 1.57e-10 s                 ; 2.15e-10 s                 ; No                        ; Yes                       ;
; ~ALTERA_nCEO~ ; 2.5 V        ; 0 s                 ; 0 s                 ; 2.62 V                       ; 3.54e-08 V                   ; 2.7 V               ; -0.00943 V          ; 0.276 V                              ; 0.035 V                              ; 3.19e-10 s                  ; 4.99e-10 s                  ; No                         ; Yes                        ; 2.62 V                      ; 3.54e-08 V                  ; 2.7 V              ; -0.00943 V         ; 0.276 V                             ; 0.035 V                             ; 3.19e-10 s                 ; 4.99e-10 s                 ; No                        ; Yes                       ;
+---------------+--------------+---------------------+---------------------+------------------------------+------------------------------+---------------------+---------------------+--------------------------------------+--------------------------------------+-----------------------------+-----------------------------+----------------------------+----------------------------+-----------------------------+-----------------------------+--------------------+--------------------+-------------------------------------+-------------------------------------+----------------------------+----------------------------+---------------------------+---------------------------+


+---------------------------------------------------------------------+
; Setup Transfers                                                     ;
+------------+------------+----------+----------+----------+----------+
; From Clock ; To Clock   ; RR Paths ; FR Paths ; RF Paths ; FF Paths ;
+------------+------------+----------+----------+----------+----------+
; CLOCK_50   ; CLOCK_50   ; 5782     ; 0        ; 0        ; 0        ;
; clock_hex  ; CLOCK_50   ; 1        ; 1        ; 0        ; 0        ;
; clock_ledg ; CLOCK_50   ; 1        ; 1        ; 0        ; 0        ;
; clock_ledr ; CLOCK_50   ; 1        ; 1        ; 0        ; 0        ;
; clock_hex  ; clock_hex  ; 1        ; 0        ; 0        ; 0        ;
; clock_ledg ; clock_ledg ; 28       ; 0        ; 0        ; 0        ;
; clock_ledr ; clock_ledr ; 380      ; 0        ; 0        ; 0        ;
+------------+------------+----------+----------+----------+----------+
Entries labeled "false path" only account for clock-to-clock false paths and not path-based false paths. As a result, actual path counts may be lower than reported.


+---------------------------------------------------------------------+
; Hold Transfers                                                      ;
+------------+------------+----------+----------+----------+----------+
; From Clock ; To Clock   ; RR Paths ; FR Paths ; RF Paths ; FF Paths ;
+------------+------------+----------+----------+----------+----------+
; CLOCK_50   ; CLOCK_50   ; 5782     ; 0        ; 0        ; 0        ;
; clock_hex  ; CLOCK_50   ; 1        ; 1        ; 0        ; 0        ;
; clock_ledg ; CLOCK_50   ; 1        ; 1        ; 0        ; 0        ;
; clock_ledr ; CLOCK_50   ; 1        ; 1        ; 0        ; 0        ;
; clock_hex  ; clock_hex  ; 1        ; 0        ; 0        ; 0        ;
; clock_ledg ; clock_ledg ; 28       ; 0        ; 0        ; 0        ;
; clock_ledr ; clock_ledr ; 380      ; 0        ; 0        ; 0        ;
+------------+------------+----------+----------+----------+----------+
Entries labeled "false path" only account for clock-to-clock false paths and not path-based false paths. As a result, actual path counts may be lower than reported.


---------------
; Report TCCS ;
---------------
No dedicated SERDES Transmitter circuitry present in device or used in design


---------------
; Report RSKM ;
---------------
No dedicated SERDES Receiver circuitry present in device or used in design


+------------------------------------------------+
; Unconstrained Paths                            ;
+---------------------------------+-------+------+
; Property                        ; Setup ; Hold ;
+---------------------------------+-------+------+
; Illegal Clocks                  ; 0     ; 0    ;
; Unconstrained Clocks            ; 0     ; 0    ;
; Unconstrained Input Ports       ; 0     ; 0    ;
; Unconstrained Input Port Paths  ; 0     ; 0    ;
; Unconstrained Output Ports      ; 73    ; 73   ;
; Unconstrained Output Port Paths ; 73    ; 73   ;
+---------------------------------+-------+------+


+------------------------------------+
; TimeQuest Timing Analyzer Messages ;
+------------------------------------+
Info: *******************************************************************
Info: Running Quartus II 64-Bit TimeQuest Timing Analyzer
    Info: Version 13.0.1 Build 232 06/12/2013 Service Pack 1 SJ Web Edition
    Info: Processing started: Sat May 09 09:36:51 2026
Info: Command: quartus_sta bt1 -c bt1
Info: qsta_default_script.tcl version: #1
Warning (20028): Parallel compilation is not licensed and has been disabled
Info (21077): Core supply voltage is 1.2V
Info (21077): Low junction temperature is 0 degrees C
Info (21077): High junction temperature is 85 degrees C
Critical Warning (332012): Synopsys Design Constraints File file not found: 'bt1.sdc'. A Synopsys Design Constraints File is required by the TimeQuest Timing Analyzer to get proper timing constraints. Without it, the Compiler will not properly optimize the design.
Info (332142): No user constrained base clocks found in the design. Calling "derive_clocks -period 1.0"
Info (332105): Deriving Clocks
    Info (332105): create_clock -period 1.000 -name CLOCK_50 CLOCK_50
    Info (332105): create_clock -period 1.000 -name clock_hex clock_hex
    Info (332105): create_clock -period 1.000 -name clock_ledg clock_ledg
    Info (332105): create_clock -period 1.000 -name clock_ledr clock_ledr
Info (332143): No user constrained clock uncertainty found in the design. Calling "derive_clock_uncertainty"
Info (332123): Deriving Clock Uncertainty. Please refer to report_sdc in TimeQuest to see clock uncertainties.
Info: Found TIMEQUEST_REPORT_SCRIPT_INCLUDE_DEFAULT_ANALYSIS = ON
Info: Analyzing Slow 1200mV 85C Model
Critical Warning (332148): Timing requirements not met
    Info (11105): For recommendations on closing timing, run Report Timing Closure Recommendations in the TimeQuest Timing Analyzer.
Info (332146): Worst-case setup slack is -4.331
    Info (332119):     Slack End Point TNS Clock 
    Info (332119): ========= ============= =====================
    Info (332119):    -4.331      -426.181 CLOCK_50 
    Info (332119):    -1.981       -37.971 clock_ledr 
    Info (332119):    -0.246        -1.499 clock_ledg 
    Info (332119):     0.210         0.000 clock_hex 
Info (332146): Worst-case hold slack is -0.264
    Info (332119):     Slack End Point TNS Clock 
    Info (332119): ========= ============= =====================
    Info (332119):    -0.264        -0.481 CLOCK_50 
    Info (332119):     0.429         0.000 clock_ledg 
    Info (332119):     0.436         0.000 clock_ledr 
    Info (332119):     0.445         0.000 clock_hex 
Info (332140): No Recovery paths to report
Info (332140): No Removal paths to report
Info (332146): Worst-case minimum pulse width slack is -3.000
    Info (332119):     Slack End Point TNS Clock 
    Info (332119): ========= ============= =====================
    Info (332119):    -3.000      -200.890 CLOCK_50 
    Info (332119):    -1.285       -71.960 clock_ledr 
    Info (332119):    -1.285       -28.270 clock_ledg 
    Info (332119):    -1.285        -1.285 clock_hex 
Info: Analyzing Slow 1200mV 0C Model
Info (334003): Started post-fitting delay annotation
Info (334004): Delay annotation completed successfully
Info (332123): Deriving Clock Uncertainty. Please refer to report_sdc in TimeQuest to see clock uncertainties.
Critical Warning (332148): Timing requirements not met
    Info (11105): For recommendations on closing timing, run Report Timing Closure Recommendations in the TimeQuest Timing Analyzer.
Info (332146): Worst-case setup slack is -3.894
    Info (332119):     Slack End Point TNS Clock 
    Info (332119): ========= ============= =====================
    Info (332119):    -3.894      -371.897 CLOCK_50 
    Info (332119):    -1.747       -30.955 clock_ledr 
    Info (332119):    -0.117        -0.633 clock_ledg 
    Info (332119):     0.297         0.000 clock_hex 
Info (332146): Worst-case hold slack is -0.234
    Info (332119):     Slack End Point TNS Clock 
    Info (332119): ========= ============= =====================
    Info (332119):    -0.234        -0.409 CLOCK_50 
    Info (332119):     0.387         0.000 clock_ledg 
    Info (332119):     0.398         0.000 clock_hex 
    Info (332119):     0.401         0.000 clock_ledr 
Info (332140): No Recovery paths to report
Info (332140): No Removal paths to report
Info (332146): Worst-case minimum pulse width slack is -3.000
    Info (332119):     Slack End Point TNS Clock 
    Info (332119): ========= ============= =====================
    Info (332119):    -3.000      -200.890 CLOCK_50 
    Info (332119):    -1.285       -71.960 clock_ledr 
    Info (332119):    -1.285       -28.270 clock_ledg 
    Info (332119):    -1.285        -1.285 clock_hex 
Info: Analyzing Fast 1200mV 0C Model
Info (332123): Deriving Clock Uncertainty. Please refer to report_sdc in TimeQuest to see clock uncertainties.
Critical Warning (332148): Timing requirements not met
    Info (11105): For recommendations on closing timing, run Report Timing Closure Recommendations in the TimeQuest Timing Analyzer.
Info (332146): Worst-case setup slack is -1.723
    Info (332119):     Slack End Point TNS Clock 
    Info (332119): ========= ============= =====================
    Info (332119):    -1.723      -135.798 CLOCK_50 
    Info (332119):    -0.435        -5.501 clock_ledr 
    Info (332119):     0.391         0.000 clock_ledg 
    Info (332119):     0.626         0.000 clock_hex 
Info (332146): Worst-case hold slack is -0.274
    Info (332119):     Slack End Point TNS Clock 
    Info (332119): ========= ============= =====================
    Info (332119):    -0.274        -0.643 CLOCK_50 
    Info (332119):     0.191         0.000 clock_ledr 
    Info (332119):     0.192         0.000 clock_ledg 
    Info (332119):     0.208         0.000 clock_hex 
Info (332140): No Recovery paths to report
Info (332140): No Removal paths to report
Info (332146): Worst-case minimum pulse width slack is -3.000
    Info (332119):     Slack End Point TNS Clock 
    Info (332119): ========= ============= =====================
    Info (332119):    -3.000      -201.615 CLOCK_50 
    Info (332119):    -1.000       -56.000 clock_ledr 
    Info (332119):    -1.000       -22.000 clock_ledg 
    Info (332119):    -1.000        -1.000 clock_hex 
Info (332102): Design is not fully constrained for setup requirements
Info (332102): Design is not fully constrained for hold requirements
Info: Quartus II 64-Bit TimeQuest Timing Analyzer was successful. 0 errors, 5 warnings
    Info: Peak virtual memory: 4677 megabytes
    Info: Processing ended: Sat May 09 09:36:53 2026
    Info: Elapsed time: 00:00:02
    Info: Total CPU time (on all processors): 00:00:02


