TimeQuest Timing Analyzer report for bt3
Tue Apr 21 15:47:13 2026
Quartus II 64-Bit Version 13.0.1 Build 232 06/12/2013 Service Pack 1 SJ Web Edition


---------------------
; Table of Contents ;
---------------------
  1. Legal Notice
  2. TimeQuest Timing Analyzer Summary
  3. Parallel Compilation
  4. Clocks
  5. Slow Model Fmax Summary
  6. Slow Model Setup Summary
  7. Slow Model Hold Summary
  8. Slow Model Recovery Summary
  9. Slow Model Removal Summary
 10. Slow Model Minimum Pulse Width Summary
 11. Propagation Delay
 12. Minimum Propagation Delay
 13. Fast Model Setup Summary
 14. Fast Model Hold Summary
 15. Fast Model Recovery Summary
 16. Fast Model Removal Summary
 17. Fast Model Minimum Pulse Width Summary
 18. Propagation Delay
 19. Minimum Propagation Delay
 20. Multicorner Timing Analysis Summary
 21. Progagation Delay
 22. Minimum Progagation Delay
 23. Clock Transfers
 24. Report TCCS
 25. Report RSKM
 26. Unconstrained Paths
 27. TimeQuest Timing Analyzer Messages



----------------
; Legal Notice ;
----------------
Copyright (C) 1991-2013 Altera Corporation
Your use of Altera Corporation's design tools, logic functions 
and other software and tools, and its AMPP partner logic 
functions, and any output files from any of the foregoing 
(including device programming or simulation files), and any 
associated documentation or information are expressly subject 
to the terms and conditions of the Altera Program License 
Subscription Agreement, Altera MegaCore Function License 
Agreement, or other applicable license agreement, including, 
without limitation, that your use is for the sole purpose of 
programming logic devices manufactured by Altera and sold by 
Altera or its authorized distributors.  Please refer to the 
applicable agreement for further details.



+----------------------------------------------------------------------------------------+
; TimeQuest Timing Analyzer Summary                                                      ;
+--------------------+-------------------------------------------------------------------+
; Quartus II Version ; Version 13.0.1 Build 232 06/12/2013 Service Pack 1 SJ Web Edition ;
; Revision Name      ; bt3                                                               ;
; Device Family      ; Cyclone II                                                        ;
; Device Name        ; EP2C35F672C6                                                      ;
; Timing Models      ; Final                                                             ;
; Delay Model        ; Combined                                                          ;
; Rise/Fall Delays   ; Unavailable                                                       ;
+--------------------+-------------------------------------------------------------------+


Parallel compilation was disabled, but you have multiple processors available. Enable parallel compilation to reduce compilation time.
+-------------------------------------+
; Parallel Compilation                ;
+----------------------------+--------+
; Processors                 ; Number ;
+----------------------------+--------+
; Number detected on machine ; 16     ;
; Maximum allowed            ; 1      ;
+----------------------------+--------+


----------
; Clocks ;
----------
No clocks to report.


---------------------------
; Slow Model Fmax Summary ;
---------------------------
No paths to report.


----------------------------
; Slow Model Setup Summary ;
----------------------------
No paths to report.


---------------------------
; Slow Model Hold Summary ;
---------------------------
No paths to report.


-------------------------------
; Slow Model Recovery Summary ;
-------------------------------
No paths to report.


------------------------------
; Slow Model Removal Summary ;
------------------------------
No paths to report.


------------------------------------------
; Slow Model Minimum Pulse Width Summary ;
------------------------------------------
No paths to report.


+--------------------------------------------------------------+
; Propagation Delay                                            ;
+------------+-------------+--------+--------+--------+--------+
; Input Port ; Output Port ; RR     ; RF     ; FR     ; FF     ;
+------------+-------------+--------+--------+--------+--------+
; SW[0]      ; HEX0[0]     ; 13.825 ; 13.825 ; 13.825 ; 13.825 ;
; SW[0]      ; HEX0[1]     ; 13.830 ; 13.830 ; 13.830 ; 13.830 ;
; SW[0]      ; HEX0[2]     ; 13.836 ; 13.836 ; 13.836 ; 13.836 ;
; SW[0]      ; HEX0[3]     ; 14.094 ; 14.094 ; 14.094 ; 14.094 ;
; SW[0]      ; HEX0[4]     ; 14.063 ; 14.063 ; 14.063 ; 14.063 ;
; SW[0]      ; HEX0[5]     ; 14.063 ; 14.063 ; 14.063 ; 14.063 ;
; SW[0]      ; HEX0[6]     ; 14.326 ; 14.326 ; 14.326 ; 14.326 ;
; SW[0]      ; HEX1[0]     ; 16.553 ; 16.553 ; 16.553 ; 16.553 ;
; SW[0]      ; HEX1[1]     ; 16.502 ; 16.502 ; 16.502 ; 16.502 ;
; SW[0]      ; HEX1[2]     ; 16.101 ; 16.101 ; 16.101 ; 16.101 ;
; SW[0]      ; HEX1[3]     ; 16.103 ; 16.103 ; 16.103 ; 16.103 ;
; SW[0]      ; HEX1[4]     ; 16.121 ; 16.121 ; 16.121 ; 16.121 ;
; SW[0]      ; HEX1[5]     ; 16.401 ; 16.401 ; 16.401 ; 16.401 ;
; SW[0]      ; HEX1[6]     ; 16.309 ; 16.309 ; 16.309 ; 16.309 ;
; SW[0]      ; HEX4[0]     ; 7.454  ; 7.454  ; 7.454  ; 7.454  ;
; SW[0]      ; HEX4[1]     ; 7.473  ; 7.473  ; 7.473  ; 7.473  ;
; SW[0]      ; HEX4[2]     ;        ; 7.480  ; 7.480  ;        ;
; SW[0]      ; HEX4[3]     ; 7.170  ; 7.170  ; 7.170  ; 7.170  ;
; SW[0]      ; HEX4[4]     ; 7.149  ;        ;        ; 7.149  ;
; SW[0]      ; HEX4[5]     ; 7.174  ;        ;        ; 7.174  ;
; SW[0]      ; HEX4[6]     ; 7.458  ;        ;        ; 7.458  ;
; SW[1]      ; HEX0[0]     ; 13.860 ; 13.860 ; 13.860 ; 13.860 ;
; SW[1]      ; HEX0[1]     ; 13.865 ; 13.865 ; 13.865 ; 13.865 ;
; SW[1]      ; HEX0[2]     ; 13.871 ; 13.871 ; 13.871 ; 13.871 ;
; SW[1]      ; HEX0[3]     ; 14.129 ; 14.129 ; 14.129 ; 14.129 ;
; SW[1]      ; HEX0[4]     ; 14.098 ; 14.098 ; 14.098 ; 14.098 ;
; SW[1]      ; HEX0[5]     ; 14.098 ; 14.098 ; 14.098 ; 14.098 ;
; SW[1]      ; HEX0[6]     ; 14.361 ; 14.361 ; 14.361 ; 14.361 ;
; SW[1]      ; HEX1[0]     ; 16.588 ; 16.588 ; 16.588 ; 16.588 ;
; SW[1]      ; HEX1[1]     ; 16.537 ; 16.537 ; 16.537 ; 16.537 ;
; SW[1]      ; HEX1[2]     ; 16.136 ; 16.136 ; 16.136 ; 16.136 ;
; SW[1]      ; HEX1[3]     ; 16.138 ; 16.138 ; 16.138 ; 16.138 ;
; SW[1]      ; HEX1[4]     ; 16.156 ; 16.156 ; 16.156 ; 16.156 ;
; SW[1]      ; HEX1[5]     ; 16.436 ; 16.436 ; 16.436 ; 16.436 ;
; SW[1]      ; HEX1[6]     ; 16.344 ; 16.344 ; 16.344 ; 16.344 ;
; SW[1]      ; HEX4[0]     ;        ; 7.649  ; 7.649  ;        ;
; SW[1]      ; HEX4[1]     ; 7.677  ; 7.677  ; 7.677  ; 7.677  ;
; SW[1]      ; HEX4[2]     ; 7.717  ;        ;        ; 7.717  ;
; SW[1]      ; HEX4[3]     ; 7.379  ; 7.379  ; 7.379  ; 7.379  ;
; SW[1]      ; HEX4[4]     ;        ; 7.422  ; 7.422  ;        ;
; SW[1]      ; HEX4[5]     ; 7.417  ;        ;        ; 7.417  ;
; SW[1]      ; HEX4[6]     ; 7.675  ; 7.675  ; 7.675  ; 7.675  ;
; SW[2]      ; HEX0[0]     ; 13.247 ; 13.247 ; 13.247 ; 13.247 ;
; SW[2]      ; HEX0[1]     ; 13.252 ; 13.252 ; 13.252 ; 13.252 ;
; SW[2]      ; HEX0[2]     ; 13.258 ; 13.258 ; 13.258 ; 13.258 ;
; SW[2]      ; HEX0[3]     ; 13.516 ; 13.516 ; 13.516 ; 13.516 ;
; SW[2]      ; HEX0[4]     ; 13.485 ; 13.485 ; 13.485 ; 13.485 ;
; SW[2]      ; HEX0[5]     ; 13.485 ; 13.485 ; 13.485 ; 13.485 ;
; SW[2]      ; HEX0[6]     ; 13.748 ; 13.748 ; 13.748 ; 13.748 ;
; SW[2]      ; HEX1[0]     ; 15.967 ; 15.967 ; 15.967 ; 15.967 ;
; SW[2]      ; HEX1[1]     ; 15.916 ; 15.916 ; 15.916 ; 15.916 ;
; SW[2]      ; HEX1[2]     ; 15.515 ; 15.515 ; 15.515 ; 15.515 ;
; SW[2]      ; HEX1[3]     ; 15.517 ; 15.517 ; 15.517 ; 15.517 ;
; SW[2]      ; HEX1[4]     ; 15.535 ; 15.535 ; 15.535 ; 15.535 ;
; SW[2]      ; HEX1[5]     ; 15.815 ; 15.815 ; 15.815 ; 15.815 ;
; SW[2]      ; HEX1[6]     ; 15.723 ; 15.723 ; 15.723 ; 15.723 ;
; SW[2]      ; HEX4[0]     ; 7.277  ; 7.277  ; 7.277  ; 7.277  ;
; SW[2]      ; HEX4[1]     ; 7.295  ;        ;        ; 7.295  ;
; SW[2]      ; HEX4[2]     ;        ; 7.303  ; 7.303  ;        ;
; SW[2]      ; HEX4[3]     ; 6.992  ; 6.992  ; 6.992  ; 6.992  ;
; SW[2]      ; HEX4[4]     ; 6.999  ;        ;        ; 6.999  ;
; SW[2]      ; HEX4[5]     ;        ; 6.997  ; 6.997  ;        ;
; SW[2]      ; HEX4[6]     ; 7.278  ; 7.278  ; 7.278  ; 7.278  ;
; SW[3]      ; HEX0[0]     ; 13.446 ; 13.446 ; 13.446 ; 13.446 ;
; SW[3]      ; HEX0[1]     ; 13.451 ; 13.451 ; 13.451 ; 13.451 ;
; SW[3]      ; HEX0[2]     ; 13.457 ; 13.457 ; 13.457 ; 13.457 ;
; SW[3]      ; HEX0[3]     ; 13.715 ; 13.715 ; 13.715 ; 13.715 ;
; SW[3]      ; HEX0[4]     ; 13.684 ; 13.684 ; 13.684 ; 13.684 ;
; SW[3]      ; HEX0[5]     ; 13.684 ; 13.684 ; 13.684 ; 13.684 ;
; SW[3]      ; HEX0[6]     ; 13.947 ; 13.947 ; 13.947 ; 13.947 ;
; SW[3]      ; HEX1[0]     ; 16.174 ; 16.174 ; 16.174 ; 16.174 ;
; SW[3]      ; HEX1[1]     ; 16.123 ; 16.123 ; 16.123 ; 16.123 ;
; SW[3]      ; HEX1[2]     ; 15.722 ; 15.722 ; 15.722 ; 15.722 ;
; SW[3]      ; HEX1[3]     ; 15.724 ; 15.724 ; 15.724 ; 15.724 ;
; SW[3]      ; HEX1[4]     ; 15.742 ; 15.742 ; 15.742 ; 15.742 ;
; SW[3]      ; HEX1[5]     ; 16.022 ; 16.022 ; 16.022 ; 16.022 ;
; SW[3]      ; HEX1[6]     ; 15.930 ; 15.930 ; 15.930 ; 15.930 ;
; SW[3]      ; HEX5[0]     ; 7.149  ; 7.149  ; 7.149  ; 7.149  ;
; SW[3]      ; HEX5[1]     ; 7.122  ; 7.122  ; 7.122  ; 7.122  ;
; SW[3]      ; HEX5[2]     ;        ; 7.076  ; 7.076  ;        ;
; SW[3]      ; HEX5[3]     ; 6.500  ; 6.500  ; 6.500  ; 6.500  ;
; SW[3]      ; HEX5[4]     ; 6.478  ;        ;        ; 6.478  ;
; SW[3]      ; HEX5[5]     ; 6.472  ;        ;        ; 6.472  ;
; SW[3]      ; HEX5[6]     ; 6.749  ;        ;        ; 6.749  ;
; SW[4]      ; HEX0[0]     ; 12.605 ; 12.605 ; 12.605 ; 12.605 ;
; SW[4]      ; HEX0[1]     ; 12.610 ; 12.610 ; 12.610 ; 12.610 ;
; SW[4]      ; HEX0[2]     ; 12.616 ; 12.616 ; 12.616 ; 12.616 ;
; SW[4]      ; HEX0[3]     ; 12.874 ; 12.874 ; 12.874 ; 12.874 ;
; SW[4]      ; HEX0[4]     ; 12.843 ; 12.843 ; 12.843 ; 12.843 ;
; SW[4]      ; HEX0[5]     ; 12.843 ; 12.843 ; 12.843 ; 12.843 ;
; SW[4]      ; HEX0[6]     ; 13.106 ; 13.106 ; 13.106 ; 13.106 ;
; SW[4]      ; HEX1[0]     ; 15.333 ; 15.333 ; 15.333 ; 15.333 ;
; SW[4]      ; HEX1[1]     ; 15.282 ; 15.282 ; 15.282 ; 15.282 ;
; SW[4]      ; HEX1[2]     ; 14.881 ; 14.881 ; 14.881 ; 14.881 ;
; SW[4]      ; HEX1[3]     ; 14.883 ; 14.883 ; 14.883 ; 14.883 ;
; SW[4]      ; HEX1[4]     ; 14.901 ; 14.901 ; 14.901 ; 14.901 ;
; SW[4]      ; HEX1[5]     ; 15.181 ; 15.181 ; 15.181 ; 15.181 ;
; SW[4]      ; HEX1[6]     ; 15.089 ; 15.089 ; 15.089 ; 15.089 ;
; SW[4]      ; HEX5[0]     ;        ; 6.572  ; 6.572  ;        ;
; SW[4]      ; HEX5[1]     ; 6.546  ; 6.546  ; 6.546  ; 6.546  ;
; SW[4]      ; HEX5[2]     ; 6.540  ;        ;        ; 6.540  ;
; SW[4]      ; HEX5[3]     ; 6.722  ; 6.722  ; 6.722  ; 6.722  ;
; SW[4]      ; HEX5[4]     ;        ; 6.702  ; 6.702  ;        ;
; SW[4]      ; HEX5[5]     ; 6.731  ;        ;        ; 6.731  ;
; SW[4]      ; HEX5[6]     ; 6.981  ; 6.981  ; 6.981  ; 6.981  ;
; SW[5]      ; HEX0[0]     ; 12.091 ; 12.091 ; 12.091 ; 12.091 ;
; SW[5]      ; HEX0[1]     ; 12.096 ; 12.096 ; 12.096 ; 12.096 ;
; SW[5]      ; HEX0[2]     ; 12.102 ; 12.102 ; 12.102 ; 12.102 ;
; SW[5]      ; HEX0[3]     ; 12.360 ; 12.360 ; 12.360 ; 12.360 ;
; SW[5]      ; HEX0[4]     ; 12.329 ; 12.329 ; 12.329 ; 12.329 ;
; SW[5]      ; HEX0[5]     ; 12.329 ; 12.329 ; 12.329 ; 12.329 ;
; SW[5]      ; HEX0[6]     ; 12.592 ; 12.592 ; 12.592 ; 12.592 ;
; SW[5]      ; HEX1[0]     ; 14.811 ; 14.811 ; 14.811 ; 14.811 ;
; SW[5]      ; HEX1[1]     ; 14.760 ; 14.760 ; 14.760 ; 14.760 ;
; SW[5]      ; HEX1[2]     ; 14.359 ; 14.359 ; 14.359 ; 14.359 ;
; SW[5]      ; HEX1[3]     ; 14.361 ; 14.361 ; 14.361 ; 14.361 ;
; SW[5]      ; HEX1[4]     ; 14.379 ; 14.379 ; 14.379 ; 14.379 ;
; SW[5]      ; HEX1[5]     ; 14.659 ; 14.659 ; 14.659 ; 14.659 ;
; SW[5]      ; HEX1[6]     ; 14.567 ; 14.567 ; 14.567 ; 14.567 ;
; SW[5]      ; HEX5[0]     ; 6.464  ; 6.464  ; 6.464  ; 6.464  ;
; SW[5]      ; HEX5[1]     ; 6.428  ;        ;        ; 6.428  ;
; SW[5]      ; HEX5[2]     ;        ; 6.430  ; 6.430  ;        ;
; SW[5]      ; HEX5[3]     ; 6.385  ; 6.385  ; 6.385  ; 6.385  ;
; SW[5]      ; HEX5[4]     ; 6.361  ;        ;        ; 6.361  ;
; SW[5]      ; HEX5[5]     ;        ; 6.367  ; 6.367  ;        ;
; SW[5]      ; HEX5[6]     ; 6.644  ; 6.644  ; 6.644  ; 6.644  ;
; SW[6]      ; HEX0[0]     ; 13.057 ; 13.057 ; 13.057 ; 13.057 ;
; SW[6]      ; HEX0[1]     ; 13.062 ; 13.062 ; 13.062 ; 13.062 ;
; SW[6]      ; HEX0[2]     ; 13.068 ; 13.068 ; 13.068 ; 13.068 ;
; SW[6]      ; HEX0[3]     ; 13.326 ; 13.326 ; 13.326 ; 13.326 ;
; SW[6]      ; HEX0[4]     ; 13.295 ; 13.295 ; 13.295 ; 13.295 ;
; SW[6]      ; HEX0[5]     ; 13.295 ; 13.295 ; 13.295 ; 13.295 ;
; SW[6]      ; HEX0[6]     ; 13.558 ; 13.558 ; 13.558 ; 13.558 ;
; SW[6]      ; HEX1[0]     ; 15.798 ; 15.798 ; 15.798 ; 15.798 ;
; SW[6]      ; HEX1[1]     ; 15.747 ; 15.747 ; 15.747 ; 15.747 ;
; SW[6]      ; HEX1[2]     ; 15.346 ; 15.346 ; 15.346 ; 15.346 ;
; SW[6]      ; HEX1[3]     ; 15.348 ; 15.348 ; 15.348 ; 15.348 ;
; SW[6]      ; HEX1[4]     ; 15.366 ; 15.366 ; 15.366 ; 15.366 ;
; SW[6]      ; HEX1[5]     ; 15.646 ; 15.646 ; 15.646 ; 15.646 ;
; SW[6]      ; HEX1[6]     ; 15.554 ; 15.554 ; 15.554 ; 15.554 ;
; SW[6]      ; HEX6[0]     ; 7.309  ; 7.309  ; 7.309  ; 7.309  ;
; SW[6]      ; HEX6[1]     ; 7.335  ; 7.335  ; 7.335  ; 7.335  ;
; SW[6]      ; HEX6[2]     ;        ; 7.304  ; 7.304  ;        ;
; SW[6]      ; HEX6[3]     ; 6.736  ; 6.736  ; 6.736  ; 6.736  ;
; SW[6]      ; HEX6[4]     ; 6.716  ;        ;        ; 6.716  ;
; SW[6]      ; HEX6[5]     ; 6.699  ;        ;        ; 6.699  ;
; SW[6]      ; HEX6[6]     ; 6.705  ;        ;        ; 6.705  ;
; SW[7]      ; HEX0[0]     ; 12.361 ; 12.361 ; 12.361 ; 12.361 ;
; SW[7]      ; HEX0[1]     ; 12.366 ; 12.366 ; 12.366 ; 12.366 ;
; SW[7]      ; HEX0[2]     ; 12.372 ; 12.372 ; 12.372 ; 12.372 ;
; SW[7]      ; HEX0[3]     ; 12.630 ; 12.630 ; 12.630 ; 12.630 ;
; SW[7]      ; HEX0[4]     ; 12.599 ; 12.599 ; 12.599 ; 12.599 ;
; SW[7]      ; HEX0[5]     ; 12.599 ; 12.599 ; 12.599 ; 12.599 ;
; SW[7]      ; HEX0[6]     ; 12.862 ; 12.862 ; 12.862 ; 12.862 ;
; SW[7]      ; HEX1[0]     ; 15.150 ; 15.150 ; 15.150 ; 15.150 ;
; SW[7]      ; HEX1[1]     ; 15.099 ; 15.099 ; 15.099 ; 15.099 ;
; SW[7]      ; HEX1[2]     ; 14.698 ; 14.698 ; 14.698 ; 14.698 ;
; SW[7]      ; HEX1[3]     ; 14.700 ; 14.700 ; 14.700 ; 14.700 ;
; SW[7]      ; HEX1[4]     ; 14.718 ; 14.718 ; 14.718 ; 14.718 ;
; SW[7]      ; HEX1[5]     ; 14.998 ; 14.998 ; 14.998 ; 14.998 ;
; SW[7]      ; HEX1[6]     ; 14.906 ; 14.906 ; 14.906 ; 14.906 ;
; SW[7]      ; HEX6[0]     ;        ; 7.391  ; 7.391  ;        ;
; SW[7]      ; HEX6[1]     ; 7.415  ; 7.415  ; 7.415  ; 7.415  ;
; SW[7]      ; HEX6[2]     ; 7.391  ;        ;        ; 7.391  ;
; SW[7]      ; HEX6[3]     ; 6.810  ; 6.810  ; 6.810  ; 6.810  ;
; SW[7]      ; HEX6[4]     ;        ; 6.801  ; 6.801  ;        ;
; SW[7]      ; HEX6[5]     ; 6.783  ;        ;        ; 6.783  ;
; SW[7]      ; HEX6[6]     ; 6.777  ; 6.777  ; 6.777  ; 6.777  ;
; SW[8]      ; HEX0[0]     ; 13.154 ; 13.154 ; 13.154 ; 13.154 ;
; SW[8]      ; HEX0[1]     ; 13.159 ; 13.159 ; 13.159 ; 13.159 ;
; SW[8]      ; HEX0[2]     ; 13.165 ; 13.165 ; 13.165 ; 13.165 ;
; SW[8]      ; HEX0[3]     ; 13.423 ; 13.423 ; 13.423 ; 13.423 ;
; SW[8]      ; HEX0[4]     ; 13.392 ; 13.392 ; 13.392 ; 13.392 ;
; SW[8]      ; HEX0[5]     ; 13.392 ; 13.392 ; 13.392 ; 13.392 ;
; SW[8]      ; HEX0[6]     ; 13.655 ; 13.655 ; 13.655 ; 13.655 ;
; SW[8]      ; HEX1[0]     ; 15.880 ; 15.880 ; 15.880 ; 15.880 ;
; SW[8]      ; HEX1[1]     ; 15.829 ; 15.829 ; 15.829 ; 15.829 ;
; SW[8]      ; HEX1[2]     ; 15.428 ; 15.428 ; 15.428 ; 15.428 ;
; SW[8]      ; HEX1[3]     ; 15.430 ; 15.430 ; 15.430 ; 15.430 ;
; SW[8]      ; HEX1[4]     ; 15.448 ; 15.448 ; 15.448 ; 15.448 ;
; SW[8]      ; HEX1[5]     ; 15.728 ; 15.728 ; 15.728 ; 15.728 ;
; SW[8]      ; HEX1[6]     ; 15.636 ; 15.636 ; 15.636 ; 15.636 ;
; SW[8]      ; HEX6[0]     ; 7.383  ; 7.383  ; 7.383  ; 7.383  ;
; SW[8]      ; HEX6[1]     ; 7.407  ;        ;        ; 7.407  ;
; SW[8]      ; HEX6[2]     ;        ; 7.343  ; 7.343  ;        ;
; SW[8]      ; HEX6[3]     ; 6.802  ; 6.802  ; 6.802  ; 6.802  ;
; SW[8]      ; HEX6[4]     ; 6.797  ;        ;        ; 6.797  ;
; SW[8]      ; HEX6[5]     ;        ; 6.754  ; 6.754  ;        ;
; SW[8]      ; HEX6[6]     ; 6.743  ; 6.743  ; 6.743  ; 6.743  ;
; SW[9]      ; HEX0[0]     ; 12.319 ; 12.319 ; 12.319 ; 12.319 ;
; SW[9]      ; HEX0[1]     ; 12.324 ; 12.324 ; 12.324 ; 12.324 ;
; SW[9]      ; HEX0[2]     ; 12.330 ; 12.330 ; 12.330 ; 12.330 ;
; SW[9]      ; HEX0[3]     ; 12.588 ; 12.588 ; 12.588 ; 12.588 ;
; SW[9]      ; HEX0[4]     ; 12.557 ; 12.557 ; 12.557 ; 12.557 ;
; SW[9]      ; HEX0[5]     ; 12.557 ; 12.557 ; 12.557 ; 12.557 ;
; SW[9]      ; HEX0[6]     ; 12.820 ; 12.820 ; 12.820 ; 12.820 ;
; SW[9]      ; HEX1[0]     ; 15.218 ; 15.218 ; 15.218 ; 15.218 ;
; SW[9]      ; HEX1[1]     ; 15.167 ; 15.167 ; 15.167 ; 15.167 ;
; SW[9]      ; HEX1[2]     ; 14.766 ; 14.766 ; 14.766 ; 14.766 ;
; SW[9]      ; HEX1[3]     ; 14.768 ; 14.768 ; 14.768 ; 14.768 ;
; SW[9]      ; HEX1[4]     ; 14.786 ; 14.786 ; 14.786 ; 14.786 ;
; SW[9]      ; HEX1[5]     ; 15.066 ; 15.066 ; 15.066 ; 15.066 ;
; SW[9]      ; HEX1[6]     ; 14.974 ; 14.974 ; 14.974 ; 14.974 ;
; SW[9]      ; HEX7[0]     ; 6.654  ; 6.654  ; 6.654  ; 6.654  ;
; SW[9]      ; HEX7[1]     ; 6.648  ; 6.648  ; 6.648  ; 6.648  ;
; SW[9]      ; HEX7[2]     ;        ; 6.615  ; 6.615  ;        ;
; SW[9]      ; HEX7[3]     ; 6.613  ; 6.613  ; 6.613  ; 6.613  ;
; SW[9]      ; HEX7[4]     ; 6.593  ;        ;        ; 6.593  ;
; SW[9]      ; HEX7[5]     ; 6.803  ;        ;        ; 6.803  ;
; SW[9]      ; HEX7[6]     ; 6.922  ;        ;        ; 6.922  ;
; SW[10]     ; HEX0[0]     ; 10.994 ; 10.994 ; 10.994 ; 10.994 ;
; SW[10]     ; HEX0[1]     ; 10.999 ; 10.999 ; 10.999 ; 10.999 ;
; SW[10]     ; HEX0[2]     ; 11.005 ; 11.005 ; 11.005 ; 11.005 ;
; SW[10]     ; HEX0[3]     ; 11.263 ; 11.263 ; 11.263 ; 11.263 ;
; SW[10]     ; HEX0[4]     ; 11.232 ; 11.232 ; 11.232 ; 11.232 ;
; SW[10]     ; HEX0[5]     ; 11.232 ; 11.232 ; 11.232 ; 11.232 ;
; SW[10]     ; HEX0[6]     ; 11.495 ; 11.495 ; 11.495 ; 11.495 ;
; SW[10]     ; HEX1[0]     ; 13.720 ; 13.720 ; 13.720 ; 13.720 ;
; SW[10]     ; HEX1[1]     ; 13.669 ; 13.669 ; 13.669 ; 13.669 ;
; SW[10]     ; HEX1[2]     ; 13.268 ; 13.268 ; 13.268 ; 13.268 ;
; SW[10]     ; HEX1[3]     ; 13.270 ; 13.270 ; 13.270 ; 13.270 ;
; SW[10]     ; HEX1[4]     ; 13.288 ; 13.288 ; 13.288 ; 13.288 ;
; SW[10]     ; HEX1[5]     ; 13.568 ; 13.568 ; 13.568 ; 13.568 ;
; SW[10]     ; HEX1[6]     ; 13.476 ; 13.476 ; 13.476 ; 13.476 ;
; SW[10]     ; HEX7[0]     ;        ; 5.552  ; 5.552  ;        ;
; SW[10]     ; HEX7[1]     ; 5.580  ; 5.580  ; 5.580  ; 5.580  ;
; SW[10]     ; HEX7[2]     ; 5.562  ;        ;        ; 5.562  ;
; SW[10]     ; HEX7[3]     ; 5.549  ; 5.549  ; 5.549  ; 5.549  ;
; SW[10]     ; HEX7[4]     ;        ; 5.567  ; 5.567  ;        ;
; SW[10]     ; HEX7[5]     ; 5.754  ;        ;        ; 5.754  ;
; SW[10]     ; HEX7[6]     ; 5.869  ; 5.869  ; 5.869  ; 5.869  ;
; SW[11]     ; HEX0[0]     ; 11.222 ; 11.222 ; 11.222 ; 11.222 ;
; SW[11]     ; HEX0[1]     ; 11.227 ; 11.227 ; 11.227 ; 11.227 ;
; SW[11]     ; HEX0[2]     ; 11.233 ; 11.233 ; 11.233 ; 11.233 ;
; SW[11]     ; HEX0[3]     ; 11.491 ; 11.491 ; 11.491 ; 11.491 ;
; SW[11]     ; HEX0[4]     ; 11.460 ; 11.460 ; 11.460 ; 11.460 ;
; SW[11]     ; HEX0[5]     ; 11.460 ; 11.460 ; 11.460 ; 11.460 ;
; SW[11]     ; HEX0[6]     ; 11.723 ; 11.723 ; 11.723 ; 11.723 ;
; SW[11]     ; HEX1[0]     ; 13.948 ; 13.948 ; 13.948 ; 13.948 ;
; SW[11]     ; HEX1[1]     ; 13.897 ; 13.897 ; 13.897 ; 13.897 ;
; SW[11]     ; HEX1[2]     ; 13.496 ; 13.496 ; 13.496 ; 13.496 ;
; SW[11]     ; HEX1[3]     ; 13.498 ; 13.498 ; 13.498 ; 13.498 ;
; SW[11]     ; HEX1[4]     ; 13.516 ; 13.516 ; 13.516 ; 13.516 ;
; SW[11]     ; HEX1[5]     ; 13.796 ; 13.796 ; 13.796 ; 13.796 ;
; SW[11]     ; HEX1[6]     ; 13.704 ; 13.704 ; 13.704 ; 13.704 ;
; SW[11]     ; HEX7[0]     ; 5.605  ; 5.605  ; 5.605  ; 5.605  ;
; SW[11]     ; HEX7[1]     ; 5.601  ;        ;        ; 5.601  ;
; SW[11]     ; HEX7[2]     ;        ; 5.532  ; 5.532  ;        ;
; SW[11]     ; HEX7[3]     ; 5.565  ; 5.565  ; 5.565  ; 5.565  ;
; SW[11]     ; HEX7[4]     ; 5.573  ;        ;        ; 5.573  ;
; SW[11]     ; HEX7[5]     ;        ; 5.760  ; 5.760  ;        ;
; SW[11]     ; HEX7[6]     ; 5.874  ; 5.874  ; 5.874  ; 5.874  ;
+------------+-------------+--------+--------+--------+--------+


+--------------------------------------------------------------+
; Minimum Propagation Delay                                    ;
+------------+-------------+--------+--------+--------+--------+
; Input Port ; Output Port ; RR     ; RF     ; FR     ; FF     ;
+------------+-------------+--------+--------+--------+--------+
; SW[0]      ; HEX0[0]     ; 10.627 ; 10.627 ; 10.627 ; 10.627 ;
; SW[0]      ; HEX0[1]     ; 10.612 ; 10.612 ; 10.612 ; 10.612 ;
; SW[0]      ; HEX0[2]     ; 10.611 ; 10.611 ; 10.611 ; 10.611 ;
; SW[0]      ; HEX0[3]     ; 10.881 ; 10.881 ; 10.881 ; 10.881 ;
; SW[0]      ; HEX0[4]     ; 10.880 ; 10.880 ; 10.880 ; 10.880 ;
; SW[0]      ; HEX0[5]     ; 10.862 ; 10.862 ; 10.862 ; 10.862 ;
; SW[0]      ; HEX0[6]     ; 11.109 ; 11.109 ; 11.109 ; 11.109 ;
; SW[0]      ; HEX1[0]     ; 12.043 ; 12.043 ; 12.043 ; 12.043 ;
; SW[0]      ; HEX1[1]     ; 12.001 ; 12.001 ; 12.001 ; 12.001 ;
; SW[0]      ; HEX1[2]     ; 11.598 ; 11.598 ; 11.598 ; 11.598 ;
; SW[0]      ; HEX1[3]     ; 11.603 ; 11.603 ; 11.603 ; 11.603 ;
; SW[0]      ; HEX1[4]     ; 11.622 ; 11.622 ; 11.622 ; 11.622 ;
; SW[0]      ; HEX1[5]     ; 11.888 ; 11.888 ; 11.888 ; 11.888 ;
; SW[0]      ; HEX1[6]     ; 11.768 ; 11.768 ; 11.768 ; 11.768 ;
; SW[0]      ; HEX4[0]     ; 7.454  ; 7.454  ; 7.454  ; 7.454  ;
; SW[0]      ; HEX4[1]     ; 7.473  ; 7.473  ; 7.473  ; 7.473  ;
; SW[0]      ; HEX4[2]     ;        ; 7.480  ; 7.480  ;        ;
; SW[0]      ; HEX4[3]     ; 7.170  ; 7.170  ; 7.170  ; 7.170  ;
; SW[0]      ; HEX4[4]     ; 7.149  ;        ;        ; 7.149  ;
; SW[0]      ; HEX4[5]     ; 7.174  ;        ;        ; 7.174  ;
; SW[0]      ; HEX4[6]     ; 7.458  ;        ;        ; 7.458  ;
; SW[1]      ; HEX0[0]     ; 10.980 ; 10.980 ; 10.980 ; 10.980 ;
; SW[1]      ; HEX0[1]     ; 10.965 ; 10.965 ; 10.965 ; 10.965 ;
; SW[1]      ; HEX0[2]     ; 10.964 ; 10.964 ; 10.964 ; 10.964 ;
; SW[1]      ; HEX0[3]     ; 11.234 ; 11.234 ; 11.234 ; 11.234 ;
; SW[1]      ; HEX0[4]     ; 11.233 ; 11.233 ; 11.233 ; 11.233 ;
; SW[1]      ; HEX0[5]     ; 11.215 ; 11.215 ; 11.215 ; 11.215 ;
; SW[1]      ; HEX0[6]     ; 11.462 ; 11.462 ; 11.462 ; 11.462 ;
; SW[1]      ; HEX1[0]     ; 12.247 ; 12.247 ; 12.247 ; 12.247 ;
; SW[1]      ; HEX1[1]     ; 12.205 ; 12.205 ; 12.205 ; 12.205 ;
; SW[1]      ; HEX1[2]     ; 11.802 ; 11.802 ; 11.802 ; 11.802 ;
; SW[1]      ; HEX1[3]     ; 11.807 ; 11.807 ; 11.807 ; 11.807 ;
; SW[1]      ; HEX1[4]     ; 11.826 ; 11.826 ; 11.826 ; 11.826 ;
; SW[1]      ; HEX1[5]     ; 12.092 ; 12.092 ; 12.092 ; 12.092 ;
; SW[1]      ; HEX1[6]     ; 11.972 ; 11.972 ; 11.972 ; 11.972 ;
; SW[1]      ; HEX4[0]     ;        ; 7.649  ; 7.649  ;        ;
; SW[1]      ; HEX4[1]     ; 7.677  ; 7.677  ; 7.677  ; 7.677  ;
; SW[1]      ; HEX4[2]     ; 7.717  ;        ;        ; 7.717  ;
; SW[1]      ; HEX4[3]     ; 7.379  ; 7.379  ; 7.379  ; 7.379  ;
; SW[1]      ; HEX4[4]     ;        ; 7.422  ; 7.422  ;        ;
; SW[1]      ; HEX4[5]     ; 7.417  ;        ;        ; 7.417  ;
; SW[1]      ; HEX4[6]     ; 7.675  ; 7.675  ; 7.675  ; 7.675  ;
; SW[2]      ; HEX0[0]     ; 12.164 ; 12.164 ; 12.164 ; 12.164 ;
; SW[2]      ; HEX0[1]     ; 12.169 ; 12.169 ; 12.169 ; 12.169 ;
; SW[2]      ; HEX0[2]     ; 12.175 ; 12.175 ; 12.175 ; 12.175 ;
; SW[2]      ; HEX0[3]     ; 12.433 ; 12.433 ; 12.433 ; 12.433 ;
; SW[2]      ; HEX0[4]     ; 12.402 ; 12.402 ; 12.402 ; 12.402 ;
; SW[2]      ; HEX0[5]     ; 12.402 ; 12.402 ; 12.402 ; 12.402 ;
; SW[2]      ; HEX0[6]     ; 12.665 ; 12.665 ; 12.665 ; 12.665 ;
; SW[2]      ; HEX1[0]     ; 11.363 ; 11.363 ; 11.363 ; 11.363 ;
; SW[2]      ; HEX1[1]     ; 11.321 ; 11.321 ; 11.321 ; 11.321 ;
; SW[2]      ; HEX1[2]     ; 10.918 ; 10.918 ; 10.918 ; 10.918 ;
; SW[2]      ; HEX1[3]     ; 10.923 ; 10.923 ; 10.923 ; 10.923 ;
; SW[2]      ; HEX1[4]     ; 10.942 ; 10.942 ; 10.942 ; 10.942 ;
; SW[2]      ; HEX1[5]     ; 11.208 ; 11.208 ; 11.208 ; 11.208 ;
; SW[2]      ; HEX1[6]     ; 11.088 ; 11.088 ; 11.088 ; 11.088 ;
; SW[2]      ; HEX4[0]     ; 7.277  ; 7.277  ; 7.277  ; 7.277  ;
; SW[2]      ; HEX4[1]     ; 7.295  ;        ;        ; 7.295  ;
; SW[2]      ; HEX4[2]     ;        ; 7.303  ; 7.303  ;        ;
; SW[2]      ; HEX4[3]     ; 6.992  ; 6.992  ; 6.992  ; 6.992  ;
; SW[2]      ; HEX4[4]     ; 6.999  ;        ;        ; 6.999  ;
; SW[2]      ; HEX4[5]     ;        ; 6.997  ; 6.997  ;        ;
; SW[2]      ; HEX4[6]     ; 7.278  ; 7.278  ; 7.278  ; 7.278  ;
; SW[3]      ; HEX0[0]     ; 10.191 ; 10.191 ; 10.191 ; 10.191 ;
; SW[3]      ; HEX0[1]     ; 10.176 ; 10.176 ; 10.176 ; 10.176 ;
; SW[3]      ; HEX0[2]     ; 10.175 ; 10.175 ; 10.175 ; 10.175 ;
; SW[3]      ; HEX0[3]     ; 10.445 ; 10.445 ; 10.445 ; 10.445 ;
; SW[3]      ; HEX0[4]     ; 10.444 ; 10.444 ; 10.444 ; 10.444 ;
; SW[3]      ; HEX0[5]     ; 10.426 ; 10.426 ; 10.426 ; 10.426 ;
; SW[3]      ; HEX0[6]     ; 10.673 ; 10.673 ; 10.673 ; 10.673 ;
; SW[3]      ; HEX1[0]     ; 12.144 ; 12.144 ; 12.144 ; 12.144 ;
; SW[3]      ; HEX1[1]     ; 12.102 ; 12.102 ; 12.102 ; 12.102 ;
; SW[3]      ; HEX1[2]     ; 11.699 ; 11.699 ; 11.699 ; 11.699 ;
; SW[3]      ; HEX1[3]     ; 11.704 ; 11.704 ; 11.704 ; 11.704 ;
; SW[3]      ; HEX1[4]     ; 11.723 ; 11.723 ; 11.723 ; 11.723 ;
; SW[3]      ; HEX1[5]     ; 11.989 ; 11.989 ; 11.989 ; 11.989 ;
; SW[3]      ; HEX1[6]     ; 11.869 ; 11.869 ; 11.869 ; 11.869 ;
; SW[3]      ; HEX5[0]     ; 7.149  ; 7.149  ; 7.149  ; 7.149  ;
; SW[3]      ; HEX5[1]     ; 7.122  ; 7.122  ; 7.122  ; 7.122  ;
; SW[3]      ; HEX5[2]     ;        ; 7.076  ; 7.076  ;        ;
; SW[3]      ; HEX5[3]     ; 6.500  ; 6.500  ; 6.500  ; 6.500  ;
; SW[3]      ; HEX5[4]     ; 6.478  ;        ;        ; 6.478  ;
; SW[3]      ; HEX5[5]     ; 6.472  ;        ;        ; 6.472  ;
; SW[3]      ; HEX5[6]     ; 6.749  ;        ;        ; 6.749  ;
; SW[4]      ; HEX0[0]     ; 10.307 ; 10.307 ; 10.307 ; 10.307 ;
; SW[4]      ; HEX0[1]     ; 10.292 ; 10.292 ; 10.292 ; 10.292 ;
; SW[4]      ; HEX0[2]     ; 10.291 ; 10.291 ; 10.291 ; 10.291 ;
; SW[4]      ; HEX0[3]     ; 10.561 ; 10.561 ; 10.561 ; 10.561 ;
; SW[4]      ; HEX0[4]     ; 10.560 ; 10.560 ; 10.560 ; 10.560 ;
; SW[4]      ; HEX0[5]     ; 10.542 ; 10.542 ; 10.542 ; 10.542 ;
; SW[4]      ; HEX0[6]     ; 10.789 ; 10.789 ; 10.789 ; 10.789 ;
; SW[4]      ; HEX1[0]     ; 11.712 ; 11.712 ; 11.712 ; 11.712 ;
; SW[4]      ; HEX1[1]     ; 11.670 ; 11.670 ; 11.670 ; 11.670 ;
; SW[4]      ; HEX1[2]     ; 11.269 ; 11.269 ; 11.269 ; 11.269 ;
; SW[4]      ; HEX1[3]     ; 11.271 ; 11.271 ; 11.271 ; 11.271 ;
; SW[4]      ; HEX1[4]     ; 11.289 ; 11.289 ; 11.289 ; 11.289 ;
; SW[4]      ; HEX1[5]     ; 11.560 ; 11.560 ; 11.560 ; 11.560 ;
; SW[4]      ; HEX1[6]     ; 11.460 ; 11.460 ; 11.460 ; 11.460 ;
; SW[4]      ; HEX5[0]     ;        ; 6.572  ; 6.572  ;        ;
; SW[4]      ; HEX5[1]     ; 6.546  ; 6.546  ; 6.546  ; 6.546  ;
; SW[4]      ; HEX5[2]     ; 6.540  ;        ;        ; 6.540  ;
; SW[4]      ; HEX5[3]     ; 6.722  ; 6.722  ; 6.722  ; 6.722  ;
; SW[4]      ; HEX5[4]     ;        ; 6.702  ; 6.702  ;        ;
; SW[4]      ; HEX5[5]     ; 6.731  ;        ;        ; 6.731  ;
; SW[4]      ; HEX5[6]     ; 6.981  ; 6.981  ; 6.981  ; 6.981  ;
; SW[5]      ; HEX0[0]     ; 10.654 ; 10.654 ; 10.654 ; 10.654 ;
; SW[5]      ; HEX0[1]     ; 10.631 ; 10.631 ; 10.631 ; 10.631 ;
; SW[5]      ; HEX0[2]     ; 10.635 ; 10.635 ; 10.635 ; 10.635 ;
; SW[5]      ; HEX0[3]     ; 10.900 ; 10.900 ; 10.900 ; 10.900 ;
; SW[5]      ; HEX0[4]     ; 10.899 ; 10.899 ; 10.899 ; 10.899 ;
; SW[5]      ; HEX0[5]     ; 10.870 ; 10.870 ; 10.870 ; 10.870 ;
; SW[5]      ; HEX0[6]     ; 11.128 ; 11.128 ; 11.128 ; 11.128 ;
; SW[5]      ; HEX1[0]     ; 10.802 ; 10.802 ; 10.802 ; 10.802 ;
; SW[5]      ; HEX1[1]     ; 10.760 ; 10.760 ; 10.760 ; 10.760 ;
; SW[5]      ; HEX1[2]     ; 10.357 ; 10.357 ; 10.357 ; 10.357 ;
; SW[5]      ; HEX1[3]     ; 10.362 ; 10.362 ; 10.362 ; 10.362 ;
; SW[5]      ; HEX1[4]     ; 10.381 ; 10.381 ; 10.381 ; 10.381 ;
; SW[5]      ; HEX1[5]     ; 10.647 ; 10.647 ; 10.647 ; 10.647 ;
; SW[5]      ; HEX1[6]     ; 10.527 ; 10.527 ; 10.527 ; 10.527 ;
; SW[5]      ; HEX5[0]     ; 6.464  ; 6.464  ; 6.464  ; 6.464  ;
; SW[5]      ; HEX5[1]     ; 6.428  ;        ;        ; 6.428  ;
; SW[5]      ; HEX5[2]     ;        ; 6.430  ; 6.430  ;        ;
; SW[5]      ; HEX5[3]     ; 6.385  ; 6.385  ; 6.385  ; 6.385  ;
; SW[5]      ; HEX5[4]     ; 6.361  ;        ;        ; 6.361  ;
; SW[5]      ; HEX5[5]     ;        ; 6.367  ; 6.367  ;        ;
; SW[5]      ; HEX5[6]     ; 6.644  ; 6.644  ; 6.644  ; 6.644  ;
; SW[6]      ; HEX0[0]     ; 11.053 ; 11.053 ; 11.053 ; 11.053 ;
; SW[6]      ; HEX0[1]     ; 11.038 ; 11.038 ; 11.038 ; 11.038 ;
; SW[6]      ; HEX0[2]     ; 11.037 ; 11.037 ; 11.037 ; 11.037 ;
; SW[6]      ; HEX0[3]     ; 11.307 ; 11.307 ; 11.307 ; 11.307 ;
; SW[6]      ; HEX0[4]     ; 11.306 ; 11.306 ; 11.306 ; 11.306 ;
; SW[6]      ; HEX0[5]     ; 11.288 ; 11.288 ; 11.288 ; 11.288 ;
; SW[6]      ; HEX0[6]     ; 11.535 ; 11.535 ; 11.535 ; 11.535 ;
; SW[6]      ; HEX1[0]     ; 12.237 ; 12.237 ; 12.237 ; 12.237 ;
; SW[6]      ; HEX1[1]     ; 12.195 ; 12.195 ; 12.195 ; 12.195 ;
; SW[6]      ; HEX1[2]     ; 11.794 ; 11.794 ; 11.794 ; 11.794 ;
; SW[6]      ; HEX1[3]     ; 11.796 ; 11.796 ; 11.796 ; 11.796 ;
; SW[6]      ; HEX1[4]     ; 11.814 ; 11.814 ; 11.814 ; 11.814 ;
; SW[6]      ; HEX1[5]     ; 12.085 ; 12.085 ; 12.085 ; 12.085 ;
; SW[6]      ; HEX1[6]     ; 11.985 ; 11.985 ; 11.985 ; 11.985 ;
; SW[6]      ; HEX6[0]     ; 7.309  ; 7.309  ; 7.309  ; 7.309  ;
; SW[6]      ; HEX6[1]     ; 7.335  ; 7.335  ; 7.335  ; 7.335  ;
; SW[6]      ; HEX6[2]     ;        ; 7.304  ; 7.304  ;        ;
; SW[6]      ; HEX6[3]     ; 6.736  ; 6.736  ; 6.736  ; 6.736  ;
; SW[6]      ; HEX6[4]     ; 6.716  ;        ;        ; 6.716  ;
; SW[6]      ; HEX6[5]     ; 6.699  ;        ;        ; 6.699  ;
; SW[6]      ; HEX6[6]     ; 6.705  ;        ;        ; 6.705  ;
; SW[7]      ; HEX0[0]     ; 10.344 ; 10.344 ; 10.344 ; 10.344 ;
; SW[7]      ; HEX0[1]     ; 10.321 ; 10.321 ; 10.321 ; 10.321 ;
; SW[7]      ; HEX0[2]     ; 10.325 ; 10.325 ; 10.325 ; 10.325 ;
; SW[7]      ; HEX0[3]     ; 10.590 ; 10.590 ; 10.590 ; 10.590 ;
; SW[7]      ; HEX0[4]     ; 10.589 ; 10.589 ; 10.589 ; 10.589 ;
; SW[7]      ; HEX0[5]     ; 10.560 ; 10.560 ; 10.560 ; 10.560 ;
; SW[7]      ; HEX0[6]     ; 10.818 ; 10.818 ; 10.818 ; 10.818 ;
; SW[7]      ; HEX1[0]     ; 11.541 ; 11.541 ; 11.541 ; 11.541 ;
; SW[7]      ; HEX1[1]     ; 11.499 ; 11.499 ; 11.499 ; 11.499 ;
; SW[7]      ; HEX1[2]     ; 11.098 ; 11.098 ; 11.098 ; 11.098 ;
; SW[7]      ; HEX1[3]     ; 11.100 ; 11.100 ; 11.100 ; 11.100 ;
; SW[7]      ; HEX1[4]     ; 11.118 ; 11.118 ; 11.118 ; 11.118 ;
; SW[7]      ; HEX1[5]     ; 11.389 ; 11.389 ; 11.389 ; 11.389 ;
; SW[7]      ; HEX1[6]     ; 11.289 ; 11.289 ; 11.289 ; 11.289 ;
; SW[7]      ; HEX6[0]     ;        ; 7.391  ; 7.391  ;        ;
; SW[7]      ; HEX6[1]     ; 7.415  ; 7.415  ; 7.415  ; 7.415  ;
; SW[7]      ; HEX6[2]     ; 7.391  ;        ;        ; 7.391  ;
; SW[7]      ; HEX6[3]     ; 6.810  ; 6.810  ; 6.810  ; 6.810  ;
; SW[7]      ; HEX6[4]     ;        ; 6.801  ; 6.801  ;        ;
; SW[7]      ; HEX6[5]     ; 6.783  ;        ;        ; 6.783  ;
; SW[7]      ; HEX6[6]     ; 6.777  ; 6.777  ; 6.777  ; 6.777  ;
; SW[8]      ; HEX0[0]     ; 10.698 ; 10.698 ; 10.698 ; 10.698 ;
; SW[8]      ; HEX0[1]     ; 10.675 ; 10.675 ; 10.675 ; 10.675 ;
; SW[8]      ; HEX0[2]     ; 10.679 ; 10.679 ; 10.679 ; 10.679 ;
; SW[8]      ; HEX0[3]     ; 10.944 ; 10.944 ; 10.944 ; 10.944 ;
; SW[8]      ; HEX0[4]     ; 10.943 ; 10.943 ; 10.943 ; 10.943 ;
; SW[8]      ; HEX0[5]     ; 10.914 ; 10.914 ; 10.914 ; 10.914 ;
; SW[8]      ; HEX0[6]     ; 11.172 ; 11.172 ; 11.172 ; 11.172 ;
; SW[8]      ; HEX1[0]     ; 11.122 ; 11.122 ; 11.122 ; 11.122 ;
; SW[8]      ; HEX1[1]     ; 11.071 ; 11.071 ; 11.071 ; 11.071 ;
; SW[8]      ; HEX1[2]     ; 10.668 ; 10.668 ; 10.668 ; 10.668 ;
; SW[8]      ; HEX1[3]     ; 10.671 ; 10.671 ; 10.671 ; 10.671 ;
; SW[8]      ; HEX1[4]     ; 10.695 ; 10.695 ; 10.695 ; 10.695 ;
; SW[8]      ; HEX1[5]     ; 10.970 ; 10.970 ; 10.970 ; 10.970 ;
; SW[8]      ; HEX1[6]     ; 10.851 ; 10.851 ; 10.851 ; 10.851 ;
; SW[8]      ; HEX6[0]     ; 7.383  ; 7.383  ; 7.383  ; 7.383  ;
; SW[8]      ; HEX6[1]     ; 7.407  ;        ;        ; 7.407  ;
; SW[8]      ; HEX6[2]     ;        ; 7.343  ; 7.343  ;        ;
; SW[8]      ; HEX6[3]     ; 6.802  ; 6.802  ; 6.802  ; 6.802  ;
; SW[8]      ; HEX6[4]     ; 6.797  ;        ;        ; 6.797  ;
; SW[8]      ; HEX6[5]     ;        ; 6.754  ; 6.754  ;        ;
; SW[8]      ; HEX6[6]     ; 6.743  ; 6.743  ; 6.743  ; 6.743  ;
; SW[9]      ; HEX0[0]     ; 10.473 ; 10.473 ; 10.473 ; 10.473 ;
; SW[9]      ; HEX0[1]     ; 10.458 ; 10.458 ; 10.458 ; 10.458 ;
; SW[9]      ; HEX0[2]     ; 10.457 ; 10.457 ; 10.457 ; 10.457 ;
; SW[9]      ; HEX0[3]     ; 10.727 ; 10.727 ; 10.727 ; 10.727 ;
; SW[9]      ; HEX0[4]     ; 10.726 ; 10.726 ; 10.726 ; 10.726 ;
; SW[9]      ; HEX0[5]     ; 10.707 ; 10.707 ; 10.707 ; 10.707 ;
; SW[9]      ; HEX0[6]     ; 10.955 ; 10.955 ; 10.955 ; 10.955 ;
; SW[9]      ; HEX1[0]     ; 11.499 ; 11.499 ; 11.499 ; 11.499 ;
; SW[9]      ; HEX1[1]     ; 11.457 ; 11.457 ; 11.457 ; 11.457 ;
; SW[9]      ; HEX1[2]     ; 11.056 ; 11.056 ; 11.056 ; 11.056 ;
; SW[9]      ; HEX1[3]     ; 11.058 ; 11.058 ; 11.058 ; 11.058 ;
; SW[9]      ; HEX1[4]     ; 11.076 ; 11.076 ; 11.076 ; 11.076 ;
; SW[9]      ; HEX1[5]     ; 11.347 ; 11.347 ; 11.347 ; 11.347 ;
; SW[9]      ; HEX1[6]     ; 11.247 ; 11.247 ; 11.247 ; 11.247 ;
; SW[9]      ; HEX7[0]     ; 6.654  ; 6.654  ; 6.654  ; 6.654  ;
; SW[9]      ; HEX7[1]     ; 6.648  ; 6.648  ; 6.648  ; 6.648  ;
; SW[9]      ; HEX7[2]     ;        ; 6.615  ; 6.615  ;        ;
; SW[9]      ; HEX7[3]     ; 6.613  ; 6.613  ; 6.613  ; 6.613  ;
; SW[9]      ; HEX7[4]     ; 6.593  ;        ;        ; 6.593  ;
; SW[9]      ; HEX7[5]     ; 6.803  ;        ;        ; 6.803  ;
; SW[9]      ; HEX7[6]     ; 6.922  ;        ;        ; 6.922  ;
; SW[10]     ; HEX0[0]     ; 9.048  ; 9.048  ; 9.048  ; 9.048  ;
; SW[10]     ; HEX0[1]     ; 9.033  ; 9.033  ; 9.033  ; 9.033  ;
; SW[10]     ; HEX0[2]     ; 9.032  ; 9.032  ; 9.032  ; 9.032  ;
; SW[10]     ; HEX0[3]     ; 9.302  ; 9.302  ; 9.302  ; 9.302  ;
; SW[10]     ; HEX0[4]     ; 9.301  ; 9.301  ; 9.301  ; 9.301  ;
; SW[10]     ; HEX0[5]     ; 9.283  ; 9.283  ; 9.283  ; 9.283  ;
; SW[10]     ; HEX0[6]     ; 9.530  ; 9.530  ; 9.530  ; 9.530  ;
; SW[10]     ; HEX1[0]     ; 10.017 ; 10.017 ; 10.017 ; 10.017 ;
; SW[10]     ; HEX1[1]     ; 9.975  ; 9.975  ; 9.975  ; 9.975  ;
; SW[10]     ; HEX1[2]     ; 9.574  ; 9.574  ; 9.574  ; 9.574  ;
; SW[10]     ; HEX1[3]     ; 9.576  ; 9.576  ; 9.576  ; 9.576  ;
; SW[10]     ; HEX1[4]     ; 9.594  ; 9.594  ; 9.594  ; 9.594  ;
; SW[10]     ; HEX1[5]     ; 9.865  ; 9.865  ; 9.865  ; 9.865  ;
; SW[10]     ; HEX1[6]     ; 9.765  ; 9.765  ; 9.765  ; 9.765  ;
; SW[10]     ; HEX7[0]     ;        ; 5.552  ; 5.552  ;        ;
; SW[10]     ; HEX7[1]     ; 5.580  ; 5.580  ; 5.580  ; 5.580  ;
; SW[10]     ; HEX7[2]     ; 5.562  ;        ;        ; 5.562  ;
; SW[10]     ; HEX7[3]     ; 5.549  ; 5.549  ; 5.549  ; 5.549  ;
; SW[10]     ; HEX7[4]     ;        ; 5.567  ; 5.567  ;        ;
; SW[10]     ; HEX7[5]     ; 5.754  ;        ;        ; 5.754  ;
; SW[10]     ; HEX7[6]     ; 5.869  ; 5.869  ; 5.869  ; 5.869  ;
; SW[11]     ; HEX0[0]     ; 9.204  ; 9.204  ; 9.204  ; 9.204  ;
; SW[11]     ; HEX0[1]     ; 9.181  ; 9.181  ; 9.181  ; 9.181  ;
; SW[11]     ; HEX0[2]     ; 9.185  ; 9.185  ; 9.185  ; 9.185  ;
; SW[11]     ; HEX0[3]     ; 9.450  ; 9.450  ; 9.450  ; 9.450  ;
; SW[11]     ; HEX0[4]     ; 9.449  ; 9.449  ; 9.449  ; 9.449  ;
; SW[11]     ; HEX0[5]     ; 9.420  ; 9.420  ; 9.420  ; 9.420  ;
; SW[11]     ; HEX0[6]     ; 9.678  ; 9.678  ; 9.678  ; 9.678  ;
; SW[11]     ; HEX1[0]     ; 9.550  ; 9.550  ; 9.550  ; 9.550  ;
; SW[11]     ; HEX1[1]     ; 9.499  ; 9.499  ; 9.499  ; 9.499  ;
; SW[11]     ; HEX1[2]     ; 9.096  ; 9.096  ; 9.096  ; 9.096  ;
; SW[11]     ; HEX1[3]     ; 9.099  ; 9.099  ; 9.099  ; 9.099  ;
; SW[11]     ; HEX1[4]     ; 9.123  ; 9.123  ; 9.123  ; 9.123  ;
; SW[11]     ; HEX1[5]     ; 9.398  ; 9.398  ; 9.398  ; 9.398  ;
; SW[11]     ; HEX1[6]     ; 9.279  ; 9.279  ; 9.279  ; 9.279  ;
; SW[11]     ; HEX7[0]     ; 5.605  ; 5.605  ; 5.605  ; 5.605  ;
; SW[11]     ; HEX7[1]     ; 5.601  ;        ;        ; 5.601  ;
; SW[11]     ; HEX7[2]     ;        ; 5.532  ; 5.532  ;        ;
; SW[11]     ; HEX7[3]     ; 5.565  ; 5.565  ; 5.565  ; 5.565  ;
; SW[11]     ; HEX7[4]     ; 5.573  ;        ;        ; 5.573  ;
; SW[11]     ; HEX7[5]     ;        ; 5.760  ; 5.760  ;        ;
; SW[11]     ; HEX7[6]     ; 5.874  ; 5.874  ; 5.874  ; 5.874  ;
+------------+-------------+--------+--------+--------+--------+


----------------------------
; Fast Model Setup Summary ;
----------------------------
No paths to report.


---------------------------
; Fast Model Hold Summary ;
---------------------------
No paths to report.


-------------------------------
; Fast Model Recovery Summary ;
-------------------------------
No paths to report.


------------------------------
; Fast Model Removal Summary ;
------------------------------
No paths to report.


------------------------------------------
; Fast Model Minimum Pulse Width Summary ;
------------------------------------------
No paths to report.


+----------------------------------------------------------+
; Propagation Delay                                        ;
+------------+-------------+-------+-------+-------+-------+
; Input Port ; Output Port ; RR    ; RF    ; FR    ; FF    ;
+------------+-------------+-------+-------+-------+-------+
; SW[0]      ; HEX0[0]     ; 6.726 ; 6.726 ; 6.726 ; 6.726 ;
; SW[0]      ; HEX0[1]     ; 6.696 ; 6.696 ; 6.696 ; 6.696 ;
; SW[0]      ; HEX0[2]     ; 6.710 ; 6.710 ; 6.710 ; 6.710 ;
; SW[0]      ; HEX0[3]     ; 6.836 ; 6.836 ; 6.836 ; 6.836 ;
; SW[0]      ; HEX0[4]     ; 6.835 ; 6.835 ; 6.835 ; 6.835 ;
; SW[0]      ; HEX0[5]     ; 6.832 ; 6.832 ; 6.832 ; 6.832 ;
; SW[0]      ; HEX0[6]     ; 6.927 ; 6.927 ; 6.927 ; 6.927 ;
; SW[0]      ; HEX1[0]     ; 8.103 ; 8.103 ; 8.103 ; 8.103 ;
; SW[0]      ; HEX1[1]     ; 8.072 ; 8.072 ; 8.072 ; 8.072 ;
; SW[0]      ; HEX1[2]     ; 7.846 ; 7.846 ; 7.846 ; 7.846 ;
; SW[0]      ; HEX1[3]     ; 7.843 ; 7.843 ; 7.843 ; 7.843 ;
; SW[0]      ; HEX1[4]     ; 7.864 ; 7.864 ; 7.864 ; 7.864 ;
; SW[0]      ; HEX1[5]     ; 7.984 ; 7.984 ; 7.984 ; 7.984 ;
; SW[0]      ; HEX1[6]     ; 7.953 ; 7.953 ; 7.953 ; 7.953 ;
; SW[0]      ; HEX4[0]     ; 3.843 ; 3.843 ; 3.843 ; 3.843 ;
; SW[0]      ; HEX4[1]     ; 3.857 ; 3.857 ; 3.857 ; 3.857 ;
; SW[0]      ; HEX4[2]     ;       ; 3.862 ; 3.862 ;       ;
; SW[0]      ; HEX4[3]     ; 3.710 ; 3.710 ; 3.710 ; 3.710 ;
; SW[0]      ; HEX4[4]     ; 3.723 ;       ;       ; 3.723 ;
; SW[0]      ; HEX4[5]     ; 3.727 ;       ;       ; 3.727 ;
; SW[0]      ; HEX4[6]     ; 3.849 ;       ;       ; 3.849 ;
; SW[1]      ; HEX0[0]     ; 6.768 ; 6.768 ; 6.768 ; 6.768 ;
; SW[1]      ; HEX0[1]     ; 6.738 ; 6.738 ; 6.738 ; 6.738 ;
; SW[1]      ; HEX0[2]     ; 6.752 ; 6.752 ; 6.752 ; 6.752 ;
; SW[1]      ; HEX0[3]     ; 6.878 ; 6.878 ; 6.878 ; 6.878 ;
; SW[1]      ; HEX0[4]     ; 6.877 ; 6.877 ; 6.877 ; 6.877 ;
; SW[1]      ; HEX0[5]     ; 6.874 ; 6.874 ; 6.874 ; 6.874 ;
; SW[1]      ; HEX0[6]     ; 6.969 ; 6.969 ; 6.969 ; 6.969 ;
; SW[1]      ; HEX1[0]     ; 8.145 ; 8.145 ; 8.145 ; 8.145 ;
; SW[1]      ; HEX1[1]     ; 8.114 ; 8.114 ; 8.114 ; 8.114 ;
; SW[1]      ; HEX1[2]     ; 7.888 ; 7.888 ; 7.888 ; 7.888 ;
; SW[1]      ; HEX1[3]     ; 7.885 ; 7.885 ; 7.885 ; 7.885 ;
; SW[1]      ; HEX1[4]     ; 7.906 ; 7.906 ; 7.906 ; 7.906 ;
; SW[1]      ; HEX1[5]     ; 8.026 ; 8.026 ; 8.026 ; 8.026 ;
; SW[1]      ; HEX1[6]     ; 7.995 ; 7.995 ; 7.995 ; 7.995 ;
; SW[1]      ; HEX4[0]     ;       ; 3.966 ; 3.966 ;       ;
; SW[1]      ; HEX4[1]     ; 3.979 ; 3.979 ; 3.979 ; 3.979 ;
; SW[1]      ; HEX4[2]     ; 3.986 ;       ;       ; 3.986 ;
; SW[1]      ; HEX4[3]     ; 3.832 ; 3.832 ; 3.832 ; 3.832 ;
; SW[1]      ; HEX4[4]     ;       ; 3.854 ; 3.854 ;       ;
; SW[1]      ; HEX4[5]     ; 3.857 ;       ;       ; 3.857 ;
; SW[1]      ; HEX4[6]     ; 3.983 ; 3.983 ; 3.983 ; 3.983 ;
; SW[2]      ; HEX0[0]     ; 6.506 ; 6.506 ; 6.506 ; 6.506 ;
; SW[2]      ; HEX0[1]     ; 6.476 ; 6.476 ; 6.476 ; 6.476 ;
; SW[2]      ; HEX0[2]     ; 6.490 ; 6.490 ; 6.490 ; 6.490 ;
; SW[2]      ; HEX0[3]     ; 6.616 ; 6.616 ; 6.616 ; 6.616 ;
; SW[2]      ; HEX0[4]     ; 6.615 ; 6.615 ; 6.615 ; 6.615 ;
; SW[2]      ; HEX0[5]     ; 6.612 ; 6.612 ; 6.612 ; 6.612 ;
; SW[2]      ; HEX0[6]     ; 6.707 ; 6.707 ; 6.707 ; 6.707 ;
; SW[2]      ; HEX1[0]     ; 7.880 ; 7.880 ; 7.880 ; 7.880 ;
; SW[2]      ; HEX1[1]     ; 7.849 ; 7.849 ; 7.849 ; 7.849 ;
; SW[2]      ; HEX1[2]     ; 7.623 ; 7.623 ; 7.623 ; 7.623 ;
; SW[2]      ; HEX1[3]     ; 7.620 ; 7.620 ; 7.620 ; 7.620 ;
; SW[2]      ; HEX1[4]     ; 7.641 ; 7.641 ; 7.641 ; 7.641 ;
; SW[2]      ; HEX1[5]     ; 7.761 ; 7.761 ; 7.761 ; 7.761 ;
; SW[2]      ; HEX1[6]     ; 7.730 ; 7.730 ; 7.730 ; 7.730 ;
; SW[2]      ; HEX4[0]     ; 3.777 ; 3.777 ; 3.777 ; 3.777 ;
; SW[2]      ; HEX4[1]     ; 3.791 ;       ;       ; 3.791 ;
; SW[2]      ; HEX4[2]     ;       ; 3.793 ; 3.793 ;       ;
; SW[2]      ; HEX4[3]     ; 3.644 ; 3.644 ; 3.644 ; 3.644 ;
; SW[2]      ; HEX4[4]     ; 3.655 ;       ;       ; 3.655 ;
; SW[2]      ; HEX4[5]     ;       ; 3.657 ; 3.657 ;       ;
; SW[2]      ; HEX4[6]     ; 3.779 ; 3.779 ; 3.779 ; 3.779 ;
; SW[3]      ; HEX0[0]     ; 6.560 ; 6.560 ; 6.560 ; 6.560 ;
; SW[3]      ; HEX0[1]     ; 6.530 ; 6.530 ; 6.530 ; 6.530 ;
; SW[3]      ; HEX0[2]     ; 6.544 ; 6.544 ; 6.544 ; 6.544 ;
; SW[3]      ; HEX0[3]     ; 6.670 ; 6.670 ; 6.670 ; 6.670 ;
; SW[3]      ; HEX0[4]     ; 6.669 ; 6.669 ; 6.669 ; 6.669 ;
; SW[3]      ; HEX0[5]     ; 6.666 ; 6.666 ; 6.666 ; 6.666 ;
; SW[3]      ; HEX0[6]     ; 6.761 ; 6.761 ; 6.761 ; 6.761 ;
; SW[3]      ; HEX1[0]     ; 7.937 ; 7.937 ; 7.937 ; 7.937 ;
; SW[3]      ; HEX1[1]     ; 7.906 ; 7.906 ; 7.906 ; 7.906 ;
; SW[3]      ; HEX1[2]     ; 7.680 ; 7.680 ; 7.680 ; 7.680 ;
; SW[3]      ; HEX1[3]     ; 7.677 ; 7.677 ; 7.677 ; 7.677 ;
; SW[3]      ; HEX1[4]     ; 7.698 ; 7.698 ; 7.698 ; 7.698 ;
; SW[3]      ; HEX1[5]     ; 7.818 ; 7.818 ; 7.818 ; 7.818 ;
; SW[3]      ; HEX1[6]     ; 7.787 ; 7.787 ; 7.787 ; 7.787 ;
; SW[3]      ; HEX5[0]     ; 3.715 ; 3.715 ; 3.715 ; 3.715 ;
; SW[3]      ; HEX5[1]     ; 3.683 ; 3.683 ; 3.683 ; 3.683 ;
; SW[3]      ; HEX5[2]     ;       ; 3.679 ; 3.679 ;       ;
; SW[3]      ; HEX5[3]     ; 3.423 ; 3.423 ; 3.423 ; 3.423 ;
; SW[3]      ; HEX5[4]     ; 3.402 ;       ;       ; 3.402 ;
; SW[3]      ; HEX5[5]     ; 3.398 ;       ;       ; 3.398 ;
; SW[3]      ; HEX5[6]     ; 3.529 ;       ;       ; 3.529 ;
; SW[4]      ; HEX0[0]     ; 6.190 ; 6.190 ; 6.190 ; 6.190 ;
; SW[4]      ; HEX0[1]     ; 6.160 ; 6.160 ; 6.160 ; 6.160 ;
; SW[4]      ; HEX0[2]     ; 6.174 ; 6.174 ; 6.174 ; 6.174 ;
; SW[4]      ; HEX0[3]     ; 6.300 ; 6.300 ; 6.300 ; 6.300 ;
; SW[4]      ; HEX0[4]     ; 6.299 ; 6.299 ; 6.299 ; 6.299 ;
; SW[4]      ; HEX0[5]     ; 6.296 ; 6.296 ; 6.296 ; 6.296 ;
; SW[4]      ; HEX0[6]     ; 6.391 ; 6.391 ; 6.391 ; 6.391 ;
; SW[4]      ; HEX1[0]     ; 7.567 ; 7.567 ; 7.567 ; 7.567 ;
; SW[4]      ; HEX1[1]     ; 7.536 ; 7.536 ; 7.536 ; 7.536 ;
; SW[4]      ; HEX1[2]     ; 7.310 ; 7.310 ; 7.310 ; 7.310 ;
; SW[4]      ; HEX1[3]     ; 7.307 ; 7.307 ; 7.307 ; 7.307 ;
; SW[4]      ; HEX1[4]     ; 7.328 ; 7.328 ; 7.328 ; 7.328 ;
; SW[4]      ; HEX1[5]     ; 7.448 ; 7.448 ; 7.448 ; 7.448 ;
; SW[4]      ; HEX1[6]     ; 7.417 ; 7.417 ; 7.417 ; 7.417 ;
; SW[4]      ; HEX5[0]     ;       ; 3.435 ; 3.435 ;       ;
; SW[4]      ; HEX5[1]     ; 3.408 ; 3.408 ; 3.408 ; 3.408 ;
; SW[4]      ; HEX5[2]     ; 3.405 ;       ;       ; 3.405 ;
; SW[4]      ; HEX5[3]     ; 3.499 ; 3.499 ; 3.499 ; 3.499 ;
; SW[4]      ; HEX5[4]     ;       ; 3.478 ; 3.478 ;       ;
; SW[4]      ; HEX5[5]     ; 3.482 ;       ;       ; 3.482 ;
; SW[4]      ; HEX5[6]     ; 3.614 ; 3.614 ; 3.614 ; 3.614 ;
; SW[5]      ; HEX0[0]     ; 5.976 ; 5.976 ; 5.976 ; 5.976 ;
; SW[5]      ; HEX0[1]     ; 5.946 ; 5.946 ; 5.946 ; 5.946 ;
; SW[5]      ; HEX0[2]     ; 5.960 ; 5.960 ; 5.960 ; 5.960 ;
; SW[5]      ; HEX0[3]     ; 6.086 ; 6.086 ; 6.086 ; 6.086 ;
; SW[5]      ; HEX0[4]     ; 6.085 ; 6.085 ; 6.085 ; 6.085 ;
; SW[5]      ; HEX0[5]     ; 6.082 ; 6.082 ; 6.082 ; 6.082 ;
; SW[5]      ; HEX0[6]     ; 6.177 ; 6.177 ; 6.177 ; 6.177 ;
; SW[5]      ; HEX1[0]     ; 7.350 ; 7.350 ; 7.350 ; 7.350 ;
; SW[5]      ; HEX1[1]     ; 7.319 ; 7.319 ; 7.319 ; 7.319 ;
; SW[5]      ; HEX1[2]     ; 7.093 ; 7.093 ; 7.093 ; 7.093 ;
; SW[5]      ; HEX1[3]     ; 7.090 ; 7.090 ; 7.090 ; 7.090 ;
; SW[5]      ; HEX1[4]     ; 7.111 ; 7.111 ; 7.111 ; 7.111 ;
; SW[5]      ; HEX1[5]     ; 7.231 ; 7.231 ; 7.231 ; 7.231 ;
; SW[5]      ; HEX1[6]     ; 7.200 ; 7.200 ; 7.200 ; 7.200 ;
; SW[5]      ; HEX5[0]     ; 3.386 ; 3.386 ; 3.386 ; 3.386 ;
; SW[5]      ; HEX5[1]     ; 3.374 ;       ;       ; 3.374 ;
; SW[5]      ; HEX5[2]     ;       ; 3.351 ; 3.351 ;       ;
; SW[5]      ; HEX5[3]     ; 3.335 ; 3.335 ; 3.335 ; 3.335 ;
; SW[5]      ; HEX5[4]     ; 3.315 ;       ;       ; 3.315 ;
; SW[5]      ; HEX5[5]     ;       ; 3.320 ; 3.320 ;       ;
; SW[5]      ; HEX5[6]     ; 3.452 ; 3.452 ; 3.452 ; 3.452 ;
; SW[6]      ; HEX0[0]     ; 6.491 ; 6.491 ; 6.491 ; 6.491 ;
; SW[6]      ; HEX0[1]     ; 6.461 ; 6.461 ; 6.461 ; 6.461 ;
; SW[6]      ; HEX0[2]     ; 6.475 ; 6.475 ; 6.475 ; 6.475 ;
; SW[6]      ; HEX0[3]     ; 6.601 ; 6.601 ; 6.601 ; 6.601 ;
; SW[6]      ; HEX0[4]     ; 6.600 ; 6.600 ; 6.600 ; 6.600 ;
; SW[6]      ; HEX0[5]     ; 6.597 ; 6.597 ; 6.597 ; 6.597 ;
; SW[6]      ; HEX0[6]     ; 6.692 ; 6.692 ; 6.692 ; 6.692 ;
; SW[6]      ; HEX1[0]     ; 7.929 ; 7.929 ; 7.929 ; 7.929 ;
; SW[6]      ; HEX1[1]     ; 7.898 ; 7.898 ; 7.898 ; 7.898 ;
; SW[6]      ; HEX1[2]     ; 7.672 ; 7.672 ; 7.672 ; 7.672 ;
; SW[6]      ; HEX1[3]     ; 7.669 ; 7.669 ; 7.669 ; 7.669 ;
; SW[6]      ; HEX1[4]     ; 7.690 ; 7.690 ; 7.690 ; 7.690 ;
; SW[6]      ; HEX1[5]     ; 7.810 ; 7.810 ; 7.810 ; 7.810 ;
; SW[6]      ; HEX1[6]     ; 7.779 ; 7.779 ; 7.779 ; 7.779 ;
; SW[6]      ; HEX6[0]     ; 3.827 ; 3.827 ; 3.827 ; 3.827 ;
; SW[6]      ; HEX6[1]     ; 3.838 ; 3.838 ; 3.838 ; 3.838 ;
; SW[6]      ; HEX6[2]     ;       ; 3.824 ; 3.824 ;       ;
; SW[6]      ; HEX6[3]     ; 3.545 ; 3.545 ; 3.545 ; 3.545 ;
; SW[6]      ; HEX6[4]     ; 3.535 ;       ;       ; 3.535 ;
; SW[6]      ; HEX6[5]     ; 3.516 ;       ;       ; 3.516 ;
; SW[6]      ; HEX6[6]     ; 3.521 ;       ;       ; 3.521 ;
; SW[7]      ; HEX0[0]     ; 6.133 ; 6.133 ; 6.133 ; 6.133 ;
; SW[7]      ; HEX0[1]     ; 6.103 ; 6.103 ; 6.103 ; 6.103 ;
; SW[7]      ; HEX0[2]     ; 6.117 ; 6.117 ; 6.117 ; 6.117 ;
; SW[7]      ; HEX0[3]     ; 6.243 ; 6.243 ; 6.243 ; 6.243 ;
; SW[7]      ; HEX0[4]     ; 6.242 ; 6.242 ; 6.242 ; 6.242 ;
; SW[7]      ; HEX0[5]     ; 6.239 ; 6.239 ; 6.239 ; 6.239 ;
; SW[7]      ; HEX0[6]     ; 6.334 ; 6.334 ; 6.334 ; 6.334 ;
; SW[7]      ; HEX1[0]     ; 7.558 ; 7.558 ; 7.558 ; 7.558 ;
; SW[7]      ; HEX1[1]     ; 7.527 ; 7.527 ; 7.527 ; 7.527 ;
; SW[7]      ; HEX1[2]     ; 7.301 ; 7.301 ; 7.301 ; 7.301 ;
; SW[7]      ; HEX1[3]     ; 7.298 ; 7.298 ; 7.298 ; 7.298 ;
; SW[7]      ; HEX1[4]     ; 7.319 ; 7.319 ; 7.319 ; 7.319 ;
; SW[7]      ; HEX1[5]     ; 7.439 ; 7.439 ; 7.439 ; 7.439 ;
; SW[7]      ; HEX1[6]     ; 7.408 ; 7.408 ; 7.408 ; 7.408 ;
; SW[7]      ; HEX6[0]     ;       ; 3.799 ; 3.799 ;       ;
; SW[7]      ; HEX6[1]     ; 3.808 ; 3.808 ; 3.808 ; 3.808 ;
; SW[7]      ; HEX6[2]     ; 3.827 ;       ;       ; 3.827 ;
; SW[7]      ; HEX6[3]     ; 3.509 ; 3.509 ; 3.509 ; 3.509 ;
; SW[7]      ; HEX6[4]     ;       ; 3.512 ; 3.512 ;       ;
; SW[7]      ; HEX6[5]     ; 3.492 ;       ;       ; 3.492 ;
; SW[7]      ; HEX6[6]     ; 3.484 ; 3.484 ; 3.484 ; 3.484 ;
; SW[8]      ; HEX0[0]     ; 6.520 ; 6.520 ; 6.520 ; 6.520 ;
; SW[8]      ; HEX0[1]     ; 6.490 ; 6.490 ; 6.490 ; 6.490 ;
; SW[8]      ; HEX0[2]     ; 6.504 ; 6.504 ; 6.504 ; 6.504 ;
; SW[8]      ; HEX0[3]     ; 6.630 ; 6.630 ; 6.630 ; 6.630 ;
; SW[8]      ; HEX0[4]     ; 6.629 ; 6.629 ; 6.629 ; 6.629 ;
; SW[8]      ; HEX0[5]     ; 6.626 ; 6.626 ; 6.626 ; 6.626 ;
; SW[8]      ; HEX0[6]     ; 6.721 ; 6.721 ; 6.721 ; 6.721 ;
; SW[8]      ; HEX1[0]     ; 7.898 ; 7.898 ; 7.898 ; 7.898 ;
; SW[8]      ; HEX1[1]     ; 7.867 ; 7.867 ; 7.867 ; 7.867 ;
; SW[8]      ; HEX1[2]     ; 7.641 ; 7.641 ; 7.641 ; 7.641 ;
; SW[8]      ; HEX1[3]     ; 7.638 ; 7.638 ; 7.638 ; 7.638 ;
; SW[8]      ; HEX1[4]     ; 7.659 ; 7.659 ; 7.659 ; 7.659 ;
; SW[8]      ; HEX1[5]     ; 7.779 ; 7.779 ; 7.779 ; 7.779 ;
; SW[8]      ; HEX1[6]     ; 7.748 ; 7.748 ; 7.748 ; 7.748 ;
; SW[8]      ; HEX6[0]     ; 3.818 ; 3.818 ; 3.818 ; 3.818 ;
; SW[8]      ; HEX6[1]     ; 3.835 ;       ;       ; 3.835 ;
; SW[8]      ; HEX6[2]     ;       ; 3.825 ; 3.825 ;       ;
; SW[8]      ; HEX6[3]     ; 3.529 ; 3.529 ; 3.529 ; 3.529 ;
; SW[8]      ; HEX6[4]     ; 3.531 ;       ;       ; 3.531 ;
; SW[8]      ; HEX6[5]     ;       ; 3.511 ; 3.511 ;       ;
; SW[8]      ; HEX6[6]     ; 3.504 ; 3.504 ; 3.504 ; 3.504 ;
; SW[9]      ; HEX0[0]     ; 6.143 ; 6.143 ; 6.143 ; 6.143 ;
; SW[9]      ; HEX0[1]     ; 6.113 ; 6.113 ; 6.113 ; 6.113 ;
; SW[9]      ; HEX0[2]     ; 6.127 ; 6.127 ; 6.127 ; 6.127 ;
; SW[9]      ; HEX0[3]     ; 6.253 ; 6.253 ; 6.253 ; 6.253 ;
; SW[9]      ; HEX0[4]     ; 6.252 ; 6.252 ; 6.252 ; 6.252 ;
; SW[9]      ; HEX0[5]     ; 6.249 ; 6.249 ; 6.249 ; 6.249 ;
; SW[9]      ; HEX0[6]     ; 6.344 ; 6.344 ; 6.344 ; 6.344 ;
; SW[9]      ; HEX1[0]     ; 7.579 ; 7.579 ; 7.579 ; 7.579 ;
; SW[9]      ; HEX1[1]     ; 7.548 ; 7.548 ; 7.548 ; 7.548 ;
; SW[9]      ; HEX1[2]     ; 7.322 ; 7.322 ; 7.322 ; 7.322 ;
; SW[9]      ; HEX1[3]     ; 7.319 ; 7.319 ; 7.319 ; 7.319 ;
; SW[9]      ; HEX1[4]     ; 7.340 ; 7.340 ; 7.340 ; 7.340 ;
; SW[9]      ; HEX1[5]     ; 7.460 ; 7.460 ; 7.460 ; 7.460 ;
; SW[9]      ; HEX1[6]     ; 7.429 ; 7.429 ; 7.429 ; 7.429 ;
; SW[9]      ; HEX7[0]     ; 3.466 ; 3.466 ; 3.466 ; 3.466 ;
; SW[9]      ; HEX7[1]     ; 3.465 ; 3.465 ; 3.465 ; 3.465 ;
; SW[9]      ; HEX7[2]     ;       ; 3.428 ; 3.428 ;       ;
; SW[9]      ; HEX7[3]     ; 3.432 ; 3.432 ; 3.432 ; 3.432 ;
; SW[9]      ; HEX7[4]     ; 3.435 ;       ;       ; 3.435 ;
; SW[9]      ; HEX7[5]     ; 3.529 ;       ;       ; 3.529 ;
; SW[9]      ; HEX7[6]     ; 3.584 ;       ;       ; 3.584 ;
; SW[10]     ; HEX0[0]     ; 5.484 ; 5.484 ; 5.484 ; 5.484 ;
; SW[10]     ; HEX0[1]     ; 5.454 ; 5.454 ; 5.454 ; 5.454 ;
; SW[10]     ; HEX0[2]     ; 5.468 ; 5.468 ; 5.468 ; 5.468 ;
; SW[10]     ; HEX0[3]     ; 5.594 ; 5.594 ; 5.594 ; 5.594 ;
; SW[10]     ; HEX0[4]     ; 5.593 ; 5.593 ; 5.593 ; 5.593 ;
; SW[10]     ; HEX0[5]     ; 5.590 ; 5.590 ; 5.590 ; 5.590 ;
; SW[10]     ; HEX0[6]     ; 5.685 ; 5.685 ; 5.685 ; 5.685 ;
; SW[10]     ; HEX1[0]     ; 6.862 ; 6.862 ; 6.862 ; 6.862 ;
; SW[10]     ; HEX1[1]     ; 6.831 ; 6.831 ; 6.831 ; 6.831 ;
; SW[10]     ; HEX1[2]     ; 6.605 ; 6.605 ; 6.605 ; 6.605 ;
; SW[10]     ; HEX1[3]     ; 6.602 ; 6.602 ; 6.602 ; 6.602 ;
; SW[10]     ; HEX1[4]     ; 6.623 ; 6.623 ; 6.623 ; 6.623 ;
; SW[10]     ; HEX1[5]     ; 6.743 ; 6.743 ; 6.743 ; 6.743 ;
; SW[10]     ; HEX1[6]     ; 6.712 ; 6.712 ; 6.712 ; 6.712 ;
; SW[10]     ; HEX7[0]     ;       ; 2.941 ; 2.941 ;       ;
; SW[10]     ; HEX7[1]     ; 2.936 ; 2.936 ; 2.936 ; 2.936 ;
; SW[10]     ; HEX7[2]     ; 2.919 ;       ;       ; 2.919 ;
; SW[10]     ; HEX7[3]     ; 2.904 ; 2.904 ; 2.904 ; 2.904 ;
; SW[10]     ; HEX7[4]     ;       ; 2.913 ; 2.913 ;       ;
; SW[10]     ; HEX7[5]     ; 3.016 ;       ;       ; 3.016 ;
; SW[10]     ; HEX7[6]     ; 3.066 ; 3.066 ; 3.066 ; 3.066 ;
; SW[11]     ; HEX0[0]     ; 5.581 ; 5.581 ; 5.581 ; 5.581 ;
; SW[11]     ; HEX0[1]     ; 5.551 ; 5.551 ; 5.551 ; 5.551 ;
; SW[11]     ; HEX0[2]     ; 5.565 ; 5.565 ; 5.565 ; 5.565 ;
; SW[11]     ; HEX0[3]     ; 5.691 ; 5.691 ; 5.691 ; 5.691 ;
; SW[11]     ; HEX0[4]     ; 5.690 ; 5.690 ; 5.690 ; 5.690 ;
; SW[11]     ; HEX0[5]     ; 5.687 ; 5.687 ; 5.687 ; 5.687 ;
; SW[11]     ; HEX0[6]     ; 5.782 ; 5.782 ; 5.782 ; 5.782 ;
; SW[11]     ; HEX1[0]     ; 6.959 ; 6.959 ; 6.959 ; 6.959 ;
; SW[11]     ; HEX1[1]     ; 6.928 ; 6.928 ; 6.928 ; 6.928 ;
; SW[11]     ; HEX1[2]     ; 6.702 ; 6.702 ; 6.702 ; 6.702 ;
; SW[11]     ; HEX1[3]     ; 6.699 ; 6.699 ; 6.699 ; 6.699 ;
; SW[11]     ; HEX1[4]     ; 6.720 ; 6.720 ; 6.720 ; 6.720 ;
; SW[11]     ; HEX1[5]     ; 6.840 ; 6.840 ; 6.840 ; 6.840 ;
; SW[11]     ; HEX1[6]     ; 6.809 ; 6.809 ; 6.809 ; 6.809 ;
; SW[11]     ; HEX7[0]     ; 2.940 ; 2.940 ; 2.940 ; 2.940 ;
; SW[11]     ; HEX7[1]     ; 2.948 ;       ;       ; 2.948 ;
; SW[11]     ; HEX7[2]     ;       ; 2.909 ; 2.909 ;       ;
; SW[11]     ; HEX7[3]     ; 2.908 ; 2.908 ; 2.908 ; 2.908 ;
; SW[11]     ; HEX7[4]     ; 2.908 ;       ;       ; 2.908 ;
; SW[11]     ; HEX7[5]     ;       ; 3.011 ; 3.011 ;       ;
; SW[11]     ; HEX7[6]     ; 3.060 ; 3.060 ; 3.060 ; 3.060 ;
+------------+-------------+-------+-------+-------+-------+


+----------------------------------------------------------+
; Minimum Propagation Delay                                ;
+------------+-------------+-------+-------+-------+-------+
; Input Port ; Output Port ; RR    ; RF    ; FR    ; FF    ;
+------------+-------------+-------+-------+-------+-------+
; SW[0]      ; HEX0[0]     ; 5.387 ; 5.387 ; 5.387 ; 5.387 ;
; SW[0]      ; HEX0[1]     ; 5.368 ; 5.368 ; 5.368 ; 5.368 ;
; SW[0]      ; HEX0[2]     ; 5.373 ; 5.373 ; 5.373 ; 5.373 ;
; SW[0]      ; HEX0[3]     ; 5.510 ; 5.510 ; 5.510 ; 5.510 ;
; SW[0]      ; HEX0[4]     ; 5.510 ; 5.510 ; 5.510 ; 5.510 ;
; SW[0]      ; HEX0[5]     ; 5.491 ; 5.491 ; 5.491 ; 5.491 ;
; SW[0]      ; HEX0[6]     ; 5.602 ; 5.602 ; 5.602 ; 5.602 ;
; SW[0]      ; HEX1[0]     ; 6.060 ; 6.060 ; 6.060 ; 6.060 ;
; SW[0]      ; HEX1[1]     ; 6.040 ; 6.040 ; 6.040 ; 6.040 ;
; SW[0]      ; HEX1[2]     ; 5.814 ; 5.814 ; 5.814 ; 5.814 ;
; SW[0]      ; HEX1[3]     ; 5.809 ; 5.809 ; 5.809 ; 5.809 ;
; SW[0]      ; HEX1[4]     ; 5.827 ; 5.827 ; 5.827 ; 5.827 ;
; SW[0]      ; HEX1[5]     ; 5.941 ; 5.941 ; 5.941 ; 5.941 ;
; SW[0]      ; HEX1[6]     ; 5.903 ; 5.903 ; 5.903 ; 5.903 ;
; SW[0]      ; HEX4[0]     ; 3.843 ; 3.843 ; 3.843 ; 3.843 ;
; SW[0]      ; HEX4[1]     ; 3.857 ; 3.857 ; 3.857 ; 3.857 ;
; SW[0]      ; HEX4[2]     ;       ; 3.862 ; 3.862 ;       ;
; SW[0]      ; HEX4[3]     ; 3.710 ; 3.710 ; 3.710 ; 3.710 ;
; SW[0]      ; HEX4[4]     ; 3.723 ;       ;       ; 3.723 ;
; SW[0]      ; HEX4[5]     ; 3.727 ;       ;       ; 3.727 ;
; SW[0]      ; HEX4[6]     ; 3.849 ;       ;       ; 3.849 ;
; SW[1]      ; HEX0[0]     ; 5.553 ; 5.553 ; 5.553 ; 5.553 ;
; SW[1]      ; HEX0[1]     ; 5.534 ; 5.534 ; 5.534 ; 5.534 ;
; SW[1]      ; HEX0[2]     ; 5.539 ; 5.539 ; 5.539 ; 5.539 ;
; SW[1]      ; HEX0[3]     ; 5.676 ; 5.676 ; 5.676 ; 5.676 ;
; SW[1]      ; HEX0[4]     ; 5.676 ; 5.676 ; 5.676 ; 5.676 ;
; SW[1]      ; HEX0[5]     ; 5.657 ; 5.657 ; 5.657 ; 5.657 ;
; SW[1]      ; HEX0[6]     ; 5.768 ; 5.768 ; 5.768 ; 5.768 ;
; SW[1]      ; HEX1[0]     ; 6.164 ; 6.164 ; 6.164 ; 6.164 ;
; SW[1]      ; HEX1[1]     ; 6.144 ; 6.144 ; 6.144 ; 6.144 ;
; SW[1]      ; HEX1[2]     ; 5.918 ; 5.918 ; 5.918 ; 5.918 ;
; SW[1]      ; HEX1[3]     ; 5.913 ; 5.913 ; 5.913 ; 5.913 ;
; SW[1]      ; HEX1[4]     ; 5.931 ; 5.931 ; 5.931 ; 5.931 ;
; SW[1]      ; HEX1[5]     ; 6.045 ; 6.045 ; 6.045 ; 6.045 ;
; SW[1]      ; HEX1[6]     ; 6.007 ; 6.007 ; 6.007 ; 6.007 ;
; SW[1]      ; HEX4[0]     ;       ; 3.966 ; 3.966 ;       ;
; SW[1]      ; HEX4[1]     ; 3.979 ; 3.979 ; 3.979 ; 3.979 ;
; SW[1]      ; HEX4[2]     ; 3.986 ;       ;       ; 3.986 ;
; SW[1]      ; HEX4[3]     ; 3.832 ; 3.832 ; 3.832 ; 3.832 ;
; SW[1]      ; HEX4[4]     ;       ; 3.854 ; 3.854 ;       ;
; SW[1]      ; HEX4[5]     ; 3.857 ;       ;       ; 3.857 ;
; SW[1]      ; HEX4[6]     ; 3.983 ; 3.983 ; 3.983 ; 3.983 ;
; SW[2]      ; HEX0[0]     ; 6.032 ; 6.032 ; 6.032 ; 6.032 ;
; SW[2]      ; HEX0[1]     ; 6.002 ; 6.002 ; 6.002 ; 6.002 ;
; SW[2]      ; HEX0[2]     ; 6.016 ; 6.016 ; 6.016 ; 6.016 ;
; SW[2]      ; HEX0[3]     ; 6.142 ; 6.142 ; 6.142 ; 6.142 ;
; SW[2]      ; HEX0[4]     ; 6.141 ; 6.141 ; 6.141 ; 6.141 ;
; SW[2]      ; HEX0[5]     ; 6.138 ; 6.138 ; 6.138 ; 6.138 ;
; SW[2]      ; HEX0[6]     ; 6.233 ; 6.233 ; 6.233 ; 6.233 ;
; SW[2]      ; HEX1[0]     ; 5.767 ; 5.767 ; 5.767 ; 5.767 ;
; SW[2]      ; HEX1[1]     ; 5.747 ; 5.747 ; 5.747 ; 5.747 ;
; SW[2]      ; HEX1[2]     ; 5.521 ; 5.521 ; 5.521 ; 5.521 ;
; SW[2]      ; HEX1[3]     ; 5.516 ; 5.516 ; 5.516 ; 5.516 ;
; SW[2]      ; HEX1[4]     ; 5.534 ; 5.534 ; 5.534 ; 5.534 ;
; SW[2]      ; HEX1[5]     ; 5.648 ; 5.648 ; 5.648 ; 5.648 ;
; SW[2]      ; HEX1[6]     ; 5.610 ; 5.610 ; 5.610 ; 5.610 ;
; SW[2]      ; HEX4[0]     ; 3.777 ; 3.777 ; 3.777 ; 3.777 ;
; SW[2]      ; HEX4[1]     ; 3.791 ;       ;       ; 3.791 ;
; SW[2]      ; HEX4[2]     ;       ; 3.793 ; 3.793 ;       ;
; SW[2]      ; HEX4[3]     ; 3.644 ; 3.644 ; 3.644 ; 3.644 ;
; SW[2]      ; HEX4[4]     ; 3.655 ;       ;       ; 3.655 ;
; SW[2]      ; HEX4[5]     ;       ; 3.657 ; 3.657 ;       ;
; SW[2]      ; HEX4[6]     ; 3.779 ; 3.779 ; 3.779 ; 3.779 ;
; SW[3]      ; HEX0[0]     ; 5.174 ; 5.174 ; 5.174 ; 5.174 ;
; SW[3]      ; HEX0[1]     ; 5.155 ; 5.155 ; 5.155 ; 5.155 ;
; SW[3]      ; HEX0[2]     ; 5.160 ; 5.160 ; 5.160 ; 5.160 ;
; SW[3]      ; HEX0[3]     ; 5.297 ; 5.297 ; 5.297 ; 5.297 ;
; SW[3]      ; HEX0[4]     ; 5.297 ; 5.297 ; 5.297 ; 5.297 ;
; SW[3]      ; HEX0[5]     ; 5.278 ; 5.278 ; 5.278 ; 5.278 ;
; SW[3]      ; HEX0[6]     ; 5.389 ; 5.389 ; 5.389 ; 5.389 ;
; SW[3]      ; HEX1[0]     ; 6.101 ; 6.101 ; 6.101 ; 6.101 ;
; SW[3]      ; HEX1[1]     ; 6.081 ; 6.081 ; 6.081 ; 6.081 ;
; SW[3]      ; HEX1[2]     ; 5.855 ; 5.855 ; 5.855 ; 5.855 ;
; SW[3]      ; HEX1[3]     ; 5.850 ; 5.850 ; 5.850 ; 5.850 ;
; SW[3]      ; HEX1[4]     ; 5.868 ; 5.868 ; 5.868 ; 5.868 ;
; SW[3]      ; HEX1[5]     ; 5.982 ; 5.982 ; 5.982 ; 5.982 ;
; SW[3]      ; HEX1[6]     ; 5.944 ; 5.944 ; 5.944 ; 5.944 ;
; SW[3]      ; HEX5[0]     ; 3.715 ; 3.715 ; 3.715 ; 3.715 ;
; SW[3]      ; HEX5[1]     ; 3.683 ; 3.683 ; 3.683 ; 3.683 ;
; SW[3]      ; HEX5[2]     ;       ; 3.679 ; 3.679 ;       ;
; SW[3]      ; HEX5[3]     ; 3.423 ; 3.423 ; 3.423 ; 3.423 ;
; SW[3]      ; HEX5[4]     ; 3.402 ;       ;       ; 3.402 ;
; SW[3]      ; HEX5[5]     ; 3.398 ;       ;       ; 3.398 ;
; SW[3]      ; HEX5[6]     ; 3.529 ;       ;       ; 3.529 ;
; SW[4]      ; HEX0[0]     ; 5.206 ; 5.206 ; 5.206 ; 5.206 ;
; SW[4]      ; HEX0[1]     ; 5.187 ; 5.187 ; 5.187 ; 5.187 ;
; SW[4]      ; HEX0[2]     ; 5.192 ; 5.192 ; 5.192 ; 5.192 ;
; SW[4]      ; HEX0[3]     ; 5.329 ; 5.329 ; 5.329 ; 5.329 ;
; SW[4]      ; HEX0[4]     ; 5.329 ; 5.329 ; 5.329 ; 5.329 ;
; SW[4]      ; HEX0[5]     ; 5.310 ; 5.310 ; 5.310 ; 5.310 ;
; SW[4]      ; HEX0[6]     ; 5.421 ; 5.421 ; 5.421 ; 5.421 ;
; SW[4]      ; HEX1[0]     ; 5.886 ; 5.886 ; 5.886 ; 5.886 ;
; SW[4]      ; HEX1[1]     ; 5.864 ; 5.864 ; 5.864 ; 5.864 ;
; SW[4]      ; HEX1[2]     ; 5.635 ; 5.635 ; 5.635 ; 5.635 ;
; SW[4]      ; HEX1[3]     ; 5.635 ; 5.635 ; 5.635 ; 5.635 ;
; SW[4]      ; HEX1[4]     ; 5.654 ; 5.654 ; 5.654 ; 5.654 ;
; SW[4]      ; HEX1[5]     ; 5.767 ; 5.767 ; 5.767 ; 5.767 ;
; SW[4]      ; HEX1[6]     ; 5.727 ; 5.727 ; 5.727 ; 5.727 ;
; SW[4]      ; HEX5[0]     ;       ; 3.435 ; 3.435 ;       ;
; SW[4]      ; HEX5[1]     ; 3.408 ; 3.408 ; 3.408 ; 3.408 ;
; SW[4]      ; HEX5[2]     ; 3.405 ;       ;       ; 3.405 ;
; SW[4]      ; HEX5[3]     ; 3.499 ; 3.499 ; 3.499 ; 3.499 ;
; SW[4]      ; HEX5[4]     ;       ; 3.478 ; 3.478 ;       ;
; SW[4]      ; HEX5[5]     ; 3.482 ;       ;       ; 3.482 ;
; SW[4]      ; HEX5[6]     ; 3.614 ; 3.614 ; 3.614 ; 3.614 ;
; SW[5]      ; HEX0[0]     ; 5.348 ; 5.348 ; 5.348 ; 5.348 ;
; SW[5]      ; HEX0[1]     ; 5.317 ; 5.317 ; 5.317 ; 5.317 ;
; SW[5]      ; HEX0[2]     ; 5.335 ; 5.335 ; 5.335 ; 5.335 ;
; SW[5]      ; HEX0[3]     ; 5.459 ; 5.459 ; 5.459 ; 5.459 ;
; SW[5]      ; HEX0[4]     ; 5.459 ; 5.459 ; 5.459 ; 5.459 ;
; SW[5]      ; HEX0[5]     ; 5.455 ; 5.455 ; 5.455 ; 5.455 ;
; SW[5]      ; HEX0[6]     ; 5.551 ; 5.551 ; 5.551 ; 5.551 ;
; SW[5]      ; HEX1[0]     ; 5.500 ; 5.500 ; 5.500 ; 5.500 ;
; SW[5]      ; HEX1[1]     ; 5.480 ; 5.480 ; 5.480 ; 5.480 ;
; SW[5]      ; HEX1[2]     ; 5.254 ; 5.254 ; 5.254 ; 5.254 ;
; SW[5]      ; HEX1[3]     ; 5.249 ; 5.249 ; 5.249 ; 5.249 ;
; SW[5]      ; HEX1[4]     ; 5.267 ; 5.267 ; 5.267 ; 5.267 ;
; SW[5]      ; HEX1[5]     ; 5.381 ; 5.381 ; 5.381 ; 5.381 ;
; SW[5]      ; HEX1[6]     ; 5.343 ; 5.343 ; 5.343 ; 5.343 ;
; SW[5]      ; HEX5[0]     ; 3.386 ; 3.386 ; 3.386 ; 3.386 ;
; SW[5]      ; HEX5[1]     ; 3.374 ;       ;       ; 3.374 ;
; SW[5]      ; HEX5[2]     ;       ; 3.351 ; 3.351 ;       ;
; SW[5]      ; HEX5[3]     ; 3.335 ; 3.335 ; 3.335 ; 3.335 ;
; SW[5]      ; HEX5[4]     ; 3.315 ;       ;       ; 3.315 ;
; SW[5]      ; HEX5[5]     ;       ; 3.320 ; 3.320 ;       ;
; SW[5]      ; HEX5[6]     ; 3.452 ; 3.452 ; 3.452 ; 3.452 ;
; SW[6]      ; HEX0[0]     ; 5.651 ; 5.651 ; 5.651 ; 5.651 ;
; SW[6]      ; HEX0[1]     ; 5.632 ; 5.632 ; 5.632 ; 5.632 ;
; SW[6]      ; HEX0[2]     ; 5.637 ; 5.637 ; 5.637 ; 5.637 ;
; SW[6]      ; HEX0[3]     ; 5.774 ; 5.774 ; 5.774 ; 5.774 ;
; SW[6]      ; HEX0[4]     ; 5.774 ; 5.774 ; 5.774 ; 5.774 ;
; SW[6]      ; HEX0[5]     ; 5.755 ; 5.755 ; 5.755 ; 5.755 ;
; SW[6]      ; HEX0[6]     ; 5.866 ; 5.866 ; 5.866 ; 5.866 ;
; SW[6]      ; HEX1[0]     ; 6.193 ; 6.193 ; 6.193 ; 6.193 ;
; SW[6]      ; HEX1[1]     ; 6.171 ; 6.171 ; 6.171 ; 6.171 ;
; SW[6]      ; HEX1[2]     ; 5.942 ; 5.942 ; 5.942 ; 5.942 ;
; SW[6]      ; HEX1[3]     ; 5.942 ; 5.942 ; 5.942 ; 5.942 ;
; SW[6]      ; HEX1[4]     ; 5.961 ; 5.961 ; 5.961 ; 5.961 ;
; SW[6]      ; HEX1[5]     ; 6.074 ; 6.074 ; 6.074 ; 6.074 ;
; SW[6]      ; HEX1[6]     ; 6.034 ; 6.034 ; 6.034 ; 6.034 ;
; SW[6]      ; HEX6[0]     ; 3.827 ; 3.827 ; 3.827 ; 3.827 ;
; SW[6]      ; HEX6[1]     ; 3.838 ; 3.838 ; 3.838 ; 3.838 ;
; SW[6]      ; HEX6[2]     ;       ; 3.824 ; 3.824 ;       ;
; SW[6]      ; HEX6[3]     ; 3.545 ; 3.545 ; 3.545 ; 3.545 ;
; SW[6]      ; HEX6[4]     ; 3.535 ;       ;       ; 3.535 ;
; SW[6]      ; HEX6[5]     ; 3.516 ;       ;       ; 3.516 ;
; SW[6]      ; HEX6[6]     ; 3.521 ;       ;       ; 3.521 ;
; SW[7]      ; HEX0[0]     ; 5.213 ; 5.213 ; 5.213 ; 5.213 ;
; SW[7]      ; HEX0[1]     ; 5.182 ; 5.182 ; 5.182 ; 5.182 ;
; SW[7]      ; HEX0[2]     ; 5.200 ; 5.200 ; 5.200 ; 5.200 ;
; SW[7]      ; HEX0[3]     ; 5.324 ; 5.324 ; 5.324 ; 5.324 ;
; SW[7]      ; HEX0[4]     ; 5.324 ; 5.324 ; 5.324 ; 5.324 ;
; SW[7]      ; HEX0[5]     ; 5.320 ; 5.320 ; 5.320 ; 5.320 ;
; SW[7]      ; HEX0[6]     ; 5.416 ; 5.416 ; 5.416 ; 5.416 ;
; SW[7]      ; HEX1[0]     ; 5.835 ; 5.835 ; 5.835 ; 5.835 ;
; SW[7]      ; HEX1[1]     ; 5.813 ; 5.813 ; 5.813 ; 5.813 ;
; SW[7]      ; HEX1[2]     ; 5.584 ; 5.584 ; 5.584 ; 5.584 ;
; SW[7]      ; HEX1[3]     ; 5.584 ; 5.584 ; 5.584 ; 5.584 ;
; SW[7]      ; HEX1[4]     ; 5.603 ; 5.603 ; 5.603 ; 5.603 ;
; SW[7]      ; HEX1[5]     ; 5.716 ; 5.716 ; 5.716 ; 5.716 ;
; SW[7]      ; HEX1[6]     ; 5.676 ; 5.676 ; 5.676 ; 5.676 ;
; SW[7]      ; HEX6[0]     ;       ; 3.799 ; 3.799 ;       ;
; SW[7]      ; HEX6[1]     ; 3.808 ; 3.808 ; 3.808 ; 3.808 ;
; SW[7]      ; HEX6[2]     ; 3.827 ;       ;       ; 3.827 ;
; SW[7]      ; HEX6[3]     ; 3.509 ; 3.509 ; 3.509 ; 3.509 ;
; SW[7]      ; HEX6[4]     ;       ; 3.512 ; 3.512 ;       ;
; SW[7]      ; HEX6[5]     ; 3.492 ;       ;       ; 3.492 ;
; SW[7]      ; HEX6[6]     ; 3.484 ; 3.484 ; 3.484 ; 3.484 ;
; SW[8]      ; HEX0[0]     ; 5.401 ; 5.401 ; 5.401 ; 5.401 ;
; SW[8]      ; HEX0[1]     ; 5.370 ; 5.370 ; 5.370 ; 5.370 ;
; SW[8]      ; HEX0[2]     ; 5.388 ; 5.388 ; 5.388 ; 5.388 ;
; SW[8]      ; HEX0[3]     ; 5.512 ; 5.512 ; 5.512 ; 5.512 ;
; SW[8]      ; HEX0[4]     ; 5.512 ; 5.512 ; 5.512 ; 5.512 ;
; SW[8]      ; HEX0[5]     ; 5.508 ; 5.508 ; 5.508 ; 5.508 ;
; SW[8]      ; HEX0[6]     ; 5.604 ; 5.604 ; 5.604 ; 5.604 ;
; SW[8]      ; HEX1[0]     ; 5.693 ; 5.693 ; 5.693 ; 5.693 ;
; SW[8]      ; HEX1[1]     ; 5.662 ; 5.662 ; 5.662 ; 5.662 ;
; SW[8]      ; HEX1[2]     ; 5.437 ; 5.437 ; 5.437 ; 5.437 ;
; SW[8]      ; HEX1[3]     ; 5.431 ; 5.431 ; 5.431 ; 5.431 ;
; SW[8]      ; HEX1[4]     ; 5.454 ; 5.454 ; 5.454 ; 5.454 ;
; SW[8]      ; HEX1[5]     ; 5.573 ; 5.573 ; 5.573 ; 5.573 ;
; SW[8]      ; HEX1[6]     ; 5.543 ; 5.543 ; 5.543 ; 5.543 ;
; SW[8]      ; HEX6[0]     ; 3.818 ; 3.818 ; 3.818 ; 3.818 ;
; SW[8]      ; HEX6[1]     ; 3.835 ;       ;       ; 3.835 ;
; SW[8]      ; HEX6[2]     ;       ; 3.825 ; 3.825 ;       ;
; SW[8]      ; HEX6[3]     ; 3.529 ; 3.529 ; 3.529 ; 3.529 ;
; SW[8]      ; HEX6[4]     ; 3.531 ;       ;       ; 3.531 ;
; SW[8]      ; HEX6[5]     ;       ; 3.511 ; 3.511 ;       ;
; SW[8]      ; HEX6[6]     ; 3.504 ; 3.504 ; 3.504 ; 3.504 ;
; SW[9]      ; HEX0[0]     ; 5.280 ; 5.280 ; 5.280 ; 5.280 ;
; SW[9]      ; HEX0[1]     ; 5.252 ; 5.252 ; 5.252 ; 5.252 ;
; SW[9]      ; HEX0[2]     ; 5.266 ; 5.266 ; 5.266 ; 5.266 ;
; SW[9]      ; HEX0[3]     ; 5.394 ; 5.394 ; 5.394 ; 5.394 ;
; SW[9]      ; HEX0[4]     ; 5.394 ; 5.394 ; 5.394 ; 5.394 ;
; SW[9]      ; HEX0[5]     ; 5.384 ; 5.384 ; 5.384 ; 5.384 ;
; SW[9]      ; HEX0[6]     ; 5.486 ; 5.486 ; 5.486 ; 5.486 ;
; SW[9]      ; HEX1[0]     ; 5.845 ; 5.845 ; 5.845 ; 5.845 ;
; SW[9]      ; HEX1[1]     ; 5.823 ; 5.823 ; 5.823 ; 5.823 ;
; SW[9]      ; HEX1[2]     ; 5.594 ; 5.594 ; 5.594 ; 5.594 ;
; SW[9]      ; HEX1[3]     ; 5.594 ; 5.594 ; 5.594 ; 5.594 ;
; SW[9]      ; HEX1[4]     ; 5.613 ; 5.613 ; 5.613 ; 5.613 ;
; SW[9]      ; HEX1[5]     ; 5.726 ; 5.726 ; 5.726 ; 5.726 ;
; SW[9]      ; HEX1[6]     ; 5.686 ; 5.686 ; 5.686 ; 5.686 ;
; SW[9]      ; HEX7[0]     ; 3.466 ; 3.466 ; 3.466 ; 3.466 ;
; SW[9]      ; HEX7[1]     ; 3.465 ; 3.465 ; 3.465 ; 3.465 ;
; SW[9]      ; HEX7[2]     ;       ; 3.428 ; 3.428 ;       ;
; SW[9]      ; HEX7[3]     ; 3.432 ; 3.432 ; 3.432 ; 3.432 ;
; SW[9]      ; HEX7[4]     ; 3.435 ;       ;       ; 3.435 ;
; SW[9]      ; HEX7[5]     ; 3.529 ;       ;       ; 3.529 ;
; SW[9]      ; HEX7[6]     ; 3.584 ;       ;       ; 3.584 ;
; SW[10]     ; HEX0[0]     ; 4.519 ; 4.519 ; 4.519 ; 4.519 ;
; SW[10]     ; HEX0[1]     ; 4.500 ; 4.500 ; 4.500 ; 4.500 ;
; SW[10]     ; HEX0[2]     ; 4.505 ; 4.505 ; 4.505 ; 4.505 ;
; SW[10]     ; HEX0[3]     ; 4.642 ; 4.642 ; 4.642 ; 4.642 ;
; SW[10]     ; HEX0[4]     ; 4.642 ; 4.642 ; 4.642 ; 4.642 ;
; SW[10]     ; HEX0[5]     ; 4.623 ; 4.623 ; 4.623 ; 4.623 ;
; SW[10]     ; HEX0[6]     ; 4.734 ; 4.734 ; 4.734 ; 4.734 ;
; SW[10]     ; HEX1[0]     ; 5.116 ; 5.116 ; 5.116 ; 5.116 ;
; SW[10]     ; HEX1[1]     ; 5.094 ; 5.094 ; 5.094 ; 5.094 ;
; SW[10]     ; HEX1[2]     ; 4.865 ; 4.865 ; 4.865 ; 4.865 ;
; SW[10]     ; HEX1[3]     ; 4.865 ; 4.865 ; 4.865 ; 4.865 ;
; SW[10]     ; HEX1[4]     ; 4.884 ; 4.884 ; 4.884 ; 4.884 ;
; SW[10]     ; HEX1[5]     ; 4.997 ; 4.997 ; 4.997 ; 4.997 ;
; SW[10]     ; HEX1[6]     ; 4.957 ; 4.957 ; 4.957 ; 4.957 ;
; SW[10]     ; HEX7[0]     ;       ; 2.941 ; 2.941 ;       ;
; SW[10]     ; HEX7[1]     ; 2.936 ; 2.936 ; 2.936 ; 2.936 ;
; SW[10]     ; HEX7[2]     ; 2.919 ;       ;       ; 2.919 ;
; SW[10]     ; HEX7[3]     ; 2.904 ; 2.904 ; 2.904 ; 2.904 ;
; SW[10]     ; HEX7[4]     ;       ; 2.913 ; 2.913 ;       ;
; SW[10]     ; HEX7[5]     ; 3.016 ;       ;       ; 3.016 ;
; SW[10]     ; HEX7[6]     ; 3.066 ; 3.066 ; 3.066 ; 3.066 ;
; SW[11]     ; HEX0[0]     ; 4.602 ; 4.602 ; 4.602 ; 4.602 ;
; SW[11]     ; HEX0[1]     ; 4.571 ; 4.571 ; 4.571 ; 4.571 ;
; SW[11]     ; HEX0[2]     ; 4.589 ; 4.589 ; 4.589 ; 4.589 ;
; SW[11]     ; HEX0[3]     ; 4.713 ; 4.713 ; 4.713 ; 4.713 ;
; SW[11]     ; HEX0[4]     ; 4.713 ; 4.713 ; 4.713 ; 4.713 ;
; SW[11]     ; HEX0[5]     ; 4.709 ; 4.709 ; 4.709 ; 4.709 ;
; SW[11]     ; HEX0[6]     ; 4.805 ; 4.805 ; 4.805 ; 4.805 ;
; SW[11]     ; HEX1[0]     ; 4.905 ; 4.905 ; 4.905 ; 4.905 ;
; SW[11]     ; HEX1[1]     ; 4.874 ; 4.874 ; 4.874 ; 4.874 ;
; SW[11]     ; HEX1[2]     ; 4.649 ; 4.649 ; 4.649 ; 4.649 ;
; SW[11]     ; HEX1[3]     ; 4.643 ; 4.643 ; 4.643 ; 4.643 ;
; SW[11]     ; HEX1[4]     ; 4.666 ; 4.666 ; 4.666 ; 4.666 ;
; SW[11]     ; HEX1[5]     ; 4.785 ; 4.785 ; 4.785 ; 4.785 ;
; SW[11]     ; HEX1[6]     ; 4.755 ; 4.755 ; 4.755 ; 4.755 ;
; SW[11]     ; HEX7[0]     ; 2.940 ; 2.940 ; 2.940 ; 2.940 ;
; SW[11]     ; HEX7[1]     ; 2.948 ;       ;       ; 2.948 ;
; SW[11]     ; HEX7[2]     ;       ; 2.909 ; 2.909 ;       ;
; SW[11]     ; HEX7[3]     ; 2.908 ; 2.908 ; 2.908 ; 2.908 ;
; SW[11]     ; HEX7[4]     ; 2.908 ;       ;       ; 2.908 ;
; SW[11]     ; HEX7[5]     ;       ; 3.011 ; 3.011 ;       ;
; SW[11]     ; HEX7[6]     ; 3.060 ; 3.060 ; 3.060 ; 3.060 ;
+------------+-------------+-------+-------+-------+-------+


+----------------------------------------------------------------------------+
; Multicorner Timing Analysis Summary                                        ;
+------------------+-------+------+----------+---------+---------------------+
; Clock            ; Setup ; Hold ; Recovery ; Removal ; Minimum Pulse Width ;
+------------------+-------+------+----------+---------+---------------------+
; Worst-case Slack ; N/A   ; N/A  ; N/A      ; N/A     ; N/A                 ;
; Design-wide TNS  ; 0.0   ; 0.0  ; 0.0      ; 0.0     ; 0.0                 ;
+------------------+-------+------+----------+---------+---------------------+


+--------------------------------------------------------------+
; Progagation Delay                                            ;
+------------+-------------+--------+--------+--------+--------+
; Input Port ; Output Port ; RR     ; RF     ; FR     ; FF     ;
+------------+-------------+--------+--------+--------+--------+
; SW[0]      ; HEX0[0]     ; 13.825 ; 13.825 ; 13.825 ; 13.825 ;
; SW[0]      ; HEX0[1]     ; 13.830 ; 13.830 ; 13.830 ; 13.830 ;
; SW[0]      ; HEX0[2]     ; 13.836 ; 13.836 ; 13.836 ; 13.836 ;
; SW[0]      ; HEX0[3]     ; 14.094 ; 14.094 ; 14.094 ; 14.094 ;
; SW[0]      ; HEX0[4]     ; 14.063 ; 14.063 ; 14.063 ; 14.063 ;
; SW[0]      ; HEX0[5]     ; 14.063 ; 14.063 ; 14.063 ; 14.063 ;
; SW[0]      ; HEX0[6]     ; 14.326 ; 14.326 ; 14.326 ; 14.326 ;
; SW[0]      ; HEX1[0]     ; 16.553 ; 16.553 ; 16.553 ; 16.553 ;
; SW[0]      ; HEX1[1]     ; 16.502 ; 16.502 ; 16.502 ; 16.502 ;
; SW[0]      ; HEX1[2]     ; 16.101 ; 16.101 ; 16.101 ; 16.101 ;
; SW[0]      ; HEX1[3]     ; 16.103 ; 16.103 ; 16.103 ; 16.103 ;
; SW[0]      ; HEX1[4]     ; 16.121 ; 16.121 ; 16.121 ; 16.121 ;
; SW[0]      ; HEX1[5]     ; 16.401 ; 16.401 ; 16.401 ; 16.401 ;
; SW[0]      ; HEX1[6]     ; 16.309 ; 16.309 ; 16.309 ; 16.309 ;
; SW[0]      ; HEX4[0]     ; 7.454  ; 7.454  ; 7.454  ; 7.454  ;
; SW[0]      ; HEX4[1]     ; 7.473  ; 7.473  ; 7.473  ; 7.473  ;
; SW[0]      ; HEX4[2]     ;        ; 7.480  ; 7.480  ;        ;
; SW[0]      ; HEX4[3]     ; 7.170  ; 7.170  ; 7.170  ; 7.170  ;
; SW[0]      ; HEX4[4]     ; 7.149  ;        ;        ; 7.149  ;
; SW[0]      ; HEX4[5]     ; 7.174  ;        ;        ; 7.174  ;
; SW[0]      ; HEX4[6]     ; 7.458  ;        ;        ; 7.458  ;
; SW[1]      ; HEX0[0]     ; 13.860 ; 13.860 ; 13.860 ; 13.860 ;
; SW[1]      ; HEX0[1]     ; 13.865 ; 13.865 ; 13.865 ; 13.865 ;
; SW[1]      ; HEX0[2]     ; 13.871 ; 13.871 ; 13.871 ; 13.871 ;
; SW[1]      ; HEX0[3]     ; 14.129 ; 14.129 ; 14.129 ; 14.129 ;
; SW[1]      ; HEX0[4]     ; 14.098 ; 14.098 ; 14.098 ; 14.098 ;
; SW[1]      ; HEX0[5]     ; 14.098 ; 14.098 ; 14.098 ; 14.098 ;
; SW[1]      ; HEX0[6]     ; 14.361 ; 14.361 ; 14.361 ; 14.361 ;
; SW[1]      ; HEX1[0]     ; 16.588 ; 16.588 ; 16.588 ; 16.588 ;
; SW[1]      ; HEX1[1]     ; 16.537 ; 16.537 ; 16.537 ; 16.537 ;
; SW[1]      ; HEX1[2]     ; 16.136 ; 16.136 ; 16.136 ; 16.136 ;
; SW[1]      ; HEX1[3]     ; 16.138 ; 16.138 ; 16.138 ; 16.138 ;
; SW[1]      ; HEX1[4]     ; 16.156 ; 16.156 ; 16.156 ; 16.156 ;
; SW[1]      ; HEX1[5]     ; 16.436 ; 16.436 ; 16.436 ; 16.436 ;
; SW[1]      ; HEX1[6]     ; 16.344 ; 16.344 ; 16.344 ; 16.344 ;
; SW[1]      ; HEX4[0]     ;        ; 7.649  ; 7.649  ;        ;
; SW[1]      ; HEX4[1]     ; 7.677  ; 7.677  ; 7.677  ; 7.677  ;
; SW[1]      ; HEX4[2]     ; 7.717  ;        ;        ; 7.717  ;
; SW[1]      ; HEX4[3]     ; 7.379  ; 7.379  ; 7.379  ; 7.379  ;
; SW[1]      ; HEX4[4]     ;        ; 7.422  ; 7.422  ;        ;
; SW[1]      ; HEX4[5]     ; 7.417  ;        ;        ; 7.417  ;
; SW[1]      ; HEX4[6]     ; 7.675  ; 7.675  ; 7.675  ; 7.675  ;
; SW[2]      ; HEX0[0]     ; 13.247 ; 13.247 ; 13.247 ; 13.247 ;
; SW[2]      ; HEX0[1]     ; 13.252 ; 13.252 ; 13.252 ; 13.252 ;
; SW[2]      ; HEX0[2]     ; 13.258 ; 13.258 ; 13.258 ; 13.258 ;
; SW[2]      ; HEX0[3]     ; 13.516 ; 13.516 ; 13.516 ; 13.516 ;
; SW[2]      ; HEX0[4]     ; 13.485 ; 13.485 ; 13.485 ; 13.485 ;
; SW[2]      ; HEX0[5]     ; 13.485 ; 13.485 ; 13.485 ; 13.485 ;
; SW[2]      ; HEX0[6]     ; 13.748 ; 13.748 ; 13.748 ; 13.748 ;
; SW[2]      ; HEX1[0]     ; 15.967 ; 15.967 ; 15.967 ; 15.967 ;
; SW[2]      ; HEX1[1]     ; 15.916 ; 15.916 ; 15.916 ; 15.916 ;
; SW[2]      ; HEX1[2]     ; 15.515 ; 15.515 ; 15.515 ; 15.515 ;
; SW[2]      ; HEX1[3]     ; 15.517 ; 15.517 ; 15.517 ; 15.517 ;
; SW[2]      ; HEX1[4]     ; 15.535 ; 15.535 ; 15.535 ; 15.535 ;
; SW[2]      ; HEX1[5]     ; 15.815 ; 15.815 ; 15.815 ; 15.815 ;
; SW[2]      ; HEX1[6]     ; 15.723 ; 15.723 ; 15.723 ; 15.723 ;
; SW[2]      ; HEX4[0]     ; 7.277  ; 7.277  ; 7.277  ; 7.277  ;
; SW[2]      ; HEX4[1]     ; 7.295  ;        ;        ; 7.295  ;
; SW[2]      ; HEX4[2]     ;        ; 7.303  ; 7.303  ;        ;
; SW[2]      ; HEX4[3]     ; 6.992  ; 6.992  ; 6.992  ; 6.992  ;
; SW[2]      ; HEX4[4]     ; 6.999  ;        ;        ; 6.999  ;
; SW[2]      ; HEX4[5]     ;        ; 6.997  ; 6.997  ;        ;
; SW[2]      ; HEX4[6]     ; 7.278  ; 7.278  ; 7.278  ; 7.278  ;
; SW[3]      ; HEX0[0]     ; 13.446 ; 13.446 ; 13.446 ; 13.446 ;
; SW[3]      ; HEX0[1]     ; 13.451 ; 13.451 ; 13.451 ; 13.451 ;
; SW[3]      ; HEX0[2]     ; 13.457 ; 13.457 ; 13.457 ; 13.457 ;
; SW[3]      ; HEX0[3]     ; 13.715 ; 13.715 ; 13.715 ; 13.715 ;
; SW[3]      ; HEX0[4]     ; 13.684 ; 13.684 ; 13.684 ; 13.684 ;
; SW[3]      ; HEX0[5]     ; 13.684 ; 13.684 ; 13.684 ; 13.684 ;
; SW[3]      ; HEX0[6]     ; 13.947 ; 13.947 ; 13.947 ; 13.947 ;
; SW[3]      ; HEX1[0]     ; 16.174 ; 16.174 ; 16.174 ; 16.174 ;
; SW[3]      ; HEX1[1]     ; 16.123 ; 16.123 ; 16.123 ; 16.123 ;
; SW[3]      ; HEX1[2]     ; 15.722 ; 15.722 ; 15.722 ; 15.722 ;
; SW[3]      ; HEX1[3]     ; 15.724 ; 15.724 ; 15.724 ; 15.724 ;
; SW[3]      ; HEX1[4]     ; 15.742 ; 15.742 ; 15.742 ; 15.742 ;
; SW[3]      ; HEX1[5]     ; 16.022 ; 16.022 ; 16.022 ; 16.022 ;
; SW[3]      ; HEX1[6]     ; 15.930 ; 15.930 ; 15.930 ; 15.930 ;
; SW[3]      ; HEX5[0]     ; 7.149  ; 7.149  ; 7.149  ; 7.149  ;
; SW[3]      ; HEX5[1]     ; 7.122  ; 7.122  ; 7.122  ; 7.122  ;
; SW[3]      ; HEX5[2]     ;        ; 7.076  ; 7.076  ;        ;
; SW[3]      ; HEX5[3]     ; 6.500  ; 6.500  ; 6.500  ; 6.500  ;
; SW[3]      ; HEX5[4]     ; 6.478  ;        ;        ; 6.478  ;
; SW[3]      ; HEX5[5]     ; 6.472  ;        ;        ; 6.472  ;
; SW[3]      ; HEX5[6]     ; 6.749  ;        ;        ; 6.749  ;
; SW[4]      ; HEX0[0]     ; 12.605 ; 12.605 ; 12.605 ; 12.605 ;
; SW[4]      ; HEX0[1]     ; 12.610 ; 12.610 ; 12.610 ; 12.610 ;
; SW[4]      ; HEX0[2]     ; 12.616 ; 12.616 ; 12.616 ; 12.616 ;
; SW[4]      ; HEX0[3]     ; 12.874 ; 12.874 ; 12.874 ; 12.874 ;
; SW[4]      ; HEX0[4]     ; 12.843 ; 12.843 ; 12.843 ; 12.843 ;
; SW[4]      ; HEX0[5]     ; 12.843 ; 12.843 ; 12.843 ; 12.843 ;
; SW[4]      ; HEX0[6]     ; 13.106 ; 13.106 ; 13.106 ; 13.106 ;
; SW[4]      ; HEX1[0]     ; 15.333 ; 15.333 ; 15.333 ; 15.333 ;
; SW[4]      ; HEX1[1]     ; 15.282 ; 15.282 ; 15.282 ; 15.282 ;
; SW[4]      ; HEX1[2]     ; 14.881 ; 14.881 ; 14.881 ; 14.881 ;
; SW[4]      ; HEX1[3]     ; 14.883 ; 14.883 ; 14.883 ; 14.883 ;
; SW[4]      ; HEX1[4]     ; 14.901 ; 14.901 ; 14.901 ; 14.901 ;
; SW[4]      ; HEX1[5]     ; 15.181 ; 15.181 ; 15.181 ; 15.181 ;
; SW[4]      ; HEX1[6]     ; 15.089 ; 15.089 ; 15.089 ; 15.089 ;
; SW[4]      ; HEX5[0]     ;        ; 6.572  ; 6.572  ;        ;
; SW[4]      ; HEX5[1]     ; 6.546  ; 6.546  ; 6.546  ; 6.546  ;
; SW[4]      ; HEX5[2]     ; 6.540  ;        ;        ; 6.540  ;
; SW[4]      ; HEX5[3]     ; 6.722  ; 6.722  ; 6.722  ; 6.722  ;
; SW[4]      ; HEX5[4]     ;        ; 6.702  ; 6.702  ;        ;
; SW[4]      ; HEX5[5]     ; 6.731  ;        ;        ; 6.731  ;
; SW[4]      ; HEX5[6]     ; 6.981  ; 6.981  ; 6.981  ; 6.981  ;
; SW[5]      ; HEX0[0]     ; 12.091 ; 12.091 ; 12.091 ; 12.091 ;
; SW[5]      ; HEX0[1]     ; 12.096 ; 12.096 ; 12.096 ; 12.096 ;
; SW[5]      ; HEX0[2]     ; 12.102 ; 12.102 ; 12.102 ; 12.102 ;
; SW[5]      ; HEX0[3]     ; 12.360 ; 12.360 ; 12.360 ; 12.360 ;
; SW[5]      ; HEX0[4]     ; 12.329 ; 12.329 ; 12.329 ; 12.329 ;
; SW[5]      ; HEX0[5]     ; 12.329 ; 12.329 ; 12.329 ; 12.329 ;
; SW[5]      ; HEX0[6]     ; 12.592 ; 12.592 ; 12.592 ; 12.592 ;
; SW[5]      ; HEX1[0]     ; 14.811 ; 14.811 ; 14.811 ; 14.811 ;
; SW[5]      ; HEX1[1]     ; 14.760 ; 14.760 ; 14.760 ; 14.760 ;
; SW[5]      ; HEX1[2]     ; 14.359 ; 14.359 ; 14.359 ; 14.359 ;
; SW[5]      ; HEX1[3]     ; 14.361 ; 14.361 ; 14.361 ; 14.361 ;
; SW[5]      ; HEX1[4]     ; 14.379 ; 14.379 ; 14.379 ; 14.379 ;
; SW[5]      ; HEX1[5]     ; 14.659 ; 14.659 ; 14.659 ; 14.659 ;
; SW[5]      ; HEX1[6]     ; 14.567 ; 14.567 ; 14.567 ; 14.567 ;
; SW[5]      ; HEX5[0]     ; 6.464  ; 6.464  ; 6.464  ; 6.464  ;
; SW[5]      ; HEX5[1]     ; 6.428  ;        ;        ; 6.428  ;
; SW[5]      ; HEX5[2]     ;        ; 6.430  ; 6.430  ;        ;
; SW[5]      ; HEX5[3]     ; 6.385  ; 6.385  ; 6.385  ; 6.385  ;
; SW[5]      ; HEX5[4]     ; 6.361  ;        ;        ; 6.361  ;
; SW[5]      ; HEX5[5]     ;        ; 6.367  ; 6.367  ;        ;
; SW[5]      ; HEX5[6]     ; 6.644  ; 6.644  ; 6.644  ; 6.644  ;
; SW[6]      ; HEX0[0]     ; 13.057 ; 13.057 ; 13.057 ; 13.057 ;
; SW[6]      ; HEX0[1]     ; 13.062 ; 13.062 ; 13.062 ; 13.062 ;
; SW[6]      ; HEX0[2]     ; 13.068 ; 13.068 ; 13.068 ; 13.068 ;
; SW[6]      ; HEX0[3]     ; 13.326 ; 13.326 ; 13.326 ; 13.326 ;
; SW[6]      ; HEX0[4]     ; 13.295 ; 13.295 ; 13.295 ; 13.295 ;
; SW[6]      ; HEX0[5]     ; 13.295 ; 13.295 ; 13.295 ; 13.295 ;
; SW[6]      ; HEX0[6]     ; 13.558 ; 13.558 ; 13.558 ; 13.558 ;
; SW[6]      ; HEX1[0]     ; 15.798 ; 15.798 ; 15.798 ; 15.798 ;
; SW[6]      ; HEX1[1]     ; 15.747 ; 15.747 ; 15.747 ; 15.747 ;
; SW[6]      ; HEX1[2]     ; 15.346 ; 15.346 ; 15.346 ; 15.346 ;
; SW[6]      ; HEX1[3]     ; 15.348 ; 15.348 ; 15.348 ; 15.348 ;
; SW[6]      ; HEX1[4]     ; 15.366 ; 15.366 ; 15.366 ; 15.366 ;
; SW[6]      ; HEX1[5]     ; 15.646 ; 15.646 ; 15.646 ; 15.646 ;
; SW[6]      ; HEX1[6]     ; 15.554 ; 15.554 ; 15.554 ; 15.554 ;
; SW[6]      ; HEX6[0]     ; 7.309  ; 7.309  ; 7.309  ; 7.309  ;
; SW[6]      ; HEX6[1]     ; 7.335  ; 7.335  ; 7.335  ; 7.335  ;
; SW[6]      ; HEX6[2]     ;        ; 7.304  ; 7.304  ;        ;
; SW[6]      ; HEX6[3]     ; 6.736  ; 6.736  ; 6.736  ; 6.736  ;
; SW[6]      ; HEX6[4]     ; 6.716  ;        ;        ; 6.716  ;
; SW[6]      ; HEX6[5]     ; 6.699  ;        ;        ; 6.699  ;
; SW[6]      ; HEX6[6]     ; 6.705  ;        ;        ; 6.705  ;
; SW[7]      ; HEX0[0]     ; 12.361 ; 12.361 ; 12.361 ; 12.361 ;
; SW[7]      ; HEX0[1]     ; 12.366 ; 12.366 ; 12.366 ; 12.366 ;
; SW[7]      ; HEX0[2]     ; 12.372 ; 12.372 ; 12.372 ; 12.372 ;
; SW[7]      ; HEX0[3]     ; 12.630 ; 12.630 ; 12.630 ; 12.630 ;
; SW[7]      ; HEX0[4]     ; 12.599 ; 12.599 ; 12.599 ; 12.599 ;
; SW[7]      ; HEX0[5]     ; 12.599 ; 12.599 ; 12.599 ; 12.599 ;
; SW[7]      ; HEX0[6]     ; 12.862 ; 12.862 ; 12.862 ; 12.862 ;
; SW[7]      ; HEX1[0]     ; 15.150 ; 15.150 ; 15.150 ; 15.150 ;
; SW[7]      ; HEX1[1]     ; 15.099 ; 15.099 ; 15.099 ; 15.099 ;
; SW[7]      ; HEX1[2]     ; 14.698 ; 14.698 ; 14.698 ; 14.698 ;
; SW[7]      ; HEX1[3]     ; 14.700 ; 14.700 ; 14.700 ; 14.700 ;
; SW[7]      ; HEX1[4]     ; 14.718 ; 14.718 ; 14.718 ; 14.718 ;
; SW[7]      ; HEX1[5]     ; 14.998 ; 14.998 ; 14.998 ; 14.998 ;
; SW[7]      ; HEX1[6]     ; 14.906 ; 14.906 ; 14.906 ; 14.906 ;
; SW[7]      ; HEX6[0]     ;        ; 7.391  ; 7.391  ;        ;
; SW[7]      ; HEX6[1]     ; 7.415  ; 7.415  ; 7.415  ; 7.415  ;
; SW[7]      ; HEX6[2]     ; 7.391  ;        ;        ; 7.391  ;
; SW[7]      ; HEX6[3]     ; 6.810  ; 6.810  ; 6.810  ; 6.810  ;
; SW[7]      ; HEX6[4]     ;        ; 6.801  ; 6.801  ;        ;
; SW[7]      ; HEX6[5]     ; 6.783  ;        ;        ; 6.783  ;
; SW[7]      ; HEX6[6]     ; 6.777  ; 6.777  ; 6.777  ; 6.777  ;
; SW[8]      ; HEX0[0]     ; 13.154 ; 13.154 ; 13.154 ; 13.154 ;
; SW[8]      ; HEX0[1]     ; 13.159 ; 13.159 ; 13.159 ; 13.159 ;
; SW[8]      ; HEX0[2]     ; 13.165 ; 13.165 ; 13.165 ; 13.165 ;
; SW[8]      ; HEX0[3]     ; 13.423 ; 13.423 ; 13.423 ; 13.423 ;
; SW[8]      ; HEX0[4]     ; 13.392 ; 13.392 ; 13.392 ; 13.392 ;
; SW[8]      ; HEX0[5]     ; 13.392 ; 13.392 ; 13.392 ; 13.392 ;
; SW[8]      ; HEX0[6]     ; 13.655 ; 13.655 ; 13.655 ; 13.655 ;
; SW[8]      ; HEX1[0]     ; 15.880 ; 15.880 ; 15.880 ; 15.880 ;
; SW[8]      ; HEX1[1]     ; 15.829 ; 15.829 ; 15.829 ; 15.829 ;
; SW[8]      ; HEX1[2]     ; 15.428 ; 15.428 ; 15.428 ; 15.428 ;
; SW[8]      ; HEX1[3]     ; 15.430 ; 15.430 ; 15.430 ; 15.430 ;
; SW[8]      ; HEX1[4]     ; 15.448 ; 15.448 ; 15.448 ; 15.448 ;
; SW[8]      ; HEX1[5]     ; 15.728 ; 15.728 ; 15.728 ; 15.728 ;
; SW[8]      ; HEX1[6]     ; 15.636 ; 15.636 ; 15.636 ; 15.636 ;
; SW[8]      ; HEX6[0]     ; 7.383  ; 7.383  ; 7.383  ; 7.383  ;
; SW[8]      ; HEX6[1]     ; 7.407  ;        ;        ; 7.407  ;
; SW[8]      ; HEX6[2]     ;        ; 7.343  ; 7.343  ;        ;
; SW[8]      ; HEX6[3]     ; 6.802  ; 6.802  ; 6.802  ; 6.802  ;
; SW[8]      ; HEX6[4]     ; 6.797  ;        ;        ; 6.797  ;
; SW[8]      ; HEX6[5]     ;        ; 6.754  ; 6.754  ;        ;
; SW[8]      ; HEX6[6]     ; 6.743  ; 6.743  ; 6.743  ; 6.743  ;
; SW[9]      ; HEX0[0]     ; 12.319 ; 12.319 ; 12.319 ; 12.319 ;
; SW[9]      ; HEX0[1]     ; 12.324 ; 12.324 ; 12.324 ; 12.324 ;
; SW[9]      ; HEX0[2]     ; 12.330 ; 12.330 ; 12.330 ; 12.330 ;
; SW[9]      ; HEX0[3]     ; 12.588 ; 12.588 ; 12.588 ; 12.588 ;
; SW[9]      ; HEX0[4]     ; 12.557 ; 12.557 ; 12.557 ; 12.557 ;
; SW[9]      ; HEX0[5]     ; 12.557 ; 12.557 ; 12.557 ; 12.557 ;
; SW[9]      ; HEX0[6]     ; 12.820 ; 12.820 ; 12.820 ; 12.820 ;
; SW[9]      ; HEX1[0]     ; 15.218 ; 15.218 ; 15.218 ; 15.218 ;
; SW[9]      ; HEX1[1]     ; 15.167 ; 15.167 ; 15.167 ; 15.167 ;
; SW[9]      ; HEX1[2]     ; 14.766 ; 14.766 ; 14.766 ; 14.766 ;
; SW[9]      ; HEX1[3]     ; 14.768 ; 14.768 ; 14.768 ; 14.768 ;
; SW[9]      ; HEX1[4]     ; 14.786 ; 14.786 ; 14.786 ; 14.786 ;
; SW[9]      ; HEX1[5]     ; 15.066 ; 15.066 ; 15.066 ; 15.066 ;
; SW[9]      ; HEX1[6]     ; 14.974 ; 14.974 ; 14.974 ; 14.974 ;
; SW[9]      ; HEX7[0]     ; 6.654  ; 6.654  ; 6.654  ; 6.654  ;
; SW[9]      ; HEX7[1]     ; 6.648  ; 6.648  ; 6.648  ; 6.648  ;
; SW[9]      ; HEX7[2]     ;        ; 6.615  ; 6.615  ;        ;
; SW[9]      ; HEX7[3]     ; 6.613  ; 6.613  ; 6.613  ; 6.613  ;
; SW[9]      ; HEX7[4]     ; 6.593  ;        ;        ; 6.593  ;
; SW[9]      ; HEX7[5]     ; 6.803  ;        ;        ; 6.803  ;
; SW[9]      ; HEX7[6]     ; 6.922  ;        ;        ; 6.922  ;
; SW[10]     ; HEX0[0]     ; 10.994 ; 10.994 ; 10.994 ; 10.994 ;
; SW[10]     ; HEX0[1]     ; 10.999 ; 10.999 ; 10.999 ; 10.999 ;
; SW[10]     ; HEX0[2]     ; 11.005 ; 11.005 ; 11.005 ; 11.005 ;
; SW[10]     ; HEX0[3]     ; 11.263 ; 11.263 ; 11.263 ; 11.263 ;
; SW[10]     ; HEX0[4]     ; 11.232 ; 11.232 ; 11.232 ; 11.232 ;
; SW[10]     ; HEX0[5]     ; 11.232 ; 11.232 ; 11.232 ; 11.232 ;
; SW[10]     ; HEX0[6]     ; 11.495 ; 11.495 ; 11.495 ; 11.495 ;
; SW[10]     ; HEX1[0]     ; 13.720 ; 13.720 ; 13.720 ; 13.720 ;
; SW[10]     ; HEX1[1]     ; 13.669 ; 13.669 ; 13.669 ; 13.669 ;
; SW[10]     ; HEX1[2]     ; 13.268 ; 13.268 ; 13.268 ; 13.268 ;
; SW[10]     ; HEX1[3]     ; 13.270 ; 13.270 ; 13.270 ; 13.270 ;
; SW[10]     ; HEX1[4]     ; 13.288 ; 13.288 ; 13.288 ; 13.288 ;
; SW[10]     ; HEX1[5]     ; 13.568 ; 13.568 ; 13.568 ; 13.568 ;
; SW[10]     ; HEX1[6]     ; 13.476 ; 13.476 ; 13.476 ; 13.476 ;
; SW[10]     ; HEX7[0]     ;        ; 5.552  ; 5.552  ;        ;
; SW[10]     ; HEX7[1]     ; 5.580  ; 5.580  ; 5.580  ; 5.580  ;
; SW[10]     ; HEX7[2]     ; 5.562  ;        ;        ; 5.562  ;
; SW[10]     ; HEX7[3]     ; 5.549  ; 5.549  ; 5.549  ; 5.549  ;
; SW[10]     ; HEX7[4]     ;        ; 5.567  ; 5.567  ;        ;
; SW[10]     ; HEX7[5]     ; 5.754  ;        ;        ; 5.754  ;
; SW[10]     ; HEX7[6]     ; 5.869  ; 5.869  ; 5.869  ; 5.869  ;
; SW[11]     ; HEX0[0]     ; 11.222 ; 11.222 ; 11.222 ; 11.222 ;
; SW[11]     ; HEX0[1]     ; 11.227 ; 11.227 ; 11.227 ; 11.227 ;
; SW[11]     ; HEX0[2]     ; 11.233 ; 11.233 ; 11.233 ; 11.233 ;
; SW[11]     ; HEX0[3]     ; 11.491 ; 11.491 ; 11.491 ; 11.491 ;
; SW[11]     ; HEX0[4]     ; 11.460 ; 11.460 ; 11.460 ; 11.460 ;
; SW[11]     ; HEX0[5]     ; 11.460 ; 11.460 ; 11.460 ; 11.460 ;
; SW[11]     ; HEX0[6]     ; 11.723 ; 11.723 ; 11.723 ; 11.723 ;
; SW[11]     ; HEX1[0]     ; 13.948 ; 13.948 ; 13.948 ; 13.948 ;
; SW[11]     ; HEX1[1]     ; 13.897 ; 13.897 ; 13.897 ; 13.897 ;
; SW[11]     ; HEX1[2]     ; 13.496 ; 13.496 ; 13.496 ; 13.496 ;
; SW[11]     ; HEX1[3]     ; 13.498 ; 13.498 ; 13.498 ; 13.498 ;
; SW[11]     ; HEX1[4]     ; 13.516 ; 13.516 ; 13.516 ; 13.516 ;
; SW[11]     ; HEX1[5]     ; 13.796 ; 13.796 ; 13.796 ; 13.796 ;
; SW[11]     ; HEX1[6]     ; 13.704 ; 13.704 ; 13.704 ; 13.704 ;
; SW[11]     ; HEX7[0]     ; 5.605  ; 5.605  ; 5.605  ; 5.605  ;
; SW[11]     ; HEX7[1]     ; 5.601  ;        ;        ; 5.601  ;
; SW[11]     ; HEX7[2]     ;        ; 5.532  ; 5.532  ;        ;
; SW[11]     ; HEX7[3]     ; 5.565  ; 5.565  ; 5.565  ; 5.565  ;
; SW[11]     ; HEX7[4]     ; 5.573  ;        ;        ; 5.573  ;
; SW[11]     ; HEX7[5]     ;        ; 5.760  ; 5.760  ;        ;
; SW[11]     ; HEX7[6]     ; 5.874  ; 5.874  ; 5.874  ; 5.874  ;
+------------+-------------+--------+--------+--------+--------+


+----------------------------------------------------------+
; Minimum Progagation Delay                                ;
+------------+-------------+-------+-------+-------+-------+
; Input Port ; Output Port ; RR    ; RF    ; FR    ; FF    ;
+------------+-------------+-------+-------+-------+-------+
; SW[0]      ; HEX0[0]     ; 5.387 ; 5.387 ; 5.387 ; 5.387 ;
; SW[0]      ; HEX0[1]     ; 5.368 ; 5.368 ; 5.368 ; 5.368 ;
; SW[0]      ; HEX0[2]     ; 5.373 ; 5.373 ; 5.373 ; 5.373 ;
; SW[0]      ; HEX0[3]     ; 5.510 ; 5.510 ; 5.510 ; 5.510 ;
; SW[0]      ; HEX0[4]     ; 5.510 ; 5.510 ; 5.510 ; 5.510 ;
; SW[0]      ; HEX0[5]     ; 5.491 ; 5.491 ; 5.491 ; 5.491 ;
; SW[0]      ; HEX0[6]     ; 5.602 ; 5.602 ; 5.602 ; 5.602 ;
; SW[0]      ; HEX1[0]     ; 6.060 ; 6.060 ; 6.060 ; 6.060 ;
; SW[0]      ; HEX1[1]     ; 6.040 ; 6.040 ; 6.040 ; 6.040 ;
; SW[0]      ; HEX1[2]     ; 5.814 ; 5.814 ; 5.814 ; 5.814 ;
; SW[0]      ; HEX1[3]     ; 5.809 ; 5.809 ; 5.809 ; 5.809 ;
; SW[0]      ; HEX1[4]     ; 5.827 ; 5.827 ; 5.827 ; 5.827 ;
; SW[0]      ; HEX1[5]     ; 5.941 ; 5.941 ; 5.941 ; 5.941 ;
; SW[0]      ; HEX1[6]     ; 5.903 ; 5.903 ; 5.903 ; 5.903 ;
; SW[0]      ; HEX4[0]     ; 3.843 ; 3.843 ; 3.843 ; 3.843 ;
; SW[0]      ; HEX4[1]     ; 3.857 ; 3.857 ; 3.857 ; 3.857 ;
; SW[0]      ; HEX4[2]     ;       ; 3.862 ; 3.862 ;       ;
; SW[0]      ; HEX4[3]     ; 3.710 ; 3.710 ; 3.710 ; 3.710 ;
; SW[0]      ; HEX4[4]     ; 3.723 ;       ;       ; 3.723 ;
; SW[0]      ; HEX4[5]     ; 3.727 ;       ;       ; 3.727 ;
; SW[0]      ; HEX4[6]     ; 3.849 ;       ;       ; 3.849 ;
; SW[1]      ; HEX0[0]     ; 5.553 ; 5.553 ; 5.553 ; 5.553 ;
; SW[1]      ; HEX0[1]     ; 5.534 ; 5.534 ; 5.534 ; 5.534 ;
; SW[1]      ; HEX0[2]     ; 5.539 ; 5.539 ; 5.539 ; 5.539 ;
; SW[1]      ; HEX0[3]     ; 5.676 ; 5.676 ; 5.676 ; 5.676 ;
; SW[1]      ; HEX0[4]     ; 5.676 ; 5.676 ; 5.676 ; 5.676 ;
; SW[1]      ; HEX0[5]     ; 5.657 ; 5.657 ; 5.657 ; 5.657 ;
; SW[1]      ; HEX0[6]     ; 5.768 ; 5.768 ; 5.768 ; 5.768 ;
; SW[1]      ; HEX1[0]     ; 6.164 ; 6.164 ; 6.164 ; 6.164 ;
; SW[1]      ; HEX1[1]     ; 6.144 ; 6.144 ; 6.144 ; 6.144 ;
; SW[1]      ; HEX1[2]     ; 5.918 ; 5.918 ; 5.918 ; 5.918 ;
; SW[1]      ; HEX1[3]     ; 5.913 ; 5.913 ; 5.913 ; 5.913 ;
; SW[1]      ; HEX1[4]     ; 5.931 ; 5.931 ; 5.931 ; 5.931 ;
; SW[1]      ; HEX1[5]     ; 6.045 ; 6.045 ; 6.045 ; 6.045 ;
; SW[1]      ; HEX1[6]     ; 6.007 ; 6.007 ; 6.007 ; 6.007 ;
; SW[1]      ; HEX4[0]     ;       ; 3.966 ; 3.966 ;       ;
; SW[1]      ; HEX4[1]     ; 3.979 ; 3.979 ; 3.979 ; 3.979 ;
; SW[1]      ; HEX4[2]     ; 3.986 ;       ;       ; 3.986 ;
; SW[1]      ; HEX4[3]     ; 3.832 ; 3.832 ; 3.832 ; 3.832 ;
; SW[1]      ; HEX4[4]     ;       ; 3.854 ; 3.854 ;       ;
; SW[1]      ; HEX4[5]     ; 3.857 ;       ;       ; 3.857 ;
; SW[1]      ; HEX4[6]     ; 3.983 ; 3.983 ; 3.983 ; 3.983 ;
; SW[2]      ; HEX0[0]     ; 6.032 ; 6.032 ; 6.032 ; 6.032 ;
; SW[2]      ; HEX0[1]     ; 6.002 ; 6.002 ; 6.002 ; 6.002 ;
; SW[2]      ; HEX0[2]     ; 6.016 ; 6.016 ; 6.016 ; 6.016 ;
; SW[2]      ; HEX0[3]     ; 6.142 ; 6.142 ; 6.142 ; 6.142 ;
; SW[2]      ; HEX0[4]     ; 6.141 ; 6.141 ; 6.141 ; 6.141 ;
; SW[2]      ; HEX0[5]     ; 6.138 ; 6.138 ; 6.138 ; 6.138 ;
; SW[2]      ; HEX0[6]     ; 6.233 ; 6.233 ; 6.233 ; 6.233 ;
; SW[2]      ; HEX1[0]     ; 5.767 ; 5.767 ; 5.767 ; 5.767 ;
; SW[2]      ; HEX1[1]     ; 5.747 ; 5.747 ; 5.747 ; 5.747 ;
; SW[2]      ; HEX1[2]     ; 5.521 ; 5.521 ; 5.521 ; 5.521 ;
; SW[2]      ; HEX1[3]     ; 5.516 ; 5.516 ; 5.516 ; 5.516 ;
; SW[2]      ; HEX1[4]     ; 5.534 ; 5.534 ; 5.534 ; 5.534 ;
; SW[2]      ; HEX1[5]     ; 5.648 ; 5.648 ; 5.648 ; 5.648 ;
; SW[2]      ; HEX1[6]     ; 5.610 ; 5.610 ; 5.610 ; 5.610 ;
; SW[2]      ; HEX4[0]     ; 3.777 ; 3.777 ; 3.777 ; 3.777 ;
; SW[2]      ; HEX4[1]     ; 3.791 ;       ;       ; 3.791 ;
; SW[2]      ; HEX4[2]     ;       ; 3.793 ; 3.793 ;       ;
; SW[2]      ; HEX4[3]     ; 3.644 ; 3.644 ; 3.644 ; 3.644 ;
; SW[2]      ; HEX4[4]     ; 3.655 ;       ;       ; 3.655 ;
; SW[2]      ; HEX4[5]     ;       ; 3.657 ; 3.657 ;       ;
; SW[2]      ; HEX4[6]     ; 3.779 ; 3.779 ; 3.779 ; 3.779 ;
; SW[3]      ; HEX0[0]     ; 5.174 ; 5.174 ; 5.174 ; 5.174 ;
; SW[3]      ; HEX0[1]     ; 5.155 ; 5.155 ; 5.155 ; 5.155 ;
; SW[3]      ; HEX0[2]     ; 5.160 ; 5.160 ; 5.160 ; 5.160 ;
; SW[3]      ; HEX0[3]     ; 5.297 ; 5.297 ; 5.297 ; 5.297 ;
; SW[3]      ; HEX0[4]     ; 5.297 ; 5.297 ; 5.297 ; 5.297 ;
; SW[3]      ; HEX0[5]     ; 5.278 ; 5.278 ; 5.278 ; 5.278 ;
; SW[3]      ; HEX0[6]     ; 5.389 ; 5.389 ; 5.389 ; 5.389 ;
; SW[3]      ; HEX1[0]     ; 6.101 ; 6.101 ; 6.101 ; 6.101 ;
; SW[3]      ; HEX1[1]     ; 6.081 ; 6.081 ; 6.081 ; 6.081 ;
; SW[3]      ; HEX1[2]     ; 5.855 ; 5.855 ; 5.855 ; 5.855 ;
; SW[3]      ; HEX1[3]     ; 5.850 ; 5.850 ; 5.850 ; 5.850 ;
; SW[3]      ; HEX1[4]     ; 5.868 ; 5.868 ; 5.868 ; 5.868 ;
; SW[3]      ; HEX1[5]     ; 5.982 ; 5.982 ; 5.982 ; 5.982 ;
; SW[3]      ; HEX1[6]     ; 5.944 ; 5.944 ; 5.944 ; 5.944 ;
; SW[3]      ; HEX5[0]     ; 3.715 ; 3.715 ; 3.715 ; 3.715 ;
; SW[3]      ; HEX5[1]     ; 3.683 ; 3.683 ; 3.683 ; 3.683 ;
; SW[3]      ; HEX5[2]     ;       ; 3.679 ; 3.679 ;       ;
; SW[3]      ; HEX5[3]     ; 3.423 ; 3.423 ; 3.423 ; 3.423 ;
; SW[3]      ; HEX5[4]     ; 3.402 ;       ;       ; 3.402 ;
; SW[3]      ; HEX5[5]     ; 3.398 ;       ;       ; 3.398 ;
; SW[3]      ; HEX5[6]     ; 3.529 ;       ;       ; 3.529 ;
; SW[4]      ; HEX0[0]     ; 5.206 ; 5.206 ; 5.206 ; 5.206 ;
; SW[4]      ; HEX0[1]     ; 5.187 ; 5.187 ; 5.187 ; 5.187 ;
; SW[4]      ; HEX0[2]     ; 5.192 ; 5.192 ; 5.192 ; 5.192 ;
; SW[4]      ; HEX0[3]     ; 5.329 ; 5.329 ; 5.329 ; 5.329 ;
; SW[4]      ; HEX0[4]     ; 5.329 ; 5.329 ; 5.329 ; 5.329 ;
; SW[4]      ; HEX0[5]     ; 5.310 ; 5.310 ; 5.310 ; 5.310 ;
; SW[4]      ; HEX0[6]     ; 5.421 ; 5.421 ; 5.421 ; 5.421 ;
; SW[4]      ; HEX1[0]     ; 5.886 ; 5.886 ; 5.886 ; 5.886 ;
; SW[4]      ; HEX1[1]     ; 5.864 ; 5.864 ; 5.864 ; 5.864 ;
; SW[4]      ; HEX1[2]     ; 5.635 ; 5.635 ; 5.635 ; 5.635 ;
; SW[4]      ; HEX1[3]     ; 5.635 ; 5.635 ; 5.635 ; 5.635 ;
; SW[4]      ; HEX1[4]     ; 5.654 ; 5.654 ; 5.654 ; 5.654 ;
; SW[4]      ; HEX1[5]     ; 5.767 ; 5.767 ; 5.767 ; 5.767 ;
; SW[4]      ; HEX1[6]     ; 5.727 ; 5.727 ; 5.727 ; 5.727 ;
; SW[4]      ; HEX5[0]     ;       ; 3.435 ; 3.435 ;       ;
; SW[4]      ; HEX5[1]     ; 3.408 ; 3.408 ; 3.408 ; 3.408 ;
; SW[4]      ; HEX5[2]     ; 3.405 ;       ;       ; 3.405 ;
; SW[4]      ; HEX5[3]     ; 3.499 ; 3.499 ; 3.499 ; 3.499 ;
; SW[4]      ; HEX5[4]     ;       ; 3.478 ; 3.478 ;       ;
; SW[4]      ; HEX5[5]     ; 3.482 ;       ;       ; 3.482 ;
; SW[4]      ; HEX5[6]     ; 3.614 ; 3.614 ; 3.614 ; 3.614 ;
; SW[5]      ; HEX0[0]     ; 5.348 ; 5.348 ; 5.348 ; 5.348 ;
; SW[5]      ; HEX0[1]     ; 5.317 ; 5.317 ; 5.317 ; 5.317 ;
; SW[5]      ; HEX0[2]     ; 5.335 ; 5.335 ; 5.335 ; 5.335 ;
; SW[5]      ; HEX0[3]     ; 5.459 ; 5.459 ; 5.459 ; 5.459 ;
; SW[5]      ; HEX0[4]     ; 5.459 ; 5.459 ; 5.459 ; 5.459 ;
; SW[5]      ; HEX0[5]     ; 5.455 ; 5.455 ; 5.455 ; 5.455 ;
; SW[5]      ; HEX0[6]     ; 5.551 ; 5.551 ; 5.551 ; 5.551 ;
; SW[5]      ; HEX1[0]     ; 5.500 ; 5.500 ; 5.500 ; 5.500 ;
; SW[5]      ; HEX1[1]     ; 5.480 ; 5.480 ; 5.480 ; 5.480 ;
; SW[5]      ; HEX1[2]     ; 5.254 ; 5.254 ; 5.254 ; 5.254 ;
; SW[5]      ; HEX1[3]     ; 5.249 ; 5.249 ; 5.249 ; 5.249 ;
; SW[5]      ; HEX1[4]     ; 5.267 ; 5.267 ; 5.267 ; 5.267 ;
; SW[5]      ; HEX1[5]     ; 5.381 ; 5.381 ; 5.381 ; 5.381 ;
; SW[5]      ; HEX1[6]     ; 5.343 ; 5.343 ; 5.343 ; 5.343 ;
; SW[5]      ; HEX5[0]     ; 3.386 ; 3.386 ; 3.386 ; 3.386 ;
; SW[5]      ; HEX5[1]     ; 3.374 ;       ;       ; 3.374 ;
; SW[5]      ; HEX5[2]     ;       ; 3.351 ; 3.351 ;       ;
; SW[5]      ; HEX5[3]     ; 3.335 ; 3.335 ; 3.335 ; 3.335 ;
; SW[5]      ; HEX5[4]     ; 3.315 ;       ;       ; 3.315 ;
; SW[5]      ; HEX5[5]     ;       ; 3.320 ; 3.320 ;       ;
; SW[5]      ; HEX5[6]     ; 3.452 ; 3.452 ; 3.452 ; 3.452 ;
; SW[6]      ; HEX0[0]     ; 5.651 ; 5.651 ; 5.651 ; 5.651 ;
; SW[6]      ; HEX0[1]     ; 5.632 ; 5.632 ; 5.632 ; 5.632 ;
; SW[6]      ; HEX0[2]     ; 5.637 ; 5.637 ; 5.637 ; 5.637 ;
; SW[6]      ; HEX0[3]     ; 5.774 ; 5.774 ; 5.774 ; 5.774 ;
; SW[6]      ; HEX0[4]     ; 5.774 ; 5.774 ; 5.774 ; 5.774 ;
; SW[6]      ; HEX0[5]     ; 5.755 ; 5.755 ; 5.755 ; 5.755 ;
; SW[6]      ; HEX0[6]     ; 5.866 ; 5.866 ; 5.866 ; 5.866 ;
; SW[6]      ; HEX1[0]     ; 6.193 ; 6.193 ; 6.193 ; 6.193 ;
; SW[6]      ; HEX1[1]     ; 6.171 ; 6.171 ; 6.171 ; 6.171 ;
; SW[6]      ; HEX1[2]     ; 5.942 ; 5.942 ; 5.942 ; 5.942 ;
; SW[6]      ; HEX1[3]     ; 5.942 ; 5.942 ; 5.942 ; 5.942 ;
; SW[6]      ; HEX1[4]     ; 5.961 ; 5.961 ; 5.961 ; 5.961 ;
; SW[6]      ; HEX1[5]     ; 6.074 ; 6.074 ; 6.074 ; 6.074 ;
; SW[6]      ; HEX1[6]     ; 6.034 ; 6.034 ; 6.034 ; 6.034 ;
; SW[6]      ; HEX6[0]     ; 3.827 ; 3.827 ; 3.827 ; 3.827 ;
; SW[6]      ; HEX6[1]     ; 3.838 ; 3.838 ; 3.838 ; 3.838 ;
; SW[6]      ; HEX6[2]     ;       ; 3.824 ; 3.824 ;       ;
; SW[6]      ; HEX6[3]     ; 3.545 ; 3.545 ; 3.545 ; 3.545 ;
; SW[6]      ; HEX6[4]     ; 3.535 ;       ;       ; 3.535 ;
; SW[6]      ; HEX6[5]     ; 3.516 ;       ;       ; 3.516 ;
; SW[6]      ; HEX6[6]     ; 3.521 ;       ;       ; 3.521 ;
; SW[7]      ; HEX0[0]     ; 5.213 ; 5.213 ; 5.213 ; 5.213 ;
; SW[7]      ; HEX0[1]     ; 5.182 ; 5.182 ; 5.182 ; 5.182 ;
; SW[7]      ; HEX0[2]     ; 5.200 ; 5.200 ; 5.200 ; 5.200 ;
; SW[7]      ; HEX0[3]     ; 5.324 ; 5.324 ; 5.324 ; 5.324 ;
; SW[7]      ; HEX0[4]     ; 5.324 ; 5.324 ; 5.324 ; 5.324 ;
; SW[7]      ; HEX0[5]     ; 5.320 ; 5.320 ; 5.320 ; 5.320 ;
; SW[7]      ; HEX0[6]     ; 5.416 ; 5.416 ; 5.416 ; 5.416 ;
; SW[7]      ; HEX1[0]     ; 5.835 ; 5.835 ; 5.835 ; 5.835 ;
; SW[7]      ; HEX1[1]     ; 5.813 ; 5.813 ; 5.813 ; 5.813 ;
; SW[7]      ; HEX1[2]     ; 5.584 ; 5.584 ; 5.584 ; 5.584 ;
; SW[7]      ; HEX1[3]     ; 5.584 ; 5.584 ; 5.584 ; 5.584 ;
; SW[7]      ; HEX1[4]     ; 5.603 ; 5.603 ; 5.603 ; 5.603 ;
; SW[7]      ; HEX1[5]     ; 5.716 ; 5.716 ; 5.716 ; 5.716 ;
; SW[7]      ; HEX1[6]     ; 5.676 ; 5.676 ; 5.676 ; 5.676 ;
; SW[7]      ; HEX6[0]     ;       ; 3.799 ; 3.799 ;       ;
; SW[7]      ; HEX6[1]     ; 3.808 ; 3.808 ; 3.808 ; 3.808 ;
; SW[7]      ; HEX6[2]     ; 3.827 ;       ;       ; 3.827 ;
; SW[7]      ; HEX6[3]     ; 3.509 ; 3.509 ; 3.509 ; 3.509 ;
; SW[7]      ; HEX6[4]     ;       ; 3.512 ; 3.512 ;       ;
; SW[7]      ; HEX6[5]     ; 3.492 ;       ;       ; 3.492 ;
; SW[7]      ; HEX6[6]     ; 3.484 ; 3.484 ; 3.484 ; 3.484 ;
; SW[8]      ; HEX0[0]     ; 5.401 ; 5.401 ; 5.401 ; 5.401 ;
; SW[8]      ; HEX0[1]     ; 5.370 ; 5.370 ; 5.370 ; 5.370 ;
; SW[8]      ; HEX0[2]     ; 5.388 ; 5.388 ; 5.388 ; 5.388 ;
; SW[8]      ; HEX0[3]     ; 5.512 ; 5.512 ; 5.512 ; 5.512 ;
; SW[8]      ; HEX0[4]     ; 5.512 ; 5.512 ; 5.512 ; 5.512 ;
; SW[8]      ; HEX0[5]     ; 5.508 ; 5.508 ; 5.508 ; 5.508 ;
; SW[8]      ; HEX0[6]     ; 5.604 ; 5.604 ; 5.604 ; 5.604 ;
; SW[8]      ; HEX1[0]     ; 5.693 ; 5.693 ; 5.693 ; 5.693 ;
; SW[8]      ; HEX1[1]     ; 5.662 ; 5.662 ; 5.662 ; 5.662 ;
; SW[8]      ; HEX1[2]     ; 5.437 ; 5.437 ; 5.437 ; 5.437 ;
; SW[8]      ; HEX1[3]     ; 5.431 ; 5.431 ; 5.431 ; 5.431 ;
; SW[8]      ; HEX1[4]     ; 5.454 ; 5.454 ; 5.454 ; 5.454 ;
; SW[8]      ; HEX1[5]     ; 5.573 ; 5.573 ; 5.573 ; 5.573 ;
; SW[8]      ; HEX1[6]     ; 5.543 ; 5.543 ; 5.543 ; 5.543 ;
; SW[8]      ; HEX6[0]     ; 3.818 ; 3.818 ; 3.818 ; 3.818 ;
; SW[8]      ; HEX6[1]     ; 3.835 ;       ;       ; 3.835 ;
; SW[8]      ; HEX6[2]     ;       ; 3.825 ; 3.825 ;       ;
; SW[8]      ; HEX6[3]     ; 3.529 ; 3.529 ; 3.529 ; 3.529 ;
; SW[8]      ; HEX6[4]     ; 3.531 ;       ;       ; 3.531 ;
; SW[8]      ; HEX6[5]     ;       ; 3.511 ; 3.511 ;       ;
; SW[8]      ; HEX6[6]     ; 3.504 ; 3.504 ; 3.504 ; 3.504 ;
; SW[9]      ; HEX0[0]     ; 5.280 ; 5.280 ; 5.280 ; 5.280 ;
; SW[9]      ; HEX0[1]     ; 5.252 ; 5.252 ; 5.252 ; 5.252 ;
; SW[9]      ; HEX0[2]     ; 5.266 ; 5.266 ; 5.266 ; 5.266 ;
; SW[9]      ; HEX0[3]     ; 5.394 ; 5.394 ; 5.394 ; 5.394 ;
; SW[9]      ; HEX0[4]     ; 5.394 ; 5.394 ; 5.394 ; 5.394 ;
; SW[9]      ; HEX0[5]     ; 5.384 ; 5.384 ; 5.384 ; 5.384 ;
; SW[9]      ; HEX0[6]     ; 5.486 ; 5.486 ; 5.486 ; 5.486 ;
; SW[9]      ; HEX1[0]     ; 5.845 ; 5.845 ; 5.845 ; 5.845 ;
; SW[9]      ; HEX1[1]     ; 5.823 ; 5.823 ; 5.823 ; 5.823 ;
; SW[9]      ; HEX1[2]     ; 5.594 ; 5.594 ; 5.594 ; 5.594 ;
; SW[9]      ; HEX1[3]     ; 5.594 ; 5.594 ; 5.594 ; 5.594 ;
; SW[9]      ; HEX1[4]     ; 5.613 ; 5.613 ; 5.613 ; 5.613 ;
; SW[9]      ; HEX1[5]     ; 5.726 ; 5.726 ; 5.726 ; 5.726 ;
; SW[9]      ; HEX1[6]     ; 5.686 ; 5.686 ; 5.686 ; 5.686 ;
; SW[9]      ; HEX7[0]     ; 3.466 ; 3.466 ; 3.466 ; 3.466 ;
; SW[9]      ; HEX7[1]     ; 3.465 ; 3.465 ; 3.465 ; 3.465 ;
; SW[9]      ; HEX7[2]     ;       ; 3.428 ; 3.428 ;       ;
; SW[9]      ; HEX7[3]     ; 3.432 ; 3.432 ; 3.432 ; 3.432 ;
; SW[9]      ; HEX7[4]     ; 3.435 ;       ;       ; 3.435 ;
; SW[9]      ; HEX7[5]     ; 3.529 ;       ;       ; 3.529 ;
; SW[9]      ; HEX7[6]     ; 3.584 ;       ;       ; 3.584 ;
; SW[10]     ; HEX0[0]     ; 4.519 ; 4.519 ; 4.519 ; 4.519 ;
; SW[10]     ; HEX0[1]     ; 4.500 ; 4.500 ; 4.500 ; 4.500 ;
; SW[10]     ; HEX0[2]     ; 4.505 ; 4.505 ; 4.505 ; 4.505 ;
; SW[10]     ; HEX0[3]     ; 4.642 ; 4.642 ; 4.642 ; 4.642 ;
; SW[10]     ; HEX0[4]     ; 4.642 ; 4.642 ; 4.642 ; 4.642 ;
; SW[10]     ; HEX0[5]     ; 4.623 ; 4.623 ; 4.623 ; 4.623 ;
; SW[10]     ; HEX0[6]     ; 4.734 ; 4.734 ; 4.734 ; 4.734 ;
; SW[10]     ; HEX1[0]     ; 5.116 ; 5.116 ; 5.116 ; 5.116 ;
; SW[10]     ; HEX1[1]     ; 5.094 ; 5.094 ; 5.094 ; 5.094 ;
; SW[10]     ; HEX1[2]     ; 4.865 ; 4.865 ; 4.865 ; 4.865 ;
; SW[10]     ; HEX1[3]     ; 4.865 ; 4.865 ; 4.865 ; 4.865 ;
; SW[10]     ; HEX1[4]     ; 4.884 ; 4.884 ; 4.884 ; 4.884 ;
; SW[10]     ; HEX1[5]     ; 4.997 ; 4.997 ; 4.997 ; 4.997 ;
; SW[10]     ; HEX1[6]     ; 4.957 ; 4.957 ; 4.957 ; 4.957 ;
; SW[10]     ; HEX7[0]     ;       ; 2.941 ; 2.941 ;       ;
; SW[10]     ; HEX7[1]     ; 2.936 ; 2.936 ; 2.936 ; 2.936 ;
; SW[10]     ; HEX7[2]     ; 2.919 ;       ;       ; 2.919 ;
; SW[10]     ; HEX7[3]     ; 2.904 ; 2.904 ; 2.904 ; 2.904 ;
; SW[10]     ; HEX7[4]     ;       ; 2.913 ; 2.913 ;       ;
; SW[10]     ; HEX7[5]     ; 3.016 ;       ;       ; 3.016 ;
; SW[10]     ; HEX7[6]     ; 3.066 ; 3.066 ; 3.066 ; 3.066 ;
; SW[11]     ; HEX0[0]     ; 4.602 ; 4.602 ; 4.602 ; 4.602 ;
; SW[11]     ; HEX0[1]     ; 4.571 ; 4.571 ; 4.571 ; 4.571 ;
; SW[11]     ; HEX0[2]     ; 4.589 ; 4.589 ; 4.589 ; 4.589 ;
; SW[11]     ; HEX0[3]     ; 4.713 ; 4.713 ; 4.713 ; 4.713 ;
; SW[11]     ; HEX0[4]     ; 4.713 ; 4.713 ; 4.713 ; 4.713 ;
; SW[11]     ; HEX0[5]     ; 4.709 ; 4.709 ; 4.709 ; 4.709 ;
; SW[11]     ; HEX0[6]     ; 4.805 ; 4.805 ; 4.805 ; 4.805 ;
; SW[11]     ; HEX1[0]     ; 4.905 ; 4.905 ; 4.905 ; 4.905 ;
; SW[11]     ; HEX1[1]     ; 4.874 ; 4.874 ; 4.874 ; 4.874 ;
; SW[11]     ; HEX1[2]     ; 4.649 ; 4.649 ; 4.649 ; 4.649 ;
; SW[11]     ; HEX1[3]     ; 4.643 ; 4.643 ; 4.643 ; 4.643 ;
; SW[11]     ; HEX1[4]     ; 4.666 ; 4.666 ; 4.666 ; 4.666 ;
; SW[11]     ; HEX1[5]     ; 4.785 ; 4.785 ; 4.785 ; 4.785 ;
; SW[11]     ; HEX1[6]     ; 4.755 ; 4.755 ; 4.755 ; 4.755 ;
; SW[11]     ; HEX7[0]     ; 2.940 ; 2.940 ; 2.940 ; 2.940 ;
; SW[11]     ; HEX7[1]     ; 2.948 ;       ;       ; 2.948 ;
; SW[11]     ; HEX7[2]     ;       ; 2.909 ; 2.909 ;       ;
; SW[11]     ; HEX7[3]     ; 2.908 ; 2.908 ; 2.908 ; 2.908 ;
; SW[11]     ; HEX7[4]     ; 2.908 ;       ;       ; 2.908 ;
; SW[11]     ; HEX7[5]     ;       ; 3.011 ; 3.011 ;       ;
; SW[11]     ; HEX7[6]     ; 3.060 ; 3.060 ; 3.060 ; 3.060 ;
+------------+-------------+-------+-------+-------+-------+


-------------------
; Clock Transfers ;
-------------------
Nothing to report.


---------------
; Report TCCS ;
---------------
No dedicated SERDES Transmitter circuitry present in device or used in design


---------------
; Report RSKM ;
---------------
No dedicated SERDES Receiver circuitry present in device or used in design


+------------------------------------------------+
; Unconstrained Paths                            ;
+---------------------------------+-------+------+
; Property                        ; Setup ; Hold ;
+---------------------------------+-------+------+
; Illegal Clocks                  ; 0     ; 0    ;
; Unconstrained Clocks            ; 0     ; 0    ;
; Unconstrained Input Ports       ; 12    ; 12   ;
; Unconstrained Input Port Paths  ; 252   ; 252  ;
; Unconstrained Output Ports      ; 42    ; 42   ;
; Unconstrained Output Port Paths ; 252   ; 252  ;
+---------------------------------+-------+------+


+------------------------------------+
; TimeQuest Timing Analyzer Messages ;
+------------------------------------+
Info: *******************************************************************
Info: Running Quartus II 64-Bit TimeQuest Timing Analyzer
    Info: Version 13.0.1 Build 232 06/12/2013 Service Pack 1 SJ Web Edition
    Info: Processing started: Tue Apr 21 15:47:12 2026
Info: Command: quartus_sta bt3 -c bt3
Info: qsta_default_script.tcl version: #1
Warning (20028): Parallel compilation is not licensed and has been disabled
Info (21077): Low junction temperature is 0 degrees C
Info (21077): High junction temperature is 85 degrees C
Critical Warning (332012): Synopsys Design Constraints File file not found: 'bt3.sdc'. A Synopsys Design Constraints File is required by the TimeQuest Timing Analyzer to get proper timing constraints. Without it, the Compiler will not properly optimize the design.
Info (332142): No user constrained base clocks found in the design. Calling "derive_clocks -period 1.0"
Info (332096): The command derive_clocks did not find any clocks to derive.  No clocks were created or changed.
Warning (332068): No clocks defined in design.
Info: Found TIMEQUEST_REPORT_SCRIPT_INCLUDE_DEFAULT_ANALYSIS = ON
Info (332159): No clocks to report
Info: Analyzing Slow Model
Info (332140): No fmax paths to report
Info (332140): No Setup paths to report
Info (332140): No Hold paths to report
Info (332140): No Recovery paths to report
Info (332140): No Removal paths to report
Info (332140): No Minimum Pulse Width paths to report
Info (332001): The selected device family is not supported by the report_metastability command.
Info: Analyzing Fast Model
Info (332142): No user constrained base clocks found in the design. Calling "derive_clocks -period 1.0"
Info (332096): The command derive_clocks did not find any clocks to derive.  No clocks were created or changed.
Warning (332068): No clocks defined in design.
Info (332140): No Setup paths to report
Info (332140): No Hold paths to report
Info (332140): No Recovery paths to report
Info (332140): No Removal paths to report
Info (332140): No Minimum Pulse Width paths to report
Info (332001): The selected device family is not supported by the report_metastability command.
Info (332102): Design is not fully constrained for setup requirements
Info (332102): Design is not fully constrained for hold requirements
Info: Quartus II 64-Bit TimeQuest Timing Analyzer was successful. 0 errors, 4 warnings
    Info: Peak virtual memory: 4554 megabytes
    Info: Processing ended: Tue Apr 21 15:47:13 2026
    Info: Elapsed time: 00:00:01
    Info: Total CPU time (on all processors): 00:00:00


