TimeQuest Timing Analyzer report for bt5
Sat Apr 18 10:05:11 2026
Quartus II 64-Bit Version 13.0.1 Build 232 06/12/2013 Service Pack 1 SJ Web Edition


---------------------
; Table of Contents ;
---------------------
  1. Legal Notice
  2. TimeQuest Timing Analyzer Summary
  3. Parallel Compilation
  4. Clocks
  5. Slow Model Fmax Summary
  6. Slow Model Setup Summary
  7. Slow Model Hold Summary
  8. Slow Model Recovery Summary
  9. Slow Model Removal Summary
 10. Slow Model Minimum Pulse Width Summary
 11. Slow Model Setup: 'CLOCK_50'
 12. Slow Model Setup: 'clock_1s'
 13. Slow Model Hold: 'CLOCK_50'
 14. Slow Model Hold: 'clock_1s'
 15. Slow Model Minimum Pulse Width: 'CLOCK_50'
 16. Slow Model Minimum Pulse Width: 'clock_1s'
 17. Clock to Output Times
 18. Minimum Clock to Output Times
 19. Propagation Delay
 20. Minimum Propagation Delay
 21. Fast Model Setup Summary
 22. Fast Model Hold Summary
 23. Fast Model Recovery Summary
 24. Fast Model Removal Summary
 25. Fast Model Minimum Pulse Width Summary
 26. Fast Model Setup: 'CLOCK_50'
 27. Fast Model Setup: 'clock_1s'
 28. Fast Model Hold: 'CLOCK_50'
 29. Fast Model Hold: 'clock_1s'
 30. Fast Model Minimum Pulse Width: 'CLOCK_50'
 31. Fast Model Minimum Pulse Width: 'clock_1s'
 32. Clock to Output Times
 33. Minimum Clock to Output Times
 34. Propagation Delay
 35. Minimum Propagation Delay
 36. Multicorner Timing Analysis Summary
 37. Clock to Output Times
 38. Minimum Clock to Output Times
 39. Progagation Delay
 40. Minimum Progagation Delay
 41. Setup Transfers
 42. Hold Transfers
 43. Report TCCS
 44. Report RSKM
 45. Unconstrained Paths
 46. TimeQuest Timing Analyzer Messages



----------------
; Legal Notice ;
----------------
Copyright (C) 1991-2013 Altera Corporation
Your use of Altera Corporation's design tools, logic functions 
and other software and tools, and its AMPP partner logic 
functions, and any output files from any of the foregoing 
(including device programming or simulation files), and any 
associated documentation or information are expressly subject 
to the terms and conditions of the Altera Program License 
Subscription Agreement, Altera MegaCore Function License 
Agreement, or other applicable license agreement, including, 
without limitation, that your use is for the sole purpose of 
programming logic devices manufactured by Altera and sold by 
Altera or its authorized distributors.  Please refer to the 
applicable agreement for further details.



+----------------------------------------------------------------------------------------+
; TimeQuest Timing Analyzer Summary                                                      ;
+--------------------+-------------------------------------------------------------------+
; Quartus II Version ; Version 13.0.1 Build 232 06/12/2013 Service Pack 1 SJ Web Edition ;
; Revision Name      ; bt5                                                               ;
; Device Family      ; Cyclone II                                                        ;
; Device Name        ; EP2C35F672C6                                                      ;
; Timing Models      ; Final                                                             ;
; Delay Model        ; Combined                                                          ;
; Rise/Fall Delays   ; Unavailable                                                       ;
+--------------------+-------------------------------------------------------------------+


Parallel compilation was disabled, but you have multiple processors available. Enable parallel compilation to reduce compilation time.
+-------------------------------------+
; Parallel Compilation                ;
+----------------------------+--------+
; Processors                 ; Number ;
+----------------------------+--------+
; Number detected on machine ; 16     ;
; Maximum allowed            ; 1      ;
+----------------------------+--------+


+--------------------------------------------------------------------------------------------------------------------------------------------------------------------------------------+
; Clocks                                                                                                                                                                               ;
+------------+------+--------+------------+-------+-------+------------+-----------+-------------+-------+--------+-----------+------------+----------+--------+--------+--------------+
; Clock Name ; Type ; Period ; Frequency  ; Rise  ; Fall  ; Duty Cycle ; Divide by ; Multiply by ; Phase ; Offset ; Edge List ; Edge Shift ; Inverted ; Master ; Source ; Targets      ;
+------------+------+--------+------------+-------+-------+------------+-----------+-------------+-------+--------+-----------+------------+----------+--------+--------+--------------+
; clock_1s   ; Base ; 1.000  ; 1000.0 MHz ; 0.000 ; 0.500 ;            ;           ;             ;       ;        ;           ;            ;          ;        ;        ; { clock_1s } ;
; CLOCK_50   ; Base ; 1.000  ; 1000.0 MHz ; 0.000 ; 0.500 ;            ;           ;             ;       ;        ;           ;            ;          ;        ;        ; { CLOCK_50 } ;
+------------+------+--------+------------+-------+-------+------------+-----------+-------------+-------+--------+-----------+------------+----------+--------+--------+--------------+


+-------------------------------------------------+
; Slow Model Fmax Summary                         ;
+-----------+-----------------+------------+------+
; Fmax      ; Restricted Fmax ; Clock Name ; Note ;
+-----------+-----------------+------------+------+
; 258.8 MHz ; 258.8 MHz       ; CLOCK_50   ;      ;
; 339.1 MHz ; 339.1 MHz       ; clock_1s   ;      ;
+-----------+-----------------+------------+------+
This panel reports FMAX for every clock in the design, regardless of the user-specified clock periods.  FMAX is only computed for paths where the source and destination registers or ports are driven by the same clock.  Paths of different clocks, including generated clocks, are ignored.  For paths between a clock and its inversion, FMAX is computed as if the rising and falling edges are scaled along with FMAX, such that the duty cycle (in terms of a percentage) is maintained. Altera recommends that you always use clock constraints and other slack reports for sign-off analysis.


+-----------------------------------+
; Slow Model Setup Summary          ;
+----------+--------+---------------+
; Clock    ; Slack  ; End Point TNS ;
+----------+--------+---------------+
; CLOCK_50 ; -2.864 ; -65.507       ;
; clock_1s ; -1.949 ; -34.966       ;
+----------+--------+---------------+


+-----------------------------------+
; Slow Model Hold Summary           ;
+----------+--------+---------------+
; Clock    ; Slack  ; End Point TNS ;
+----------+--------+---------------+
; CLOCK_50 ; -2.529 ; -2.529        ;
; clock_1s ; 0.391  ; 0.000         ;
+----------+--------+---------------+


-------------------------------
; Slow Model Recovery Summary ;
-------------------------------
No paths to report.


------------------------------
; Slow Model Removal Summary ;
------------------------------
No paths to report.


+----------------------------------------+
; Slow Model Minimum Pulse Width Summary ;
+----------+--------+--------------------+
; Clock    ; Slack  ; End Point TNS      ;
+----------+--------+--------------------+
; CLOCK_50 ; -1.380 ; -34.380            ;
; clock_1s ; -0.500 ; -24.000            ;
+----------+--------+--------------------+


+-----------------------------------------------------------------------------------------------------+
; Slow Model Setup: 'CLOCK_50'                                                                        ;
+--------+-----------+----------+--------------+-------------+--------------+------------+------------+
; Slack  ; From Node ; To Node  ; Launch Clock ; Latch Clock ; Relationship ; Clock Skew ; Data Delay ;
+--------+-----------+----------+--------------+-------------+--------------+------------+------------+
; -2.864 ; q[0]      ; q[24]    ; CLOCK_50     ; CLOCK_50    ; 1.000        ; 0.008      ; 3.908      ;
; -2.838 ; q[4]      ; q[12]    ; CLOCK_50     ; CLOCK_50    ; 1.000        ; 0.001      ; 3.875      ;
; -2.835 ; q[4]      ; q[14]    ; CLOCK_50     ; CLOCK_50    ; 1.000        ; 0.001      ; 3.872      ;
; -2.835 ; q[4]      ; clock_1s ; CLOCK_50     ; CLOCK_50    ; 1.000        ; 0.001      ; 3.872      ;
; -2.834 ; q[4]      ; q[11]    ; CLOCK_50     ; CLOCK_50    ; 1.000        ; 0.001      ; 3.871      ;
; -2.834 ; q[4]      ; q[13]    ; CLOCK_50     ; CLOCK_50    ; 1.000        ; 0.001      ; 3.871      ;
; -2.834 ; q[4]      ; q[6]     ; CLOCK_50     ; CLOCK_50    ; 1.000        ; 0.001      ; 3.871      ;
; -2.798 ; q[1]      ; q[24]    ; CLOCK_50     ; CLOCK_50    ; 1.000        ; 0.008      ; 3.842      ;
; -2.782 ; q[0]      ; q[31]    ; CLOCK_50     ; CLOCK_50    ; 1.000        ; 0.007      ; 3.825      ;
; -2.733 ; q[2]      ; q[24]    ; CLOCK_50     ; CLOCK_50    ; 1.000        ; 0.008      ; 3.777      ;
; -2.716 ; q[1]      ; q[31]    ; CLOCK_50     ; CLOCK_50    ; 1.000        ; 0.007      ; 3.759      ;
; -2.711 ; q[0]      ; q[30]    ; CLOCK_50     ; CLOCK_50    ; 1.000        ; 0.007      ; 3.754      ;
; -2.697 ; q[7]      ; q[12]    ; CLOCK_50     ; CLOCK_50    ; 1.000        ; 0.001      ; 3.734      ;
; -2.694 ; q[3]      ; q[24]    ; CLOCK_50     ; CLOCK_50    ; 1.000        ; 0.008      ; 3.738      ;
; -2.694 ; q[7]      ; q[14]    ; CLOCK_50     ; CLOCK_50    ; 1.000        ; 0.001      ; 3.731      ;
; -2.694 ; q[7]      ; clock_1s ; CLOCK_50     ; CLOCK_50    ; 1.000        ; 0.001      ; 3.731      ;
; -2.693 ; q[7]      ; q[11]    ; CLOCK_50     ; CLOCK_50    ; 1.000        ; 0.001      ; 3.730      ;
; -2.693 ; q[7]      ; q[13]    ; CLOCK_50     ; CLOCK_50    ; 1.000        ; 0.001      ; 3.730      ;
; -2.693 ; q[7]      ; q[6]     ; CLOCK_50     ; CLOCK_50    ; 1.000        ; 0.001      ; 3.730      ;
; -2.651 ; q[2]      ; q[31]    ; CLOCK_50     ; CLOCK_50    ; 1.000        ; 0.007      ; 3.694      ;
; -2.645 ; q[1]      ; q[30]    ; CLOCK_50     ; CLOCK_50    ; 1.000        ; 0.007      ; 3.688      ;
; -2.640 ; q[0]      ; q[29]    ; CLOCK_50     ; CLOCK_50    ; 1.000        ; 0.007      ; 3.683      ;
; -2.636 ; q[0]      ; q[22]    ; CLOCK_50     ; CLOCK_50    ; 1.000        ; 0.008      ; 3.680      ;
; -2.632 ; q[6]      ; q[24]    ; CLOCK_50     ; CLOCK_50    ; 1.000        ; 0.007      ; 3.675      ;
; -2.631 ; q[4]      ; q[24]    ; CLOCK_50     ; CLOCK_50    ; 1.000        ; 0.008      ; 3.675      ;
; -2.631 ; q[4]      ; q[22]    ; CLOCK_50     ; CLOCK_50    ; 1.000        ; 0.008      ; 3.675      ;
; -2.629 ; q[4]      ; q[16]    ; CLOCK_50     ; CLOCK_50    ; 1.000        ; 0.008      ; 3.673      ;
; -2.627 ; q[8]      ; q[12]    ; CLOCK_50     ; CLOCK_50    ; 1.000        ; 0.001      ; 3.664      ;
; -2.624 ; q[8]      ; q[14]    ; CLOCK_50     ; CLOCK_50    ; 1.000        ; 0.001      ; 3.661      ;
; -2.624 ; q[8]      ; clock_1s ; CLOCK_50     ; CLOCK_50    ; 1.000        ; 0.001      ; 3.661      ;
; -2.623 ; q[8]      ; q[11]    ; CLOCK_50     ; CLOCK_50    ; 1.000        ; 0.001      ; 3.660      ;
; -2.623 ; q[8]      ; q[13]    ; CLOCK_50     ; CLOCK_50    ; 1.000        ; 0.001      ; 3.660      ;
; -2.623 ; q[8]      ; q[6]     ; CLOCK_50     ; CLOCK_50    ; 1.000        ; 0.001      ; 3.660      ;
; -2.622 ; q[4]      ; q[20]    ; CLOCK_50     ; CLOCK_50    ; 1.000        ; 0.008      ; 3.666      ;
; -2.620 ; q[4]      ; q[21]    ; CLOCK_50     ; CLOCK_50    ; 1.000        ; 0.008      ; 3.664      ;
; -2.612 ; q[3]      ; q[31]    ; CLOCK_50     ; CLOCK_50    ; 1.000        ; 0.007      ; 3.655      ;
; -2.584 ; q[0]      ; q[16]    ; CLOCK_50     ; CLOCK_50    ; 1.000        ; 0.008      ; 3.628      ;
; -2.580 ; q[2]      ; q[30]    ; CLOCK_50     ; CLOCK_50    ; 1.000        ; 0.007      ; 3.623      ;
; -2.574 ; q[1]      ; q[29]    ; CLOCK_50     ; CLOCK_50    ; 1.000        ; 0.007      ; 3.617      ;
; -2.570 ; q[1]      ; q[22]    ; CLOCK_50     ; CLOCK_50    ; 1.000        ; 0.008      ; 3.614      ;
; -2.569 ; q[0]      ; q[28]    ; CLOCK_50     ; CLOCK_50    ; 1.000        ; 0.007      ; 3.612      ;
; -2.569 ; q[0]      ; q[21]    ; CLOCK_50     ; CLOCK_50    ; 1.000        ; 0.008      ; 3.613      ;
; -2.552 ; q[5]      ; q[24]    ; CLOCK_50     ; CLOCK_50    ; 1.000        ; 0.008      ; 3.596      ;
; -2.551 ; q[0]      ; q[19]    ; CLOCK_50     ; CLOCK_50    ; 1.000        ; 0.008      ; 3.595      ;
; -2.550 ; q[6]      ; q[31]    ; CLOCK_50     ; CLOCK_50    ; 1.000        ; 0.006      ; 3.592      ;
; -2.541 ; q[3]      ; q[30]    ; CLOCK_50     ; CLOCK_50    ; 1.000        ; 0.007      ; 3.584      ;
; -2.535 ; q[0]      ; q[12]    ; CLOCK_50     ; CLOCK_50    ; 1.000        ; 0.001      ; 3.572      ;
; -2.532 ; q[0]      ; q[14]    ; CLOCK_50     ; CLOCK_50    ; 1.000        ; 0.001      ; 3.569      ;
; -2.532 ; q[0]      ; clock_1s ; CLOCK_50     ; CLOCK_50    ; 1.000        ; 0.001      ; 3.569      ;
; -2.531 ; q[0]      ; q[11]    ; CLOCK_50     ; CLOCK_50    ; 1.000        ; 0.001      ; 3.568      ;
; -2.531 ; q[0]      ; q[13]    ; CLOCK_50     ; CLOCK_50    ; 1.000        ; 0.001      ; 3.568      ;
; -2.531 ; q[0]      ; q[6]     ; CLOCK_50     ; CLOCK_50    ; 1.000        ; 0.001      ; 3.568      ;
; -2.518 ; q[1]      ; q[16]    ; CLOCK_50     ; CLOCK_50    ; 1.000        ; 0.008      ; 3.562      ;
; -2.512 ; q[6]      ; q[12]    ; CLOCK_50     ; CLOCK_50    ; 1.000        ; 0.000      ; 3.548      ;
; -2.509 ; q[6]      ; q[14]    ; CLOCK_50     ; CLOCK_50    ; 1.000        ; 0.000      ; 3.545      ;
; -2.509 ; q[6]      ; clock_1s ; CLOCK_50     ; CLOCK_50    ; 1.000        ; 0.000      ; 3.545      ;
; -2.509 ; q[4]      ; q[31]    ; CLOCK_50     ; CLOCK_50    ; 1.000        ; 0.007      ; 3.552      ;
; -2.509 ; q[2]      ; q[29]    ; CLOCK_50     ; CLOCK_50    ; 1.000        ; 0.007      ; 3.552      ;
; -2.508 ; q[6]      ; q[11]    ; CLOCK_50     ; CLOCK_50    ; 1.000        ; 0.000      ; 3.544      ;
; -2.508 ; q[6]      ; q[13]    ; CLOCK_50     ; CLOCK_50    ; 1.000        ; 0.000      ; 3.544      ;
; -2.508 ; q[6]      ; q[6]     ; CLOCK_50     ; CLOCK_50    ; 1.000        ; 0.000      ; 3.544      ;
; -2.505 ; q[2]      ; q[22]    ; CLOCK_50     ; CLOCK_50    ; 1.000        ; 0.008      ; 3.549      ;
; -2.503 ; q[1]      ; q[28]    ; CLOCK_50     ; CLOCK_50    ; 1.000        ; 0.007      ; 3.546      ;
; -2.503 ; q[1]      ; q[21]    ; CLOCK_50     ; CLOCK_50    ; 1.000        ; 0.008      ; 3.547      ;
; -2.503 ; q[2]      ; q[12]    ; CLOCK_50     ; CLOCK_50    ; 1.000        ; 0.001      ; 3.540      ;
; -2.500 ; q[2]      ; q[14]    ; CLOCK_50     ; CLOCK_50    ; 1.000        ; 0.001      ; 3.537      ;
; -2.500 ; q[2]      ; clock_1s ; CLOCK_50     ; CLOCK_50    ; 1.000        ; 0.001      ; 3.537      ;
; -2.499 ; q[2]      ; q[11]    ; CLOCK_50     ; CLOCK_50    ; 1.000        ; 0.001      ; 3.536      ;
; -2.499 ; q[2]      ; q[13]    ; CLOCK_50     ; CLOCK_50    ; 1.000        ; 0.001      ; 3.536      ;
; -2.499 ; q[2]      ; q[6]     ; CLOCK_50     ; CLOCK_50    ; 1.000        ; 0.001      ; 3.536      ;
; -2.498 ; q[0]      ; q[27]    ; CLOCK_50     ; CLOCK_50    ; 1.000        ; 0.007      ; 3.541      ;
; -2.495 ; q[0]      ; q[20]    ; CLOCK_50     ; CLOCK_50    ; 1.000        ; 0.008      ; 3.539      ;
; -2.492 ; q[10]     ; q[12]    ; CLOCK_50     ; CLOCK_50    ; 1.000        ; 0.001      ; 3.529      ;
; -2.490 ; q[7]      ; q[24]    ; CLOCK_50     ; CLOCK_50    ; 1.000        ; 0.008      ; 3.534      ;
; -2.490 ; q[7]      ; q[22]    ; CLOCK_50     ; CLOCK_50    ; 1.000        ; 0.008      ; 3.534      ;
; -2.489 ; q[10]     ; q[14]    ; CLOCK_50     ; CLOCK_50    ; 1.000        ; 0.001      ; 3.526      ;
; -2.489 ; q[10]     ; clock_1s ; CLOCK_50     ; CLOCK_50    ; 1.000        ; 0.001      ; 3.526      ;
; -2.488 ; q[7]      ; q[16]    ; CLOCK_50     ; CLOCK_50    ; 1.000        ; 0.008      ; 3.532      ;
; -2.488 ; q[10]     ; q[11]    ; CLOCK_50     ; CLOCK_50    ; 1.000        ; 0.001      ; 3.525      ;
; -2.488 ; q[10]     ; q[13]    ; CLOCK_50     ; CLOCK_50    ; 1.000        ; 0.001      ; 3.525      ;
; -2.488 ; q[10]     ; q[6]     ; CLOCK_50     ; CLOCK_50    ; 1.000        ; 0.001      ; 3.525      ;
; -2.487 ; q[11]     ; q[12]    ; CLOCK_50     ; CLOCK_50    ; 1.000        ; 0.000      ; 3.523      ;
; -2.485 ; q[1]      ; q[19]    ; CLOCK_50     ; CLOCK_50    ; 1.000        ; 0.008      ; 3.529      ;
; -2.484 ; q[11]     ; q[14]    ; CLOCK_50     ; CLOCK_50    ; 1.000        ; 0.000      ; 3.520      ;
; -2.484 ; q[11]     ; clock_1s ; CLOCK_50     ; CLOCK_50    ; 1.000        ; 0.000      ; 3.520      ;
; -2.483 ; q[11]     ; q[11]    ; CLOCK_50     ; CLOCK_50    ; 1.000        ; 0.000      ; 3.519      ;
; -2.483 ; q[11]     ; q[13]    ; CLOCK_50     ; CLOCK_50    ; 1.000        ; 0.000      ; 3.519      ;
; -2.483 ; q[11]     ; q[6]     ; CLOCK_50     ; CLOCK_50    ; 1.000        ; 0.000      ; 3.519      ;
; -2.481 ; q[7]      ; q[20]    ; CLOCK_50     ; CLOCK_50    ; 1.000        ; 0.008      ; 3.525      ;
; -2.479 ; q[6]      ; q[30]    ; CLOCK_50     ; CLOCK_50    ; 1.000        ; 0.006      ; 3.521      ;
; -2.479 ; q[7]      ; q[21]    ; CLOCK_50     ; CLOCK_50    ; 1.000        ; 0.008      ; 3.523      ;
; -2.475 ; q[0]      ; q[18]    ; CLOCK_50     ; CLOCK_50    ; 1.000        ; 0.008      ; 3.519      ;
; -2.471 ; q[5]      ; q[12]    ; CLOCK_50     ; CLOCK_50    ; 1.000        ; 0.001      ; 3.508      ;
; -2.470 ; q[5]      ; q[31]    ; CLOCK_50     ; CLOCK_50    ; 1.000        ; 0.007      ; 3.513      ;
; -2.470 ; q[3]      ; q[29]    ; CLOCK_50     ; CLOCK_50    ; 1.000        ; 0.007      ; 3.513      ;
; -2.469 ; q[15]     ; q[12]    ; CLOCK_50     ; CLOCK_50    ; 1.000        ; 0.001      ; 3.506      ;
; -2.468 ; q[5]      ; q[14]    ; CLOCK_50     ; CLOCK_50    ; 1.000        ; 0.001      ; 3.505      ;
; -2.468 ; q[5]      ; clock_1s ; CLOCK_50     ; CLOCK_50    ; 1.000        ; 0.001      ; 3.505      ;
; -2.467 ; q[5]      ; q[11]    ; CLOCK_50     ; CLOCK_50    ; 1.000        ; 0.001      ; 3.504      ;
; -2.467 ; q[5]      ; q[13]    ; CLOCK_50     ; CLOCK_50    ; 1.000        ; 0.001      ; 3.504      ;
+--------+-----------+----------+--------------+-------------+--------------+------------+------------+


+----------------------------------------------------------------------------------------------------+
; Slow Model Setup: 'clock_1s'                                                                       ;
+--------+-----------+---------+--------------+-------------+--------------+------------+------------+
; Slack  ; From Node ; To Node ; Launch Clock ; Latch Clock ; Relationship ; Clock Skew ; Data Delay ;
+--------+-----------+---------+--------------+-------------+--------------+------------+------------+
; -1.949 ; m1[2]     ; h1[2]   ; clock_1s     ; clock_1s    ; 1.000        ; -0.006     ; 2.979      ;
; -1.946 ; m1[2]     ; h1[3]   ; clock_1s     ; clock_1s    ; 1.000        ; -0.006     ; 2.976      ;
; -1.943 ; m1[2]     ; h1[1]   ; clock_1s     ; clock_1s    ; 1.000        ; -0.006     ; 2.973      ;
; -1.883 ; s0[3]     ; h1[2]   ; clock_1s     ; clock_1s    ; 1.000        ; -0.009     ; 2.910      ;
; -1.880 ; s0[3]     ; h1[3]   ; clock_1s     ; clock_1s    ; 1.000        ; -0.009     ; 2.907      ;
; -1.877 ; s0[3]     ; h1[1]   ; clock_1s     ; clock_1s    ; 1.000        ; -0.009     ; 2.904      ;
; -1.862 ; s0[3]     ; m1[0]   ; clock_1s     ; clock_1s    ; 1.000        ; -0.003     ; 2.895      ;
; -1.862 ; s0[3]     ; m1[2]   ; clock_1s     ; clock_1s    ; 1.000        ; -0.003     ; 2.895      ;
; -1.862 ; s0[3]     ; m1[1]   ; clock_1s     ; clock_1s    ; 1.000        ; -0.003     ; 2.895      ;
; -1.847 ; s0[3]     ; m0[0]   ; clock_1s     ; clock_1s    ; 1.000        ; -0.003     ; 2.880      ;
; -1.847 ; s0[3]     ; m0[3]   ; clock_1s     ; clock_1s    ; 1.000        ; -0.003     ; 2.880      ;
; -1.847 ; s0[3]     ; m0[1]   ; clock_1s     ; clock_1s    ; 1.000        ; -0.003     ; 2.880      ;
; -1.825 ; s1[1]     ; h1[2]   ; clock_1s     ; clock_1s    ; 1.000        ; 0.000      ; 2.861      ;
; -1.822 ; s1[1]     ; h1[3]   ; clock_1s     ; clock_1s    ; 1.000        ; 0.000      ; 2.858      ;
; -1.819 ; s1[1]     ; h1[1]   ; clock_1s     ; clock_1s    ; 1.000        ; 0.000      ; 2.855      ;
; -1.811 ; m0[3]     ; h1[2]   ; clock_1s     ; clock_1s    ; 1.000        ; -0.006     ; 2.841      ;
; -1.808 ; m0[3]     ; h1[3]   ; clock_1s     ; clock_1s    ; 1.000        ; -0.006     ; 2.838      ;
; -1.806 ; m0[1]     ; h1[2]   ; clock_1s     ; clock_1s    ; 1.000        ; -0.006     ; 2.836      ;
; -1.805 ; m0[3]     ; h1[1]   ; clock_1s     ; clock_1s    ; 1.000        ; -0.006     ; 2.835      ;
; -1.803 ; m0[1]     ; h1[3]   ; clock_1s     ; clock_1s    ; 1.000        ; -0.006     ; 2.833      ;
; -1.800 ; m0[1]     ; h1[1]   ; clock_1s     ; clock_1s    ; 1.000        ; -0.006     ; 2.830      ;
; -1.798 ; s0[1]     ; h1[2]   ; clock_1s     ; clock_1s    ; 1.000        ; -0.009     ; 2.825      ;
; -1.795 ; s0[1]     ; h1[3]   ; clock_1s     ; clock_1s    ; 1.000        ; -0.009     ; 2.822      ;
; -1.792 ; s0[1]     ; h1[1]   ; clock_1s     ; clock_1s    ; 1.000        ; -0.009     ; 2.819      ;
; -1.788 ; m1[0]     ; h1[2]   ; clock_1s     ; clock_1s    ; 1.000        ; -0.006     ; 2.818      ;
; -1.785 ; m1[0]     ; h1[3]   ; clock_1s     ; clock_1s    ; 1.000        ; -0.006     ; 2.815      ;
; -1.782 ; m1[0]     ; h1[1]   ; clock_1s     ; clock_1s    ; 1.000        ; -0.006     ; 2.812      ;
; -1.777 ; s0[1]     ; m1[0]   ; clock_1s     ; clock_1s    ; 1.000        ; -0.003     ; 2.810      ;
; -1.777 ; s0[1]     ; m1[2]   ; clock_1s     ; clock_1s    ; 1.000        ; -0.003     ; 2.810      ;
; -1.777 ; s0[1]     ; m1[1]   ; clock_1s     ; clock_1s    ; 1.000        ; -0.003     ; 2.810      ;
; -1.774 ; m1[2]     ; h0[0]   ; clock_1s     ; clock_1s    ; 1.000        ; -0.002     ; 2.808      ;
; -1.774 ; m1[2]     ; h0[2]   ; clock_1s     ; clock_1s    ; 1.000        ; -0.002     ; 2.808      ;
; -1.774 ; m1[2]     ; h0[3]   ; clock_1s     ; clock_1s    ; 1.000        ; -0.002     ; 2.808      ;
; -1.774 ; m1[2]     ; h0[1]   ; clock_1s     ; clock_1s    ; 1.000        ; -0.002     ; 2.808      ;
; -1.762 ; s0[1]     ; m0[0]   ; clock_1s     ; clock_1s    ; 1.000        ; -0.003     ; 2.795      ;
; -1.762 ; s0[1]     ; m0[3]   ; clock_1s     ; clock_1s    ; 1.000        ; -0.003     ; 2.795      ;
; -1.762 ; s0[1]     ; m0[1]   ; clock_1s     ; clock_1s    ; 1.000        ; -0.003     ; 2.795      ;
; -1.755 ; s1[2]     ; h1[2]   ; clock_1s     ; clock_1s    ; 1.000        ; 0.000      ; 2.791      ;
; -1.752 ; s1[2]     ; h1[3]   ; clock_1s     ; clock_1s    ; 1.000        ; 0.000      ; 2.788      ;
; -1.749 ; s1[2]     ; h1[1]   ; clock_1s     ; clock_1s    ; 1.000        ; 0.000      ; 2.785      ;
; -1.708 ; s0[3]     ; h0[0]   ; clock_1s     ; clock_1s    ; 1.000        ; -0.005     ; 2.739      ;
; -1.708 ; s0[3]     ; h0[2]   ; clock_1s     ; clock_1s    ; 1.000        ; -0.005     ; 2.739      ;
; -1.708 ; s0[3]     ; h0[3]   ; clock_1s     ; clock_1s    ; 1.000        ; -0.005     ; 2.739      ;
; -1.708 ; s0[3]     ; h0[1]   ; clock_1s     ; clock_1s    ; 1.000        ; -0.005     ; 2.739      ;
; -1.703 ; s0[0]     ; h1[2]   ; clock_1s     ; clock_1s    ; 1.000        ; -0.009     ; 2.730      ;
; -1.700 ; s0[0]     ; h1[3]   ; clock_1s     ; clock_1s    ; 1.000        ; -0.009     ; 2.727      ;
; -1.697 ; s0[0]     ; h1[1]   ; clock_1s     ; clock_1s    ; 1.000        ; -0.009     ; 2.724      ;
; -1.682 ; s0[0]     ; m1[0]   ; clock_1s     ; clock_1s    ; 1.000        ; -0.003     ; 2.715      ;
; -1.682 ; s0[0]     ; m1[2]   ; clock_1s     ; clock_1s    ; 1.000        ; -0.003     ; 2.715      ;
; -1.682 ; s0[0]     ; m1[1]   ; clock_1s     ; clock_1s    ; 1.000        ; -0.003     ; 2.715      ;
; -1.673 ; m0[0]     ; h1[2]   ; clock_1s     ; clock_1s    ; 1.000        ; -0.006     ; 2.703      ;
; -1.670 ; m1[3]     ; h1[2]   ; clock_1s     ; clock_1s    ; 1.000        ; -0.004     ; 2.702      ;
; -1.670 ; m0[0]     ; h1[3]   ; clock_1s     ; clock_1s    ; 1.000        ; -0.006     ; 2.700      ;
; -1.667 ; m1[3]     ; h1[3]   ; clock_1s     ; clock_1s    ; 1.000        ; -0.004     ; 2.699      ;
; -1.667 ; s0[0]     ; m0[0]   ; clock_1s     ; clock_1s    ; 1.000        ; -0.003     ; 2.700      ;
; -1.667 ; s0[0]     ; m0[3]   ; clock_1s     ; clock_1s    ; 1.000        ; -0.003     ; 2.700      ;
; -1.667 ; s0[0]     ; m0[1]   ; clock_1s     ; clock_1s    ; 1.000        ; -0.003     ; 2.700      ;
; -1.667 ; m0[0]     ; h1[1]   ; clock_1s     ; clock_1s    ; 1.000        ; -0.006     ; 2.697      ;
; -1.665 ; m0[2]     ; h1[2]   ; clock_1s     ; clock_1s    ; 1.000        ; -0.008     ; 2.693      ;
; -1.664 ; m1[3]     ; h1[1]   ; clock_1s     ; clock_1s    ; 1.000        ; -0.004     ; 2.696      ;
; -1.662 ; m0[2]     ; h1[3]   ; clock_1s     ; clock_1s    ; 1.000        ; -0.008     ; 2.690      ;
; -1.659 ; m0[2]     ; h1[1]   ; clock_1s     ; clock_1s    ; 1.000        ; -0.008     ; 2.687      ;
; -1.650 ; s1[1]     ; h0[0]   ; clock_1s     ; clock_1s    ; 1.000        ; 0.004      ; 2.690      ;
; -1.650 ; s1[1]     ; h0[2]   ; clock_1s     ; clock_1s    ; 1.000        ; 0.004      ; 2.690      ;
; -1.650 ; s1[1]     ; h0[3]   ; clock_1s     ; clock_1s    ; 1.000        ; 0.004      ; 2.690      ;
; -1.650 ; s1[1]     ; h0[1]   ; clock_1s     ; clock_1s    ; 1.000        ; 0.004      ; 2.690      ;
; -1.648 ; m1[1]     ; h1[2]   ; clock_1s     ; clock_1s    ; 1.000        ; -0.006     ; 2.678      ;
; -1.645 ; m1[1]     ; h1[3]   ; clock_1s     ; clock_1s    ; 1.000        ; -0.006     ; 2.675      ;
; -1.644 ; s1[3]     ; h1[2]   ; clock_1s     ; clock_1s    ; 1.000        ; -0.004     ; 2.676      ;
; -1.642 ; m1[1]     ; h1[1]   ; clock_1s     ; clock_1s    ; 1.000        ; -0.006     ; 2.672      ;
; -1.641 ; s1[3]     ; h1[3]   ; clock_1s     ; clock_1s    ; 1.000        ; -0.004     ; 2.673      ;
; -1.638 ; s1[3]     ; h1[1]   ; clock_1s     ; clock_1s    ; 1.000        ; -0.004     ; 2.670      ;
; -1.636 ; m0[3]     ; h0[0]   ; clock_1s     ; clock_1s    ; 1.000        ; -0.002     ; 2.670      ;
; -1.636 ; m0[3]     ; h0[2]   ; clock_1s     ; clock_1s    ; 1.000        ; -0.002     ; 2.670      ;
; -1.636 ; m0[3]     ; h0[3]   ; clock_1s     ; clock_1s    ; 1.000        ; -0.002     ; 2.670      ;
; -1.636 ; m0[3]     ; h0[1]   ; clock_1s     ; clock_1s    ; 1.000        ; -0.002     ; 2.670      ;
; -1.631 ; m0[1]     ; h0[0]   ; clock_1s     ; clock_1s    ; 1.000        ; -0.002     ; 2.665      ;
; -1.631 ; m0[1]     ; h0[2]   ; clock_1s     ; clock_1s    ; 1.000        ; -0.002     ; 2.665      ;
; -1.631 ; m0[1]     ; h0[3]   ; clock_1s     ; clock_1s    ; 1.000        ; -0.002     ; 2.665      ;
; -1.631 ; m0[1]     ; h0[1]   ; clock_1s     ; clock_1s    ; 1.000        ; -0.002     ; 2.665      ;
; -1.623 ; s0[1]     ; h0[0]   ; clock_1s     ; clock_1s    ; 1.000        ; -0.005     ; 2.654      ;
; -1.623 ; s0[1]     ; h0[2]   ; clock_1s     ; clock_1s    ; 1.000        ; -0.005     ; 2.654      ;
; -1.623 ; s0[1]     ; h0[3]   ; clock_1s     ; clock_1s    ; 1.000        ; -0.005     ; 2.654      ;
; -1.623 ; s0[1]     ; h0[1]   ; clock_1s     ; clock_1s    ; 1.000        ; -0.005     ; 2.654      ;
; -1.621 ; s0[3]     ; m1[3]   ; clock_1s     ; clock_1s    ; 1.000        ; -0.005     ; 2.652      ;
; -1.620 ; s0[3]     ; m0[2]   ; clock_1s     ; clock_1s    ; 1.000        ; -0.001     ; 2.655      ;
; -1.618 ; h0[0]     ; h1[2]   ; clock_1s     ; clock_1s    ; 1.000        ; -0.004     ; 2.650      ;
; -1.618 ; s1[0]     ; h1[2]   ; clock_1s     ; clock_1s    ; 1.000        ; 0.000      ; 2.654      ;
; -1.615 ; h0[0]     ; h1[3]   ; clock_1s     ; clock_1s    ; 1.000        ; -0.004     ; 2.647      ;
; -1.615 ; s1[0]     ; h1[3]   ; clock_1s     ; clock_1s    ; 1.000        ; 0.000      ; 2.651      ;
; -1.613 ; m1[0]     ; h0[0]   ; clock_1s     ; clock_1s    ; 1.000        ; -0.002     ; 2.647      ;
; -1.613 ; m1[0]     ; h0[2]   ; clock_1s     ; clock_1s    ; 1.000        ; -0.002     ; 2.647      ;
; -1.613 ; m1[0]     ; h0[3]   ; clock_1s     ; clock_1s    ; 1.000        ; -0.002     ; 2.647      ;
; -1.613 ; m1[0]     ; h0[1]   ; clock_1s     ; clock_1s    ; 1.000        ; -0.002     ; 2.647      ;
; -1.612 ; s1[0]     ; h1[1]   ; clock_1s     ; clock_1s    ; 1.000        ; 0.000      ; 2.648      ;
; -1.608 ; h0[0]     ; h1[1]   ; clock_1s     ; clock_1s    ; 1.000        ; -0.004     ; 2.640      ;
; -1.598 ; s1[1]     ; m1[0]   ; clock_1s     ; clock_1s    ; 1.000        ; 0.006      ; 2.640      ;
; -1.598 ; s1[1]     ; m1[2]   ; clock_1s     ; clock_1s    ; 1.000        ; 0.006      ; 2.640      ;
; -1.598 ; s1[1]     ; m1[1]   ; clock_1s     ; clock_1s    ; 1.000        ; 0.006      ; 2.640      ;
; -1.586 ; s1[1]     ; m0[0]   ; clock_1s     ; clock_1s    ; 1.000        ; 0.006      ; 2.628      ;
+--------+-----------+---------+--------------+-------------+--------------+------------+------------+


+-----------------------------------------------------------------------------------------------------+
; Slow Model Hold: 'CLOCK_50'                                                                         ;
+--------+-----------+----------+--------------+-------------+--------------+------------+------------+
; Slack  ; From Node ; To Node  ; Launch Clock ; Latch Clock ; Relationship ; Clock Skew ; Data Delay ;
+--------+-----------+----------+--------------+-------------+--------------+------------+------------+
; -2.529 ; clock_1s  ; clock_1s ; clock_1s     ; CLOCK_50    ; 0.000        ; 2.670      ; 0.657      ;
; -2.029 ; clock_1s  ; clock_1s ; clock_1s     ; CLOCK_50    ; -0.500       ; 2.670      ; 0.657      ;
; 0.531  ; q[31]     ; q[31]    ; CLOCK_50     ; CLOCK_50    ; 0.000        ; 0.000      ; 0.797      ;
; 0.795  ; q[0]      ; q[0]     ; CLOCK_50     ; CLOCK_50    ; 0.000        ; 0.000      ; 1.061      ;
; 0.795  ; q[15]     ; q[15]    ; CLOCK_50     ; CLOCK_50    ; 0.000        ; 0.000      ; 1.061      ;
; 0.795  ; q[23]     ; q[23]    ; CLOCK_50     ; CLOCK_50    ; 0.000        ; 0.000      ; 1.061      ;
; 0.800  ; q[1]      ; q[1]     ; CLOCK_50     ; CLOCK_50    ; 0.000        ; 0.000      ; 1.066      ;
; 0.801  ; q[9]      ; q[9]     ; CLOCK_50     ; CLOCK_50    ; 0.000        ; 0.000      ; 1.067      ;
; 0.805  ; q[17]     ; q[17]    ; CLOCK_50     ; CLOCK_50    ; 0.000        ; 0.000      ; 1.071      ;
; 0.806  ; q[2]      ; q[2]     ; CLOCK_50     ; CLOCK_50    ; 0.000        ; 0.000      ; 1.072      ;
; 0.806  ; q[4]      ; q[4]     ; CLOCK_50     ; CLOCK_50    ; 0.000        ; 0.000      ; 1.072      ;
; 0.806  ; q[7]      ; q[7]     ; CLOCK_50     ; CLOCK_50    ; 0.000        ; 0.000      ; 1.072      ;
; 0.806  ; q[25]     ; q[25]    ; CLOCK_50     ; CLOCK_50    ; 0.000        ; 0.000      ; 1.072      ;
; 0.806  ; q[27]     ; q[27]    ; CLOCK_50     ; CLOCK_50    ; 0.000        ; 0.000      ; 1.072      ;
; 0.806  ; q[29]     ; q[29]    ; CLOCK_50     ; CLOCK_50    ; 0.000        ; 0.000      ; 1.072      ;
; 0.806  ; q[30]     ; q[30]    ; CLOCK_50     ; CLOCK_50    ; 0.000        ; 0.000      ; 1.072      ;
; 0.835  ; q[3]      ; q[3]     ; CLOCK_50     ; CLOCK_50    ; 0.000        ; 0.000      ; 1.101      ;
; 0.835  ; q[5]      ; q[5]     ; CLOCK_50     ; CLOCK_50    ; 0.000        ; 0.000      ; 1.101      ;
; 0.835  ; q[8]      ; q[8]     ; CLOCK_50     ; CLOCK_50    ; 0.000        ; 0.000      ; 1.101      ;
; 0.835  ; q[10]     ; q[10]    ; CLOCK_50     ; CLOCK_50    ; 0.000        ; 0.000      ; 1.101      ;
; 0.835  ; q[26]     ; q[26]    ; CLOCK_50     ; CLOCK_50    ; 0.000        ; 0.000      ; 1.101      ;
; 0.835  ; q[28]     ; q[28]    ; CLOCK_50     ; CLOCK_50    ; 0.000        ; 0.000      ; 1.101      ;
; 1.178  ; q[0]      ; q[1]     ; CLOCK_50     ; CLOCK_50    ; 0.000        ; 0.000      ; 1.444      ;
; 1.183  ; q[1]      ; q[2]     ; CLOCK_50     ; CLOCK_50    ; 0.000        ; 0.000      ; 1.449      ;
; 1.184  ; q[9]      ; q[10]    ; CLOCK_50     ; CLOCK_50    ; 0.000        ; 0.000      ; 1.450      ;
; 1.189  ; q[30]     ; q[31]    ; CLOCK_50     ; CLOCK_50    ; 0.000        ; 0.000      ; 1.455      ;
; 1.189  ; q[29]     ; q[30]    ; CLOCK_50     ; CLOCK_50    ; 0.000        ; 0.000      ; 1.455      ;
; 1.189  ; q[2]      ; q[3]     ; CLOCK_50     ; CLOCK_50    ; 0.000        ; 0.000      ; 1.455      ;
; 1.189  ; q[4]      ; q[5]     ; CLOCK_50     ; CLOCK_50    ; 0.000        ; 0.000      ; 1.455      ;
; 1.189  ; q[25]     ; q[26]    ; CLOCK_50     ; CLOCK_50    ; 0.000        ; 0.000      ; 1.455      ;
; 1.189  ; q[27]     ; q[28]    ; CLOCK_50     ; CLOCK_50    ; 0.000        ; 0.000      ; 1.455      ;
; 1.221  ; q[8]      ; q[9]     ; CLOCK_50     ; CLOCK_50    ; 0.000        ; 0.000      ; 1.487      ;
; 1.221  ; q[3]      ; q[4]     ; CLOCK_50     ; CLOCK_50    ; 0.000        ; 0.000      ; 1.487      ;
; 1.221  ; q[26]     ; q[27]    ; CLOCK_50     ; CLOCK_50    ; 0.000        ; 0.000      ; 1.487      ;
; 1.221  ; q[28]     ; q[29]    ; CLOCK_50     ; CLOCK_50    ; 0.000        ; 0.000      ; 1.487      ;
; 1.249  ; q[0]      ; q[2]     ; CLOCK_50     ; CLOCK_50    ; 0.000        ; 0.000      ; 1.515      ;
; 1.254  ; q[1]      ; q[3]     ; CLOCK_50     ; CLOCK_50    ; 0.000        ; 0.000      ; 1.520      ;
; 1.260  ; q[29]     ; q[31]    ; CLOCK_50     ; CLOCK_50    ; 0.000        ; 0.000      ; 1.526      ;
; 1.260  ; q[2]      ; q[4]     ; CLOCK_50     ; CLOCK_50    ; 0.000        ; 0.000      ; 1.526      ;
; 1.260  ; q[25]     ; q[27]    ; CLOCK_50     ; CLOCK_50    ; 0.000        ; 0.000      ; 1.526      ;
; 1.260  ; q[27]     ; q[29]    ; CLOCK_50     ; CLOCK_50    ; 0.000        ; 0.000      ; 1.526      ;
; 1.281  ; q[7]      ; q[8]     ; CLOCK_50     ; CLOCK_50    ; 0.000        ; 0.000      ; 1.547      ;
; 1.292  ; q[5]      ; q[7]     ; CLOCK_50     ; CLOCK_50    ; 0.000        ; 0.000      ; 1.558      ;
; 1.292  ; q[8]      ; q[10]    ; CLOCK_50     ; CLOCK_50    ; 0.000        ; 0.000      ; 1.558      ;
; 1.292  ; q[28]     ; q[30]    ; CLOCK_50     ; CLOCK_50    ; 0.000        ; 0.000      ; 1.558      ;
; 1.292  ; q[3]      ; q[5]     ; CLOCK_50     ; CLOCK_50    ; 0.000        ; 0.000      ; 1.558      ;
; 1.292  ; q[26]     ; q[28]    ; CLOCK_50     ; CLOCK_50    ; 0.000        ; 0.000      ; 1.558      ;
; 1.320  ; q[0]      ; q[3]     ; CLOCK_50     ; CLOCK_50    ; 0.000        ; 0.000      ; 1.586      ;
; 1.325  ; q[1]      ; q[4]     ; CLOCK_50     ; CLOCK_50    ; 0.000        ; 0.000      ; 1.591      ;
; 1.329  ; q[14]     ; q[15]    ; CLOCK_50     ; CLOCK_50    ; 0.000        ; -0.001     ; 1.594      ;
; 1.331  ; q[4]      ; q[7]     ; CLOCK_50     ; CLOCK_50    ; 0.000        ; 0.000      ; 1.597      ;
; 1.331  ; q[27]     ; q[30]    ; CLOCK_50     ; CLOCK_50    ; 0.000        ; 0.000      ; 1.597      ;
; 1.331  ; q[2]      ; q[5]     ; CLOCK_50     ; CLOCK_50    ; 0.000        ; 0.000      ; 1.597      ;
; 1.331  ; q[25]     ; q[28]    ; CLOCK_50     ; CLOCK_50    ; 0.000        ; 0.000      ; 1.597      ;
; 1.334  ; q[15]     ; q[17]    ; CLOCK_50     ; CLOCK_50    ; 0.000        ; 0.007      ; 1.607      ;
; 1.336  ; q[16]     ; q[17]    ; CLOCK_50     ; CLOCK_50    ; 0.000        ; -0.001     ; 1.601      ;
; 1.341  ; q[23]     ; q[25]    ; CLOCK_50     ; CLOCK_50    ; 0.000        ; 0.000      ; 1.607      ;
; 1.352  ; q[7]      ; q[9]     ; CLOCK_50     ; CLOCK_50    ; 0.000        ; 0.000      ; 1.618      ;
; 1.363  ; q[28]     ; q[31]    ; CLOCK_50     ; CLOCK_50    ; 0.000        ; 0.000      ; 1.629      ;
; 1.363  ; q[26]     ; q[29]    ; CLOCK_50     ; CLOCK_50    ; 0.000        ; 0.000      ; 1.629      ;
; 1.370  ; q[24]     ; q[25]    ; CLOCK_50     ; CLOCK_50    ; 0.000        ; -0.001     ; 1.635      ;
; 1.372  ; q[6]      ; q[7]     ; CLOCK_50     ; CLOCK_50    ; 0.000        ; -0.001     ; 1.637      ;
; 1.373  ; q[22]     ; q[23]    ; CLOCK_50     ; CLOCK_50    ; 0.000        ; -0.001     ; 1.638      ;
; 1.391  ; q[0]      ; q[4]     ; CLOCK_50     ; CLOCK_50    ; 0.000        ; 0.000      ; 1.657      ;
; 1.396  ; q[1]      ; q[5]     ; CLOCK_50     ; CLOCK_50    ; 0.000        ; 0.000      ; 1.662      ;
; 1.401  ; q[13]     ; q[15]    ; CLOCK_50     ; CLOCK_50    ; 0.000        ; -0.001     ; 1.666      ;
; 1.402  ; q[27]     ; q[31]    ; CLOCK_50     ; CLOCK_50    ; 0.000        ; 0.000      ; 1.668      ;
; 1.402  ; q[25]     ; q[29]    ; CLOCK_50     ; CLOCK_50    ; 0.000        ; 0.000      ; 1.668      ;
; 1.412  ; q[23]     ; q[26]    ; CLOCK_50     ; CLOCK_50    ; 0.000        ; 0.000      ; 1.678      ;
; 1.423  ; q[7]      ; q[10]    ; CLOCK_50     ; CLOCK_50    ; 0.000        ; 0.000      ; 1.689      ;
; 1.434  ; q[3]      ; q[7]     ; CLOCK_50     ; CLOCK_50    ; 0.000        ; 0.000      ; 1.700      ;
; 1.434  ; q[26]     ; q[30]    ; CLOCK_50     ; CLOCK_50    ; 0.000        ; 0.000      ; 1.700      ;
; 1.441  ; q[24]     ; q[26]    ; CLOCK_50     ; CLOCK_50    ; 0.000        ; -0.001     ; 1.706      ;
; 1.451  ; q[5]      ; q[8]     ; CLOCK_50     ; CLOCK_50    ; 0.000        ; 0.000      ; 1.717      ;
; 1.462  ; q[0]      ; q[5]     ; CLOCK_50     ; CLOCK_50    ; 0.000        ; 0.000      ; 1.728      ;
; 1.470  ; q[21]     ; q[23]    ; CLOCK_50     ; CLOCK_50    ; 0.000        ; -0.001     ; 1.735      ;
; 1.473  ; q[2]      ; q[7]     ; CLOCK_50     ; CLOCK_50    ; 0.000        ; 0.000      ; 1.739      ;
; 1.473  ; q[25]     ; q[30]    ; CLOCK_50     ; CLOCK_50    ; 0.000        ; 0.000      ; 1.739      ;
; 1.483  ; q[23]     ; q[27]    ; CLOCK_50     ; CLOCK_50    ; 0.000        ; 0.000      ; 1.749      ;
; 1.490  ; q[4]      ; q[8]     ; CLOCK_50     ; CLOCK_50    ; 0.000        ; 0.000      ; 1.756      ;
; 1.505  ; q[10]     ; q[15]    ; CLOCK_50     ; CLOCK_50    ; 0.000        ; 0.000      ; 1.771      ;
; 1.505  ; q[26]     ; q[31]    ; CLOCK_50     ; CLOCK_50    ; 0.000        ; 0.000      ; 1.771      ;
; 1.511  ; q[20]     ; q[23]    ; CLOCK_50     ; CLOCK_50    ; 0.000        ; -0.001     ; 1.776      ;
; 1.512  ; q[24]     ; q[27]    ; CLOCK_50     ; CLOCK_50    ; 0.000        ; -0.001     ; 1.777      ;
; 1.522  ; q[5]      ; q[9]     ; CLOCK_50     ; CLOCK_50    ; 0.000        ; 0.000      ; 1.788      ;
; 1.531  ; q[6]      ; q[8]     ; CLOCK_50     ; CLOCK_50    ; 0.000        ; -0.001     ; 1.796      ;
; 1.538  ; q[1]      ; q[7]     ; CLOCK_50     ; CLOCK_50    ; 0.000        ; 0.000      ; 1.804      ;
; 1.539  ; q[14]     ; q[17]    ; CLOCK_50     ; CLOCK_50    ; 0.000        ; 0.006      ; 1.811      ;
; 1.539  ; q[9]      ; q[15]    ; CLOCK_50     ; CLOCK_50    ; 0.000        ; 0.000      ; 1.805      ;
; 1.542  ; q[19]     ; q[23]    ; CLOCK_50     ; CLOCK_50    ; 0.000        ; -0.001     ; 1.807      ;
; 1.543  ; q[12]     ; q[15]    ; CLOCK_50     ; CLOCK_50    ; 0.000        ; -0.001     ; 1.808      ;
; 1.543  ; q[17]     ; q[23]    ; CLOCK_50     ; CLOCK_50    ; 0.000        ; 0.000      ; 1.809      ;
; 1.544  ; q[25]     ; q[31]    ; CLOCK_50     ; CLOCK_50    ; 0.000        ; 0.000      ; 1.810      ;
; 1.554  ; q[23]     ; q[28]    ; CLOCK_50     ; CLOCK_50    ; 0.000        ; 0.000      ; 1.820      ;
; 1.561  ; q[4]      ; q[9]     ; CLOCK_50     ; CLOCK_50    ; 0.000        ; 0.000      ; 1.827      ;
; 1.566  ; q[24]     ; q[24]    ; CLOCK_50     ; CLOCK_50    ; 0.000        ; 0.000      ; 1.832      ;
; 1.568  ; q[20]     ; q[20]    ; CLOCK_50     ; CLOCK_50    ; 0.000        ; 0.000      ; 1.834      ;
; 1.571  ; q[22]     ; q[22]    ; CLOCK_50     ; CLOCK_50    ; 0.000        ; 0.000      ; 1.837      ;
; 1.582  ; q[11]     ; q[15]    ; CLOCK_50     ; CLOCK_50    ; 0.000        ; -0.001     ; 1.847      ;
; 1.583  ; q[24]     ; q[28]    ; CLOCK_50     ; CLOCK_50    ; 0.000        ; -0.001     ; 1.848      ;
+--------+-----------+----------+--------------+-------------+--------------+------------+------------+


+---------------------------------------------------------------------------------------------------+
; Slow Model Hold: 'clock_1s'                                                                       ;
+-------+-----------+---------+--------------+-------------+--------------+------------+------------+
; Slack ; From Node ; To Node ; Launch Clock ; Latch Clock ; Relationship ; Clock Skew ; Data Delay ;
+-------+-----------+---------+--------------+-------------+--------------+------------+------------+
; 0.391 ; s0[0]     ; s0[0]   ; clock_1s     ; clock_1s    ; 0.000        ; 0.000      ; 0.657      ;
; 0.391 ; s0[2]     ; s0[2]   ; clock_1s     ; clock_1s    ; 0.000        ; 0.000      ; 0.657      ;
; 0.391 ; s0[3]     ; s0[3]   ; clock_1s     ; clock_1s    ; 0.000        ; 0.000      ; 0.657      ;
; 0.391 ; s0[1]     ; s0[1]   ; clock_1s     ; clock_1s    ; 0.000        ; 0.000      ; 0.657      ;
; 0.391 ; s1[0]     ; s1[0]   ; clock_1s     ; clock_1s    ; 0.000        ; 0.000      ; 0.657      ;
; 0.391 ; s1[3]     ; s1[3]   ; clock_1s     ; clock_1s    ; 0.000        ; 0.000      ; 0.657      ;
; 0.391 ; s1[2]     ; s1[2]   ; clock_1s     ; clock_1s    ; 0.000        ; 0.000      ; 0.657      ;
; 0.391 ; s1[1]     ; s1[1]   ; clock_1s     ; clock_1s    ; 0.000        ; 0.000      ; 0.657      ;
; 0.391 ; m0[0]     ; m0[0]   ; clock_1s     ; clock_1s    ; 0.000        ; 0.000      ; 0.657      ;
; 0.391 ; m0[2]     ; m0[2]   ; clock_1s     ; clock_1s    ; 0.000        ; 0.000      ; 0.657      ;
; 0.391 ; m0[3]     ; m0[3]   ; clock_1s     ; clock_1s    ; 0.000        ; 0.000      ; 0.657      ;
; 0.391 ; m0[1]     ; m0[1]   ; clock_1s     ; clock_1s    ; 0.000        ; 0.000      ; 0.657      ;
; 0.391 ; m1[0]     ; m1[0]   ; clock_1s     ; clock_1s    ; 0.000        ; 0.000      ; 0.657      ;
; 0.391 ; m1[2]     ; m1[2]   ; clock_1s     ; clock_1s    ; 0.000        ; 0.000      ; 0.657      ;
; 0.391 ; m1[3]     ; m1[3]   ; clock_1s     ; clock_1s    ; 0.000        ; 0.000      ; 0.657      ;
; 0.391 ; h0[0]     ; h0[0]   ; clock_1s     ; clock_1s    ; 0.000        ; 0.000      ; 0.657      ;
; 0.391 ; h0[2]     ; h0[2]   ; clock_1s     ; clock_1s    ; 0.000        ; 0.000      ; 0.657      ;
; 0.391 ; h0[3]     ; h0[3]   ; clock_1s     ; clock_1s    ; 0.000        ; 0.000      ; 0.657      ;
; 0.391 ; h1[0]     ; h1[0]   ; clock_1s     ; clock_1s    ; 0.000        ; 0.000      ; 0.657      ;
; 0.391 ; h1[1]     ; h1[1]   ; clock_1s     ; clock_1s    ; 0.000        ; 0.000      ; 0.657      ;
; 0.391 ; h1[2]     ; h1[2]   ; clock_1s     ; clock_1s    ; 0.000        ; 0.000      ; 0.657      ;
; 0.391 ; h1[3]     ; h1[3]   ; clock_1s     ; clock_1s    ; 0.000        ; 0.000      ; 0.657      ;
; 0.391 ; h0[1]     ; h0[1]   ; clock_1s     ; clock_1s    ; 0.000        ; 0.000      ; 0.657      ;
; 0.524 ; s1[2]     ; s1[1]   ; clock_1s     ; clock_1s    ; 0.000        ; 0.000      ; 0.790      ;
; 0.527 ; m1[1]     ; m1[2]   ; clock_1s     ; clock_1s    ; 0.000        ; 0.000      ; 0.793      ;
; 0.562 ; m0[1]     ; m0[3]   ; clock_1s     ; clock_1s    ; 0.000        ; 0.000      ; 0.828      ;
; 0.747 ; s1[3]     ; s1[2]   ; clock_1s     ; clock_1s    ; 0.000        ; -0.004     ; 1.009      ;
; 0.752 ; s0[0]     ; s0[1]   ; clock_1s     ; clock_1s    ; 0.000        ; 0.000      ; 1.018      ;
; 0.754 ; s0[0]     ; s0[3]   ; clock_1s     ; clock_1s    ; 0.000        ; 0.000      ; 1.020      ;
; 0.755 ; s0[0]     ; s0[2]   ; clock_1s     ; clock_1s    ; 0.000        ; 0.000      ; 1.021      ;
; 0.809 ; s0[2]     ; s0[1]   ; clock_1s     ; clock_1s    ; 0.000        ; 0.000      ; 1.075      ;
; 0.811 ; s1[1]     ; s1[2]   ; clock_1s     ; clock_1s    ; 0.000        ; 0.000      ; 1.077      ;
; 0.827 ; h0[1]     ; h0[2]   ; clock_1s     ; clock_1s    ; 0.000        ; 0.000      ; 1.093      ;
; 0.828 ; h1[0]     ; h1[1]   ; clock_1s     ; clock_1s    ; 0.000        ; 0.000      ; 1.094      ;
; 0.830 ; m1[0]     ; m1[2]   ; clock_1s     ; clock_1s    ; 0.000        ; 0.000      ; 1.096      ;
; 0.830 ; h1[2]     ; h1[3]   ; clock_1s     ; clock_1s    ; 0.000        ; 0.000      ; 1.096      ;
; 0.830 ; h0[0]     ; h0[1]   ; clock_1s     ; clock_1s    ; 0.000        ; 0.000      ; 1.096      ;
; 0.836 ; m0[3]     ; m0[1]   ; clock_1s     ; clock_1s    ; 0.000        ; 0.000      ; 1.102      ;
; 0.839 ; s0[3]     ; s0[1]   ; clock_1s     ; clock_1s    ; 0.000        ; 0.000      ; 1.105      ;
; 0.849 ; h0[2]     ; h0[3]   ; clock_1s     ; clock_1s    ; 0.000        ; 0.000      ; 1.115      ;
; 0.852 ; s1[0]     ; s1[2]   ; clock_1s     ; clock_1s    ; 0.000        ; 0.000      ; 1.118      ;
; 0.852 ; s1[0]     ; s1[1]   ; clock_1s     ; clock_1s    ; 0.000        ; 0.000      ; 1.118      ;
; 0.874 ; m0[0]     ; m0[1]   ; clock_1s     ; clock_1s    ; 0.000        ; 0.000      ; 1.140      ;
; 1.002 ; h0[0]     ; h0[2]   ; clock_1s     ; clock_1s    ; 0.000        ; 0.000      ; 1.268      ;
; 1.010 ; m0[2]     ; m0[1]   ; clock_1s     ; clock_1s    ; 0.000        ; -0.002     ; 1.274      ;
; 1.017 ; s1[3]     ; s1[1]   ; clock_1s     ; clock_1s    ; 0.000        ; -0.004     ; 1.279      ;
; 1.027 ; s0[2]     ; s0[3]   ; clock_1s     ; clock_1s    ; 0.000        ; 0.000      ; 1.293      ;
; 1.054 ; m1[3]     ; m1[2]   ; clock_1s     ; clock_1s    ; 0.000        ; 0.002      ; 1.322      ;
; 1.061 ; m0[0]     ; m0[2]   ; clock_1s     ; clock_1s    ; 0.000        ; 0.002      ; 1.329      ;
; 1.135 ; s1[0]     ; s1[3]   ; clock_1s     ; clock_1s    ; 0.000        ; 0.004      ; 1.405      ;
; 1.203 ; s1[1]     ; s1[3]   ; clock_1s     ; clock_1s    ; 0.000        ; 0.004      ; 1.473      ;
; 1.206 ; h1[0]     ; h1[3]   ; clock_1s     ; clock_1s    ; 0.000        ; 0.000      ; 1.472      ;
; 1.209 ; h1[0]     ; h1[2]   ; clock_1s     ; clock_1s    ; 0.000        ; 0.000      ; 1.475      ;
; 1.214 ; m0[0]     ; m0[3]   ; clock_1s     ; clock_1s    ; 0.000        ; 0.000      ; 1.480      ;
; 1.225 ; h1[1]     ; h1[3]   ; clock_1s     ; clock_1s    ; 0.000        ; 0.000      ; 1.491      ;
; 1.228 ; h1[1]     ; h1[2]   ; clock_1s     ; clock_1s    ; 0.000        ; 0.000      ; 1.494      ;
; 1.233 ; s0[1]     ; s0[3]   ; clock_1s     ; clock_1s    ; 0.000        ; 0.000      ; 1.499      ;
; 1.234 ; s0[1]     ; s0[2]   ; clock_1s     ; clock_1s    ; 0.000        ; 0.000      ; 1.500      ;
; 1.261 ; m0[1]     ; m0[2]   ; clock_1s     ; clock_1s    ; 0.000        ; 0.002      ; 1.529      ;
; 1.270 ; m1[3]     ; m1[1]   ; clock_1s     ; clock_1s    ; 0.000        ; 0.002      ; 1.538      ;
; 1.315 ; m0[2]     ; m0[3]   ; clock_1s     ; clock_1s    ; 0.000        ; -0.002     ; 1.579      ;
; 1.364 ; h0[1]     ; h0[3]   ; clock_1s     ; clock_1s    ; 0.000        ; 0.000      ; 1.630      ;
; 1.408 ; s1[2]     ; s1[3]   ; clock_1s     ; clock_1s    ; 0.000        ; 0.004      ; 1.678      ;
; 1.504 ; h0[0]     ; h0[3]   ; clock_1s     ; clock_1s    ; 0.000        ; 0.000      ; 1.770      ;
; 1.571 ; h1[2]     ; h0[3]   ; clock_1s     ; clock_1s    ; 0.000        ; 0.004      ; 1.841      ;
; 1.572 ; h1[2]     ; h0[2]   ; clock_1s     ; clock_1s    ; 0.000        ; 0.004      ; 1.842      ;
; 1.572 ; h1[2]     ; h0[1]   ; clock_1s     ; clock_1s    ; 0.000        ; 0.004      ; 1.842      ;
; 1.582 ; m0[2]     ; m1[3]   ; clock_1s     ; clock_1s    ; 0.000        ; -0.004     ; 1.844      ;
; 1.590 ; m0[0]     ; m1[3]   ; clock_1s     ; clock_1s    ; 0.000        ; -0.002     ; 1.854      ;
; 1.600 ; m1[0]     ; m1[3]   ; clock_1s     ; clock_1s    ; 0.000        ; -0.002     ; 1.864      ;
; 1.611 ; h0[3]     ; h0[2]   ; clock_1s     ; clock_1s    ; 0.000        ; 0.000      ; 1.877      ;
; 1.611 ; h0[3]     ; h0[1]   ; clock_1s     ; clock_1s    ; 0.000        ; 0.000      ; 1.877      ;
; 1.619 ; m1[0]     ; m1[1]   ; clock_1s     ; clock_1s    ; 0.000        ; 0.000      ; 1.885      ;
; 1.646 ; s0[2]     ; s1[3]   ; clock_1s     ; clock_1s    ; 0.000        ; -0.005     ; 1.907      ;
; 1.663 ; h1[2]     ; h1[0]   ; clock_1s     ; clock_1s    ; 0.000        ; 0.000      ; 1.929      ;
; 1.682 ; h0[3]     ; h1[0]   ; clock_1s     ; clock_1s    ; 0.000        ; -0.004     ; 1.944      ;
; 1.682 ; h0[3]     ; h1[1]   ; clock_1s     ; clock_1s    ; 0.000        ; -0.004     ; 1.944      ;
; 1.687 ; h1[2]     ; h1[1]   ; clock_1s     ; clock_1s    ; 0.000        ; 0.000      ; 1.953      ;
; 1.690 ; h1[1]     ; h0[3]   ; clock_1s     ; clock_1s    ; 0.000        ; 0.004      ; 1.960      ;
; 1.691 ; h1[1]     ; h0[2]   ; clock_1s     ; clock_1s    ; 0.000        ; 0.004      ; 1.961      ;
; 1.691 ; h1[1]     ; h0[1]   ; clock_1s     ; clock_1s    ; 0.000        ; 0.004      ; 1.961      ;
; 1.714 ; h0[1]     ; h1[0]   ; clock_1s     ; clock_1s    ; 0.000        ; -0.004     ; 1.976      ;
; 1.723 ; m0[1]     ; m1[3]   ; clock_1s     ; clock_1s    ; 0.000        ; -0.002     ; 1.987      ;
; 1.728 ; m0[3]     ; m1[3]   ; clock_1s     ; clock_1s    ; 0.000        ; -0.002     ; 1.992      ;
; 1.737 ; m1[1]     ; m1[3]   ; clock_1s     ; clock_1s    ; 0.000        ; -0.002     ; 2.001      ;
; 1.738 ; h0[1]     ; h1[1]   ; clock_1s     ; clock_1s    ; 0.000        ; -0.004     ; 2.000      ;
; 1.753 ; m1[1]     ; m1[1]   ; clock_1s     ; clock_1s    ; 0.000        ; 0.000      ; 2.019      ;
; 1.766 ; m1[2]     ; m1[3]   ; clock_1s     ; clock_1s    ; 0.000        ; -0.002     ; 2.030      ;
; 1.769 ; s0[0]     ; s1[3]   ; clock_1s     ; clock_1s    ; 0.000        ; -0.005     ; 2.030      ;
; 1.779 ; m1[2]     ; m1[1]   ; clock_1s     ; clock_1s    ; 0.000        ; 0.000      ; 2.045      ;
; 1.782 ; s0[2]     ; s1[0]   ; clock_1s     ; clock_1s    ; 0.000        ; -0.009     ; 2.039      ;
; 1.782 ; s0[2]     ; s1[2]   ; clock_1s     ; clock_1s    ; 0.000        ; -0.009     ; 2.039      ;
; 1.782 ; s0[2]     ; s1[1]   ; clock_1s     ; clock_1s    ; 0.000        ; -0.009     ; 2.039      ;
; 1.782 ; h1[1]     ; h1[0]   ; clock_1s     ; clock_1s    ; 0.000        ; 0.000      ; 2.048      ;
; 1.796 ; h1[0]     ; h0[3]   ; clock_1s     ; clock_1s    ; 0.000        ; 0.004      ; 2.066      ;
; 1.797 ; h1[0]     ; h0[2]   ; clock_1s     ; clock_1s    ; 0.000        ; 0.004      ; 2.067      ;
; 1.797 ; h1[0]     ; h0[1]   ; clock_1s     ; clock_1s    ; 0.000        ; 0.004      ; 2.067      ;
; 1.821 ; h1[3]     ; h0[3]   ; clock_1s     ; clock_1s    ; 0.000        ; 0.004      ; 2.091      ;
; 1.822 ; h1[3]     ; h0[2]   ; clock_1s     ; clock_1s    ; 0.000        ; 0.004      ; 2.092      ;
; 1.822 ; h1[3]     ; h0[1]   ; clock_1s     ; clock_1s    ; 0.000        ; 0.004      ; 2.092      ;
+-------+-----------+---------+--------------+-------------+--------------+------------+------------+


+---------------------------------------------------------------------------------------------------------------+
; Slow Model Minimum Pulse Width: 'CLOCK_50'                                                                    ;
+--------+--------------+----------------+------------------+----------+------------+---------------------------+
; Slack  ; Actual Width ; Required Width ; Type             ; Clock    ; Clock Edge ; Target                    ;
+--------+--------------+----------------+------------------+----------+------------+---------------------------+
; -1.380 ; 1.000        ; 2.380          ; Port Rate        ; CLOCK_50 ; Rise       ; CLOCK_50                  ;
; -0.500 ; 0.500        ; 1.000          ; High Pulse Width ; CLOCK_50 ; Rise       ; clock_1s                  ;
; -0.500 ; 0.500        ; 1.000          ; Low Pulse Width  ; CLOCK_50 ; Rise       ; clock_1s                  ;
; -0.500 ; 0.500        ; 1.000          ; High Pulse Width ; CLOCK_50 ; Rise       ; q[0]                      ;
; -0.500 ; 0.500        ; 1.000          ; Low Pulse Width  ; CLOCK_50 ; Rise       ; q[0]                      ;
; -0.500 ; 0.500        ; 1.000          ; High Pulse Width ; CLOCK_50 ; Rise       ; q[10]                     ;
; -0.500 ; 0.500        ; 1.000          ; Low Pulse Width  ; CLOCK_50 ; Rise       ; q[10]                     ;
; -0.500 ; 0.500        ; 1.000          ; High Pulse Width ; CLOCK_50 ; Rise       ; q[11]                     ;
; -0.500 ; 0.500        ; 1.000          ; Low Pulse Width  ; CLOCK_50 ; Rise       ; q[11]                     ;
; -0.500 ; 0.500        ; 1.000          ; High Pulse Width ; CLOCK_50 ; Rise       ; q[12]                     ;
; -0.500 ; 0.500        ; 1.000          ; Low Pulse Width  ; CLOCK_50 ; Rise       ; q[12]                     ;
; -0.500 ; 0.500        ; 1.000          ; High Pulse Width ; CLOCK_50 ; Rise       ; q[13]                     ;
; -0.500 ; 0.500        ; 1.000          ; Low Pulse Width  ; CLOCK_50 ; Rise       ; q[13]                     ;
; -0.500 ; 0.500        ; 1.000          ; High Pulse Width ; CLOCK_50 ; Rise       ; q[14]                     ;
; -0.500 ; 0.500        ; 1.000          ; Low Pulse Width  ; CLOCK_50 ; Rise       ; q[14]                     ;
; -0.500 ; 0.500        ; 1.000          ; High Pulse Width ; CLOCK_50 ; Rise       ; q[15]                     ;
; -0.500 ; 0.500        ; 1.000          ; Low Pulse Width  ; CLOCK_50 ; Rise       ; q[15]                     ;
; -0.500 ; 0.500        ; 1.000          ; High Pulse Width ; CLOCK_50 ; Rise       ; q[16]                     ;
; -0.500 ; 0.500        ; 1.000          ; Low Pulse Width  ; CLOCK_50 ; Rise       ; q[16]                     ;
; -0.500 ; 0.500        ; 1.000          ; High Pulse Width ; CLOCK_50 ; Rise       ; q[17]                     ;
; -0.500 ; 0.500        ; 1.000          ; Low Pulse Width  ; CLOCK_50 ; Rise       ; q[17]                     ;
; -0.500 ; 0.500        ; 1.000          ; High Pulse Width ; CLOCK_50 ; Rise       ; q[18]                     ;
; -0.500 ; 0.500        ; 1.000          ; Low Pulse Width  ; CLOCK_50 ; Rise       ; q[18]                     ;
; -0.500 ; 0.500        ; 1.000          ; High Pulse Width ; CLOCK_50 ; Rise       ; q[19]                     ;
; -0.500 ; 0.500        ; 1.000          ; Low Pulse Width  ; CLOCK_50 ; Rise       ; q[19]                     ;
; -0.500 ; 0.500        ; 1.000          ; High Pulse Width ; CLOCK_50 ; Rise       ; q[1]                      ;
; -0.500 ; 0.500        ; 1.000          ; Low Pulse Width  ; CLOCK_50 ; Rise       ; q[1]                      ;
; -0.500 ; 0.500        ; 1.000          ; High Pulse Width ; CLOCK_50 ; Rise       ; q[20]                     ;
; -0.500 ; 0.500        ; 1.000          ; Low Pulse Width  ; CLOCK_50 ; Rise       ; q[20]                     ;
; -0.500 ; 0.500        ; 1.000          ; High Pulse Width ; CLOCK_50 ; Rise       ; q[21]                     ;
; -0.500 ; 0.500        ; 1.000          ; Low Pulse Width  ; CLOCK_50 ; Rise       ; q[21]                     ;
; -0.500 ; 0.500        ; 1.000          ; High Pulse Width ; CLOCK_50 ; Rise       ; q[22]                     ;
; -0.500 ; 0.500        ; 1.000          ; Low Pulse Width  ; CLOCK_50 ; Rise       ; q[22]                     ;
; -0.500 ; 0.500        ; 1.000          ; High Pulse Width ; CLOCK_50 ; Rise       ; q[23]                     ;
; -0.500 ; 0.500        ; 1.000          ; Low Pulse Width  ; CLOCK_50 ; Rise       ; q[23]                     ;
; -0.500 ; 0.500        ; 1.000          ; High Pulse Width ; CLOCK_50 ; Rise       ; q[24]                     ;
; -0.500 ; 0.500        ; 1.000          ; Low Pulse Width  ; CLOCK_50 ; Rise       ; q[24]                     ;
; -0.500 ; 0.500        ; 1.000          ; High Pulse Width ; CLOCK_50 ; Rise       ; q[25]                     ;
; -0.500 ; 0.500        ; 1.000          ; Low Pulse Width  ; CLOCK_50 ; Rise       ; q[25]                     ;
; -0.500 ; 0.500        ; 1.000          ; High Pulse Width ; CLOCK_50 ; Rise       ; q[26]                     ;
; -0.500 ; 0.500        ; 1.000          ; Low Pulse Width  ; CLOCK_50 ; Rise       ; q[26]                     ;
; -0.500 ; 0.500        ; 1.000          ; High Pulse Width ; CLOCK_50 ; Rise       ; q[27]                     ;
; -0.500 ; 0.500        ; 1.000          ; Low Pulse Width  ; CLOCK_50 ; Rise       ; q[27]                     ;
; -0.500 ; 0.500        ; 1.000          ; High Pulse Width ; CLOCK_50 ; Rise       ; q[28]                     ;
; -0.500 ; 0.500        ; 1.000          ; Low Pulse Width  ; CLOCK_50 ; Rise       ; q[28]                     ;
; -0.500 ; 0.500        ; 1.000          ; High Pulse Width ; CLOCK_50 ; Rise       ; q[29]                     ;
; -0.500 ; 0.500        ; 1.000          ; Low Pulse Width  ; CLOCK_50 ; Rise       ; q[29]                     ;
; -0.500 ; 0.500        ; 1.000          ; High Pulse Width ; CLOCK_50 ; Rise       ; q[2]                      ;
; -0.500 ; 0.500        ; 1.000          ; Low Pulse Width  ; CLOCK_50 ; Rise       ; q[2]                      ;
; -0.500 ; 0.500        ; 1.000          ; High Pulse Width ; CLOCK_50 ; Rise       ; q[30]                     ;
; -0.500 ; 0.500        ; 1.000          ; Low Pulse Width  ; CLOCK_50 ; Rise       ; q[30]                     ;
; -0.500 ; 0.500        ; 1.000          ; High Pulse Width ; CLOCK_50 ; Rise       ; q[31]                     ;
; -0.500 ; 0.500        ; 1.000          ; Low Pulse Width  ; CLOCK_50 ; Rise       ; q[31]                     ;
; -0.500 ; 0.500        ; 1.000          ; High Pulse Width ; CLOCK_50 ; Rise       ; q[3]                      ;
; -0.500 ; 0.500        ; 1.000          ; Low Pulse Width  ; CLOCK_50 ; Rise       ; q[3]                      ;
; -0.500 ; 0.500        ; 1.000          ; High Pulse Width ; CLOCK_50 ; Rise       ; q[4]                      ;
; -0.500 ; 0.500        ; 1.000          ; Low Pulse Width  ; CLOCK_50 ; Rise       ; q[4]                      ;
; -0.500 ; 0.500        ; 1.000          ; High Pulse Width ; CLOCK_50 ; Rise       ; q[5]                      ;
; -0.500 ; 0.500        ; 1.000          ; Low Pulse Width  ; CLOCK_50 ; Rise       ; q[5]                      ;
; -0.500 ; 0.500        ; 1.000          ; High Pulse Width ; CLOCK_50 ; Rise       ; q[6]                      ;
; -0.500 ; 0.500        ; 1.000          ; Low Pulse Width  ; CLOCK_50 ; Rise       ; q[6]                      ;
; -0.500 ; 0.500        ; 1.000          ; High Pulse Width ; CLOCK_50 ; Rise       ; q[7]                      ;
; -0.500 ; 0.500        ; 1.000          ; Low Pulse Width  ; CLOCK_50 ; Rise       ; q[7]                      ;
; -0.500 ; 0.500        ; 1.000          ; High Pulse Width ; CLOCK_50 ; Rise       ; q[8]                      ;
; -0.500 ; 0.500        ; 1.000          ; Low Pulse Width  ; CLOCK_50 ; Rise       ; q[8]                      ;
; -0.500 ; 0.500        ; 1.000          ; High Pulse Width ; CLOCK_50 ; Rise       ; q[9]                      ;
; -0.500 ; 0.500        ; 1.000          ; Low Pulse Width  ; CLOCK_50 ; Rise       ; q[9]                      ;
; 0.500  ; 0.500        ; 0.000          ; High Pulse Width ; CLOCK_50 ; Rise       ; CLOCK_50|combout          ;
; 0.500  ; 0.500        ; 0.000          ; Low Pulse Width  ; CLOCK_50 ; Rise       ; CLOCK_50|combout          ;
; 0.500  ; 0.500        ; 0.000          ; High Pulse Width ; CLOCK_50 ; Rise       ; CLOCK_50~clkctrl|inclk[0] ;
; 0.500  ; 0.500        ; 0.000          ; Low Pulse Width  ; CLOCK_50 ; Rise       ; CLOCK_50~clkctrl|inclk[0] ;
; 0.500  ; 0.500        ; 0.000          ; High Pulse Width ; CLOCK_50 ; Rise       ; CLOCK_50~clkctrl|outclk   ;
; 0.500  ; 0.500        ; 0.000          ; Low Pulse Width  ; CLOCK_50 ; Rise       ; CLOCK_50~clkctrl|outclk   ;
; 0.500  ; 0.500        ; 0.000          ; High Pulse Width ; CLOCK_50 ; Rise       ; clock_1s|clk              ;
; 0.500  ; 0.500        ; 0.000          ; Low Pulse Width  ; CLOCK_50 ; Rise       ; clock_1s|clk              ;
; 0.500  ; 0.500        ; 0.000          ; High Pulse Width ; CLOCK_50 ; Rise       ; q[0]|clk                  ;
; 0.500  ; 0.500        ; 0.000          ; Low Pulse Width  ; CLOCK_50 ; Rise       ; q[0]|clk                  ;
; 0.500  ; 0.500        ; 0.000          ; High Pulse Width ; CLOCK_50 ; Rise       ; q[10]|clk                 ;
; 0.500  ; 0.500        ; 0.000          ; Low Pulse Width  ; CLOCK_50 ; Rise       ; q[10]|clk                 ;
; 0.500  ; 0.500        ; 0.000          ; High Pulse Width ; CLOCK_50 ; Rise       ; q[11]|clk                 ;
; 0.500  ; 0.500        ; 0.000          ; Low Pulse Width  ; CLOCK_50 ; Rise       ; q[11]|clk                 ;
; 0.500  ; 0.500        ; 0.000          ; High Pulse Width ; CLOCK_50 ; Rise       ; q[12]|clk                 ;
; 0.500  ; 0.500        ; 0.000          ; Low Pulse Width  ; CLOCK_50 ; Rise       ; q[12]|clk                 ;
; 0.500  ; 0.500        ; 0.000          ; High Pulse Width ; CLOCK_50 ; Rise       ; q[13]|clk                 ;
; 0.500  ; 0.500        ; 0.000          ; Low Pulse Width  ; CLOCK_50 ; Rise       ; q[13]|clk                 ;
; 0.500  ; 0.500        ; 0.000          ; High Pulse Width ; CLOCK_50 ; Rise       ; q[14]|clk                 ;
; 0.500  ; 0.500        ; 0.000          ; Low Pulse Width  ; CLOCK_50 ; Rise       ; q[14]|clk                 ;
; 0.500  ; 0.500        ; 0.000          ; High Pulse Width ; CLOCK_50 ; Rise       ; q[15]|clk                 ;
; 0.500  ; 0.500        ; 0.000          ; Low Pulse Width  ; CLOCK_50 ; Rise       ; q[15]|clk                 ;
; 0.500  ; 0.500        ; 0.000          ; High Pulse Width ; CLOCK_50 ; Rise       ; q[16]|clk                 ;
; 0.500  ; 0.500        ; 0.000          ; Low Pulse Width  ; CLOCK_50 ; Rise       ; q[16]|clk                 ;
; 0.500  ; 0.500        ; 0.000          ; High Pulse Width ; CLOCK_50 ; Rise       ; q[17]|clk                 ;
; 0.500  ; 0.500        ; 0.000          ; Low Pulse Width  ; CLOCK_50 ; Rise       ; q[17]|clk                 ;
; 0.500  ; 0.500        ; 0.000          ; High Pulse Width ; CLOCK_50 ; Rise       ; q[18]|clk                 ;
; 0.500  ; 0.500        ; 0.000          ; Low Pulse Width  ; CLOCK_50 ; Rise       ; q[18]|clk                 ;
; 0.500  ; 0.500        ; 0.000          ; High Pulse Width ; CLOCK_50 ; Rise       ; q[19]|clk                 ;
; 0.500  ; 0.500        ; 0.000          ; Low Pulse Width  ; CLOCK_50 ; Rise       ; q[19]|clk                 ;
; 0.500  ; 0.500        ; 0.000          ; High Pulse Width ; CLOCK_50 ; Rise       ; q[1]|clk                  ;
; 0.500  ; 0.500        ; 0.000          ; Low Pulse Width  ; CLOCK_50 ; Rise       ; q[1]|clk                  ;
; 0.500  ; 0.500        ; 0.000          ; High Pulse Width ; CLOCK_50 ; Rise       ; q[20]|clk                 ;
+--------+--------------+----------------+------------------+----------+------------+---------------------------+


+---------------------------------------------------------------------------------------------------------------+
; Slow Model Minimum Pulse Width: 'clock_1s'                                                                    ;
+--------+--------------+----------------+------------------+----------+------------+---------------------------+
; Slack  ; Actual Width ; Required Width ; Type             ; Clock    ; Clock Edge ; Target                    ;
+--------+--------------+----------------+------------------+----------+------------+---------------------------+
; -0.500 ; 0.500        ; 1.000          ; High Pulse Width ; clock_1s ; Rise       ; h0[0]                     ;
; -0.500 ; 0.500        ; 1.000          ; Low Pulse Width  ; clock_1s ; Rise       ; h0[0]                     ;
; -0.500 ; 0.500        ; 1.000          ; High Pulse Width ; clock_1s ; Rise       ; h0[1]                     ;
; -0.500 ; 0.500        ; 1.000          ; Low Pulse Width  ; clock_1s ; Rise       ; h0[1]                     ;
; -0.500 ; 0.500        ; 1.000          ; High Pulse Width ; clock_1s ; Rise       ; h0[2]                     ;
; -0.500 ; 0.500        ; 1.000          ; Low Pulse Width  ; clock_1s ; Rise       ; h0[2]                     ;
; -0.500 ; 0.500        ; 1.000          ; High Pulse Width ; clock_1s ; Rise       ; h0[3]                     ;
; -0.500 ; 0.500        ; 1.000          ; Low Pulse Width  ; clock_1s ; Rise       ; h0[3]                     ;
; -0.500 ; 0.500        ; 1.000          ; High Pulse Width ; clock_1s ; Rise       ; h1[0]                     ;
; -0.500 ; 0.500        ; 1.000          ; Low Pulse Width  ; clock_1s ; Rise       ; h1[0]                     ;
; -0.500 ; 0.500        ; 1.000          ; High Pulse Width ; clock_1s ; Rise       ; h1[1]                     ;
; -0.500 ; 0.500        ; 1.000          ; Low Pulse Width  ; clock_1s ; Rise       ; h1[1]                     ;
; -0.500 ; 0.500        ; 1.000          ; High Pulse Width ; clock_1s ; Rise       ; h1[2]                     ;
; -0.500 ; 0.500        ; 1.000          ; Low Pulse Width  ; clock_1s ; Rise       ; h1[2]                     ;
; -0.500 ; 0.500        ; 1.000          ; High Pulse Width ; clock_1s ; Rise       ; h1[3]                     ;
; -0.500 ; 0.500        ; 1.000          ; Low Pulse Width  ; clock_1s ; Rise       ; h1[3]                     ;
; -0.500 ; 0.500        ; 1.000          ; High Pulse Width ; clock_1s ; Rise       ; m0[0]                     ;
; -0.500 ; 0.500        ; 1.000          ; Low Pulse Width  ; clock_1s ; Rise       ; m0[0]                     ;
; -0.500 ; 0.500        ; 1.000          ; High Pulse Width ; clock_1s ; Rise       ; m0[1]                     ;
; -0.500 ; 0.500        ; 1.000          ; Low Pulse Width  ; clock_1s ; Rise       ; m0[1]                     ;
; -0.500 ; 0.500        ; 1.000          ; High Pulse Width ; clock_1s ; Rise       ; m0[2]                     ;
; -0.500 ; 0.500        ; 1.000          ; Low Pulse Width  ; clock_1s ; Rise       ; m0[2]                     ;
; -0.500 ; 0.500        ; 1.000          ; High Pulse Width ; clock_1s ; Rise       ; m0[3]                     ;
; -0.500 ; 0.500        ; 1.000          ; Low Pulse Width  ; clock_1s ; Rise       ; m0[3]                     ;
; -0.500 ; 0.500        ; 1.000          ; High Pulse Width ; clock_1s ; Rise       ; m1[0]                     ;
; -0.500 ; 0.500        ; 1.000          ; Low Pulse Width  ; clock_1s ; Rise       ; m1[0]                     ;
; -0.500 ; 0.500        ; 1.000          ; High Pulse Width ; clock_1s ; Rise       ; m1[1]                     ;
; -0.500 ; 0.500        ; 1.000          ; Low Pulse Width  ; clock_1s ; Rise       ; m1[1]                     ;
; -0.500 ; 0.500        ; 1.000          ; High Pulse Width ; clock_1s ; Rise       ; m1[2]                     ;
; -0.500 ; 0.500        ; 1.000          ; Low Pulse Width  ; clock_1s ; Rise       ; m1[2]                     ;
; -0.500 ; 0.500        ; 1.000          ; High Pulse Width ; clock_1s ; Rise       ; m1[3]                     ;
; -0.500 ; 0.500        ; 1.000          ; Low Pulse Width  ; clock_1s ; Rise       ; m1[3]                     ;
; -0.500 ; 0.500        ; 1.000          ; High Pulse Width ; clock_1s ; Rise       ; s0[0]                     ;
; -0.500 ; 0.500        ; 1.000          ; Low Pulse Width  ; clock_1s ; Rise       ; s0[0]                     ;
; -0.500 ; 0.500        ; 1.000          ; High Pulse Width ; clock_1s ; Rise       ; s0[1]                     ;
; -0.500 ; 0.500        ; 1.000          ; Low Pulse Width  ; clock_1s ; Rise       ; s0[1]                     ;
; -0.500 ; 0.500        ; 1.000          ; High Pulse Width ; clock_1s ; Rise       ; s0[2]                     ;
; -0.500 ; 0.500        ; 1.000          ; Low Pulse Width  ; clock_1s ; Rise       ; s0[2]                     ;
; -0.500 ; 0.500        ; 1.000          ; High Pulse Width ; clock_1s ; Rise       ; s0[3]                     ;
; -0.500 ; 0.500        ; 1.000          ; Low Pulse Width  ; clock_1s ; Rise       ; s0[3]                     ;
; -0.500 ; 0.500        ; 1.000          ; High Pulse Width ; clock_1s ; Rise       ; s1[0]                     ;
; -0.500 ; 0.500        ; 1.000          ; Low Pulse Width  ; clock_1s ; Rise       ; s1[0]                     ;
; -0.500 ; 0.500        ; 1.000          ; High Pulse Width ; clock_1s ; Rise       ; s1[1]                     ;
; -0.500 ; 0.500        ; 1.000          ; Low Pulse Width  ; clock_1s ; Rise       ; s1[1]                     ;
; -0.500 ; 0.500        ; 1.000          ; High Pulse Width ; clock_1s ; Rise       ; s1[2]                     ;
; -0.500 ; 0.500        ; 1.000          ; Low Pulse Width  ; clock_1s ; Rise       ; s1[2]                     ;
; -0.500 ; 0.500        ; 1.000          ; High Pulse Width ; clock_1s ; Rise       ; s1[3]                     ;
; -0.500 ; 0.500        ; 1.000          ; Low Pulse Width  ; clock_1s ; Rise       ; s1[3]                     ;
; 0.500  ; 0.500        ; 0.000          ; High Pulse Width ; clock_1s ; Rise       ; clock_1s|regout           ;
; 0.500  ; 0.500        ; 0.000          ; Low Pulse Width  ; clock_1s ; Rise       ; clock_1s|regout           ;
; 0.500  ; 0.500        ; 0.000          ; High Pulse Width ; clock_1s ; Rise       ; clock_1s~clkctrl|inclk[0] ;
; 0.500  ; 0.500        ; 0.000          ; Low Pulse Width  ; clock_1s ; Rise       ; clock_1s~clkctrl|inclk[0] ;
; 0.500  ; 0.500        ; 0.000          ; High Pulse Width ; clock_1s ; Rise       ; clock_1s~clkctrl|outclk   ;
; 0.500  ; 0.500        ; 0.000          ; Low Pulse Width  ; clock_1s ; Rise       ; clock_1s~clkctrl|outclk   ;
; 0.500  ; 0.500        ; 0.000          ; High Pulse Width ; clock_1s ; Rise       ; h0[0]|clk                 ;
; 0.500  ; 0.500        ; 0.000          ; Low Pulse Width  ; clock_1s ; Rise       ; h0[0]|clk                 ;
; 0.500  ; 0.500        ; 0.000          ; High Pulse Width ; clock_1s ; Rise       ; h0[1]|clk                 ;
; 0.500  ; 0.500        ; 0.000          ; Low Pulse Width  ; clock_1s ; Rise       ; h0[1]|clk                 ;
; 0.500  ; 0.500        ; 0.000          ; High Pulse Width ; clock_1s ; Rise       ; h0[2]|clk                 ;
; 0.500  ; 0.500        ; 0.000          ; Low Pulse Width  ; clock_1s ; Rise       ; h0[2]|clk                 ;
; 0.500  ; 0.500        ; 0.000          ; High Pulse Width ; clock_1s ; Rise       ; h0[3]|clk                 ;
; 0.500  ; 0.500        ; 0.000          ; Low Pulse Width  ; clock_1s ; Rise       ; h0[3]|clk                 ;
; 0.500  ; 0.500        ; 0.000          ; High Pulse Width ; clock_1s ; Rise       ; h1[0]|clk                 ;
; 0.500  ; 0.500        ; 0.000          ; Low Pulse Width  ; clock_1s ; Rise       ; h1[0]|clk                 ;
; 0.500  ; 0.500        ; 0.000          ; High Pulse Width ; clock_1s ; Rise       ; h1[1]|clk                 ;
; 0.500  ; 0.500        ; 0.000          ; Low Pulse Width  ; clock_1s ; Rise       ; h1[1]|clk                 ;
; 0.500  ; 0.500        ; 0.000          ; High Pulse Width ; clock_1s ; Rise       ; h1[2]|clk                 ;
; 0.500  ; 0.500        ; 0.000          ; Low Pulse Width  ; clock_1s ; Rise       ; h1[2]|clk                 ;
; 0.500  ; 0.500        ; 0.000          ; High Pulse Width ; clock_1s ; Rise       ; h1[3]|clk                 ;
; 0.500  ; 0.500        ; 0.000          ; Low Pulse Width  ; clock_1s ; Rise       ; h1[3]|clk                 ;
; 0.500  ; 0.500        ; 0.000          ; High Pulse Width ; clock_1s ; Rise       ; m0[0]|clk                 ;
; 0.500  ; 0.500        ; 0.000          ; Low Pulse Width  ; clock_1s ; Rise       ; m0[0]|clk                 ;
; 0.500  ; 0.500        ; 0.000          ; High Pulse Width ; clock_1s ; Rise       ; m0[1]|clk                 ;
; 0.500  ; 0.500        ; 0.000          ; Low Pulse Width  ; clock_1s ; Rise       ; m0[1]|clk                 ;
; 0.500  ; 0.500        ; 0.000          ; High Pulse Width ; clock_1s ; Rise       ; m0[2]|clk                 ;
; 0.500  ; 0.500        ; 0.000          ; Low Pulse Width  ; clock_1s ; Rise       ; m0[2]|clk                 ;
; 0.500  ; 0.500        ; 0.000          ; High Pulse Width ; clock_1s ; Rise       ; m0[3]|clk                 ;
; 0.500  ; 0.500        ; 0.000          ; Low Pulse Width  ; clock_1s ; Rise       ; m0[3]|clk                 ;
; 0.500  ; 0.500        ; 0.000          ; High Pulse Width ; clock_1s ; Rise       ; m1[0]|clk                 ;
; 0.500  ; 0.500        ; 0.000          ; Low Pulse Width  ; clock_1s ; Rise       ; m1[0]|clk                 ;
; 0.500  ; 0.500        ; 0.000          ; High Pulse Width ; clock_1s ; Rise       ; m1[1]|clk                 ;
; 0.500  ; 0.500        ; 0.000          ; Low Pulse Width  ; clock_1s ; Rise       ; m1[1]|clk                 ;
; 0.500  ; 0.500        ; 0.000          ; High Pulse Width ; clock_1s ; Rise       ; m1[2]|clk                 ;
; 0.500  ; 0.500        ; 0.000          ; Low Pulse Width  ; clock_1s ; Rise       ; m1[2]|clk                 ;
; 0.500  ; 0.500        ; 0.000          ; High Pulse Width ; clock_1s ; Rise       ; m1[3]|clk                 ;
; 0.500  ; 0.500        ; 0.000          ; Low Pulse Width  ; clock_1s ; Rise       ; m1[3]|clk                 ;
; 0.500  ; 0.500        ; 0.000          ; High Pulse Width ; clock_1s ; Rise       ; s0[0]|clk                 ;
; 0.500  ; 0.500        ; 0.000          ; Low Pulse Width  ; clock_1s ; Rise       ; s0[0]|clk                 ;
; 0.500  ; 0.500        ; 0.000          ; High Pulse Width ; clock_1s ; Rise       ; s0[1]|clk                 ;
; 0.500  ; 0.500        ; 0.000          ; Low Pulse Width  ; clock_1s ; Rise       ; s0[1]|clk                 ;
; 0.500  ; 0.500        ; 0.000          ; High Pulse Width ; clock_1s ; Rise       ; s0[2]|clk                 ;
; 0.500  ; 0.500        ; 0.000          ; Low Pulse Width  ; clock_1s ; Rise       ; s0[2]|clk                 ;
; 0.500  ; 0.500        ; 0.000          ; High Pulse Width ; clock_1s ; Rise       ; s0[3]|clk                 ;
; 0.500  ; 0.500        ; 0.000          ; Low Pulse Width  ; clock_1s ; Rise       ; s0[3]|clk                 ;
; 0.500  ; 0.500        ; 0.000          ; High Pulse Width ; clock_1s ; Rise       ; s1[0]|clk                 ;
; 0.500  ; 0.500        ; 0.000          ; Low Pulse Width  ; clock_1s ; Rise       ; s1[0]|clk                 ;
; 0.500  ; 0.500        ; 0.000          ; High Pulse Width ; clock_1s ; Rise       ; s1[1]|clk                 ;
; 0.500  ; 0.500        ; 0.000          ; Low Pulse Width  ; clock_1s ; Rise       ; s1[1]|clk                 ;
; 0.500  ; 0.500        ; 0.000          ; High Pulse Width ; clock_1s ; Rise       ; s1[2]|clk                 ;
; 0.500  ; 0.500        ; 0.000          ; Low Pulse Width  ; clock_1s ; Rise       ; s1[2]|clk                 ;
+--------+--------------+----------------+------------------+----------+------------+---------------------------+


+-------------------------------------------------------------------------+
; Clock to Output Times                                                   ;
+-----------+------------+--------+--------+------------+-----------------+
; Data Port ; Clock Port ; Rise   ; Fall   ; Clock Edge ; Clock Reference ;
+-----------+------------+--------+--------+------------+-----------------+
; HEX2[*]   ; clock_1s   ; 12.953 ; 12.953 ; Rise       ; clock_1s        ;
;  HEX2[0]  ; clock_1s   ; 12.953 ; 12.953 ; Rise       ; clock_1s        ;
;  HEX2[1]  ; clock_1s   ; 11.138 ; 11.138 ; Rise       ; clock_1s        ;
;  HEX2[2]  ; clock_1s   ; 12.225 ; 12.225 ; Rise       ; clock_1s        ;
;  HEX2[3]  ; clock_1s   ; 10.660 ; 10.660 ; Rise       ; clock_1s        ;
;  HEX2[4]  ; clock_1s   ; 11.939 ; 11.939 ; Rise       ; clock_1s        ;
;  HEX2[5]  ; clock_1s   ; 11.165 ; 11.165 ; Rise       ; clock_1s        ;
;  HEX2[6]  ; clock_1s   ; 11.648 ; 11.648 ; Rise       ; clock_1s        ;
; HEX3[*]   ; clock_1s   ; 12.966 ; 12.966 ; Rise       ; clock_1s        ;
;  HEX3[0]  ; clock_1s   ; 11.381 ; 11.381 ; Rise       ; clock_1s        ;
;  HEX3[1]  ; clock_1s   ; 11.440 ; 11.440 ; Rise       ; clock_1s        ;
;  HEX3[2]  ; clock_1s   ; 11.780 ; 11.780 ; Rise       ; clock_1s        ;
;  HEX3[3]  ; clock_1s   ; 12.966 ; 12.966 ; Rise       ; clock_1s        ;
;  HEX3[4]  ; clock_1s   ; 11.142 ; 11.142 ; Rise       ; clock_1s        ;
;  HEX3[5]  ; clock_1s   ; 11.305 ; 11.305 ; Rise       ; clock_1s        ;
;  HEX3[6]  ; clock_1s   ; 12.500 ; 12.500 ; Rise       ; clock_1s        ;
; HEX4[*]   ; clock_1s   ; 9.321  ; 9.321  ; Rise       ; clock_1s        ;
;  HEX4[0]  ; clock_1s   ; 9.074  ; 9.074  ; Rise       ; clock_1s        ;
;  HEX4[1]  ; clock_1s   ; 8.930  ; 8.930  ; Rise       ; clock_1s        ;
;  HEX4[2]  ; clock_1s   ; 9.321  ; 9.321  ; Rise       ; clock_1s        ;
;  HEX4[3]  ; clock_1s   ; 9.181  ; 9.181  ; Rise       ; clock_1s        ;
;  HEX4[4]  ; clock_1s   ; 9.059  ; 9.059  ; Rise       ; clock_1s        ;
;  HEX4[5]  ; clock_1s   ; 8.929  ; 8.929  ; Rise       ; clock_1s        ;
;  HEX4[6]  ; clock_1s   ; 8.723  ; 8.723  ; Rise       ; clock_1s        ;
; HEX5[*]   ; clock_1s   ; 9.627  ; 9.627  ; Rise       ; clock_1s        ;
;  HEX5[0]  ; clock_1s   ; 8.647  ; 8.647  ; Rise       ; clock_1s        ;
;  HEX5[1]  ; clock_1s   ; 9.281  ; 9.281  ; Rise       ; clock_1s        ;
;  HEX5[2]  ; clock_1s   ; 9.250  ; 9.250  ; Rise       ; clock_1s        ;
;  HEX5[3]  ; clock_1s   ; 9.583  ; 9.583  ; Rise       ; clock_1s        ;
;  HEX5[4]  ; clock_1s   ; 9.447  ; 9.447  ; Rise       ; clock_1s        ;
;  HEX5[5]  ; clock_1s   ; 9.601  ; 9.601  ; Rise       ; clock_1s        ;
;  HEX5[6]  ; clock_1s   ; 9.627  ; 9.627  ; Rise       ; clock_1s        ;
; HEX6[*]   ; clock_1s   ; 9.633  ; 9.633  ; Rise       ; clock_1s        ;
;  HEX6[0]  ; clock_1s   ; 8.923  ; 8.923  ; Rise       ; clock_1s        ;
;  HEX6[1]  ; clock_1s   ; 8.707  ; 8.707  ; Rise       ; clock_1s        ;
;  HEX6[2]  ; clock_1s   ; 8.936  ; 8.936  ; Rise       ; clock_1s        ;
;  HEX6[3]  ; clock_1s   ; 9.416  ; 9.416  ; Rise       ; clock_1s        ;
;  HEX6[4]  ; clock_1s   ; 9.633  ; 9.633  ; Rise       ; clock_1s        ;
;  HEX6[5]  ; clock_1s   ; 8.643  ; 8.643  ; Rise       ; clock_1s        ;
;  HEX6[6]  ; clock_1s   ; 8.972  ; 8.972  ; Rise       ; clock_1s        ;
; HEX7[*]   ; clock_1s   ; 9.823  ; 9.823  ; Rise       ; clock_1s        ;
;  HEX7[0]  ; clock_1s   ; 9.484  ; 9.484  ; Rise       ; clock_1s        ;
;  HEX7[1]  ; clock_1s   ; 9.438  ; 9.438  ; Rise       ; clock_1s        ;
;  HEX7[2]  ; clock_1s   ; 9.526  ; 9.526  ; Rise       ; clock_1s        ;
;  HEX7[3]  ; clock_1s   ; 9.353  ; 9.353  ; Rise       ; clock_1s        ;
;  HEX7[4]  ; clock_1s   ; 9.457  ; 9.457  ; Rise       ; clock_1s        ;
;  HEX7[5]  ; clock_1s   ; 9.707  ; 9.707  ; Rise       ; clock_1s        ;
;  HEX7[6]  ; clock_1s   ; 9.823  ; 9.823  ; Rise       ; clock_1s        ;
; LEDR[*]   ; clock_1s   ; 14.456 ; 14.456 ; Rise       ; clock_1s        ;
;  LEDR[0]  ; clock_1s   ; 14.456 ; 14.456 ; Rise       ; clock_1s        ;
+-----------+------------+--------+--------+------------+-----------------+


+-------------------------------------------------------------------------+
; Minimum Clock to Output Times                                           ;
+-----------+------------+--------+--------+------------+-----------------+
; Data Port ; Clock Port ; Rise   ; Fall   ; Clock Edge ; Clock Reference ;
+-----------+------------+--------+--------+------------+-----------------+
; HEX2[*]   ; clock_1s   ; 10.375 ; 10.375 ; Rise       ; clock_1s        ;
;  HEX2[0]  ; clock_1s   ; 12.664 ; 12.664 ; Rise       ; clock_1s        ;
;  HEX2[1]  ; clock_1s   ; 10.853 ; 10.853 ; Rise       ; clock_1s        ;
;  HEX2[2]  ; clock_1s   ; 11.935 ; 11.935 ; Rise       ; clock_1s        ;
;  HEX2[3]  ; clock_1s   ; 10.375 ; 10.375 ; Rise       ; clock_1s        ;
;  HEX2[4]  ; clock_1s   ; 11.653 ; 11.653 ; Rise       ; clock_1s        ;
;  HEX2[5]  ; clock_1s   ; 10.874 ; 10.874 ; Rise       ; clock_1s        ;
;  HEX2[6]  ; clock_1s   ; 11.359 ; 11.359 ; Rise       ; clock_1s        ;
; HEX3[*]   ; clock_1s   ; 10.620 ; 10.620 ; Rise       ; clock_1s        ;
;  HEX3[0]  ; clock_1s   ; 10.880 ; 10.880 ; Rise       ; clock_1s        ;
;  HEX3[1]  ; clock_1s   ; 10.914 ; 10.914 ; Rise       ; clock_1s        ;
;  HEX3[2]  ; clock_1s   ; 11.254 ; 11.254 ; Rise       ; clock_1s        ;
;  HEX3[3]  ; clock_1s   ; 12.442 ; 12.442 ; Rise       ; clock_1s        ;
;  HEX3[4]  ; clock_1s   ; 10.620 ; 10.620 ; Rise       ; clock_1s        ;
;  HEX3[5]  ; clock_1s   ; 10.780 ; 10.780 ; Rise       ; clock_1s        ;
;  HEX3[6]  ; clock_1s   ; 11.974 ; 11.974 ; Rise       ; clock_1s        ;
; HEX4[*]   ; clock_1s   ; 8.424  ; 8.424  ; Rise       ; clock_1s        ;
;  HEX4[0]  ; clock_1s   ; 8.749  ; 8.749  ; Rise       ; clock_1s        ;
;  HEX4[1]  ; clock_1s   ; 8.614  ; 8.614  ; Rise       ; clock_1s        ;
;  HEX4[2]  ; clock_1s   ; 8.998  ; 8.998  ; Rise       ; clock_1s        ;
;  HEX4[3]  ; clock_1s   ; 8.883  ; 8.883  ; Rise       ; clock_1s        ;
;  HEX4[4]  ; clock_1s   ; 8.763  ; 8.763  ; Rise       ; clock_1s        ;
;  HEX4[5]  ; clock_1s   ; 8.615  ; 8.615  ; Rise       ; clock_1s        ;
;  HEX4[6]  ; clock_1s   ; 8.424  ; 8.424  ; Rise       ; clock_1s        ;
; HEX5[*]   ; clock_1s   ; 8.346  ; 8.346  ; Rise       ; clock_1s        ;
;  HEX5[0]  ; clock_1s   ; 8.346  ; 8.346  ; Rise       ; clock_1s        ;
;  HEX5[1]  ; clock_1s   ; 9.016  ; 9.016  ; Rise       ; clock_1s        ;
;  HEX5[2]  ; clock_1s   ; 9.003  ; 9.003  ; Rise       ; clock_1s        ;
;  HEX5[3]  ; clock_1s   ; 9.320  ; 9.320  ; Rise       ; clock_1s        ;
;  HEX5[4]  ; clock_1s   ; 9.185  ; 9.185  ; Rise       ; clock_1s        ;
;  HEX5[5]  ; clock_1s   ; 9.296  ; 9.296  ; Rise       ; clock_1s        ;
;  HEX5[6]  ; clock_1s   ; 9.363  ; 9.363  ; Rise       ; clock_1s        ;
; HEX6[*]   ; clock_1s   ; 8.209  ; 8.209  ; Rise       ; clock_1s        ;
;  HEX6[0]  ; clock_1s   ; 8.422  ; 8.422  ; Rise       ; clock_1s        ;
;  HEX6[1]  ; clock_1s   ; 8.209  ; 8.209  ; Rise       ; clock_1s        ;
;  HEX6[2]  ; clock_1s   ; 8.640  ; 8.640  ; Rise       ; clock_1s        ;
;  HEX6[3]  ; clock_1s   ; 9.122  ; 9.122  ; Rise       ; clock_1s        ;
;  HEX6[4]  ; clock_1s   ; 9.339  ; 9.339  ; Rise       ; clock_1s        ;
;  HEX6[5]  ; clock_1s   ; 8.479  ; 8.479  ; Rise       ; clock_1s        ;
;  HEX6[6]  ; clock_1s   ; 8.671  ; 8.671  ; Rise       ; clock_1s        ;
; HEX7[*]   ; clock_1s   ; 9.056  ; 9.056  ; Rise       ; clock_1s        ;
;  HEX7[0]  ; clock_1s   ; 9.179  ; 9.179  ; Rise       ; clock_1s        ;
;  HEX7[1]  ; clock_1s   ; 9.139  ; 9.139  ; Rise       ; clock_1s        ;
;  HEX7[2]  ; clock_1s   ; 9.229  ; 9.229  ; Rise       ; clock_1s        ;
;  HEX7[3]  ; clock_1s   ; 9.056  ; 9.056  ; Rise       ; clock_1s        ;
;  HEX7[4]  ; clock_1s   ; 9.160  ; 9.160  ; Rise       ; clock_1s        ;
;  HEX7[5]  ; clock_1s   ; 9.402  ; 9.402  ; Rise       ; clock_1s        ;
;  HEX7[6]  ; clock_1s   ; 9.527  ; 9.527  ; Rise       ; clock_1s        ;
; LEDR[*]   ; clock_1s   ; 13.041 ; 13.041 ; Rise       ; clock_1s        ;
;  LEDR[0]  ; clock_1s   ; 13.041 ; 13.041 ; Rise       ; clock_1s        ;
+-----------+------------+--------+--------+------------+-----------------+


+--------------------------------------------------------------+
; Propagation Delay                                            ;
+------------+-------------+--------+--------+--------+--------+
; Input Port ; Output Port ; RR     ; RF     ; FR     ; FF     ;
+------------+-------------+--------+--------+--------+--------+
; SW[1]      ; HEX2[0]     ; 11.228 ;        ;        ; 11.228 ;
; SW[1]      ; HEX2[1]     ; 9.579  ;        ;        ; 9.579  ;
; SW[1]      ; HEX2[2]     ; 10.662 ;        ;        ; 10.662 ;
; SW[1]      ; HEX2[3]     ; 9.111  ;        ;        ; 9.111  ;
; SW[1]      ; HEX2[4]     ; 10.378 ;        ;        ; 10.378 ;
; SW[1]      ; HEX2[5]     ; 9.005  ;        ;        ; 9.005  ;
; SW[1]      ; HEX2[6]     ; 9.918  ;        ;        ; 9.918  ;
; SW[1]      ; HEX3[0]     ; 9.003  ;        ;        ; 9.003  ;
; SW[1]      ; HEX3[1]     ; 9.047  ;        ;        ; 9.047  ;
; SW[1]      ; HEX3[2]     ; 9.387  ;        ;        ; 9.387  ;
; SW[1]      ; HEX3[3]     ; 10.534 ;        ;        ; 10.534 ;
; SW[1]      ; HEX3[4]     ; 8.740  ;        ;        ; 8.740  ;
; SW[1]      ; HEX3[5]     ; 8.899  ;        ;        ; 8.899  ;
; SW[1]      ; HEX3[6]     ; 10.252 ;        ;        ; 10.252 ;
; SW[1]      ; HEX4[0]     ; 7.202  ; 7.202  ; 7.202  ; 7.202  ;
; SW[1]      ; HEX4[1]     ; 7.251  ; 7.251  ; 7.251  ; 7.251  ;
; SW[1]      ; HEX4[2]     ; 7.104  ; 7.104  ; 7.104  ; 7.104  ;
; SW[1]      ; HEX4[3]     ; 6.941  ; 6.941  ; 6.941  ; 6.941  ;
; SW[1]      ; HEX4[4]     ; 6.964  ; 6.964  ; 6.964  ; 6.964  ;
; SW[1]      ; HEX4[5]     ; 7.193  ; 7.193  ; 7.193  ; 7.193  ;
; SW[1]      ; HEX4[6]     ; 6.804  ; 6.804  ; 6.804  ; 6.804  ;
; SW[1]      ; HEX5[0]     ; 6.869  ; 6.869  ; 6.869  ; 6.869  ;
; SW[1]      ; HEX5[1]     ; 6.976  ; 6.976  ; 6.976  ; 6.976  ;
; SW[1]      ; HEX5[2]     ; 7.247  ; 7.247  ; 7.247  ; 7.247  ;
; SW[1]      ; HEX5[3]     ; 7.293  ; 7.293  ; 7.293  ; 7.293  ;
; SW[1]      ; HEX5[4]     ; 7.280  ; 7.280  ; 7.280  ; 7.280  ;
; SW[1]      ; HEX5[5]     ; 7.281  ; 7.281  ; 7.281  ; 7.281  ;
; SW[1]      ; HEX5[6]     ; 7.292  ; 7.292  ; 7.292  ; 7.292  ;
; SW[1]      ; HEX6[0]     ; 7.310  ; 7.310  ; 7.310  ; 7.310  ;
; SW[1]      ; HEX6[1]     ; 7.355  ; 7.355  ; 7.355  ; 7.355  ;
; SW[1]      ; HEX6[2]     ; 7.039  ; 7.039  ; 7.039  ; 7.039  ;
; SW[1]      ; HEX6[3]     ; 7.570  ; 7.570  ; 7.570  ; 7.570  ;
; SW[1]      ; HEX6[4]     ; 7.575  ; 7.575  ; 7.575  ; 7.575  ;
; SW[1]      ; HEX6[5]     ; 7.347  ; 7.347  ; 7.347  ; 7.347  ;
; SW[1]      ; HEX6[6]     ; 7.504  ; 7.504  ; 7.504  ; 7.504  ;
; SW[1]      ; HEX7[0]     ; 7.581  ; 7.581  ; 7.581  ; 7.581  ;
; SW[1]      ; HEX7[1]     ; 7.640  ; 7.640  ; 7.640  ; 7.640  ;
; SW[1]      ; HEX7[2]     ; 7.556  ; 7.556  ; 7.556  ; 7.556  ;
; SW[1]      ; HEX7[3]     ; 7.557  ; 7.557  ; 7.557  ; 7.557  ;
; SW[1]      ; HEX7[4]     ; 7.554  ; 7.554  ; 7.554  ; 7.554  ;
; SW[1]      ; HEX7[5]     ; 7.910  ; 7.910  ; 7.910  ; 7.910  ;
; SW[1]      ; HEX7[6]     ; 7.885  ; 7.885  ; 7.885  ; 7.885  ;
; SW[1]      ; LEDR[0]     ;        ; 11.005 ; 11.005 ;        ;
; SW[2]      ; HEX4[0]     ; 7.819  ; 7.819  ; 7.819  ; 7.819  ;
; SW[2]      ; HEX4[1]     ; 8.069  ; 8.069  ; 8.069  ; 8.069  ;
; SW[2]      ; HEX4[2]     ;        ; 7.539  ; 7.539  ;        ;
; SW[2]      ; HEX4[3]     ; 7.997  ; 7.997  ; 7.997  ; 7.997  ;
; SW[2]      ; HEX4[4]     ; 7.977  ;        ;        ; 7.977  ;
; SW[2]      ; HEX4[5]     ; 7.976  ;        ;        ; 7.976  ;
; SW[2]      ; HEX4[6]     ; 7.239  ;        ;        ; 7.239  ;
; SW[2]      ; LEDR[0]     ; 12.409 ; 12.409 ; 12.409 ; 12.409 ;
; SW[3]      ; HEX4[0]     ; 7.703  ; 7.703  ; 7.703  ; 7.703  ;
; SW[3]      ; HEX4[1]     ; 7.983  ; 7.983  ; 7.983  ; 7.983  ;
; SW[3]      ; HEX4[2]     ; 7.446  ;        ;        ; 7.446  ;
; SW[3]      ; HEX4[3]     ; 7.910  ; 7.910  ; 7.910  ; 7.910  ;
; SW[3]      ; HEX4[4]     ; 7.915  ; 7.915  ; 7.915  ; 7.915  ;
; SW[3]      ; HEX4[5]     ; 7.885  ;        ;        ; 7.885  ;
; SW[3]      ; HEX4[6]     ; 7.151  ; 7.151  ; 7.151  ; 7.151  ;
; SW[3]      ; LEDR[0]     ; 12.294 ; 12.294 ; 12.294 ; 12.294 ;
; SW[4]      ; HEX4[0]     ; 7.853  ; 7.853  ; 7.853  ; 7.853  ;
; SW[4]      ; HEX4[1]     ; 8.104  ;        ;        ; 8.104  ;
; SW[4]      ; HEX4[2]     ; 7.548  ; 7.548  ; 7.548  ; 7.548  ;
; SW[4]      ; HEX4[3]     ; 8.030  ; 8.030  ; 8.030  ; 8.030  ;
; SW[4]      ; HEX4[4]     ; 8.039  ;        ;        ; 8.039  ;
; SW[4]      ; HEX4[5]     ; 8.007  ; 8.007  ; 8.007  ; 8.007  ;
; SW[4]      ; HEX4[6]     ; 7.273  ; 7.273  ; 7.273  ; 7.273  ;
; SW[4]      ; LEDR[0]     ; 12.152 ; 12.152 ; 12.152 ; 12.152 ;
; SW[5]      ; HEX4[0]     ; 7.741  ; 7.741  ; 7.741  ; 7.741  ;
; SW[5]      ; HEX4[1]     ; 7.995  ;        ;        ; 7.995  ;
; SW[5]      ; HEX4[2]     ; 7.460  ;        ;        ; 7.460  ;
; SW[5]      ; HEX4[3]     ; 7.922  ; 7.922  ; 7.922  ; 7.922  ;
; SW[5]      ; HEX4[4]     ; 7.918  ;        ;        ; 7.918  ;
; SW[5]      ; HEX4[5]     ; 7.883  ; 7.883  ; 7.883  ; 7.883  ;
; SW[5]      ; HEX4[6]     ; 7.159  ; 7.159  ; 7.159  ; 7.159  ;
; SW[5]      ; LEDR[0]     ; 12.047 ; 12.047 ; 12.047 ; 12.047 ;
; SW[6]      ; HEX5[0]     ; 7.505  ; 7.505  ; 7.505  ; 7.505  ;
; SW[6]      ; HEX5[1]     ; 7.121  ; 7.121  ; 7.121  ; 7.121  ;
; SW[6]      ; HEX5[2]     ;        ; 7.532  ; 7.532  ;        ;
; SW[6]      ; HEX5[3]     ; 7.429  ; 7.429  ; 7.429  ; 7.429  ;
; SW[6]      ; HEX5[4]     ; 7.580  ;        ;        ; 7.580  ;
; SW[6]      ; HEX5[5]     ; 7.428  ;        ;        ; 7.428  ;
; SW[6]      ; HEX5[6]     ; 7.432  ;        ;        ; 7.432  ;
; SW[6]      ; LEDR[0]     ; 12.613 ; 12.613 ; 12.613 ; 12.613 ;
; SW[7]      ; HEX5[0]     ; 7.970  ; 7.970  ; 7.970  ; 7.970  ;
; SW[7]      ; HEX5[1]     ; 7.588  ; 7.588  ; 7.588  ; 7.588  ;
; SW[7]      ; HEX5[2]     ; 8.005  ;        ;        ; 8.005  ;
; SW[7]      ; HEX5[3]     ; 7.914  ; 7.914  ; 7.914  ; 7.914  ;
; SW[7]      ; HEX5[4]     ; 8.038  ; 8.038  ; 8.038  ; 8.038  ;
; SW[7]      ; HEX5[5]     ; 7.890  ;        ;        ; 7.890  ;
; SW[7]      ; HEX5[6]     ; 7.913  ; 7.913  ; 7.913  ; 7.913  ;
; SW[7]      ; LEDR[0]     ; 13.088 ; 13.088 ; 13.088 ; 13.088 ;
; SW[8]      ; HEX5[0]     ; 7.725  ; 7.725  ; 7.725  ; 7.725  ;
; SW[8]      ; HEX5[1]     ; 7.341  ;        ;        ; 7.341  ;
; SW[8]      ; HEX5[2]     ; 7.754  ; 7.754  ; 7.754  ; 7.754  ;
; SW[8]      ; HEX5[3]     ; 7.660  ; 7.660  ; 7.660  ; 7.660  ;
; SW[8]      ; HEX5[4]     ; 7.798  ;        ;        ; 7.798  ;
; SW[8]      ; HEX5[5]     ; 7.648  ; 7.648  ; 7.648  ; 7.648  ;
; SW[8]      ; HEX5[6]     ; 7.659  ; 7.659  ; 7.659  ; 7.659  ;
; SW[8]      ; LEDR[0]     ; 12.725 ; 12.725 ; 12.725 ; 12.725 ;
; SW[9]      ; HEX5[0]     ; 8.155  ; 8.155  ; 8.155  ; 8.155  ;
; SW[9]      ; HEX5[1]     ; 7.771  ;        ;        ; 7.771  ;
; SW[9]      ; HEX5[2]     ; 8.182  ;        ;        ; 8.182  ;
; SW[9]      ; HEX5[3]     ; 8.079  ; 8.079  ; 8.079  ; 8.079  ;
; SW[9]      ; HEX5[4]     ; 8.230  ;        ;        ; 8.230  ;
; SW[9]      ; HEX5[5]     ; 8.077  ; 8.077  ; 8.077  ; 8.077  ;
; SW[9]      ; HEX5[6]     ; 8.078  ; 8.078  ; 8.078  ; 8.078  ;
; SW[9]      ; LEDR[0]     ; 12.882 ; 12.882 ; 12.882 ; 12.882 ;
; SW[10]     ; HEX6[0]     ; 5.671  ; 5.671  ; 5.671  ; 5.671  ;
; SW[10]     ; HEX6[1]     ; 5.966  ; 5.966  ; 5.966  ; 5.966  ;
; SW[10]     ; HEX6[2]     ;        ; 5.986  ; 5.986  ;        ;
; SW[10]     ; HEX6[3]     ; 6.344  ; 6.344  ; 6.344  ; 6.344  ;
; SW[10]     ; HEX6[4]     ; 6.344  ;        ;        ; 6.344  ;
; SW[10]     ; HEX6[5]     ; 6.931  ;        ;        ; 6.931  ;
; SW[10]     ; HEX6[6]     ; 6.808  ;        ;        ; 6.808  ;
; SW[10]     ; LEDR[0]     ; 11.637 ; 11.637 ; 11.637 ; 11.637 ;
; SW[11]     ; HEX6[0]     ; 5.485  ; 5.485  ; 5.485  ; 5.485  ;
; SW[11]     ; HEX6[1]     ; 5.781  ; 5.781  ; 5.781  ; 5.781  ;
; SW[11]     ; HEX6[2]     ; 5.796  ;        ;        ; 5.796  ;
; SW[11]     ; HEX6[3]     ; 6.153  ; 6.153  ; 6.153  ; 6.153  ;
; SW[11]     ; HEX6[4]     ; 6.163  ; 6.163  ; 6.163  ; 6.163  ;
; SW[11]     ; HEX6[5]     ; 6.740  ;        ;        ; 6.740  ;
; SW[11]     ; HEX6[6]     ; 6.627  ; 6.627  ; 6.627  ; 6.627  ;
; SW[11]     ; LEDR[0]     ; 11.458 ; 11.458 ; 11.458 ; 11.458 ;
; SW[12]     ; HEX6[0]     ; 5.349  ; 5.349  ; 5.349  ; 5.349  ;
; SW[12]     ; HEX6[1]     ; 5.644  ;        ;        ; 5.644  ;
; SW[12]     ; HEX6[2]     ; 5.663  ; 5.663  ; 5.663  ; 5.663  ;
; SW[12]     ; HEX6[3]     ; 6.022  ; 6.022  ; 6.022  ; 6.022  ;
; SW[12]     ; HEX6[4]     ; 6.023  ;        ;        ; 6.023  ;
; SW[12]     ; HEX6[5]     ; 6.609  ; 6.609  ; 6.609  ; 6.609  ;
; SW[12]     ; HEX6[6]     ; 6.485  ; 6.485  ; 6.485  ; 6.485  ;
; SW[12]     ; LEDR[0]     ; 11.093 ; 11.093 ; 11.093 ; 11.093 ;
; SW[13]     ; HEX6[0]     ; 9.877  ; 9.877  ; 9.877  ; 9.877  ;
; SW[13]     ; HEX6[1]     ; 10.174 ;        ;        ; 10.174 ;
; SW[13]     ; HEX6[2]     ; 10.184 ;        ;        ; 10.184 ;
; SW[13]     ; HEX6[3]     ; 10.539 ; 10.539 ; 10.539 ; 10.539 ;
; SW[13]     ; HEX6[4]     ; 10.556 ;        ;        ; 10.556 ;
; SW[13]     ; HEX6[5]     ; 11.125 ; 11.125 ; 11.125 ; 11.125 ;
; SW[13]     ; HEX6[6]     ; 11.017 ; 11.017 ; 11.017 ; 11.017 ;
; SW[13]     ; LEDR[0]     ; 15.606 ; 15.606 ; 15.606 ; 15.606 ;
; SW[14]     ; HEX7[0]     ; 10.315 ; 10.315 ; 10.315 ; 10.315 ;
; SW[14]     ; HEX7[1]     ; 10.543 ; 10.543 ; 10.543 ; 10.543 ;
; SW[14]     ; HEX7[2]     ;        ; 10.258 ; 10.258 ;        ;
; SW[14]     ; HEX7[3]     ; 10.488 ; 10.488 ; 10.488 ; 10.488 ;
; SW[14]     ; HEX7[4]     ; 10.281 ;        ;        ; 10.281 ;
; SW[14]     ; HEX7[5]     ; 10.784 ;        ;        ; 10.784 ;
; SW[14]     ; HEX7[6]     ; 10.622 ;        ;        ; 10.622 ;
; SW[14]     ; LEDR[0]     ; 15.394 ; 15.394 ; 15.394 ; 15.394 ;
; SW[15]     ; HEX7[0]     ; 10.132 ; 10.132 ; 10.132 ; 10.132 ;
; SW[15]     ; HEX7[1]     ; 10.362 ; 10.362 ; 10.362 ; 10.362 ;
; SW[15]     ; HEX7[2]     ; 10.098 ;        ;        ; 10.098 ;
; SW[15]     ; HEX7[3]     ; 10.306 ; 10.306 ; 10.306 ; 10.306 ;
; SW[15]     ; HEX7[4]     ; 10.096 ; 10.096 ; 10.096 ; 10.096 ;
; SW[15]     ; HEX7[5]     ; 10.601 ;        ;        ; 10.601 ;
; SW[15]     ; HEX7[6]     ; 10.443 ; 10.443 ; 10.443 ; 10.443 ;
; SW[15]     ; LEDR[0]     ; 15.243 ; 15.243 ; 15.243 ; 15.243 ;
; SW[16]     ; HEX7[0]     ; 10.333 ; 10.333 ; 10.333 ; 10.333 ;
; SW[16]     ; HEX7[1]     ; 10.577 ;        ;        ; 10.577 ;
; SW[16]     ; HEX7[2]     ; 10.291 ; 10.291 ; 10.291 ; 10.291 ;
; SW[16]     ; HEX7[3]     ; 10.525 ; 10.525 ; 10.525 ; 10.525 ;
; SW[16]     ; HEX7[4]     ; 10.315 ;        ;        ; 10.315 ;
; SW[16]     ; HEX7[5]     ; 10.803 ; 10.803 ; 10.803 ; 10.803 ;
; SW[16]     ; HEX7[6]     ; 10.643 ; 10.643 ; 10.643 ; 10.643 ;
; SW[16]     ; LEDR[0]     ; 15.201 ; 15.201 ; 15.201 ; 15.201 ;
; SW[17]     ; HEX7[0]     ; 10.056 ; 10.056 ; 10.056 ; 10.056 ;
; SW[17]     ; HEX7[1]     ; 10.304 ;        ;        ; 10.304 ;
; SW[17]     ; HEX7[2]     ; 10.046 ;        ;        ; 10.046 ;
; SW[17]     ; HEX7[3]     ; 10.253 ; 10.253 ; 10.253 ; 10.253 ;
; SW[17]     ; HEX7[4]     ; 10.040 ;        ;        ; 10.040 ;
; SW[17]     ; HEX7[5]     ; 10.531 ; 10.531 ; 10.531 ; 10.531 ;
; SW[17]     ; HEX7[6]     ; 10.362 ; 10.362 ; 10.362 ; 10.362 ;
; SW[17]     ; LEDR[0]     ; 15.439 ; 15.439 ; 15.439 ; 15.439 ;
+------------+-------------+--------+--------+--------+--------+


+--------------------------------------------------------------+
; Minimum Propagation Delay                                    ;
+------------+-------------+--------+--------+--------+--------+
; Input Port ; Output Port ; RR     ; RF     ; FR     ; FF     ;
+------------+-------------+--------+--------+--------+--------+
; SW[1]      ; HEX2[0]     ; 11.228 ;        ;        ; 11.228 ;
; SW[1]      ; HEX2[1]     ; 9.579  ;        ;        ; 9.579  ;
; SW[1]      ; HEX2[2]     ; 10.662 ;        ;        ; 10.662 ;
; SW[1]      ; HEX2[3]     ; 9.111  ;        ;        ; 9.111  ;
; SW[1]      ; HEX2[4]     ; 10.378 ;        ;        ; 10.378 ;
; SW[1]      ; HEX2[5]     ; 9.005  ;        ;        ; 9.005  ;
; SW[1]      ; HEX2[6]     ; 9.918  ;        ;        ; 9.918  ;
; SW[1]      ; HEX3[0]     ; 9.003  ;        ;        ; 9.003  ;
; SW[1]      ; HEX3[1]     ; 9.047  ;        ;        ; 9.047  ;
; SW[1]      ; HEX3[2]     ; 9.387  ;        ;        ; 9.387  ;
; SW[1]      ; HEX3[3]     ; 10.534 ;        ;        ; 10.534 ;
; SW[1]      ; HEX3[4]     ; 8.740  ;        ;        ; 8.740  ;
; SW[1]      ; HEX3[5]     ; 8.899  ;        ;        ; 8.899  ;
; SW[1]      ; HEX3[6]     ; 10.252 ;        ;        ; 10.252 ;
; SW[1]      ; HEX4[0]     ; 7.202  ; 7.202  ; 7.202  ; 7.202  ;
; SW[1]      ; HEX4[1]     ; 7.251  ; 7.251  ; 7.251  ; 7.251  ;
; SW[1]      ; HEX4[2]     ; 7.104  ; 7.104  ; 7.104  ; 7.104  ;
; SW[1]      ; HEX4[3]     ; 6.941  ; 6.941  ; 6.941  ; 6.941  ;
; SW[1]      ; HEX4[4]     ; 6.964  ; 6.964  ; 6.964  ; 6.964  ;
; SW[1]      ; HEX4[5]     ; 7.193  ; 7.193  ; 7.193  ; 7.193  ;
; SW[1]      ; HEX4[6]     ; 6.804  ; 6.804  ; 6.804  ; 6.804  ;
; SW[1]      ; HEX5[0]     ; 6.869  ; 6.869  ; 6.869  ; 6.869  ;
; SW[1]      ; HEX5[1]     ; 6.976  ; 6.976  ; 6.976  ; 6.976  ;
; SW[1]      ; HEX5[2]     ; 7.247  ; 7.247  ; 7.247  ; 7.247  ;
; SW[1]      ; HEX5[3]     ; 7.293  ; 7.293  ; 7.293  ; 7.293  ;
; SW[1]      ; HEX5[4]     ; 7.280  ; 7.280  ; 7.280  ; 7.280  ;
; SW[1]      ; HEX5[5]     ; 7.281  ; 7.281  ; 7.281  ; 7.281  ;
; SW[1]      ; HEX5[6]     ; 7.292  ; 7.292  ; 7.292  ; 7.292  ;
; SW[1]      ; HEX6[0]     ; 7.310  ; 7.310  ; 7.310  ; 7.310  ;
; SW[1]      ; HEX6[1]     ; 7.355  ; 7.355  ; 7.355  ; 7.355  ;
; SW[1]      ; HEX6[2]     ; 7.039  ; 7.039  ; 7.039  ; 7.039  ;
; SW[1]      ; HEX6[3]     ; 7.570  ; 7.570  ; 7.570  ; 7.570  ;
; SW[1]      ; HEX6[4]     ; 7.575  ; 7.575  ; 7.575  ; 7.575  ;
; SW[1]      ; HEX6[5]     ; 7.347  ; 7.347  ; 7.347  ; 7.347  ;
; SW[1]      ; HEX6[6]     ; 7.504  ; 7.504  ; 7.504  ; 7.504  ;
; SW[1]      ; HEX7[0]     ; 7.581  ; 7.581  ; 7.581  ; 7.581  ;
; SW[1]      ; HEX7[1]     ; 7.640  ; 7.640  ; 7.640  ; 7.640  ;
; SW[1]      ; HEX7[2]     ; 7.556  ; 7.556  ; 7.556  ; 7.556  ;
; SW[1]      ; HEX7[3]     ; 7.557  ; 7.557  ; 7.557  ; 7.557  ;
; SW[1]      ; HEX7[4]     ; 7.554  ; 7.554  ; 7.554  ; 7.554  ;
; SW[1]      ; HEX7[5]     ; 7.910  ; 7.910  ; 7.910  ; 7.910  ;
; SW[1]      ; HEX7[6]     ; 7.885  ; 7.885  ; 7.885  ; 7.885  ;
; SW[1]      ; LEDR[0]     ;        ; 11.005 ; 11.005 ;        ;
; SW[2]      ; HEX4[0]     ; 7.819  ; 7.819  ; 7.819  ; 7.819  ;
; SW[2]      ; HEX4[1]     ; 8.069  ; 8.069  ; 8.069  ; 8.069  ;
; SW[2]      ; HEX4[2]     ;        ; 7.539  ; 7.539  ;        ;
; SW[2]      ; HEX4[3]     ; 7.997  ; 7.997  ; 7.997  ; 7.997  ;
; SW[2]      ; HEX4[4]     ; 7.977  ;        ;        ; 7.977  ;
; SW[2]      ; HEX4[5]     ; 7.976  ;        ;        ; 7.976  ;
; SW[2]      ; HEX4[6]     ; 7.239  ;        ;        ; 7.239  ;
; SW[2]      ; LEDR[0]     ; 12.409 ; 12.409 ; 12.409 ; 12.409 ;
; SW[3]      ; HEX4[0]     ; 7.703  ; 7.703  ; 7.703  ; 7.703  ;
; SW[3]      ; HEX4[1]     ; 7.983  ; 7.983  ; 7.983  ; 7.983  ;
; SW[3]      ; HEX4[2]     ; 7.446  ;        ;        ; 7.446  ;
; SW[3]      ; HEX4[3]     ; 7.910  ; 7.910  ; 7.910  ; 7.910  ;
; SW[3]      ; HEX4[4]     ; 7.915  ; 7.915  ; 7.915  ; 7.915  ;
; SW[3]      ; HEX4[5]     ; 7.885  ;        ;        ; 7.885  ;
; SW[3]      ; HEX4[6]     ; 7.151  ; 7.151  ; 7.151  ; 7.151  ;
; SW[3]      ; LEDR[0]     ; 12.294 ; 12.294 ; 12.294 ; 12.294 ;
; SW[4]      ; HEX4[0]     ; 7.853  ; 7.853  ; 7.853  ; 7.853  ;
; SW[4]      ; HEX4[1]     ; 8.104  ;        ;        ; 8.104  ;
; SW[4]      ; HEX4[2]     ; 7.548  ; 7.548  ; 7.548  ; 7.548  ;
; SW[4]      ; HEX4[3]     ; 8.030  ; 8.030  ; 8.030  ; 8.030  ;
; SW[4]      ; HEX4[4]     ; 8.039  ;        ;        ; 8.039  ;
; SW[4]      ; HEX4[5]     ; 8.007  ; 8.007  ; 8.007  ; 8.007  ;
; SW[4]      ; HEX4[6]     ; 7.273  ; 7.273  ; 7.273  ; 7.273  ;
; SW[4]      ; LEDR[0]     ; 12.152 ; 12.152 ; 12.152 ; 12.152 ;
; SW[5]      ; HEX4[0]     ; 7.741  ; 7.741  ; 7.741  ; 7.741  ;
; SW[5]      ; HEX4[1]     ; 7.995  ;        ;        ; 7.995  ;
; SW[5]      ; HEX4[2]     ; 7.460  ;        ;        ; 7.460  ;
; SW[5]      ; HEX4[3]     ; 7.922  ; 7.922  ; 7.922  ; 7.922  ;
; SW[5]      ; HEX4[4]     ; 7.918  ;        ;        ; 7.918  ;
; SW[5]      ; HEX4[5]     ; 7.883  ; 7.883  ; 7.883  ; 7.883  ;
; SW[5]      ; HEX4[6]     ; 7.159  ; 7.159  ; 7.159  ; 7.159  ;
; SW[5]      ; LEDR[0]     ; 12.047 ; 12.047 ; 12.047 ; 12.047 ;
; SW[6]      ; HEX5[0]     ; 7.505  ; 7.505  ; 7.505  ; 7.505  ;
; SW[6]      ; HEX5[1]     ; 7.121  ; 7.121  ; 7.121  ; 7.121  ;
; SW[6]      ; HEX5[2]     ;        ; 7.532  ; 7.532  ;        ;
; SW[6]      ; HEX5[3]     ; 7.429  ; 7.429  ; 7.429  ; 7.429  ;
; SW[6]      ; HEX5[4]     ; 7.580  ;        ;        ; 7.580  ;
; SW[6]      ; HEX5[5]     ; 7.428  ;        ;        ; 7.428  ;
; SW[6]      ; HEX5[6]     ; 7.432  ;        ;        ; 7.432  ;
; SW[6]      ; LEDR[0]     ; 12.613 ; 12.613 ; 12.613 ; 12.613 ;
; SW[7]      ; HEX5[0]     ; 7.970  ; 7.970  ; 7.970  ; 7.970  ;
; SW[7]      ; HEX5[1]     ; 7.588  ; 7.588  ; 7.588  ; 7.588  ;
; SW[7]      ; HEX5[2]     ; 8.005  ;        ;        ; 8.005  ;
; SW[7]      ; HEX5[3]     ; 7.914  ; 7.914  ; 7.914  ; 7.914  ;
; SW[7]      ; HEX5[4]     ; 8.038  ; 8.038  ; 8.038  ; 8.038  ;
; SW[7]      ; HEX5[5]     ; 7.890  ;        ;        ; 7.890  ;
; SW[7]      ; HEX5[6]     ; 7.913  ; 7.913  ; 7.913  ; 7.913  ;
; SW[7]      ; LEDR[0]     ; 13.088 ; 13.088 ; 13.088 ; 13.088 ;
; SW[8]      ; HEX5[0]     ; 7.725  ; 7.725  ; 7.725  ; 7.725  ;
; SW[8]      ; HEX5[1]     ; 7.341  ;        ;        ; 7.341  ;
; SW[8]      ; HEX5[2]     ; 7.754  ; 7.754  ; 7.754  ; 7.754  ;
; SW[8]      ; HEX5[3]     ; 7.660  ; 7.660  ; 7.660  ; 7.660  ;
; SW[8]      ; HEX5[4]     ; 7.798  ;        ;        ; 7.798  ;
; SW[8]      ; HEX5[5]     ; 7.648  ; 7.648  ; 7.648  ; 7.648  ;
; SW[8]      ; HEX5[6]     ; 7.659  ; 7.659  ; 7.659  ; 7.659  ;
; SW[8]      ; LEDR[0]     ; 12.725 ; 12.725 ; 12.725 ; 12.725 ;
; SW[9]      ; HEX5[0]     ; 8.155  ; 8.155  ; 8.155  ; 8.155  ;
; SW[9]      ; HEX5[1]     ; 7.771  ;        ;        ; 7.771  ;
; SW[9]      ; HEX5[2]     ; 8.182  ;        ;        ; 8.182  ;
; SW[9]      ; HEX5[3]     ; 8.079  ; 8.079  ; 8.079  ; 8.079  ;
; SW[9]      ; HEX5[4]     ; 8.230  ;        ;        ; 8.230  ;
; SW[9]      ; HEX5[5]     ; 8.077  ; 8.077  ; 8.077  ; 8.077  ;
; SW[9]      ; HEX5[6]     ; 8.078  ; 8.078  ; 8.078  ; 8.078  ;
; SW[9]      ; LEDR[0]     ; 12.882 ; 12.882 ; 12.882 ; 12.882 ;
; SW[10]     ; HEX6[0]     ; 5.671  ; 5.671  ; 5.671  ; 5.671  ;
; SW[10]     ; HEX6[1]     ; 5.966  ; 5.966  ; 5.966  ; 5.966  ;
; SW[10]     ; HEX6[2]     ;        ; 5.986  ; 5.986  ;        ;
; SW[10]     ; HEX6[3]     ; 6.344  ; 6.344  ; 6.344  ; 6.344  ;
; SW[10]     ; HEX6[4]     ; 6.344  ;        ;        ; 6.344  ;
; SW[10]     ; HEX6[5]     ; 6.931  ;        ;        ; 6.931  ;
; SW[10]     ; HEX6[6]     ; 6.808  ;        ;        ; 6.808  ;
; SW[10]     ; LEDR[0]     ; 11.637 ; 11.637 ; 11.637 ; 11.637 ;
; SW[11]     ; HEX6[0]     ; 5.485  ; 5.485  ; 5.485  ; 5.485  ;
; SW[11]     ; HEX6[1]     ; 5.781  ; 5.781  ; 5.781  ; 5.781  ;
; SW[11]     ; HEX6[2]     ; 5.796  ;        ;        ; 5.796  ;
; SW[11]     ; HEX6[3]     ; 6.153  ; 6.153  ; 6.153  ; 6.153  ;
; SW[11]     ; HEX6[4]     ; 6.163  ; 6.163  ; 6.163  ; 6.163  ;
; SW[11]     ; HEX6[5]     ; 6.740  ;        ;        ; 6.740  ;
; SW[11]     ; HEX6[6]     ; 6.627  ; 6.627  ; 6.627  ; 6.627  ;
; SW[11]     ; LEDR[0]     ; 11.458 ; 11.458 ; 11.458 ; 11.458 ;
; SW[12]     ; HEX6[0]     ; 5.349  ; 5.349  ; 5.349  ; 5.349  ;
; SW[12]     ; HEX6[1]     ; 5.644  ;        ;        ; 5.644  ;
; SW[12]     ; HEX6[2]     ; 5.663  ; 5.663  ; 5.663  ; 5.663  ;
; SW[12]     ; HEX6[3]     ; 6.022  ; 6.022  ; 6.022  ; 6.022  ;
; SW[12]     ; HEX6[4]     ; 6.023  ;        ;        ; 6.023  ;
; SW[12]     ; HEX6[5]     ; 6.609  ; 6.609  ; 6.609  ; 6.609  ;
; SW[12]     ; HEX6[6]     ; 6.485  ; 6.485  ; 6.485  ; 6.485  ;
; SW[12]     ; LEDR[0]     ; 11.093 ; 11.093 ; 11.093 ; 11.093 ;
; SW[13]     ; HEX6[0]     ; 9.877  ; 9.877  ; 9.877  ; 9.877  ;
; SW[13]     ; HEX6[1]     ; 10.174 ;        ;        ; 10.174 ;
; SW[13]     ; HEX6[2]     ; 10.184 ;        ;        ; 10.184 ;
; SW[13]     ; HEX6[3]     ; 10.539 ; 10.539 ; 10.539 ; 10.539 ;
; SW[13]     ; HEX6[4]     ; 10.556 ;        ;        ; 10.556 ;
; SW[13]     ; HEX6[5]     ; 11.125 ; 11.125 ; 11.125 ; 11.125 ;
; SW[13]     ; HEX6[6]     ; 11.017 ; 11.017 ; 11.017 ; 11.017 ;
; SW[13]     ; LEDR[0]     ; 15.606 ; 15.606 ; 15.606 ; 15.606 ;
; SW[14]     ; HEX7[0]     ; 10.315 ; 10.315 ; 10.315 ; 10.315 ;
; SW[14]     ; HEX7[1]     ; 10.543 ; 10.543 ; 10.543 ; 10.543 ;
; SW[14]     ; HEX7[2]     ;        ; 10.258 ; 10.258 ;        ;
; SW[14]     ; HEX7[3]     ; 10.488 ; 10.488 ; 10.488 ; 10.488 ;
; SW[14]     ; HEX7[4]     ; 10.281 ;        ;        ; 10.281 ;
; SW[14]     ; HEX7[5]     ; 10.784 ;        ;        ; 10.784 ;
; SW[14]     ; HEX7[6]     ; 10.622 ;        ;        ; 10.622 ;
; SW[14]     ; LEDR[0]     ; 15.394 ; 15.394 ; 15.394 ; 15.394 ;
; SW[15]     ; HEX7[0]     ; 10.132 ; 10.132 ; 10.132 ; 10.132 ;
; SW[15]     ; HEX7[1]     ; 10.362 ; 10.362 ; 10.362 ; 10.362 ;
; SW[15]     ; HEX7[2]     ; 10.098 ;        ;        ; 10.098 ;
; SW[15]     ; HEX7[3]     ; 10.306 ; 10.306 ; 10.306 ; 10.306 ;
; SW[15]     ; HEX7[4]     ; 10.096 ; 10.096 ; 10.096 ; 10.096 ;
; SW[15]     ; HEX7[5]     ; 10.601 ;        ;        ; 10.601 ;
; SW[15]     ; HEX7[6]     ; 10.443 ; 10.443 ; 10.443 ; 10.443 ;
; SW[15]     ; LEDR[0]     ; 15.243 ; 15.243 ; 15.243 ; 15.243 ;
; SW[16]     ; HEX7[0]     ; 10.333 ; 10.333 ; 10.333 ; 10.333 ;
; SW[16]     ; HEX7[1]     ; 10.577 ;        ;        ; 10.577 ;
; SW[16]     ; HEX7[2]     ; 10.291 ; 10.291 ; 10.291 ; 10.291 ;
; SW[16]     ; HEX7[3]     ; 10.525 ; 10.525 ; 10.525 ; 10.525 ;
; SW[16]     ; HEX7[4]     ; 10.315 ;        ;        ; 10.315 ;
; SW[16]     ; HEX7[5]     ; 10.803 ; 10.803 ; 10.803 ; 10.803 ;
; SW[16]     ; HEX7[6]     ; 10.643 ; 10.643 ; 10.643 ; 10.643 ;
; SW[16]     ; LEDR[0]     ; 15.201 ; 15.201 ; 15.201 ; 15.201 ;
; SW[17]     ; HEX7[0]     ; 10.056 ; 10.056 ; 10.056 ; 10.056 ;
; SW[17]     ; HEX7[1]     ; 10.304 ;        ;        ; 10.304 ;
; SW[17]     ; HEX7[2]     ; 10.046 ;        ;        ; 10.046 ;
; SW[17]     ; HEX7[3]     ; 10.253 ; 10.253 ; 10.253 ; 10.253 ;
; SW[17]     ; HEX7[4]     ; 10.040 ;        ;        ; 10.040 ;
; SW[17]     ; HEX7[5]     ; 10.531 ; 10.531 ; 10.531 ; 10.531 ;
; SW[17]     ; HEX7[6]     ; 10.362 ; 10.362 ; 10.362 ; 10.362 ;
; SW[17]     ; LEDR[0]     ; 15.439 ; 15.439 ; 15.439 ; 15.439 ;
+------------+-------------+--------+--------+--------+--------+


+-----------------------------------+
; Fast Model Setup Summary          ;
+----------+--------+---------------+
; Clock    ; Slack  ; End Point TNS ;
+----------+--------+---------------+
; CLOCK_50 ; -0.827 ; -15.355       ;
; clock_1s ; -0.382 ; -5.547        ;
+----------+--------+---------------+


+-----------------------------------+
; Fast Model Hold Summary           ;
+----------+--------+---------------+
; Clock    ; Slack  ; End Point TNS ;
+----------+--------+---------------+
; CLOCK_50 ; -1.571 ; -1.571        ;
; clock_1s ; 0.215  ; 0.000         ;
+----------+--------+---------------+


-------------------------------
; Fast Model Recovery Summary ;
-------------------------------
No paths to report.


------------------------------
; Fast Model Removal Summary ;
------------------------------
No paths to report.


+----------------------------------------+
; Fast Model Minimum Pulse Width Summary ;
+----------+--------+--------------------+
; Clock    ; Slack  ; End Point TNS      ;
+----------+--------+--------------------+
; CLOCK_50 ; -1.380 ; -34.380            ;
; clock_1s ; -0.500 ; -24.000            ;
+----------+--------+--------------------+


+-----------------------------------------------------------------------------------------------------+
; Fast Model Setup: 'CLOCK_50'                                                                        ;
+--------+-----------+----------+--------------+-------------+--------------+------------+------------+
; Slack  ; From Node ; To Node  ; Launch Clock ; Latch Clock ; Relationship ; Clock Skew ; Data Delay ;
+--------+-----------+----------+--------------+-------------+--------------+------------+------------+
; -0.827 ; q[0]      ; q[31]    ; CLOCK_50     ; CLOCK_50    ; 1.000        ; 0.006      ; 1.865      ;
; -0.824 ; q[0]      ; q[24]    ; CLOCK_50     ; CLOCK_50    ; 1.000        ; 0.007      ; 1.863      ;
; -0.794 ; q[1]      ; q[31]    ; CLOCK_50     ; CLOCK_50    ; 1.000        ; 0.006      ; 1.832      ;
; -0.792 ; q[0]      ; q[30]    ; CLOCK_50     ; CLOCK_50    ; 1.000        ; 0.006      ; 1.830      ;
; -0.791 ; q[1]      ; q[24]    ; CLOCK_50     ; CLOCK_50    ; 1.000        ; 0.007      ; 1.830      ;
; -0.762 ; q[2]      ; q[31]    ; CLOCK_50     ; CLOCK_50    ; 1.000        ; 0.006      ; 1.800      ;
; -0.759 ; q[4]      ; q[12]    ; CLOCK_50     ; CLOCK_50    ; 1.000        ; 0.001      ; 1.792      ;
; -0.759 ; q[2]      ; q[24]    ; CLOCK_50     ; CLOCK_50    ; 1.000        ; 0.007      ; 1.798      ;
; -0.759 ; q[1]      ; q[30]    ; CLOCK_50     ; CLOCK_50    ; 1.000        ; 0.006      ; 1.797      ;
; -0.758 ; q[4]      ; clock_1s ; CLOCK_50     ; CLOCK_50    ; 1.000        ; 0.001      ; 1.791      ;
; -0.757 ; q[4]      ; q[13]    ; CLOCK_50     ; CLOCK_50    ; 1.000        ; 0.001      ; 1.790      ;
; -0.757 ; q[4]      ; q[14]    ; CLOCK_50     ; CLOCK_50    ; 1.000        ; 0.001      ; 1.790      ;
; -0.757 ; q[0]      ; q[29]    ; CLOCK_50     ; CLOCK_50    ; 1.000        ; 0.006      ; 1.795      ;
; -0.755 ; q[4]      ; q[11]    ; CLOCK_50     ; CLOCK_50    ; 1.000        ; 0.001      ; 1.788      ;
; -0.755 ; q[4]      ; q[6]     ; CLOCK_50     ; CLOCK_50    ; 1.000        ; 0.001      ; 1.788      ;
; -0.738 ; q[3]      ; q[31]    ; CLOCK_50     ; CLOCK_50    ; 1.000        ; 0.006      ; 1.776      ;
; -0.735 ; q[3]      ; q[24]    ; CLOCK_50     ; CLOCK_50    ; 1.000        ; 0.007      ; 1.774      ;
; -0.727 ; q[2]      ; q[30]    ; CLOCK_50     ; CLOCK_50    ; 1.000        ; 0.006      ; 1.765      ;
; -0.724 ; q[1]      ; q[29]    ; CLOCK_50     ; CLOCK_50    ; 1.000        ; 0.006      ; 1.762      ;
; -0.722 ; q[0]      ; q[28]    ; CLOCK_50     ; CLOCK_50    ; 1.000        ; 0.006      ; 1.760      ;
; -0.705 ; q[6]      ; q[31]    ; CLOCK_50     ; CLOCK_50    ; 1.000        ; 0.005      ; 1.742      ;
; -0.703 ; q[3]      ; q[30]    ; CLOCK_50     ; CLOCK_50    ; 1.000        ; 0.006      ; 1.741      ;
; -0.702 ; q[6]      ; q[24]    ; CLOCK_50     ; CLOCK_50    ; 1.000        ; 0.006      ; 1.740      ;
; -0.699 ; q[0]      ; q[22]    ; CLOCK_50     ; CLOCK_50    ; 1.000        ; 0.007      ; 1.738      ;
; -0.697 ; q[7]      ; q[12]    ; CLOCK_50     ; CLOCK_50    ; 1.000        ; 0.001      ; 1.730      ;
; -0.696 ; q[7]      ; clock_1s ; CLOCK_50     ; CLOCK_50    ; 1.000        ; 0.001      ; 1.729      ;
; -0.695 ; q[7]      ; q[13]    ; CLOCK_50     ; CLOCK_50    ; 1.000        ; 0.001      ; 1.728      ;
; -0.695 ; q[7]      ; q[14]    ; CLOCK_50     ; CLOCK_50    ; 1.000        ; 0.001      ; 1.728      ;
; -0.693 ; q[4]      ; q[31]    ; CLOCK_50     ; CLOCK_50    ; 1.000        ; 0.006      ; 1.731      ;
; -0.693 ; q[7]      ; q[11]    ; CLOCK_50     ; CLOCK_50    ; 1.000        ; 0.001      ; 1.726      ;
; -0.693 ; q[7]      ; q[6]     ; CLOCK_50     ; CLOCK_50    ; 1.000        ; 0.001      ; 1.726      ;
; -0.692 ; q[2]      ; q[29]    ; CLOCK_50     ; CLOCK_50    ; 1.000        ; 0.006      ; 1.730      ;
; -0.690 ; q[4]      ; q[24]    ; CLOCK_50     ; CLOCK_50    ; 1.000        ; 0.007      ; 1.729      ;
; -0.689 ; q[1]      ; q[28]    ; CLOCK_50     ; CLOCK_50    ; 1.000        ; 0.006      ; 1.727      ;
; -0.687 ; q[0]      ; q[27]    ; CLOCK_50     ; CLOCK_50    ; 1.000        ; 0.006      ; 1.725      ;
; -0.680 ; q[8]      ; q[12]    ; CLOCK_50     ; CLOCK_50    ; 1.000        ; 0.001      ; 1.713      ;
; -0.679 ; q[8]      ; clock_1s ; CLOCK_50     ; CLOCK_50    ; 1.000        ; 0.001      ; 1.712      ;
; -0.678 ; q[8]      ; q[13]    ; CLOCK_50     ; CLOCK_50    ; 1.000        ; 0.001      ; 1.711      ;
; -0.678 ; q[8]      ; q[14]    ; CLOCK_50     ; CLOCK_50    ; 1.000        ; 0.001      ; 1.711      ;
; -0.676 ; q[8]      ; q[11]    ; CLOCK_50     ; CLOCK_50    ; 1.000        ; 0.001      ; 1.709      ;
; -0.676 ; q[8]      ; q[6]     ; CLOCK_50     ; CLOCK_50    ; 1.000        ; 0.001      ; 1.709      ;
; -0.674 ; q[0]      ; q[16]    ; CLOCK_50     ; CLOCK_50    ; 1.000        ; 0.007      ; 1.713      ;
; -0.674 ; q[4]      ; q[22]    ; CLOCK_50     ; CLOCK_50    ; 1.000        ; 0.007      ; 1.713      ;
; -0.672 ; q[4]      ; q[16]    ; CLOCK_50     ; CLOCK_50    ; 1.000        ; 0.007      ; 1.711      ;
; -0.670 ; q[0]      ; q[19]    ; CLOCK_50     ; CLOCK_50    ; 1.000        ; 0.007      ; 1.709      ;
; -0.670 ; q[6]      ; q[30]    ; CLOCK_50     ; CLOCK_50    ; 1.000        ; 0.005      ; 1.707      ;
; -0.668 ; q[4]      ; q[20]    ; CLOCK_50     ; CLOCK_50    ; 1.000        ; 0.007      ; 1.707      ;
; -0.668 ; q[5]      ; q[31]    ; CLOCK_50     ; CLOCK_50    ; 1.000        ; 0.006      ; 1.706      ;
; -0.668 ; q[3]      ; q[29]    ; CLOCK_50     ; CLOCK_50    ; 1.000        ; 0.006      ; 1.706      ;
; -0.666 ; q[4]      ; q[21]    ; CLOCK_50     ; CLOCK_50    ; 1.000        ; 0.007      ; 1.705      ;
; -0.666 ; q[1]      ; q[22]    ; CLOCK_50     ; CLOCK_50    ; 1.000        ; 0.007      ; 1.705      ;
; -0.666 ; q[0]      ; q[21]    ; CLOCK_50     ; CLOCK_50    ; 1.000        ; 0.007      ; 1.705      ;
; -0.665 ; q[5]      ; q[24]    ; CLOCK_50     ; CLOCK_50    ; 1.000        ; 0.007      ; 1.704      ;
; -0.658 ; q[4]      ; q[30]    ; CLOCK_50     ; CLOCK_50    ; 1.000        ; 0.006      ; 1.696      ;
; -0.657 ; q[2]      ; q[28]    ; CLOCK_50     ; CLOCK_50    ; 1.000        ; 0.006      ; 1.695      ;
; -0.654 ; q[1]      ; q[27]    ; CLOCK_50     ; CLOCK_50    ; 1.000        ; 0.006      ; 1.692      ;
; -0.652 ; q[0]      ; q[26]    ; CLOCK_50     ; CLOCK_50    ; 1.000        ; 0.006      ; 1.690      ;
; -0.641 ; q[1]      ; q[16]    ; CLOCK_50     ; CLOCK_50    ; 1.000        ; 0.007      ; 1.680      ;
; -0.637 ; q[1]      ; q[19]    ; CLOCK_50     ; CLOCK_50    ; 1.000        ; 0.007      ; 1.676      ;
; -0.635 ; q[6]      ; q[29]    ; CLOCK_50     ; CLOCK_50    ; 1.000        ; 0.005      ; 1.672      ;
; -0.634 ; q[2]      ; q[22]    ; CLOCK_50     ; CLOCK_50    ; 1.000        ; 0.007      ; 1.673      ;
; -0.633 ; q[5]      ; q[30]    ; CLOCK_50     ; CLOCK_50    ; 1.000        ; 0.006      ; 1.671      ;
; -0.633 ; q[3]      ; q[28]    ; CLOCK_50     ; CLOCK_50    ; 1.000        ; 0.006      ; 1.671      ;
; -0.633 ; q[1]      ; q[21]    ; CLOCK_50     ; CLOCK_50    ; 1.000        ; 0.007      ; 1.672      ;
; -0.631 ; q[0]      ; q[18]    ; CLOCK_50     ; CLOCK_50    ; 1.000        ; 0.007      ; 1.670      ;
; -0.631 ; q[0]      ; q[20]    ; CLOCK_50     ; CLOCK_50    ; 1.000        ; 0.007      ; 1.670      ;
; -0.623 ; q[4]      ; q[29]    ; CLOCK_50     ; CLOCK_50    ; 1.000        ; 0.006      ; 1.661      ;
; -0.622 ; q[2]      ; q[27]    ; CLOCK_50     ; CLOCK_50    ; 1.000        ; 0.006      ; 1.660      ;
; -0.619 ; q[1]      ; q[26]    ; CLOCK_50     ; CLOCK_50    ; 1.000        ; 0.006      ; 1.657      ;
; -0.617 ; q[0]      ; q[25]    ; CLOCK_50     ; CLOCK_50    ; 1.000        ; 0.006      ; 1.655      ;
; -0.616 ; q[6]      ; q[12]    ; CLOCK_50     ; CLOCK_50    ; 1.000        ; 0.000      ; 1.648      ;
; -0.615 ; q[6]      ; clock_1s ; CLOCK_50     ; CLOCK_50    ; 1.000        ; 0.000      ; 1.647      ;
; -0.614 ; q[6]      ; q[13]    ; CLOCK_50     ; CLOCK_50    ; 1.000        ; 0.000      ; 1.646      ;
; -0.614 ; q[6]      ; q[14]    ; CLOCK_50     ; CLOCK_50    ; 1.000        ; 0.000      ; 1.646      ;
; -0.612 ; q[6]      ; q[11]    ; CLOCK_50     ; CLOCK_50    ; 1.000        ; 0.000      ; 1.644      ;
; -0.612 ; q[6]      ; q[6]     ; CLOCK_50     ; CLOCK_50    ; 1.000        ; 0.000      ; 1.644      ;
; -0.612 ; q[7]      ; q[24]    ; CLOCK_50     ; CLOCK_50    ; 1.000        ; 0.007      ; 1.651      ;
; -0.612 ; q[7]      ; q[22]    ; CLOCK_50     ; CLOCK_50    ; 1.000        ; 0.007      ; 1.651      ;
; -0.610 ; q[0]      ; q[12]    ; CLOCK_50     ; CLOCK_50    ; 1.000        ; 0.001      ; 1.643      ;
; -0.610 ; q[3]      ; q[22]    ; CLOCK_50     ; CLOCK_50    ; 1.000        ; 0.007      ; 1.649      ;
; -0.610 ; q[7]      ; q[16]    ; CLOCK_50     ; CLOCK_50    ; 1.000        ; 0.007      ; 1.649      ;
; -0.609 ; q[0]      ; clock_1s ; CLOCK_50     ; CLOCK_50    ; 1.000        ; 0.001      ; 1.642      ;
; -0.609 ; q[2]      ; q[16]    ; CLOCK_50     ; CLOCK_50    ; 1.000        ; 0.007      ; 1.648      ;
; -0.608 ; q[0]      ; q[13]    ; CLOCK_50     ; CLOCK_50    ; 1.000        ; 0.001      ; 1.641      ;
; -0.608 ; q[0]      ; q[14]    ; CLOCK_50     ; CLOCK_50    ; 1.000        ; 0.001      ; 1.641      ;
; -0.606 ; q[0]      ; q[11]    ; CLOCK_50     ; CLOCK_50    ; 1.000        ; 0.001      ; 1.639      ;
; -0.606 ; q[0]      ; q[6]     ; CLOCK_50     ; CLOCK_50    ; 1.000        ; 0.001      ; 1.639      ;
; -0.606 ; q[7]      ; q[20]    ; CLOCK_50     ; CLOCK_50    ; 1.000        ; 0.007      ; 1.645      ;
; -0.605 ; q[2]      ; q[19]    ; CLOCK_50     ; CLOCK_50    ; 1.000        ; 0.007      ; 1.644      ;
; -0.604 ; q[7]      ; q[21]    ; CLOCK_50     ; CLOCK_50    ; 1.000        ; 0.007      ; 1.643      ;
; -0.601 ; q[2]      ; q[21]    ; CLOCK_50     ; CLOCK_50    ; 1.000        ; 0.007      ; 1.640      ;
; -0.600 ; q[6]      ; q[28]    ; CLOCK_50     ; CLOCK_50    ; 1.000        ; 0.005      ; 1.637      ;
; -0.598 ; q[5]      ; q[29]    ; CLOCK_50     ; CLOCK_50    ; 1.000        ; 0.006      ; 1.636      ;
; -0.598 ; q[3]      ; q[27]    ; CLOCK_50     ; CLOCK_50    ; 1.000        ; 0.006      ; 1.636      ;
; -0.598 ; q[1]      ; q[18]    ; CLOCK_50     ; CLOCK_50    ; 1.000        ; 0.007      ; 1.637      ;
; -0.598 ; q[1]      ; q[20]    ; CLOCK_50     ; CLOCK_50    ; 1.000        ; 0.007      ; 1.637      ;
; -0.598 ; q[2]      ; q[12]    ; CLOCK_50     ; CLOCK_50    ; 1.000        ; 0.001      ; 1.631      ;
; -0.597 ; q[2]      ; clock_1s ; CLOCK_50     ; CLOCK_50    ; 1.000        ; 0.001      ; 1.630      ;
; -0.596 ; q[2]      ; q[13]    ; CLOCK_50     ; CLOCK_50    ; 1.000        ; 0.001      ; 1.629      ;
; -0.596 ; q[2]      ; q[14]    ; CLOCK_50     ; CLOCK_50    ; 1.000        ; 0.001      ; 1.629      ;
+--------+-----------+----------+--------------+-------------+--------------+------------+------------+


+----------------------------------------------------------------------------------------------------+
; Fast Model Setup: 'clock_1s'                                                                       ;
+--------+-----------+---------+--------------+-------------+--------------+------------+------------+
; Slack  ; From Node ; To Node ; Launch Clock ; Latch Clock ; Relationship ; Clock Skew ; Data Delay ;
+--------+-----------+---------+--------------+-------------+--------------+------------+------------+
; -0.382 ; s0[3]     ; m1[0]   ; clock_1s     ; clock_1s    ; 1.000        ; -0.002     ; 1.412      ;
; -0.382 ; s0[3]     ; m1[2]   ; clock_1s     ; clock_1s    ; 1.000        ; -0.002     ; 1.412      ;
; -0.382 ; s0[3]     ; m1[1]   ; clock_1s     ; clock_1s    ; 1.000        ; -0.002     ; 1.412      ;
; -0.374 ; s0[3]     ; m0[0]   ; clock_1s     ; clock_1s    ; 1.000        ; -0.002     ; 1.404      ;
; -0.374 ; s0[3]     ; m0[3]   ; clock_1s     ; clock_1s    ; 1.000        ; -0.002     ; 1.404      ;
; -0.374 ; s0[3]     ; m0[1]   ; clock_1s     ; clock_1s    ; 1.000        ; -0.002     ; 1.404      ;
; -0.363 ; s0[1]     ; m1[0]   ; clock_1s     ; clock_1s    ; 1.000        ; -0.002     ; 1.393      ;
; -0.363 ; s0[1]     ; m1[2]   ; clock_1s     ; clock_1s    ; 1.000        ; -0.002     ; 1.393      ;
; -0.363 ; s0[1]     ; m1[1]   ; clock_1s     ; clock_1s    ; 1.000        ; -0.002     ; 1.393      ;
; -0.355 ; s0[1]     ; m0[0]   ; clock_1s     ; clock_1s    ; 1.000        ; -0.002     ; 1.385      ;
; -0.355 ; s0[1]     ; m0[3]   ; clock_1s     ; clock_1s    ; 1.000        ; -0.002     ; 1.385      ;
; -0.355 ; s0[1]     ; m0[1]   ; clock_1s     ; clock_1s    ; 1.000        ; -0.002     ; 1.385      ;
; -0.340 ; m1[2]     ; h0[0]   ; clock_1s     ; clock_1s    ; 1.000        ; -0.002     ; 1.370      ;
; -0.340 ; m1[2]     ; h0[2]   ; clock_1s     ; clock_1s    ; 1.000        ; -0.002     ; 1.370      ;
; -0.340 ; m1[2]     ; h0[3]   ; clock_1s     ; clock_1s    ; 1.000        ; -0.002     ; 1.370      ;
; -0.340 ; m1[2]     ; h0[1]   ; clock_1s     ; clock_1s    ; 1.000        ; -0.002     ; 1.370      ;
; -0.334 ; m1[2]     ; h1[2]   ; clock_1s     ; clock_1s    ; 1.000        ; -0.004     ; 1.362      ;
; -0.331 ; m1[2]     ; h1[3]   ; clock_1s     ; clock_1s    ; 1.000        ; -0.004     ; 1.359      ;
; -0.329 ; m1[2]     ; h1[1]   ; clock_1s     ; clock_1s    ; 1.000        ; -0.004     ; 1.357      ;
; -0.320 ; s0[0]     ; m1[0]   ; clock_1s     ; clock_1s    ; 1.000        ; -0.002     ; 1.350      ;
; -0.320 ; s0[0]     ; m1[2]   ; clock_1s     ; clock_1s    ; 1.000        ; -0.002     ; 1.350      ;
; -0.320 ; s0[0]     ; m1[1]   ; clock_1s     ; clock_1s    ; 1.000        ; -0.002     ; 1.350      ;
; -0.312 ; s0[0]     ; m0[0]   ; clock_1s     ; clock_1s    ; 1.000        ; -0.002     ; 1.342      ;
; -0.312 ; s0[0]     ; m0[3]   ; clock_1s     ; clock_1s    ; 1.000        ; -0.002     ; 1.342      ;
; -0.312 ; s0[0]     ; m0[1]   ; clock_1s     ; clock_1s    ; 1.000        ; -0.002     ; 1.342      ;
; -0.298 ; m0[1]     ; h0[0]   ; clock_1s     ; clock_1s    ; 1.000        ; -0.002     ; 1.328      ;
; -0.298 ; m0[1]     ; h0[2]   ; clock_1s     ; clock_1s    ; 1.000        ; -0.002     ; 1.328      ;
; -0.298 ; m0[1]     ; h0[3]   ; clock_1s     ; clock_1s    ; 1.000        ; -0.002     ; 1.328      ;
; -0.298 ; m0[1]     ; h0[1]   ; clock_1s     ; clock_1s    ; 1.000        ; -0.002     ; 1.328      ;
; -0.297 ; s1[1]     ; h0[0]   ; clock_1s     ; clock_1s    ; 1.000        ; 0.002      ; 1.331      ;
; -0.297 ; s1[1]     ; h0[2]   ; clock_1s     ; clock_1s    ; 1.000        ; 0.002      ; 1.331      ;
; -0.297 ; s1[1]     ; h0[3]   ; clock_1s     ; clock_1s    ; 1.000        ; 0.002      ; 1.331      ;
; -0.297 ; s1[1]     ; h0[1]   ; clock_1s     ; clock_1s    ; 1.000        ; 0.002      ; 1.331      ;
; -0.292 ; s0[3]     ; h0[0]   ; clock_1s     ; clock_1s    ; 1.000        ; -0.004     ; 1.320      ;
; -0.292 ; m1[0]     ; h0[0]   ; clock_1s     ; clock_1s    ; 1.000        ; -0.002     ; 1.322      ;
; -0.292 ; s0[3]     ; h0[2]   ; clock_1s     ; clock_1s    ; 1.000        ; -0.004     ; 1.320      ;
; -0.292 ; m1[0]     ; h0[2]   ; clock_1s     ; clock_1s    ; 1.000        ; -0.002     ; 1.322      ;
; -0.292 ; s0[3]     ; h0[3]   ; clock_1s     ; clock_1s    ; 1.000        ; -0.004     ; 1.320      ;
; -0.292 ; m1[0]     ; h0[3]   ; clock_1s     ; clock_1s    ; 1.000        ; -0.002     ; 1.322      ;
; -0.292 ; s0[3]     ; h0[1]   ; clock_1s     ; clock_1s    ; 1.000        ; -0.004     ; 1.320      ;
; -0.292 ; m1[0]     ; h0[1]   ; clock_1s     ; clock_1s    ; 1.000        ; -0.002     ; 1.322      ;
; -0.292 ; m0[1]     ; h1[2]   ; clock_1s     ; clock_1s    ; 1.000        ; -0.004     ; 1.320      ;
; -0.291 ; s1[1]     ; h1[2]   ; clock_1s     ; clock_1s    ; 1.000        ; 0.000      ; 1.323      ;
; -0.289 ; m0[1]     ; h1[3]   ; clock_1s     ; clock_1s    ; 1.000        ; -0.004     ; 1.317      ;
; -0.288 ; s1[1]     ; h1[3]   ; clock_1s     ; clock_1s    ; 1.000        ; 0.000      ; 1.320      ;
; -0.287 ; m0[1]     ; h1[1]   ; clock_1s     ; clock_1s    ; 1.000        ; -0.004     ; 1.315      ;
; -0.287 ; m0[3]     ; h0[0]   ; clock_1s     ; clock_1s    ; 1.000        ; -0.002     ; 1.317      ;
; -0.287 ; m0[3]     ; h0[2]   ; clock_1s     ; clock_1s    ; 1.000        ; -0.002     ; 1.317      ;
; -0.287 ; m0[3]     ; h0[3]   ; clock_1s     ; clock_1s    ; 1.000        ; -0.002     ; 1.317      ;
; -0.287 ; m0[3]     ; h0[1]   ; clock_1s     ; clock_1s    ; 1.000        ; -0.002     ; 1.317      ;
; -0.286 ; s0[3]     ; h1[2]   ; clock_1s     ; clock_1s    ; 1.000        ; -0.006     ; 1.312      ;
; -0.286 ; m1[0]     ; h1[2]   ; clock_1s     ; clock_1s    ; 1.000        ; -0.004     ; 1.314      ;
; -0.286 ; s1[1]     ; h1[1]   ; clock_1s     ; clock_1s    ; 1.000        ; 0.000      ; 1.318      ;
; -0.283 ; s0[3]     ; h1[3]   ; clock_1s     ; clock_1s    ; 1.000        ; -0.006     ; 1.309      ;
; -0.283 ; m1[0]     ; h1[3]   ; clock_1s     ; clock_1s    ; 1.000        ; -0.004     ; 1.311      ;
; -0.281 ; s0[3]     ; h1[1]   ; clock_1s     ; clock_1s    ; 1.000        ; -0.006     ; 1.307      ;
; -0.281 ; m1[0]     ; h1[1]   ; clock_1s     ; clock_1s    ; 1.000        ; -0.004     ; 1.309      ;
; -0.281 ; m0[3]     ; h1[2]   ; clock_1s     ; clock_1s    ; 1.000        ; -0.004     ; 1.309      ;
; -0.278 ; m0[3]     ; h1[3]   ; clock_1s     ; clock_1s    ; 1.000        ; -0.004     ; 1.306      ;
; -0.276 ; m0[3]     ; h1[1]   ; clock_1s     ; clock_1s    ; 1.000        ; -0.004     ; 1.304      ;
; -0.273 ; s0[1]     ; h0[0]   ; clock_1s     ; clock_1s    ; 1.000        ; -0.004     ; 1.301      ;
; -0.273 ; s0[1]     ; h0[2]   ; clock_1s     ; clock_1s    ; 1.000        ; -0.004     ; 1.301      ;
; -0.273 ; s0[1]     ; h0[3]   ; clock_1s     ; clock_1s    ; 1.000        ; -0.004     ; 1.301      ;
; -0.273 ; s0[1]     ; h0[1]   ; clock_1s     ; clock_1s    ; 1.000        ; -0.004     ; 1.301      ;
; -0.272 ; s1[2]     ; h0[0]   ; clock_1s     ; clock_1s    ; 1.000        ; 0.002      ; 1.306      ;
; -0.272 ; s1[2]     ; h0[2]   ; clock_1s     ; clock_1s    ; 1.000        ; 0.002      ; 1.306      ;
; -0.272 ; s1[2]     ; h0[3]   ; clock_1s     ; clock_1s    ; 1.000        ; 0.002      ; 1.306      ;
; -0.272 ; s1[2]     ; h0[1]   ; clock_1s     ; clock_1s    ; 1.000        ; 0.002      ; 1.306      ;
; -0.267 ; s0[1]     ; h1[2]   ; clock_1s     ; clock_1s    ; 1.000        ; -0.006     ; 1.293      ;
; -0.266 ; s1[2]     ; h1[2]   ; clock_1s     ; clock_1s    ; 1.000        ; 0.000      ; 1.298      ;
; -0.264 ; s0[1]     ; h1[3]   ; clock_1s     ; clock_1s    ; 1.000        ; -0.006     ; 1.290      ;
; -0.263 ; s1[2]     ; h1[3]   ; clock_1s     ; clock_1s    ; 1.000        ; 0.000      ; 1.295      ;
; -0.262 ; s1[1]     ; m1[0]   ; clock_1s     ; clock_1s    ; 1.000        ; 0.004      ; 1.298      ;
; -0.262 ; s1[1]     ; m1[2]   ; clock_1s     ; clock_1s    ; 1.000        ; 0.004      ; 1.298      ;
; -0.262 ; s1[1]     ; m1[1]   ; clock_1s     ; clock_1s    ; 1.000        ; 0.004      ; 1.298      ;
; -0.262 ; s0[1]     ; h1[1]   ; clock_1s     ; clock_1s    ; 1.000        ; -0.006     ; 1.288      ;
; -0.261 ; s1[2]     ; h1[1]   ; clock_1s     ; clock_1s    ; 1.000        ; 0.000      ; 1.293      ;
; -0.253 ; s1[1]     ; m0[0]   ; clock_1s     ; clock_1s    ; 1.000        ; 0.004      ; 1.289      ;
; -0.253 ; s1[1]     ; m0[3]   ; clock_1s     ; clock_1s    ; 1.000        ; 0.004      ; 1.289      ;
; -0.253 ; s1[1]     ; m0[1]   ; clock_1s     ; clock_1s    ; 1.000        ; 0.004      ; 1.289      ;
; -0.250 ; s0[2]     ; m1[0]   ; clock_1s     ; clock_1s    ; 1.000        ; -0.002     ; 1.280      ;
; -0.250 ; s0[2]     ; m1[2]   ; clock_1s     ; clock_1s    ; 1.000        ; -0.002     ; 1.280      ;
; -0.250 ; s0[2]     ; m1[1]   ; clock_1s     ; clock_1s    ; 1.000        ; -0.002     ; 1.280      ;
; -0.249 ; m0[1]     ; m1[0]   ; clock_1s     ; clock_1s    ; 1.000        ; 0.000      ; 1.281      ;
; -0.249 ; m0[1]     ; m1[2]   ; clock_1s     ; clock_1s    ; 1.000        ; 0.000      ; 1.281      ;
; -0.249 ; m0[1]     ; m1[1]   ; clock_1s     ; clock_1s    ; 1.000        ; 0.000      ; 1.281      ;
; -0.248 ; m0[0]     ; h0[0]   ; clock_1s     ; clock_1s    ; 1.000        ; -0.002     ; 1.278      ;
; -0.248 ; m0[0]     ; h0[2]   ; clock_1s     ; clock_1s    ; 1.000        ; -0.002     ; 1.278      ;
; -0.248 ; m0[0]     ; h0[3]   ; clock_1s     ; clock_1s    ; 1.000        ; -0.002     ; 1.278      ;
; -0.248 ; m0[0]     ; h0[1]   ; clock_1s     ; clock_1s    ; 1.000        ; -0.002     ; 1.278      ;
; -0.242 ; s0[2]     ; m0[0]   ; clock_1s     ; clock_1s    ; 1.000        ; -0.002     ; 1.272      ;
; -0.242 ; s0[2]     ; m0[3]   ; clock_1s     ; clock_1s    ; 1.000        ; -0.002     ; 1.272      ;
; -0.242 ; s0[2]     ; m0[1]   ; clock_1s     ; clock_1s    ; 1.000        ; -0.002     ; 1.272      ;
; -0.242 ; m0[0]     ; h1[2]   ; clock_1s     ; clock_1s    ; 1.000        ; -0.004     ; 1.270      ;
; -0.239 ; m0[0]     ; h1[3]   ; clock_1s     ; clock_1s    ; 1.000        ; -0.004     ; 1.267      ;
; -0.238 ; m0[3]     ; m1[0]   ; clock_1s     ; clock_1s    ; 1.000        ; 0.000      ; 1.270      ;
; -0.238 ; m0[3]     ; m1[2]   ; clock_1s     ; clock_1s    ; 1.000        ; 0.000      ; 1.270      ;
; -0.238 ; m0[3]     ; m1[1]   ; clock_1s     ; clock_1s    ; 1.000        ; 0.000      ; 1.270      ;
; -0.237 ; m0[0]     ; h1[1]   ; clock_1s     ; clock_1s    ; 1.000        ; -0.004     ; 1.265      ;
; -0.237 ; s1[2]     ; m1[0]   ; clock_1s     ; clock_1s    ; 1.000        ; 0.004      ; 1.273      ;
+--------+-----------+---------+--------------+-------------+--------------+------------+------------+


+-----------------------------------------------------------------------------------------------------+
; Fast Model Hold: 'CLOCK_50'                                                                         ;
+--------+-----------+----------+--------------+-------------+--------------+------------+------------+
; Slack  ; From Node ; To Node  ; Launch Clock ; Latch Clock ; Relationship ; Clock Skew ; Data Delay ;
+--------+-----------+----------+--------------+-------------+--------------+------------+------------+
; -1.571 ; clock_1s  ; clock_1s ; clock_1s     ; CLOCK_50    ; 0.000        ; 1.645      ; 0.367      ;
; -1.071 ; clock_1s  ; clock_1s ; clock_1s     ; CLOCK_50    ; -0.500       ; 1.645      ; 0.367      ;
; 0.243  ; q[31]     ; q[31]    ; CLOCK_50     ; CLOCK_50    ; 0.000        ; 0.000      ; 0.395      ;
; 0.355  ; q[0]      ; q[0]     ; CLOCK_50     ; CLOCK_50    ; 0.000        ; 0.000      ; 0.507      ;
; 0.356  ; q[23]     ; q[23]    ; CLOCK_50     ; CLOCK_50    ; 0.000        ; 0.000      ; 0.508      ;
; 0.357  ; q[1]      ; q[1]     ; CLOCK_50     ; CLOCK_50    ; 0.000        ; 0.000      ; 0.509      ;
; 0.357  ; q[9]      ; q[9]     ; CLOCK_50     ; CLOCK_50    ; 0.000        ; 0.000      ; 0.509      ;
; 0.357  ; q[15]     ; q[15]    ; CLOCK_50     ; CLOCK_50    ; 0.000        ; 0.000      ; 0.509      ;
; 0.359  ; q[17]     ; q[17]    ; CLOCK_50     ; CLOCK_50    ; 0.000        ; 0.000      ; 0.511      ;
; 0.360  ; q[2]      ; q[2]     ; CLOCK_50     ; CLOCK_50    ; 0.000        ; 0.000      ; 0.512      ;
; 0.360  ; q[25]     ; q[25]    ; CLOCK_50     ; CLOCK_50    ; 0.000        ; 0.000      ; 0.512      ;
; 0.360  ; q[27]     ; q[27]    ; CLOCK_50     ; CLOCK_50    ; 0.000        ; 0.000      ; 0.512      ;
; 0.361  ; q[4]      ; q[4]     ; CLOCK_50     ; CLOCK_50    ; 0.000        ; 0.000      ; 0.513      ;
; 0.361  ; q[7]      ; q[7]     ; CLOCK_50     ; CLOCK_50    ; 0.000        ; 0.000      ; 0.513      ;
; 0.361  ; q[29]     ; q[29]    ; CLOCK_50     ; CLOCK_50    ; 0.000        ; 0.000      ; 0.513      ;
; 0.361  ; q[30]     ; q[30]    ; CLOCK_50     ; CLOCK_50    ; 0.000        ; 0.000      ; 0.513      ;
; 0.369  ; q[3]      ; q[3]     ; CLOCK_50     ; CLOCK_50    ; 0.000        ; 0.000      ; 0.521      ;
; 0.369  ; q[5]      ; q[5]     ; CLOCK_50     ; CLOCK_50    ; 0.000        ; 0.000      ; 0.521      ;
; 0.369  ; q[8]      ; q[8]     ; CLOCK_50     ; CLOCK_50    ; 0.000        ; 0.000      ; 0.521      ;
; 0.369  ; q[10]     ; q[10]    ; CLOCK_50     ; CLOCK_50    ; 0.000        ; 0.000      ; 0.521      ;
; 0.369  ; q[26]     ; q[26]    ; CLOCK_50     ; CLOCK_50    ; 0.000        ; 0.000      ; 0.521      ;
; 0.369  ; q[28]     ; q[28]    ; CLOCK_50     ; CLOCK_50    ; 0.000        ; 0.000      ; 0.521      ;
; 0.493  ; q[0]      ; q[1]     ; CLOCK_50     ; CLOCK_50    ; 0.000        ; 0.000      ; 0.645      ;
; 0.495  ; q[1]      ; q[2]     ; CLOCK_50     ; CLOCK_50    ; 0.000        ; 0.000      ; 0.647      ;
; 0.495  ; q[9]      ; q[10]    ; CLOCK_50     ; CLOCK_50    ; 0.000        ; 0.000      ; 0.647      ;
; 0.498  ; q[2]      ; q[3]     ; CLOCK_50     ; CLOCK_50    ; 0.000        ; 0.000      ; 0.650      ;
; 0.498  ; q[25]     ; q[26]    ; CLOCK_50     ; CLOCK_50    ; 0.000        ; 0.000      ; 0.650      ;
; 0.498  ; q[27]     ; q[28]    ; CLOCK_50     ; CLOCK_50    ; 0.000        ; 0.000      ; 0.650      ;
; 0.499  ; q[30]     ; q[31]    ; CLOCK_50     ; CLOCK_50    ; 0.000        ; 0.000      ; 0.651      ;
; 0.499  ; q[29]     ; q[30]    ; CLOCK_50     ; CLOCK_50    ; 0.000        ; 0.000      ; 0.651      ;
; 0.499  ; q[4]      ; q[5]     ; CLOCK_50     ; CLOCK_50    ; 0.000        ; 0.000      ; 0.651      ;
; 0.509  ; q[8]      ; q[9]     ; CLOCK_50     ; CLOCK_50    ; 0.000        ; 0.000      ; 0.661      ;
; 0.509  ; q[26]     ; q[27]    ; CLOCK_50     ; CLOCK_50    ; 0.000        ; 0.000      ; 0.661      ;
; 0.509  ; q[3]      ; q[4]     ; CLOCK_50     ; CLOCK_50    ; 0.000        ; 0.000      ; 0.661      ;
; 0.509  ; q[28]     ; q[29]    ; CLOCK_50     ; CLOCK_50    ; 0.000        ; 0.000      ; 0.661      ;
; 0.528  ; q[0]      ; q[2]     ; CLOCK_50     ; CLOCK_50    ; 0.000        ; 0.000      ; 0.680      ;
; 0.530  ; q[1]      ; q[3]     ; CLOCK_50     ; CLOCK_50    ; 0.000        ; 0.000      ; 0.682      ;
; 0.533  ; q[25]     ; q[27]    ; CLOCK_50     ; CLOCK_50    ; 0.000        ; 0.000      ; 0.685      ;
; 0.533  ; q[2]      ; q[4]     ; CLOCK_50     ; CLOCK_50    ; 0.000        ; 0.000      ; 0.685      ;
; 0.533  ; q[27]     ; q[29]    ; CLOCK_50     ; CLOCK_50    ; 0.000        ; 0.000      ; 0.685      ;
; 0.534  ; q[29]     ; q[31]    ; CLOCK_50     ; CLOCK_50    ; 0.000        ; 0.000      ; 0.686      ;
; 0.544  ; q[5]      ; q[7]     ; CLOCK_50     ; CLOCK_50    ; 0.000        ; 0.000      ; 0.696      ;
; 0.544  ; q[8]      ; q[10]    ; CLOCK_50     ; CLOCK_50    ; 0.000        ; 0.000      ; 0.696      ;
; 0.544  ; q[26]     ; q[28]    ; CLOCK_50     ; CLOCK_50    ; 0.000        ; 0.000      ; 0.696      ;
; 0.544  ; q[28]     ; q[30]    ; CLOCK_50     ; CLOCK_50    ; 0.000        ; 0.000      ; 0.696      ;
; 0.544  ; q[3]      ; q[5]     ; CLOCK_50     ; CLOCK_50    ; 0.000        ; 0.000      ; 0.696      ;
; 0.554  ; q[7]      ; q[8]     ; CLOCK_50     ; CLOCK_50    ; 0.000        ; 0.000      ; 0.706      ;
; 0.563  ; q[0]      ; q[3]     ; CLOCK_50     ; CLOCK_50    ; 0.000        ; 0.000      ; 0.715      ;
; 0.565  ; q[1]      ; q[4]     ; CLOCK_50     ; CLOCK_50    ; 0.000        ; 0.000      ; 0.717      ;
; 0.568  ; q[25]     ; q[28]    ; CLOCK_50     ; CLOCK_50    ; 0.000        ; 0.000      ; 0.720      ;
; 0.568  ; q[27]     ; q[30]    ; CLOCK_50     ; CLOCK_50    ; 0.000        ; 0.000      ; 0.720      ;
; 0.568  ; q[2]      ; q[5]     ; CLOCK_50     ; CLOCK_50    ; 0.000        ; 0.000      ; 0.720      ;
; 0.569  ; q[14]     ; q[15]    ; CLOCK_50     ; CLOCK_50    ; 0.000        ; -0.001     ; 0.720      ;
; 0.569  ; q[4]      ; q[7]     ; CLOCK_50     ; CLOCK_50    ; 0.000        ; 0.000      ; 0.721      ;
; 0.571  ; q[15]     ; q[17]    ; CLOCK_50     ; CLOCK_50    ; 0.000        ; 0.006      ; 0.729      ;
; 0.572  ; q[16]     ; q[17]    ; CLOCK_50     ; CLOCK_50    ; 0.000        ; -0.001     ; 0.723      ;
; 0.579  ; q[24]     ; q[25]    ; CLOCK_50     ; CLOCK_50    ; 0.000        ; -0.001     ; 0.730      ;
; 0.579  ; q[26]     ; q[29]    ; CLOCK_50     ; CLOCK_50    ; 0.000        ; 0.000      ; 0.731      ;
; 0.579  ; q[28]     ; q[31]    ; CLOCK_50     ; CLOCK_50    ; 0.000        ; 0.000      ; 0.731      ;
; 0.581  ; q[6]      ; q[7]     ; CLOCK_50     ; CLOCK_50    ; 0.000        ; -0.001     ; 0.732      ;
; 0.582  ; q[22]     ; q[23]    ; CLOCK_50     ; CLOCK_50    ; 0.000        ; -0.001     ; 0.733      ;
; 0.584  ; q[23]     ; q[25]    ; CLOCK_50     ; CLOCK_50    ; 0.000        ; 0.000      ; 0.736      ;
; 0.589  ; q[7]      ; q[9]     ; CLOCK_50     ; CLOCK_50    ; 0.000        ; 0.000      ; 0.741      ;
; 0.598  ; q[0]      ; q[4]     ; CLOCK_50     ; CLOCK_50    ; 0.000        ; 0.000      ; 0.750      ;
; 0.600  ; q[1]      ; q[5]     ; CLOCK_50     ; CLOCK_50    ; 0.000        ; 0.000      ; 0.752      ;
; 0.603  ; q[25]     ; q[29]    ; CLOCK_50     ; CLOCK_50    ; 0.000        ; 0.000      ; 0.755      ;
; 0.603  ; q[27]     ; q[31]    ; CLOCK_50     ; CLOCK_50    ; 0.000        ; 0.000      ; 0.755      ;
; 0.604  ; q[13]     ; q[15]    ; CLOCK_50     ; CLOCK_50    ; 0.000        ; -0.001     ; 0.755      ;
; 0.614  ; q[24]     ; q[26]    ; CLOCK_50     ; CLOCK_50    ; 0.000        ; -0.001     ; 0.765      ;
; 0.614  ; q[26]     ; q[30]    ; CLOCK_50     ; CLOCK_50    ; 0.000        ; 0.000      ; 0.766      ;
; 0.614  ; q[3]      ; q[7]     ; CLOCK_50     ; CLOCK_50    ; 0.000        ; 0.000      ; 0.766      ;
; 0.619  ; q[23]     ; q[26]    ; CLOCK_50     ; CLOCK_50    ; 0.000        ; 0.000      ; 0.771      ;
; 0.624  ; q[7]      ; q[10]    ; CLOCK_50     ; CLOCK_50    ; 0.000        ; 0.000      ; 0.776      ;
; 0.624  ; q[21]     ; q[23]    ; CLOCK_50     ; CLOCK_50    ; 0.000        ; -0.001     ; 0.775      ;
; 0.633  ; q[0]      ; q[5]     ; CLOCK_50     ; CLOCK_50    ; 0.000        ; 0.000      ; 0.785      ;
; 0.638  ; q[5]      ; q[8]     ; CLOCK_50     ; CLOCK_50    ; 0.000        ; 0.000      ; 0.790      ;
; 0.638  ; q[25]     ; q[30]    ; CLOCK_50     ; CLOCK_50    ; 0.000        ; 0.000      ; 0.790      ;
; 0.638  ; q[2]      ; q[7]     ; CLOCK_50     ; CLOCK_50    ; 0.000        ; 0.000      ; 0.790      ;
; 0.649  ; q[24]     ; q[27]    ; CLOCK_50     ; CLOCK_50    ; 0.000        ; -0.001     ; 0.800      ;
; 0.649  ; q[26]     ; q[31]    ; CLOCK_50     ; CLOCK_50    ; 0.000        ; 0.000      ; 0.801      ;
; 0.649  ; q[10]     ; q[15]    ; CLOCK_50     ; CLOCK_50    ; 0.000        ; 0.000      ; 0.801      ;
; 0.649  ; q[20]     ; q[23]    ; CLOCK_50     ; CLOCK_50    ; 0.000        ; -0.001     ; 0.800      ;
; 0.654  ; q[23]     ; q[27]    ; CLOCK_50     ; CLOCK_50    ; 0.000        ; 0.000      ; 0.806      ;
; 0.660  ; q[12]     ; q[15]    ; CLOCK_50     ; CLOCK_50    ; 0.000        ; -0.001     ; 0.811      ;
; 0.663  ; q[4]      ; q[8]     ; CLOCK_50     ; CLOCK_50    ; 0.000        ; 0.000      ; 0.815      ;
; 0.670  ; q[1]      ; q[7]     ; CLOCK_50     ; CLOCK_50    ; 0.000        ; 0.000      ; 0.822      ;
; 0.670  ; q[9]      ; q[15]    ; CLOCK_50     ; CLOCK_50    ; 0.000        ; 0.000      ; 0.822      ;
; 0.672  ; q[17]     ; q[23]    ; CLOCK_50     ; CLOCK_50    ; 0.000        ; 0.000      ; 0.824      ;
; 0.673  ; q[5]      ; q[9]     ; CLOCK_50     ; CLOCK_50    ; 0.000        ; 0.000      ; 0.825      ;
; 0.673  ; q[25]     ; q[31]    ; CLOCK_50     ; CLOCK_50    ; 0.000        ; 0.000      ; 0.825      ;
; 0.673  ; q[19]     ; q[23]    ; CLOCK_50     ; CLOCK_50    ; 0.000        ; -0.001     ; 0.824      ;
; 0.675  ; q[6]      ; q[8]     ; CLOCK_50     ; CLOCK_50    ; 0.000        ; -0.001     ; 0.826      ;
; 0.683  ; q[24]     ; q[24]    ; CLOCK_50     ; CLOCK_50    ; 0.000        ; 0.000      ; 0.835      ;
; 0.684  ; q[24]     ; q[28]    ; CLOCK_50     ; CLOCK_50    ; 0.000        ; -0.001     ; 0.835      ;
; 0.684  ; q[11]     ; q[15]    ; CLOCK_50     ; CLOCK_50    ; 0.000        ; -0.001     ; 0.835      ;
; 0.685  ; q[14]     ; q[17]    ; CLOCK_50     ; CLOCK_50    ; 0.000        ; 0.005      ; 0.842      ;
; 0.689  ; q[20]     ; q[20]    ; CLOCK_50     ; CLOCK_50    ; 0.000        ; 0.000      ; 0.841      ;
; 0.689  ; q[23]     ; q[28]    ; CLOCK_50     ; CLOCK_50    ; 0.000        ; 0.000      ; 0.841      ;
; 0.690  ; q[22]     ; q[22]    ; CLOCK_50     ; CLOCK_50    ; 0.000        ; 0.000      ; 0.842      ;
; 0.697  ; q[21]     ; q[21]    ; CLOCK_50     ; CLOCK_50    ; 0.000        ; 0.000      ; 0.849      ;
+--------+-----------+----------+--------------+-------------+--------------+------------+------------+


+---------------------------------------------------------------------------------------------------+
; Fast Model Hold: 'clock_1s'                                                                       ;
+-------+-----------+---------+--------------+-------------+--------------+------------+------------+
; Slack ; From Node ; To Node ; Launch Clock ; Latch Clock ; Relationship ; Clock Skew ; Data Delay ;
+-------+-----------+---------+--------------+-------------+--------------+------------+------------+
; 0.215 ; s0[0]     ; s0[0]   ; clock_1s     ; clock_1s    ; 0.000        ; 0.000      ; 0.367      ;
; 0.215 ; s0[2]     ; s0[2]   ; clock_1s     ; clock_1s    ; 0.000        ; 0.000      ; 0.367      ;
; 0.215 ; s0[3]     ; s0[3]   ; clock_1s     ; clock_1s    ; 0.000        ; 0.000      ; 0.367      ;
; 0.215 ; s0[1]     ; s0[1]   ; clock_1s     ; clock_1s    ; 0.000        ; 0.000      ; 0.367      ;
; 0.215 ; s1[0]     ; s1[0]   ; clock_1s     ; clock_1s    ; 0.000        ; 0.000      ; 0.367      ;
; 0.215 ; s1[3]     ; s1[3]   ; clock_1s     ; clock_1s    ; 0.000        ; 0.000      ; 0.367      ;
; 0.215 ; s1[2]     ; s1[2]   ; clock_1s     ; clock_1s    ; 0.000        ; 0.000      ; 0.367      ;
; 0.215 ; s1[1]     ; s1[1]   ; clock_1s     ; clock_1s    ; 0.000        ; 0.000      ; 0.367      ;
; 0.215 ; m0[0]     ; m0[0]   ; clock_1s     ; clock_1s    ; 0.000        ; 0.000      ; 0.367      ;
; 0.215 ; m0[2]     ; m0[2]   ; clock_1s     ; clock_1s    ; 0.000        ; 0.000      ; 0.367      ;
; 0.215 ; m0[3]     ; m0[3]   ; clock_1s     ; clock_1s    ; 0.000        ; 0.000      ; 0.367      ;
; 0.215 ; m0[1]     ; m0[1]   ; clock_1s     ; clock_1s    ; 0.000        ; 0.000      ; 0.367      ;
; 0.215 ; m1[0]     ; m1[0]   ; clock_1s     ; clock_1s    ; 0.000        ; 0.000      ; 0.367      ;
; 0.215 ; m1[2]     ; m1[2]   ; clock_1s     ; clock_1s    ; 0.000        ; 0.000      ; 0.367      ;
; 0.215 ; m1[3]     ; m1[3]   ; clock_1s     ; clock_1s    ; 0.000        ; 0.000      ; 0.367      ;
; 0.215 ; h0[0]     ; h0[0]   ; clock_1s     ; clock_1s    ; 0.000        ; 0.000      ; 0.367      ;
; 0.215 ; h0[2]     ; h0[2]   ; clock_1s     ; clock_1s    ; 0.000        ; 0.000      ; 0.367      ;
; 0.215 ; h0[3]     ; h0[3]   ; clock_1s     ; clock_1s    ; 0.000        ; 0.000      ; 0.367      ;
; 0.215 ; h1[0]     ; h1[0]   ; clock_1s     ; clock_1s    ; 0.000        ; 0.000      ; 0.367      ;
; 0.215 ; h1[1]     ; h1[1]   ; clock_1s     ; clock_1s    ; 0.000        ; 0.000      ; 0.367      ;
; 0.215 ; h1[2]     ; h1[2]   ; clock_1s     ; clock_1s    ; 0.000        ; 0.000      ; 0.367      ;
; 0.215 ; h1[3]     ; h1[3]   ; clock_1s     ; clock_1s    ; 0.000        ; 0.000      ; 0.367      ;
; 0.215 ; h0[1]     ; h0[1]   ; clock_1s     ; clock_1s    ; 0.000        ; 0.000      ; 0.367      ;
; 0.240 ; s1[2]     ; s1[1]   ; clock_1s     ; clock_1s    ; 0.000        ; 0.000      ; 0.392      ;
; 0.241 ; m1[1]     ; m1[2]   ; clock_1s     ; clock_1s    ; 0.000        ; 0.000      ; 0.393      ;
; 0.260 ; m0[1]     ; m0[3]   ; clock_1s     ; clock_1s    ; 0.000        ; 0.000      ; 0.412      ;
; 0.341 ; s1[3]     ; s1[2]   ; clock_1s     ; clock_1s    ; 0.000        ; -0.002     ; 0.491      ;
; 0.345 ; s0[0]     ; s0[1]   ; clock_1s     ; clock_1s    ; 0.000        ; 0.000      ; 0.497      ;
; 0.347 ; s0[0]     ; s0[3]   ; clock_1s     ; clock_1s    ; 0.000        ; 0.000      ; 0.499      ;
; 0.348 ; s0[0]     ; s0[2]   ; clock_1s     ; clock_1s    ; 0.000        ; 0.000      ; 0.500      ;
; 0.364 ; s0[2]     ; s0[1]   ; clock_1s     ; clock_1s    ; 0.000        ; 0.000      ; 0.516      ;
; 0.365 ; s1[1]     ; s1[2]   ; clock_1s     ; clock_1s    ; 0.000        ; 0.000      ; 0.517      ;
; 0.372 ; s0[3]     ; s0[1]   ; clock_1s     ; clock_1s    ; 0.000        ; 0.000      ; 0.524      ;
; 0.373 ; h1[0]     ; h1[1]   ; clock_1s     ; clock_1s    ; 0.000        ; 0.000      ; 0.525      ;
; 0.376 ; m1[0]     ; m1[2]   ; clock_1s     ; clock_1s    ; 0.000        ; 0.000      ; 0.528      ;
; 0.377 ; h1[2]     ; h1[3]   ; clock_1s     ; clock_1s    ; 0.000        ; 0.000      ; 0.529      ;
; 0.378 ; h0[1]     ; h0[2]   ; clock_1s     ; clock_1s    ; 0.000        ; 0.000      ; 0.530      ;
; 0.379 ; m0[3]     ; m0[1]   ; clock_1s     ; clock_1s    ; 0.000        ; 0.000      ; 0.531      ;
; 0.381 ; s1[0]     ; s1[1]   ; clock_1s     ; clock_1s    ; 0.000        ; 0.000      ; 0.533      ;
; 0.381 ; h0[0]     ; h0[1]   ; clock_1s     ; clock_1s    ; 0.000        ; 0.000      ; 0.533      ;
; 0.384 ; s1[0]     ; s1[2]   ; clock_1s     ; clock_1s    ; 0.000        ; 0.000      ; 0.536      ;
; 0.385 ; h0[2]     ; h0[3]   ; clock_1s     ; clock_1s    ; 0.000        ; 0.000      ; 0.537      ;
; 0.397 ; m0[0]     ; m0[1]   ; clock_1s     ; clock_1s    ; 0.000        ; 0.000      ; 0.549      ;
; 0.455 ; s0[2]     ; s0[3]   ; clock_1s     ; clock_1s    ; 0.000        ; 0.000      ; 0.607      ;
; 0.458 ; s1[3]     ; s1[1]   ; clock_1s     ; clock_1s    ; 0.000        ; -0.002     ; 0.608      ;
; 0.461 ; h0[0]     ; h0[2]   ; clock_1s     ; clock_1s    ; 0.000        ; 0.000      ; 0.613      ;
; 0.463 ; m0[2]     ; m0[1]   ; clock_1s     ; clock_1s    ; 0.000        ; -0.001     ; 0.614      ;
; 0.472 ; m1[3]     ; m1[2]   ; clock_1s     ; clock_1s    ; 0.000        ; 0.002      ; 0.626      ;
; 0.477 ; m0[0]     ; m0[2]   ; clock_1s     ; clock_1s    ; 0.000        ; 0.001      ; 0.630      ;
; 0.507 ; s1[0]     ; s1[3]   ; clock_1s     ; clock_1s    ; 0.000        ; 0.002      ; 0.661      ;
; 0.542 ; m0[0]     ; m0[3]   ; clock_1s     ; clock_1s    ; 0.000        ; 0.000      ; 0.694      ;
; 0.548 ; h1[0]     ; h1[3]   ; clock_1s     ; clock_1s    ; 0.000        ; 0.000      ; 0.700      ;
; 0.551 ; h1[0]     ; h1[2]   ; clock_1s     ; clock_1s    ; 0.000        ; 0.000      ; 0.703      ;
; 0.555 ; s1[1]     ; s1[3]   ; clock_1s     ; clock_1s    ; 0.000        ; 0.002      ; 0.709      ;
; 0.556 ; h1[1]     ; h1[3]   ; clock_1s     ; clock_1s    ; 0.000        ; 0.000      ; 0.708      ;
; 0.559 ; h1[1]     ; h1[2]   ; clock_1s     ; clock_1s    ; 0.000        ; 0.000      ; 0.711      ;
; 0.565 ; s0[1]     ; s0[2]   ; clock_1s     ; clock_1s    ; 0.000        ; 0.000      ; 0.717      ;
; 0.568 ; s0[1]     ; s0[3]   ; clock_1s     ; clock_1s    ; 0.000        ; 0.000      ; 0.720      ;
; 0.574 ; m0[1]     ; m0[2]   ; clock_1s     ; clock_1s    ; 0.000        ; 0.001      ; 0.727      ;
; 0.588 ; m1[3]     ; m1[1]   ; clock_1s     ; clock_1s    ; 0.000        ; 0.002      ; 0.742      ;
; 0.591 ; m0[2]     ; m0[3]   ; clock_1s     ; clock_1s    ; 0.000        ; -0.001     ; 0.742      ;
; 0.626 ; h0[1]     ; h0[3]   ; clock_1s     ; clock_1s    ; 0.000        ; 0.000      ; 0.778      ;
; 0.635 ; s1[2]     ; s1[3]   ; clock_1s     ; clock_1s    ; 0.000        ; 0.002      ; 0.789      ;
; 0.672 ; h0[0]     ; h0[3]   ; clock_1s     ; clock_1s    ; 0.000        ; 0.000      ; 0.824      ;
; 0.694 ; h1[2]     ; h0[2]   ; clock_1s     ; clock_1s    ; 0.000        ; 0.002      ; 0.848      ;
; 0.694 ; h1[2]     ; h0[1]   ; clock_1s     ; clock_1s    ; 0.000        ; 0.002      ; 0.848      ;
; 0.695 ; h1[2]     ; h0[3]   ; clock_1s     ; clock_1s    ; 0.000        ; 0.002      ; 0.849      ;
; 0.705 ; m0[2]     ; m1[3]   ; clock_1s     ; clock_1s    ; 0.000        ; -0.003     ; 0.854      ;
; 0.716 ; h0[3]     ; h0[2]   ; clock_1s     ; clock_1s    ; 0.000        ; 0.000      ; 0.868      ;
; 0.716 ; h0[3]     ; h0[1]   ; clock_1s     ; clock_1s    ; 0.000        ; 0.000      ; 0.868      ;
; 0.728 ; s0[2]     ; s1[3]   ; clock_1s     ; clock_1s    ; 0.000        ; -0.004     ; 0.876      ;
; 0.728 ; m1[0]     ; m1[3]   ; clock_1s     ; clock_1s    ; 0.000        ; -0.002     ; 0.878      ;
; 0.729 ; m0[0]     ; m1[3]   ; clock_1s     ; clock_1s    ; 0.000        ; -0.002     ; 0.879      ;
; 0.734 ; h1[2]     ; h1[0]   ; clock_1s     ; clock_1s    ; 0.000        ; 0.000      ; 0.886      ;
; 0.739 ; h1[2]     ; h1[1]   ; clock_1s     ; clock_1s    ; 0.000        ; 0.000      ; 0.891      ;
; 0.742 ; m1[0]     ; m1[1]   ; clock_1s     ; clock_1s    ; 0.000        ; 0.000      ; 0.894      ;
; 0.756 ; h0[3]     ; h1[0]   ; clock_1s     ; clock_1s    ; 0.000        ; -0.002     ; 0.906      ;
; 0.761 ; h1[1]     ; h0[2]   ; clock_1s     ; clock_1s    ; 0.000        ; 0.002      ; 0.915      ;
; 0.761 ; h1[1]     ; h0[1]   ; clock_1s     ; clock_1s    ; 0.000        ; 0.002      ; 0.915      ;
; 0.762 ; h1[1]     ; h0[3]   ; clock_1s     ; clock_1s    ; 0.000        ; 0.002      ; 0.916      ;
; 0.762 ; h0[3]     ; h1[1]   ; clock_1s     ; clock_1s    ; 0.000        ; -0.002     ; 0.912      ;
; 0.763 ; h0[1]     ; h1[0]   ; clock_1s     ; clock_1s    ; 0.000        ; -0.002     ; 0.913      ;
; 0.768 ; m0[3]     ; m1[3]   ; clock_1s     ; clock_1s    ; 0.000        ; -0.002     ; 0.918      ;
; 0.771 ; m1[1]     ; m1[3]   ; clock_1s     ; clock_1s    ; 0.000        ; -0.002     ; 0.921      ;
; 0.776 ; h0[1]     ; h1[1]   ; clock_1s     ; clock_1s    ; 0.000        ; -0.002     ; 0.926      ;
; 0.779 ; m0[1]     ; m1[3]   ; clock_1s     ; clock_1s    ; 0.000        ; -0.002     ; 0.929      ;
; 0.783 ; m1[2]     ; m1[3]   ; clock_1s     ; clock_1s    ; 0.000        ; -0.002     ; 0.933      ;
; 0.798 ; s0[0]     ; s1[3]   ; clock_1s     ; clock_1s    ; 0.000        ; -0.004     ; 0.946      ;
; 0.801 ; h1[1]     ; h1[0]   ; clock_1s     ; clock_1s    ; 0.000        ; 0.000      ; 0.953      ;
; 0.802 ; m1[1]     ; m1[1]   ; clock_1s     ; clock_1s    ; 0.000        ; 0.000      ; 0.954      ;
; 0.811 ; m1[2]     ; m1[1]   ; clock_1s     ; clock_1s    ; 0.000        ; 0.000      ; 0.963      ;
; 0.813 ; h1[0]     ; h0[2]   ; clock_1s     ; clock_1s    ; 0.000        ; 0.002      ; 0.967      ;
; 0.813 ; h1[0]     ; h0[1]   ; clock_1s     ; clock_1s    ; 0.000        ; 0.002      ; 0.967      ;
; 0.814 ; h1[0]     ; h0[3]   ; clock_1s     ; clock_1s    ; 0.000        ; 0.002      ; 0.968      ;
; 0.817 ; h1[3]     ; h0[2]   ; clock_1s     ; clock_1s    ; 0.000        ; 0.002      ; 0.971      ;
; 0.817 ; h1[3]     ; h0[1]   ; clock_1s     ; clock_1s    ; 0.000        ; 0.002      ; 0.971      ;
; 0.818 ; h1[3]     ; h0[3]   ; clock_1s     ; clock_1s    ; 0.000        ; 0.002      ; 0.972      ;
; 0.837 ; s1[0]     ; m0[2]   ; clock_1s     ; clock_1s    ; 0.000        ; 0.005      ; 0.994      ;
; 0.837 ; s1[0]     ; m1[3]   ; clock_1s     ; clock_1s    ; 0.000        ; 0.002      ; 0.991      ;
; 0.841 ; s0[1]     ; s1[3]   ; clock_1s     ; clock_1s    ; 0.000        ; -0.004     ; 0.989      ;
+-------+-----------+---------+--------------+-------------+--------------+------------+------------+


+---------------------------------------------------------------------------------------------------------------+
; Fast Model Minimum Pulse Width: 'CLOCK_50'                                                                    ;
+--------+--------------+----------------+------------------+----------+------------+---------------------------+
; Slack  ; Actual Width ; Required Width ; Type             ; Clock    ; Clock Edge ; Target                    ;
+--------+--------------+----------------+------------------+----------+------------+---------------------------+
; -1.380 ; 1.000        ; 2.380          ; Port Rate        ; CLOCK_50 ; Rise       ; CLOCK_50                  ;
; -0.500 ; 0.500        ; 1.000          ; High Pulse Width ; CLOCK_50 ; Rise       ; clock_1s                  ;
; -0.500 ; 0.500        ; 1.000          ; Low Pulse Width  ; CLOCK_50 ; Rise       ; clock_1s                  ;
; -0.500 ; 0.500        ; 1.000          ; High Pulse Width ; CLOCK_50 ; Rise       ; q[0]                      ;
; -0.500 ; 0.500        ; 1.000          ; Low Pulse Width  ; CLOCK_50 ; Rise       ; q[0]                      ;
; -0.500 ; 0.500        ; 1.000          ; High Pulse Width ; CLOCK_50 ; Rise       ; q[10]                     ;
; -0.500 ; 0.500        ; 1.000          ; Low Pulse Width  ; CLOCK_50 ; Rise       ; q[10]                     ;
; -0.500 ; 0.500        ; 1.000          ; High Pulse Width ; CLOCK_50 ; Rise       ; q[11]                     ;
; -0.500 ; 0.500        ; 1.000          ; Low Pulse Width  ; CLOCK_50 ; Rise       ; q[11]                     ;
; -0.500 ; 0.500        ; 1.000          ; High Pulse Width ; CLOCK_50 ; Rise       ; q[12]                     ;
; -0.500 ; 0.500        ; 1.000          ; Low Pulse Width  ; CLOCK_50 ; Rise       ; q[12]                     ;
; -0.500 ; 0.500        ; 1.000          ; High Pulse Width ; CLOCK_50 ; Rise       ; q[13]                     ;
; -0.500 ; 0.500        ; 1.000          ; Low Pulse Width  ; CLOCK_50 ; Rise       ; q[13]                     ;
; -0.500 ; 0.500        ; 1.000          ; High Pulse Width ; CLOCK_50 ; Rise       ; q[14]                     ;
; -0.500 ; 0.500        ; 1.000          ; Low Pulse Width  ; CLOCK_50 ; Rise       ; q[14]                     ;
; -0.500 ; 0.500        ; 1.000          ; High Pulse Width ; CLOCK_50 ; Rise       ; q[15]                     ;
; -0.500 ; 0.500        ; 1.000          ; Low Pulse Width  ; CLOCK_50 ; Rise       ; q[15]                     ;
; -0.500 ; 0.500        ; 1.000          ; High Pulse Width ; CLOCK_50 ; Rise       ; q[16]                     ;
; -0.500 ; 0.500        ; 1.000          ; Low Pulse Width  ; CLOCK_50 ; Rise       ; q[16]                     ;
; -0.500 ; 0.500        ; 1.000          ; High Pulse Width ; CLOCK_50 ; Rise       ; q[17]                     ;
; -0.500 ; 0.500        ; 1.000          ; Low Pulse Width  ; CLOCK_50 ; Rise       ; q[17]                     ;
; -0.500 ; 0.500        ; 1.000          ; High Pulse Width ; CLOCK_50 ; Rise       ; q[18]                     ;
; -0.500 ; 0.500        ; 1.000          ; Low Pulse Width  ; CLOCK_50 ; Rise       ; q[18]                     ;
; -0.500 ; 0.500        ; 1.000          ; High Pulse Width ; CLOCK_50 ; Rise       ; q[19]                     ;
; -0.500 ; 0.500        ; 1.000          ; Low Pulse Width  ; CLOCK_50 ; Rise       ; q[19]                     ;
; -0.500 ; 0.500        ; 1.000          ; High Pulse Width ; CLOCK_50 ; Rise       ; q[1]                      ;
; -0.500 ; 0.500        ; 1.000          ; Low Pulse Width  ; CLOCK_50 ; Rise       ; q[1]                      ;
; -0.500 ; 0.500        ; 1.000          ; High Pulse Width ; CLOCK_50 ; Rise       ; q[20]                     ;
; -0.500 ; 0.500        ; 1.000          ; Low Pulse Width  ; CLOCK_50 ; Rise       ; q[20]                     ;
; -0.500 ; 0.500        ; 1.000          ; High Pulse Width ; CLOCK_50 ; Rise       ; q[21]                     ;
; -0.500 ; 0.500        ; 1.000          ; Low Pulse Width  ; CLOCK_50 ; Rise       ; q[21]                     ;
; -0.500 ; 0.500        ; 1.000          ; High Pulse Width ; CLOCK_50 ; Rise       ; q[22]                     ;
; -0.500 ; 0.500        ; 1.000          ; Low Pulse Width  ; CLOCK_50 ; Rise       ; q[22]                     ;
; -0.500 ; 0.500        ; 1.000          ; High Pulse Width ; CLOCK_50 ; Rise       ; q[23]                     ;
; -0.500 ; 0.500        ; 1.000          ; Low Pulse Width  ; CLOCK_50 ; Rise       ; q[23]                     ;
; -0.500 ; 0.500        ; 1.000          ; High Pulse Width ; CLOCK_50 ; Rise       ; q[24]                     ;
; -0.500 ; 0.500        ; 1.000          ; Low Pulse Width  ; CLOCK_50 ; Rise       ; q[24]                     ;
; -0.500 ; 0.500        ; 1.000          ; High Pulse Width ; CLOCK_50 ; Rise       ; q[25]                     ;
; -0.500 ; 0.500        ; 1.000          ; Low Pulse Width  ; CLOCK_50 ; Rise       ; q[25]                     ;
; -0.500 ; 0.500        ; 1.000          ; High Pulse Width ; CLOCK_50 ; Rise       ; q[26]                     ;
; -0.500 ; 0.500        ; 1.000          ; Low Pulse Width  ; CLOCK_50 ; Rise       ; q[26]                     ;
; -0.500 ; 0.500        ; 1.000          ; High Pulse Width ; CLOCK_50 ; Rise       ; q[27]                     ;
; -0.500 ; 0.500        ; 1.000          ; Low Pulse Width  ; CLOCK_50 ; Rise       ; q[27]                     ;
; -0.500 ; 0.500        ; 1.000          ; High Pulse Width ; CLOCK_50 ; Rise       ; q[28]                     ;
; -0.500 ; 0.500        ; 1.000          ; Low Pulse Width  ; CLOCK_50 ; Rise       ; q[28]                     ;
; -0.500 ; 0.500        ; 1.000          ; High Pulse Width ; CLOCK_50 ; Rise       ; q[29]                     ;
; -0.500 ; 0.500        ; 1.000          ; Low Pulse Width  ; CLOCK_50 ; Rise       ; q[29]                     ;
; -0.500 ; 0.500        ; 1.000          ; High Pulse Width ; CLOCK_50 ; Rise       ; q[2]                      ;
; -0.500 ; 0.500        ; 1.000          ; Low Pulse Width  ; CLOCK_50 ; Rise       ; q[2]                      ;
; -0.500 ; 0.500        ; 1.000          ; High Pulse Width ; CLOCK_50 ; Rise       ; q[30]                     ;
; -0.500 ; 0.500        ; 1.000          ; Low Pulse Width  ; CLOCK_50 ; Rise       ; q[30]                     ;
; -0.500 ; 0.500        ; 1.000          ; High Pulse Width ; CLOCK_50 ; Rise       ; q[31]                     ;
; -0.500 ; 0.500        ; 1.000          ; Low Pulse Width  ; CLOCK_50 ; Rise       ; q[31]                     ;
; -0.500 ; 0.500        ; 1.000          ; High Pulse Width ; CLOCK_50 ; Rise       ; q[3]                      ;
; -0.500 ; 0.500        ; 1.000          ; Low Pulse Width  ; CLOCK_50 ; Rise       ; q[3]                      ;
; -0.500 ; 0.500        ; 1.000          ; High Pulse Width ; CLOCK_50 ; Rise       ; q[4]                      ;
; -0.500 ; 0.500        ; 1.000          ; Low Pulse Width  ; CLOCK_50 ; Rise       ; q[4]                      ;
; -0.500 ; 0.500        ; 1.000          ; High Pulse Width ; CLOCK_50 ; Rise       ; q[5]                      ;
; -0.500 ; 0.500        ; 1.000          ; Low Pulse Width  ; CLOCK_50 ; Rise       ; q[5]                      ;
; -0.500 ; 0.500        ; 1.000          ; High Pulse Width ; CLOCK_50 ; Rise       ; q[6]                      ;
; -0.500 ; 0.500        ; 1.000          ; Low Pulse Width  ; CLOCK_50 ; Rise       ; q[6]                      ;
; -0.500 ; 0.500        ; 1.000          ; High Pulse Width ; CLOCK_50 ; Rise       ; q[7]                      ;
; -0.500 ; 0.500        ; 1.000          ; Low Pulse Width  ; CLOCK_50 ; Rise       ; q[7]                      ;
; -0.500 ; 0.500        ; 1.000          ; High Pulse Width ; CLOCK_50 ; Rise       ; q[8]                      ;
; -0.500 ; 0.500        ; 1.000          ; Low Pulse Width  ; CLOCK_50 ; Rise       ; q[8]                      ;
; -0.500 ; 0.500        ; 1.000          ; High Pulse Width ; CLOCK_50 ; Rise       ; q[9]                      ;
; -0.500 ; 0.500        ; 1.000          ; Low Pulse Width  ; CLOCK_50 ; Rise       ; q[9]                      ;
; 0.500  ; 0.500        ; 0.000          ; High Pulse Width ; CLOCK_50 ; Rise       ; CLOCK_50|combout          ;
; 0.500  ; 0.500        ; 0.000          ; Low Pulse Width  ; CLOCK_50 ; Rise       ; CLOCK_50|combout          ;
; 0.500  ; 0.500        ; 0.000          ; High Pulse Width ; CLOCK_50 ; Rise       ; CLOCK_50~clkctrl|inclk[0] ;
; 0.500  ; 0.500        ; 0.000          ; Low Pulse Width  ; CLOCK_50 ; Rise       ; CLOCK_50~clkctrl|inclk[0] ;
; 0.500  ; 0.500        ; 0.000          ; High Pulse Width ; CLOCK_50 ; Rise       ; CLOCK_50~clkctrl|outclk   ;
; 0.500  ; 0.500        ; 0.000          ; Low Pulse Width  ; CLOCK_50 ; Rise       ; CLOCK_50~clkctrl|outclk   ;
; 0.500  ; 0.500        ; 0.000          ; High Pulse Width ; CLOCK_50 ; Rise       ; clock_1s|clk              ;
; 0.500  ; 0.500        ; 0.000          ; Low Pulse Width  ; CLOCK_50 ; Rise       ; clock_1s|clk              ;
; 0.500  ; 0.500        ; 0.000          ; High Pulse Width ; CLOCK_50 ; Rise       ; q[0]|clk                  ;
; 0.500  ; 0.500        ; 0.000          ; Low Pulse Width  ; CLOCK_50 ; Rise       ; q[0]|clk                  ;
; 0.500  ; 0.500        ; 0.000          ; High Pulse Width ; CLOCK_50 ; Rise       ; q[10]|clk                 ;
; 0.500  ; 0.500        ; 0.000          ; Low Pulse Width  ; CLOCK_50 ; Rise       ; q[10]|clk                 ;
; 0.500  ; 0.500        ; 0.000          ; High Pulse Width ; CLOCK_50 ; Rise       ; q[11]|clk                 ;
; 0.500  ; 0.500        ; 0.000          ; Low Pulse Width  ; CLOCK_50 ; Rise       ; q[11]|clk                 ;
; 0.500  ; 0.500        ; 0.000          ; High Pulse Width ; CLOCK_50 ; Rise       ; q[12]|clk                 ;
; 0.500  ; 0.500        ; 0.000          ; Low Pulse Width  ; CLOCK_50 ; Rise       ; q[12]|clk                 ;
; 0.500  ; 0.500        ; 0.000          ; High Pulse Width ; CLOCK_50 ; Rise       ; q[13]|clk                 ;
; 0.500  ; 0.500        ; 0.000          ; Low Pulse Width  ; CLOCK_50 ; Rise       ; q[13]|clk                 ;
; 0.500  ; 0.500        ; 0.000          ; High Pulse Width ; CLOCK_50 ; Rise       ; q[14]|clk                 ;
; 0.500  ; 0.500        ; 0.000          ; Low Pulse Width  ; CLOCK_50 ; Rise       ; q[14]|clk                 ;
; 0.500  ; 0.500        ; 0.000          ; High Pulse Width ; CLOCK_50 ; Rise       ; q[15]|clk                 ;
; 0.500  ; 0.500        ; 0.000          ; Low Pulse Width  ; CLOCK_50 ; Rise       ; q[15]|clk                 ;
; 0.500  ; 0.500        ; 0.000          ; High Pulse Width ; CLOCK_50 ; Rise       ; q[16]|clk                 ;
; 0.500  ; 0.500        ; 0.000          ; Low Pulse Width  ; CLOCK_50 ; Rise       ; q[16]|clk                 ;
; 0.500  ; 0.500        ; 0.000          ; High Pulse Width ; CLOCK_50 ; Rise       ; q[17]|clk                 ;
; 0.500  ; 0.500        ; 0.000          ; Low Pulse Width  ; CLOCK_50 ; Rise       ; q[17]|clk                 ;
; 0.500  ; 0.500        ; 0.000          ; High Pulse Width ; CLOCK_50 ; Rise       ; q[18]|clk                 ;
; 0.500  ; 0.500        ; 0.000          ; Low Pulse Width  ; CLOCK_50 ; Rise       ; q[18]|clk                 ;
; 0.500  ; 0.500        ; 0.000          ; High Pulse Width ; CLOCK_50 ; Rise       ; q[19]|clk                 ;
; 0.500  ; 0.500        ; 0.000          ; Low Pulse Width  ; CLOCK_50 ; Rise       ; q[19]|clk                 ;
; 0.500  ; 0.500        ; 0.000          ; High Pulse Width ; CLOCK_50 ; Rise       ; q[1]|clk                  ;
; 0.500  ; 0.500        ; 0.000          ; Low Pulse Width  ; CLOCK_50 ; Rise       ; q[1]|clk                  ;
; 0.500  ; 0.500        ; 0.000          ; High Pulse Width ; CLOCK_50 ; Rise       ; q[20]|clk                 ;
+--------+--------------+----------------+------------------+----------+------------+---------------------------+


+---------------------------------------------------------------------------------------------------------------+
; Fast Model Minimum Pulse Width: 'clock_1s'                                                                    ;
+--------+--------------+----------------+------------------+----------+------------+---------------------------+
; Slack  ; Actual Width ; Required Width ; Type             ; Clock    ; Clock Edge ; Target                    ;
+--------+--------------+----------------+------------------+----------+------------+---------------------------+
; -0.500 ; 0.500        ; 1.000          ; High Pulse Width ; clock_1s ; Rise       ; h0[0]                     ;
; -0.500 ; 0.500        ; 1.000          ; Low Pulse Width  ; clock_1s ; Rise       ; h0[0]                     ;
; -0.500 ; 0.500        ; 1.000          ; High Pulse Width ; clock_1s ; Rise       ; h0[1]                     ;
; -0.500 ; 0.500        ; 1.000          ; Low Pulse Width  ; clock_1s ; Rise       ; h0[1]                     ;
; -0.500 ; 0.500        ; 1.000          ; High Pulse Width ; clock_1s ; Rise       ; h0[2]                     ;
; -0.500 ; 0.500        ; 1.000          ; Low Pulse Width  ; clock_1s ; Rise       ; h0[2]                     ;
; -0.500 ; 0.500        ; 1.000          ; High Pulse Width ; clock_1s ; Rise       ; h0[3]                     ;
; -0.500 ; 0.500        ; 1.000          ; Low Pulse Width  ; clock_1s ; Rise       ; h0[3]                     ;
; -0.500 ; 0.500        ; 1.000          ; High Pulse Width ; clock_1s ; Rise       ; h1[0]                     ;
; -0.500 ; 0.500        ; 1.000          ; Low Pulse Width  ; clock_1s ; Rise       ; h1[0]                     ;
; -0.500 ; 0.500        ; 1.000          ; High Pulse Width ; clock_1s ; Rise       ; h1[1]                     ;
; -0.500 ; 0.500        ; 1.000          ; Low Pulse Width  ; clock_1s ; Rise       ; h1[1]                     ;
; -0.500 ; 0.500        ; 1.000          ; High Pulse Width ; clock_1s ; Rise       ; h1[2]                     ;
; -0.500 ; 0.500        ; 1.000          ; Low Pulse Width  ; clock_1s ; Rise       ; h1[2]                     ;
; -0.500 ; 0.500        ; 1.000          ; High Pulse Width ; clock_1s ; Rise       ; h1[3]                     ;
; -0.500 ; 0.500        ; 1.000          ; Low Pulse Width  ; clock_1s ; Rise       ; h1[3]                     ;
; -0.500 ; 0.500        ; 1.000          ; High Pulse Width ; clock_1s ; Rise       ; m0[0]                     ;
; -0.500 ; 0.500        ; 1.000          ; Low Pulse Width  ; clock_1s ; Rise       ; m0[0]                     ;
; -0.500 ; 0.500        ; 1.000          ; High Pulse Width ; clock_1s ; Rise       ; m0[1]                     ;
; -0.500 ; 0.500        ; 1.000          ; Low Pulse Width  ; clock_1s ; Rise       ; m0[1]                     ;
; -0.500 ; 0.500        ; 1.000          ; High Pulse Width ; clock_1s ; Rise       ; m0[2]                     ;
; -0.500 ; 0.500        ; 1.000          ; Low Pulse Width  ; clock_1s ; Rise       ; m0[2]                     ;
; -0.500 ; 0.500        ; 1.000          ; High Pulse Width ; clock_1s ; Rise       ; m0[3]                     ;
; -0.500 ; 0.500        ; 1.000          ; Low Pulse Width  ; clock_1s ; Rise       ; m0[3]                     ;
; -0.500 ; 0.500        ; 1.000          ; High Pulse Width ; clock_1s ; Rise       ; m1[0]                     ;
; -0.500 ; 0.500        ; 1.000          ; Low Pulse Width  ; clock_1s ; Rise       ; m1[0]                     ;
; -0.500 ; 0.500        ; 1.000          ; High Pulse Width ; clock_1s ; Rise       ; m1[1]                     ;
; -0.500 ; 0.500        ; 1.000          ; Low Pulse Width  ; clock_1s ; Rise       ; m1[1]                     ;
; -0.500 ; 0.500        ; 1.000          ; High Pulse Width ; clock_1s ; Rise       ; m1[2]                     ;
; -0.500 ; 0.500        ; 1.000          ; Low Pulse Width  ; clock_1s ; Rise       ; m1[2]                     ;
; -0.500 ; 0.500        ; 1.000          ; High Pulse Width ; clock_1s ; Rise       ; m1[3]                     ;
; -0.500 ; 0.500        ; 1.000          ; Low Pulse Width  ; clock_1s ; Rise       ; m1[3]                     ;
; -0.500 ; 0.500        ; 1.000          ; High Pulse Width ; clock_1s ; Rise       ; s0[0]                     ;
; -0.500 ; 0.500        ; 1.000          ; Low Pulse Width  ; clock_1s ; Rise       ; s0[0]                     ;
; -0.500 ; 0.500        ; 1.000          ; High Pulse Width ; clock_1s ; Rise       ; s0[1]                     ;
; -0.500 ; 0.500        ; 1.000          ; Low Pulse Width  ; clock_1s ; Rise       ; s0[1]                     ;
; -0.500 ; 0.500        ; 1.000          ; High Pulse Width ; clock_1s ; Rise       ; s0[2]                     ;
; -0.500 ; 0.500        ; 1.000          ; Low Pulse Width  ; clock_1s ; Rise       ; s0[2]                     ;
; -0.500 ; 0.500        ; 1.000          ; High Pulse Width ; clock_1s ; Rise       ; s0[3]                     ;
; -0.500 ; 0.500        ; 1.000          ; Low Pulse Width  ; clock_1s ; Rise       ; s0[3]                     ;
; -0.500 ; 0.500        ; 1.000          ; High Pulse Width ; clock_1s ; Rise       ; s1[0]                     ;
; -0.500 ; 0.500        ; 1.000          ; Low Pulse Width  ; clock_1s ; Rise       ; s1[0]                     ;
; -0.500 ; 0.500        ; 1.000          ; High Pulse Width ; clock_1s ; Rise       ; s1[1]                     ;
; -0.500 ; 0.500        ; 1.000          ; Low Pulse Width  ; clock_1s ; Rise       ; s1[1]                     ;
; -0.500 ; 0.500        ; 1.000          ; High Pulse Width ; clock_1s ; Rise       ; s1[2]                     ;
; -0.500 ; 0.500        ; 1.000          ; Low Pulse Width  ; clock_1s ; Rise       ; s1[2]                     ;
; -0.500 ; 0.500        ; 1.000          ; High Pulse Width ; clock_1s ; Rise       ; s1[3]                     ;
; -0.500 ; 0.500        ; 1.000          ; Low Pulse Width  ; clock_1s ; Rise       ; s1[3]                     ;
; 0.500  ; 0.500        ; 0.000          ; High Pulse Width ; clock_1s ; Rise       ; clock_1s|regout           ;
; 0.500  ; 0.500        ; 0.000          ; Low Pulse Width  ; clock_1s ; Rise       ; clock_1s|regout           ;
; 0.500  ; 0.500        ; 0.000          ; High Pulse Width ; clock_1s ; Rise       ; clock_1s~clkctrl|inclk[0] ;
; 0.500  ; 0.500        ; 0.000          ; Low Pulse Width  ; clock_1s ; Rise       ; clock_1s~clkctrl|inclk[0] ;
; 0.500  ; 0.500        ; 0.000          ; High Pulse Width ; clock_1s ; Rise       ; clock_1s~clkctrl|outclk   ;
; 0.500  ; 0.500        ; 0.000          ; Low Pulse Width  ; clock_1s ; Rise       ; clock_1s~clkctrl|outclk   ;
; 0.500  ; 0.500        ; 0.000          ; High Pulse Width ; clock_1s ; Rise       ; h0[0]|clk                 ;
; 0.500  ; 0.500        ; 0.000          ; Low Pulse Width  ; clock_1s ; Rise       ; h0[0]|clk                 ;
; 0.500  ; 0.500        ; 0.000          ; High Pulse Width ; clock_1s ; Rise       ; h0[1]|clk                 ;
; 0.500  ; 0.500        ; 0.000          ; Low Pulse Width  ; clock_1s ; Rise       ; h0[1]|clk                 ;
; 0.500  ; 0.500        ; 0.000          ; High Pulse Width ; clock_1s ; Rise       ; h0[2]|clk                 ;
; 0.500  ; 0.500        ; 0.000          ; Low Pulse Width  ; clock_1s ; Rise       ; h0[2]|clk                 ;
; 0.500  ; 0.500        ; 0.000          ; High Pulse Width ; clock_1s ; Rise       ; h0[3]|clk                 ;
; 0.500  ; 0.500        ; 0.000          ; Low Pulse Width  ; clock_1s ; Rise       ; h0[3]|clk                 ;
; 0.500  ; 0.500        ; 0.000          ; High Pulse Width ; clock_1s ; Rise       ; h1[0]|clk                 ;
; 0.500  ; 0.500        ; 0.000          ; Low Pulse Width  ; clock_1s ; Rise       ; h1[0]|clk                 ;
; 0.500  ; 0.500        ; 0.000          ; High Pulse Width ; clock_1s ; Rise       ; h1[1]|clk                 ;
; 0.500  ; 0.500        ; 0.000          ; Low Pulse Width  ; clock_1s ; Rise       ; h1[1]|clk                 ;
; 0.500  ; 0.500        ; 0.000          ; High Pulse Width ; clock_1s ; Rise       ; h1[2]|clk                 ;
; 0.500  ; 0.500        ; 0.000          ; Low Pulse Width  ; clock_1s ; Rise       ; h1[2]|clk                 ;
; 0.500  ; 0.500        ; 0.000          ; High Pulse Width ; clock_1s ; Rise       ; h1[3]|clk                 ;
; 0.500  ; 0.500        ; 0.000          ; Low Pulse Width  ; clock_1s ; Rise       ; h1[3]|clk                 ;
; 0.500  ; 0.500        ; 0.000          ; High Pulse Width ; clock_1s ; Rise       ; m0[0]|clk                 ;
; 0.500  ; 0.500        ; 0.000          ; Low Pulse Width  ; clock_1s ; Rise       ; m0[0]|clk                 ;
; 0.500  ; 0.500        ; 0.000          ; High Pulse Width ; clock_1s ; Rise       ; m0[1]|clk                 ;
; 0.500  ; 0.500        ; 0.000          ; Low Pulse Width  ; clock_1s ; Rise       ; m0[1]|clk                 ;
; 0.500  ; 0.500        ; 0.000          ; High Pulse Width ; clock_1s ; Rise       ; m0[2]|clk                 ;
; 0.500  ; 0.500        ; 0.000          ; Low Pulse Width  ; clock_1s ; Rise       ; m0[2]|clk                 ;
; 0.500  ; 0.500        ; 0.000          ; High Pulse Width ; clock_1s ; Rise       ; m0[3]|clk                 ;
; 0.500  ; 0.500        ; 0.000          ; Low Pulse Width  ; clock_1s ; Rise       ; m0[3]|clk                 ;
; 0.500  ; 0.500        ; 0.000          ; High Pulse Width ; clock_1s ; Rise       ; m1[0]|clk                 ;
; 0.500  ; 0.500        ; 0.000          ; Low Pulse Width  ; clock_1s ; Rise       ; m1[0]|clk                 ;
; 0.500  ; 0.500        ; 0.000          ; High Pulse Width ; clock_1s ; Rise       ; m1[1]|clk                 ;
; 0.500  ; 0.500        ; 0.000          ; Low Pulse Width  ; clock_1s ; Rise       ; m1[1]|clk                 ;
; 0.500  ; 0.500        ; 0.000          ; High Pulse Width ; clock_1s ; Rise       ; m1[2]|clk                 ;
; 0.500  ; 0.500        ; 0.000          ; Low Pulse Width  ; clock_1s ; Rise       ; m1[2]|clk                 ;
; 0.500  ; 0.500        ; 0.000          ; High Pulse Width ; clock_1s ; Rise       ; m1[3]|clk                 ;
; 0.500  ; 0.500        ; 0.000          ; Low Pulse Width  ; clock_1s ; Rise       ; m1[3]|clk                 ;
; 0.500  ; 0.500        ; 0.000          ; High Pulse Width ; clock_1s ; Rise       ; s0[0]|clk                 ;
; 0.500  ; 0.500        ; 0.000          ; Low Pulse Width  ; clock_1s ; Rise       ; s0[0]|clk                 ;
; 0.500  ; 0.500        ; 0.000          ; High Pulse Width ; clock_1s ; Rise       ; s0[1]|clk                 ;
; 0.500  ; 0.500        ; 0.000          ; Low Pulse Width  ; clock_1s ; Rise       ; s0[1]|clk                 ;
; 0.500  ; 0.500        ; 0.000          ; High Pulse Width ; clock_1s ; Rise       ; s0[2]|clk                 ;
; 0.500  ; 0.500        ; 0.000          ; Low Pulse Width  ; clock_1s ; Rise       ; s0[2]|clk                 ;
; 0.500  ; 0.500        ; 0.000          ; High Pulse Width ; clock_1s ; Rise       ; s0[3]|clk                 ;
; 0.500  ; 0.500        ; 0.000          ; Low Pulse Width  ; clock_1s ; Rise       ; s0[3]|clk                 ;
; 0.500  ; 0.500        ; 0.000          ; High Pulse Width ; clock_1s ; Rise       ; s1[0]|clk                 ;
; 0.500  ; 0.500        ; 0.000          ; Low Pulse Width  ; clock_1s ; Rise       ; s1[0]|clk                 ;
; 0.500  ; 0.500        ; 0.000          ; High Pulse Width ; clock_1s ; Rise       ; s1[1]|clk                 ;
; 0.500  ; 0.500        ; 0.000          ; Low Pulse Width  ; clock_1s ; Rise       ; s1[1]|clk                 ;
; 0.500  ; 0.500        ; 0.000          ; High Pulse Width ; clock_1s ; Rise       ; s1[2]|clk                 ;
; 0.500  ; 0.500        ; 0.000          ; Low Pulse Width  ; clock_1s ; Rise       ; s1[2]|clk                 ;
+--------+--------------+----------------+------------------+----------+------------+---------------------------+


+-----------------------------------------------------------------------+
; Clock to Output Times                                                 ;
+-----------+------------+-------+-------+------------+-----------------+
; Data Port ; Clock Port ; Rise  ; Fall  ; Clock Edge ; Clock Reference ;
+-----------+------------+-------+-------+------------+-----------------+
; HEX2[*]   ; clock_1s   ; 6.550 ; 6.550 ; Rise       ; clock_1s        ;
;  HEX2[0]  ; clock_1s   ; 6.550 ; 6.550 ; Rise       ; clock_1s        ;
;  HEX2[1]  ; clock_1s   ; 5.802 ; 5.802 ; Rise       ; clock_1s        ;
;  HEX2[2]  ; clock_1s   ; 6.237 ; 6.237 ; Rise       ; clock_1s        ;
;  HEX2[3]  ; clock_1s   ; 5.601 ; 5.601 ; Rise       ; clock_1s        ;
;  HEX2[4]  ; clock_1s   ; 6.096 ; 6.096 ; Rise       ; clock_1s        ;
;  HEX2[5]  ; clock_1s   ; 5.780 ; 5.780 ; Rise       ; clock_1s        ;
;  HEX2[6]  ; clock_1s   ; 5.988 ; 5.988 ; Rise       ; clock_1s        ;
; HEX3[*]   ; clock_1s   ; 6.522 ; 6.522 ; Rise       ; clock_1s        ;
;  HEX3[0]  ; clock_1s   ; 5.872 ; 5.872 ; Rise       ; clock_1s        ;
;  HEX3[1]  ; clock_1s   ; 5.903 ; 5.903 ; Rise       ; clock_1s        ;
;  HEX3[2]  ; clock_1s   ; 6.033 ; 6.033 ; Rise       ; clock_1s        ;
;  HEX3[3]  ; clock_1s   ; 6.522 ; 6.522 ; Rise       ; clock_1s        ;
;  HEX3[4]  ; clock_1s   ; 5.763 ; 5.763 ; Rise       ; clock_1s        ;
;  HEX3[5]  ; clock_1s   ; 5.815 ; 5.815 ; Rise       ; clock_1s        ;
;  HEX3[6]  ; clock_1s   ; 6.403 ; 6.403 ; Rise       ; clock_1s        ;
; HEX4[*]   ; clock_1s   ; 4.847 ; 4.847 ; Rise       ; clock_1s        ;
;  HEX4[0]  ; clock_1s   ; 4.731 ; 4.731 ; Rise       ; clock_1s        ;
;  HEX4[1]  ; clock_1s   ; 4.684 ; 4.684 ; Rise       ; clock_1s        ;
;  HEX4[2]  ; clock_1s   ; 4.847 ; 4.847 ; Rise       ; clock_1s        ;
;  HEX4[3]  ; clock_1s   ; 4.769 ; 4.769 ; Rise       ; clock_1s        ;
;  HEX4[4]  ; clock_1s   ; 4.720 ; 4.720 ; Rise       ; clock_1s        ;
;  HEX4[5]  ; clock_1s   ; 4.666 ; 4.666 ; Rise       ; clock_1s        ;
;  HEX4[6]  ; clock_1s   ; 4.573 ; 4.573 ; Rise       ; clock_1s        ;
; HEX5[*]   ; clock_1s   ; 4.969 ; 4.969 ; Rise       ; clock_1s        ;
;  HEX5[0]  ; clock_1s   ; 4.528 ; 4.528 ; Rise       ; clock_1s        ;
;  HEX5[1]  ; clock_1s   ; 4.801 ; 4.801 ; Rise       ; clock_1s        ;
;  HEX5[2]  ; clock_1s   ; 4.790 ; 4.790 ; Rise       ; clock_1s        ;
;  HEX5[3]  ; clock_1s   ; 4.962 ; 4.962 ; Rise       ; clock_1s        ;
;  HEX5[4]  ; clock_1s   ; 4.881 ; 4.881 ; Rise       ; clock_1s        ;
;  HEX5[5]  ; clock_1s   ; 4.948 ; 4.948 ; Rise       ; clock_1s        ;
;  HEX5[6]  ; clock_1s   ; 4.969 ; 4.969 ; Rise       ; clock_1s        ;
; HEX6[*]   ; clock_1s   ; 4.992 ; 4.992 ; Rise       ; clock_1s        ;
;  HEX6[0]  ; clock_1s   ; 4.649 ; 4.649 ; Rise       ; clock_1s        ;
;  HEX6[1]  ; clock_1s   ; 4.555 ; 4.555 ; Rise       ; clock_1s        ;
;  HEX6[2]  ; clock_1s   ; 4.664 ; 4.664 ; Rise       ; clock_1s        ;
;  HEX6[3]  ; clock_1s   ; 4.911 ; 4.911 ; Rise       ; clock_1s        ;
;  HEX6[4]  ; clock_1s   ; 4.992 ; 4.992 ; Rise       ; clock_1s        ;
;  HEX6[5]  ; clock_1s   ; 4.572 ; 4.572 ; Rise       ; clock_1s        ;
;  HEX6[6]  ; clock_1s   ; 4.711 ; 4.711 ; Rise       ; clock_1s        ;
; HEX7[*]   ; clock_1s   ; 5.106 ; 5.106 ; Rise       ; clock_1s        ;
;  HEX7[0]  ; clock_1s   ; 4.961 ; 4.961 ; Rise       ; clock_1s        ;
;  HEX7[1]  ; clock_1s   ; 4.935 ; 4.935 ; Rise       ; clock_1s        ;
;  HEX7[2]  ; clock_1s   ; 4.958 ; 4.958 ; Rise       ; clock_1s        ;
;  HEX7[3]  ; clock_1s   ; 4.877 ; 4.877 ; Rise       ; clock_1s        ;
;  HEX7[4]  ; clock_1s   ; 4.935 ; 4.935 ; Rise       ; clock_1s        ;
;  HEX7[5]  ; clock_1s   ; 5.051 ; 5.051 ; Rise       ; clock_1s        ;
;  HEX7[6]  ; clock_1s   ; 5.106 ; 5.106 ; Rise       ; clock_1s        ;
; LEDR[*]   ; clock_1s   ; 7.417 ; 7.417 ; Rise       ; clock_1s        ;
;  LEDR[0]  ; clock_1s   ; 7.417 ; 7.417 ; Rise       ; clock_1s        ;
+-----------+------------+-------+-------+------------+-----------------+


+-----------------------------------------------------------------------+
; Minimum Clock to Output Times                                         ;
+-----------+------------+-------+-------+------------+-----------------+
; Data Port ; Clock Port ; Rise  ; Fall  ; Clock Edge ; Clock Reference ;
+-----------+------------+-------+-------+------------+-----------------+
; HEX2[*]   ; clock_1s   ; 5.473 ; 5.473 ; Rise       ; clock_1s        ;
;  HEX2[0]  ; clock_1s   ; 6.425 ; 6.425 ; Rise       ; clock_1s        ;
;  HEX2[1]  ; clock_1s   ; 5.671 ; 5.671 ; Rise       ; clock_1s        ;
;  HEX2[2]  ; clock_1s   ; 6.111 ; 6.111 ; Rise       ; clock_1s        ;
;  HEX2[3]  ; clock_1s   ; 5.473 ; 5.473 ; Rise       ; clock_1s        ;
;  HEX2[4]  ; clock_1s   ; 5.976 ; 5.976 ; Rise       ; clock_1s        ;
;  HEX2[5]  ; clock_1s   ; 5.661 ; 5.661 ; Rise       ; clock_1s        ;
;  HEX2[6]  ; clock_1s   ; 5.870 ; 5.870 ; Rise       ; clock_1s        ;
; HEX3[*]   ; clock_1s   ; 5.542 ; 5.542 ; Rise       ; clock_1s        ;
;  HEX3[0]  ; clock_1s   ; 5.649 ; 5.649 ; Rise       ; clock_1s        ;
;  HEX3[1]  ; clock_1s   ; 5.681 ; 5.681 ; Rise       ; clock_1s        ;
;  HEX3[2]  ; clock_1s   ; 5.811 ; 5.811 ; Rise       ; clock_1s        ;
;  HEX3[3]  ; clock_1s   ; 6.298 ; 6.298 ; Rise       ; clock_1s        ;
;  HEX3[4]  ; clock_1s   ; 5.542 ; 5.542 ; Rise       ; clock_1s        ;
;  HEX3[5]  ; clock_1s   ; 5.592 ; 5.592 ; Rise       ; clock_1s        ;
;  HEX3[6]  ; clock_1s   ; 6.180 ; 6.180 ; Rise       ; clock_1s        ;
; HEX4[*]   ; clock_1s   ; 4.432 ; 4.432 ; Rise       ; clock_1s        ;
;  HEX4[0]  ; clock_1s   ; 4.572 ; 4.572 ; Rise       ; clock_1s        ;
;  HEX4[1]  ; clock_1s   ; 4.533 ; 4.533 ; Rise       ; clock_1s        ;
;  HEX4[2]  ; clock_1s   ; 4.691 ; 4.691 ; Rise       ; clock_1s        ;
;  HEX4[3]  ; clock_1s   ; 4.628 ; 4.628 ; Rise       ; clock_1s        ;
;  HEX4[4]  ; clock_1s   ; 4.580 ; 4.580 ; Rise       ; clock_1s        ;
;  HEX4[5]  ; clock_1s   ; 4.517 ; 4.517 ; Rise       ; clock_1s        ;
;  HEX4[6]  ; clock_1s   ; 4.432 ; 4.432 ; Rise       ; clock_1s        ;
; HEX5[*]   ; clock_1s   ; 4.400 ; 4.400 ; Rise       ; clock_1s        ;
;  HEX5[0]  ; clock_1s   ; 4.400 ; 4.400 ; Rise       ; clock_1s        ;
;  HEX5[1]  ; clock_1s   ; 4.685 ; 4.685 ; Rise       ; clock_1s        ;
;  HEX5[2]  ; clock_1s   ; 4.682 ; 4.682 ; Rise       ; clock_1s        ;
;  HEX5[3]  ; clock_1s   ; 4.847 ; 4.847 ; Rise       ; clock_1s        ;
;  HEX5[4]  ; clock_1s   ; 4.768 ; 4.768 ; Rise       ; clock_1s        ;
;  HEX5[5]  ; clock_1s   ; 4.819 ; 4.819 ; Rise       ; clock_1s        ;
;  HEX5[6]  ; clock_1s   ; 4.856 ; 4.856 ; Rise       ; clock_1s        ;
; HEX6[*]   ; clock_1s   ; 4.349 ; 4.349 ; Rise       ; clock_1s        ;
;  HEX6[0]  ; clock_1s   ; 4.439 ; 4.439 ; Rise       ; clock_1s        ;
;  HEX6[1]  ; clock_1s   ; 4.349 ; 4.349 ; Rise       ; clock_1s        ;
;  HEX6[2]  ; clock_1s   ; 4.536 ; 4.536 ; Rise       ; clock_1s        ;
;  HEX6[3]  ; clock_1s   ; 4.791 ; 4.791 ; Rise       ; clock_1s        ;
;  HEX6[4]  ; clock_1s   ; 4.868 ; 4.868 ; Rise       ; clock_1s        ;
;  HEX6[5]  ; clock_1s   ; 4.502 ; 4.502 ; Rise       ; clock_1s        ;
;  HEX6[6]  ; clock_1s   ; 4.586 ; 4.586 ; Rise       ; clock_1s        ;
; HEX7[*]   ; clock_1s   ; 4.762 ; 4.762 ; Rise       ; clock_1s        ;
;  HEX7[0]  ; clock_1s   ; 4.841 ; 4.841 ; Rise       ; clock_1s        ;
;  HEX7[1]  ; clock_1s   ; 4.816 ; 4.816 ; Rise       ; clock_1s        ;
;  HEX7[2]  ; clock_1s   ; 4.838 ; 4.838 ; Rise       ; clock_1s        ;
;  HEX7[3]  ; clock_1s   ; 4.762 ; 4.762 ; Rise       ; clock_1s        ;
;  HEX7[4]  ; clock_1s   ; 4.817 ; 4.817 ; Rise       ; clock_1s        ;
;  HEX7[5]  ; clock_1s   ; 4.927 ; 4.927 ; Rise       ; clock_1s        ;
;  HEX7[6]  ; clock_1s   ; 4.990 ; 4.990 ; Rise       ; clock_1s        ;
; LEDR[*]   ; clock_1s   ; 6.761 ; 6.761 ; Rise       ; clock_1s        ;
;  LEDR[0]  ; clock_1s   ; 6.761 ; 6.761 ; Rise       ; clock_1s        ;
+-----------+------------+-------+-------+------------+-----------------+


+----------------------------------------------------------+
; Propagation Delay                                        ;
+------------+-------------+-------+-------+-------+-------+
; Input Port ; Output Port ; RR    ; RF    ; FR    ; FF    ;
+------------+-------------+-------+-------+-------+-------+
; SW[1]      ; HEX2[0]     ; 5.595 ;       ;       ; 5.595 ;
; SW[1]      ; HEX2[1]     ; 4.899 ;       ;       ; 4.899 ;
; SW[1]      ; HEX2[2]     ; 5.345 ;       ;       ; 5.345 ;
; SW[1]      ; HEX2[3]     ; 4.713 ;       ;       ; 4.713 ;
; SW[1]      ; HEX2[4]     ; 5.209 ;       ;       ; 5.209 ;
; SW[1]      ; HEX2[5]     ; 4.638 ;       ;       ; 4.638 ;
; SW[1]      ; HEX2[6]     ; 5.021 ;       ;       ; 5.021 ;
; SW[1]      ; HEX3[0]     ; 4.623 ;       ;       ; 4.623 ;
; SW[1]      ; HEX3[1]     ; 4.665 ;       ;       ; 4.665 ;
; SW[1]      ; HEX3[2]     ; 4.794 ;       ;       ; 4.794 ;
; SW[1]      ; HEX3[3]     ; 5.265 ;       ;       ; 5.265 ;
; SW[1]      ; HEX3[4]     ; 4.515 ;       ;       ; 4.515 ;
; SW[1]      ; HEX3[5]     ; 4.566 ;       ;       ; 4.566 ;
; SW[1]      ; HEX3[6]     ; 5.229 ;       ;       ; 5.229 ;
; SW[1]      ; HEX4[0]     ; 3.706 ; 3.706 ; 3.706 ; 3.706 ;
; SW[1]      ; HEX4[1]     ; 3.739 ; 3.739 ; 3.739 ; 3.739 ;
; SW[1]      ; HEX4[2]     ; 3.660 ; 3.660 ; 3.660 ; 3.660 ;
; SW[1]      ; HEX4[3]     ; 3.577 ; 3.577 ; 3.577 ; 3.577 ;
; SW[1]      ; HEX4[4]     ; 3.598 ; 3.598 ; 3.598 ; 3.598 ;
; SW[1]      ; HEX4[5]     ; 3.699 ; 3.699 ; 3.699 ; 3.699 ;
; SW[1]      ; HEX4[6]     ; 3.520 ; 3.520 ; 3.520 ; 3.520 ;
; SW[1]      ; HEX5[0]     ; 3.549 ; 3.549 ; 3.549 ; 3.549 ;
; SW[1]      ; HEX5[1]     ; 3.596 ; 3.596 ; 3.596 ; 3.596 ;
; SW[1]      ; HEX5[2]     ; 3.714 ; 3.714 ; 3.714 ; 3.714 ;
; SW[1]      ; HEX5[3]     ; 3.759 ; 3.759 ; 3.759 ; 3.759 ;
; SW[1]      ; HEX5[4]     ; 3.741 ; 3.741 ; 3.741 ; 3.741 ;
; SW[1]      ; HEX5[5]     ; 3.742 ; 3.742 ; 3.742 ; 3.742 ;
; SW[1]      ; HEX5[6]     ; 3.755 ; 3.755 ; 3.755 ; 3.755 ;
; SW[1]      ; HEX6[0]     ; 3.759 ; 3.759 ; 3.759 ; 3.759 ;
; SW[1]      ; HEX6[1]     ; 3.763 ; 3.763 ; 3.763 ; 3.763 ;
; SW[1]      ; HEX6[2]     ; 3.632 ; 3.632 ; 3.632 ; 3.632 ;
; SW[1]      ; HEX6[3]     ; 3.905 ; 3.905 ; 3.905 ; 3.905 ;
; SW[1]      ; HEX6[4]     ; 3.909 ; 3.909 ; 3.909 ; 3.909 ;
; SW[1]      ; HEX6[5]     ; 3.807 ; 3.807 ; 3.807 ; 3.807 ;
; SW[1]      ; HEX6[6]     ; 3.885 ; 3.885 ; 3.885 ; 3.885 ;
; SW[1]      ; HEX7[0]     ; 3.930 ; 3.930 ; 3.930 ; 3.930 ;
; SW[1]      ; HEX7[1]     ; 3.959 ; 3.959 ; 3.959 ; 3.959 ;
; SW[1]      ; HEX7[2]     ; 3.902 ; 3.902 ; 3.902 ; 3.902 ;
; SW[1]      ; HEX7[3]     ; 3.903 ; 3.903 ; 3.903 ; 3.903 ;
; SW[1]      ; HEX7[4]     ; 3.900 ; 3.900 ; 3.900 ; 3.900 ;
; SW[1]      ; HEX7[5]     ; 4.075 ; 4.075 ; 4.075 ; 4.075 ;
; SW[1]      ; HEX7[6]     ; 4.064 ; 4.064 ; 4.064 ; 4.064 ;
; SW[1]      ; LEDR[0]     ;       ; 5.674 ; 5.674 ;       ;
; SW[2]      ; HEX4[0]     ; 3.960 ; 3.960 ; 3.960 ; 3.960 ;
; SW[2]      ; HEX4[1]     ; 4.088 ; 4.088 ; 4.088 ; 4.088 ;
; SW[2]      ; HEX4[2]     ;       ; 3.850 ; 3.850 ;       ;
; SW[2]      ; HEX4[3]     ; 4.031 ; 4.031 ; 4.031 ; 4.031 ;
; SW[2]      ; HEX4[4]     ; 4.057 ;       ;       ; 4.057 ;
; SW[2]      ; HEX4[5]     ; 4.038 ;       ;       ; 4.038 ;
; SW[2]      ; HEX4[6]     ; 3.711 ;       ;       ; 3.711 ;
; SW[2]      ; LEDR[0]     ; 6.290 ; 6.290 ; 6.290 ; 6.290 ;
; SW[3]      ; HEX4[0]     ; 3.928 ; 3.928 ; 3.928 ; 3.928 ;
; SW[3]      ; HEX4[1]     ; 4.057 ; 4.057 ; 4.057 ; 4.057 ;
; SW[3]      ; HEX4[2]     ; 3.818 ;       ;       ; 3.818 ;
; SW[3]      ; HEX4[3]     ; 4.001 ; 4.001 ; 4.001 ; 4.001 ;
; SW[3]      ; HEX4[4]     ; 4.019 ; 4.019 ; 4.019 ; 4.019 ;
; SW[3]      ; HEX4[5]     ; 4.003 ;       ;       ; 4.003 ;
; SW[3]      ; HEX4[6]     ; 3.675 ; 3.675 ; 3.675 ; 3.675 ;
; SW[3]      ; LEDR[0]     ; 6.259 ; 6.259 ; 6.259 ; 6.259 ;
; SW[4]      ; HEX4[0]     ; 4.000 ; 4.000 ; 4.000 ; 4.000 ;
; SW[4]      ; HEX4[1]     ; 4.129 ;       ;       ; 4.129 ;
; SW[4]      ; HEX4[2]     ; 3.890 ; 3.890 ; 3.890 ; 3.890 ;
; SW[4]      ; HEX4[3]     ; 4.071 ; 4.071 ; 4.071 ; 4.071 ;
; SW[4]      ; HEX4[4]     ; 4.097 ;       ;       ; 4.097 ;
; SW[4]      ; HEX4[5]     ; 4.077 ; 4.077 ; 4.077 ; 4.077 ;
; SW[4]      ; HEX4[6]     ; 3.751 ; 3.751 ; 3.751 ; 3.751 ;
; SW[4]      ; LEDR[0]     ; 6.188 ; 6.188 ; 6.188 ; 6.188 ;
; SW[5]      ; HEX4[0]     ; 3.980 ; 3.980 ; 3.980 ; 3.980 ;
; SW[5]      ; HEX4[1]     ; 4.111 ;       ;       ; 4.111 ;
; SW[5]      ; HEX4[2]     ; 3.868 ;       ;       ; 3.868 ;
; SW[5]      ; HEX4[3]     ; 4.055 ; 4.055 ; 4.055 ; 4.055 ;
; SW[5]      ; HEX4[4]     ; 4.066 ;       ;       ; 4.066 ;
; SW[5]      ; HEX4[5]     ; 4.041 ; 4.041 ; 4.041 ; 4.041 ;
; SW[5]      ; HEX4[6]     ; 3.727 ; 3.727 ; 3.727 ; 3.727 ;
; SW[5]      ; LEDR[0]     ; 6.172 ; 6.172 ; 6.172 ; 6.172 ;
; SW[6]      ; HEX5[0]     ; 3.829 ; 3.829 ; 3.829 ; 3.829 ;
; SW[6]      ; HEX5[1]     ; 3.647 ; 3.647 ; 3.647 ; 3.647 ;
; SW[6]      ; HEX5[2]     ;       ; 3.833 ; 3.833 ;       ;
; SW[6]      ; HEX5[3]     ; 3.803 ; 3.803 ; 3.803 ; 3.803 ;
; SW[6]      ; HEX5[4]     ; 3.872 ;       ;       ; 3.872 ;
; SW[6]      ; HEX5[5]     ; 3.795 ;       ;       ; 3.795 ;
; SW[6]      ; HEX5[6]     ; 3.801 ;       ;       ; 3.801 ;
; SW[6]      ; LEDR[0]     ; 6.388 ; 6.388 ; 6.388 ; 6.388 ;
; SW[7]      ; HEX5[0]     ; 4.064 ; 4.064 ; 4.064 ; 4.064 ;
; SW[7]      ; HEX5[1]     ; 3.883 ; 3.883 ; 3.883 ; 3.883 ;
; SW[7]      ; HEX5[2]     ; 4.074 ;       ;       ; 4.074 ;
; SW[7]      ; HEX5[3]     ; 4.054 ; 4.054 ; 4.054 ; 4.054 ;
; SW[7]      ; HEX5[4]     ; 4.100 ; 4.100 ; 4.100 ; 4.100 ;
; SW[7]      ; HEX5[5]     ; 4.026 ;       ;       ; 4.026 ;
; SW[7]      ; HEX5[6]     ; 4.048 ; 4.048 ; 4.048 ; 4.048 ;
; SW[7]      ; LEDR[0]     ; 6.632 ; 6.632 ; 6.632 ; 6.632 ;
; SW[8]      ; HEX5[0]     ; 3.946 ; 3.946 ; 3.946 ; 3.946 ;
; SW[8]      ; HEX5[1]     ; 3.763 ;       ;       ; 3.763 ;
; SW[8]      ; HEX5[2]     ; 3.951 ; 3.951 ; 3.951 ; 3.951 ;
; SW[8]      ; HEX5[3]     ; 3.927 ; 3.927 ; 3.927 ; 3.927 ;
; SW[8]      ; HEX5[4]     ; 3.988 ;       ;       ; 3.988 ;
; SW[8]      ; HEX5[5]     ; 3.911 ; 3.911 ; 3.911 ; 3.911 ;
; SW[8]      ; HEX5[6]     ; 3.922 ; 3.922 ; 3.922 ; 3.922 ;
; SW[8]      ; LEDR[0]     ; 6.465 ; 6.465 ; 6.465 ; 6.465 ;
; SW[9]      ; HEX5[0]     ; 4.201 ; 4.201 ; 4.201 ; 4.201 ;
; SW[9]      ; HEX5[1]     ; 4.019 ;       ;       ; 4.019 ;
; SW[9]      ; HEX5[2]     ; 4.211 ;       ;       ; 4.211 ;
; SW[9]      ; HEX5[3]     ; 4.176 ; 4.176 ; 4.176 ; 4.176 ;
; SW[9]      ; HEX5[4]     ; 4.244 ;       ;       ; 4.244 ;
; SW[9]      ; HEX5[5]     ; 4.167 ; 4.167 ; 4.167 ; 4.167 ;
; SW[9]      ; HEX5[6]     ; 4.173 ; 4.173 ; 4.173 ; 4.173 ;
; SW[9]      ; LEDR[0]     ; 6.604 ; 6.604 ; 6.604 ; 6.604 ;
; SW[10]     ; HEX6[0]     ; 2.895 ; 2.895 ; 2.895 ; 2.895 ;
; SW[10]     ; HEX6[1]     ; 3.018 ; 3.018 ; 3.018 ; 3.018 ;
; SW[10]     ; HEX6[2]     ;       ; 3.033 ; 3.033 ;       ;
; SW[10]     ; HEX6[3]     ; 3.228 ; 3.228 ; 3.228 ; 3.228 ;
; SW[10]     ; HEX6[4]     ; 3.227 ;       ;       ; 3.227 ;
; SW[10]     ; HEX6[5]     ; 3.507 ;       ;       ; 3.507 ;
; SW[10]     ; HEX6[6]     ; 3.444 ;       ;       ; 3.444 ;
; SW[10]     ; LEDR[0]     ; 5.848 ; 5.848 ; 5.848 ; 5.848 ;
; SW[11]     ; HEX6[0]     ; 2.823 ; 2.823 ; 2.823 ; 2.823 ;
; SW[11]     ; HEX6[1]     ; 2.947 ; 2.947 ; 2.947 ; 2.947 ;
; SW[11]     ; HEX6[2]     ; 2.960 ;       ;       ; 2.960 ;
; SW[11]     ; HEX6[3]     ; 3.154 ; 3.154 ; 3.154 ; 3.154 ;
; SW[11]     ; HEX6[4]     ; 3.159 ; 3.159 ; 3.159 ; 3.159 ;
; SW[11]     ; HEX6[5]     ; 3.432 ;       ;       ; 3.432 ;
; SW[11]     ; HEX6[6]     ; 3.380 ; 3.380 ; 3.380 ; 3.380 ;
; SW[11]     ; LEDR[0]     ; 5.786 ; 5.786 ; 5.786 ; 5.786 ;
; SW[12]     ; HEX6[0]     ; 2.753 ; 2.753 ; 2.753 ; 2.753 ;
; SW[12]     ; HEX6[1]     ; 2.877 ;       ;       ; 2.877 ;
; SW[12]     ; HEX6[2]     ; 2.893 ; 2.893 ; 2.893 ; 2.893 ;
; SW[12]     ; HEX6[3]     ; 3.088 ; 3.088 ; 3.088 ; 3.088 ;
; SW[12]     ; HEX6[4]     ; 3.086 ;       ;       ; 3.086 ;
; SW[12]     ; HEX6[5]     ; 3.365 ; 3.365 ; 3.365 ; 3.365 ;
; SW[12]     ; HEX6[6]     ; 3.304 ; 3.304 ; 3.304 ; 3.304 ;
; SW[12]     ; LEDR[0]     ; 5.599 ; 5.599 ; 5.599 ; 5.599 ;
; SW[13]     ; HEX6[0]     ; 5.448 ; 5.448 ; 5.448 ; 5.448 ;
; SW[13]     ; HEX6[1]     ; 5.573 ;       ;       ; 5.573 ;
; SW[13]     ; HEX6[2]     ; 5.589 ;       ;       ; 5.589 ;
; SW[13]     ; HEX6[3]     ; 5.775 ; 5.775 ; 5.775 ; 5.775 ;
; SW[13]     ; HEX6[4]     ; 5.783 ;       ;       ; 5.783 ;
; SW[13]     ; HEX6[5]     ; 6.058 ; 6.058 ; 6.058 ; 6.058 ;
; SW[13]     ; HEX6[6]     ; 6.004 ; 6.004 ; 6.004 ; 6.004 ;
; SW[13]     ; LEDR[0]     ; 8.290 ; 8.290 ; 8.290 ; 8.290 ;
; SW[14]     ; HEX7[0]     ; 5.693 ; 5.693 ; 5.693 ; 5.693 ;
; SW[14]     ; HEX7[1]     ; 5.799 ; 5.799 ; 5.799 ; 5.799 ;
; SW[14]     ; HEX7[2]     ;       ; 5.658 ; 5.658 ;       ;
; SW[14]     ; HEX7[3]     ; 5.764 ; 5.764 ; 5.764 ; 5.764 ;
; SW[14]     ; HEX7[4]     ; 5.656 ;       ;       ; 5.656 ;
; SW[14]     ; HEX7[5]     ; 5.906 ;       ;       ; 5.906 ;
; SW[14]     ; HEX7[6]     ; 5.830 ;       ;       ; 5.830 ;
; SW[14]     ; LEDR[0]     ; 8.233 ; 8.233 ; 8.233 ; 8.233 ;
; SW[15]     ; HEX7[0]     ; 5.618 ; 5.618 ; 5.618 ; 5.618 ;
; SW[15]     ; HEX7[1]     ; 5.723 ; 5.723 ; 5.723 ; 5.723 ;
; SW[15]     ; HEX7[2]     ; 5.581 ;       ;       ; 5.581 ;
; SW[15]     ; HEX7[3]     ; 5.690 ; 5.690 ; 5.690 ; 5.690 ;
; SW[15]     ; HEX7[4]     ; 5.581 ; 5.581 ; 5.581 ; 5.581 ;
; SW[15]     ; HEX7[5]     ; 5.830 ;       ;       ; 5.830 ;
; SW[15]     ; HEX7[6]     ; 5.755 ; 5.755 ; 5.755 ; 5.755 ;
; SW[15]     ; LEDR[0]     ; 8.151 ; 8.151 ; 8.151 ; 8.151 ;
; SW[16]     ; HEX7[0]     ; 5.717 ; 5.717 ; 5.717 ; 5.717 ;
; SW[16]     ; HEX7[1]     ; 5.830 ;       ;       ; 5.830 ;
; SW[16]     ; HEX7[2]     ; 5.695 ; 5.695 ; 5.695 ; 5.695 ;
; SW[16]     ; HEX7[3]     ; 5.804 ; 5.804 ; 5.804 ; 5.804 ;
; SW[16]     ; HEX7[4]     ; 5.691 ;       ;       ; 5.691 ;
; SW[16]     ; HEX7[5]     ; 5.933 ; 5.933 ; 5.933 ; 5.933 ;
; SW[16]     ; HEX7[6]     ; 5.854 ; 5.854 ; 5.854 ; 5.854 ;
; SW[16]     ; LEDR[0]     ; 8.127 ; 8.127 ; 8.127 ; 8.127 ;
; SW[17]     ; HEX7[0]     ; 5.597 ; 5.597 ; 5.597 ; 5.597 ;
; SW[17]     ; HEX7[1]     ; 5.716 ;       ;       ; 5.716 ;
; SW[17]     ; HEX7[2]     ; 5.581 ;       ;       ; 5.581 ;
; SW[17]     ; HEX7[3]     ; 5.690 ; 5.690 ; 5.690 ; 5.690 ;
; SW[17]     ; HEX7[4]     ; 5.577 ;       ;       ; 5.577 ;
; SW[17]     ; HEX7[5]     ; 5.817 ; 5.817 ; 5.817 ; 5.817 ;
; SW[17]     ; HEX7[6]     ; 5.734 ; 5.734 ; 5.734 ; 5.734 ;
; SW[17]     ; LEDR[0]     ; 8.271 ; 8.271 ; 8.271 ; 8.271 ;
+------------+-------------+-------+-------+-------+-------+


+----------------------------------------------------------+
; Minimum Propagation Delay                                ;
+------------+-------------+-------+-------+-------+-------+
; Input Port ; Output Port ; RR    ; RF    ; FR    ; FF    ;
+------------+-------------+-------+-------+-------+-------+
; SW[1]      ; HEX2[0]     ; 5.595 ;       ;       ; 5.595 ;
; SW[1]      ; HEX2[1]     ; 4.899 ;       ;       ; 4.899 ;
; SW[1]      ; HEX2[2]     ; 5.345 ;       ;       ; 5.345 ;
; SW[1]      ; HEX2[3]     ; 4.713 ;       ;       ; 4.713 ;
; SW[1]      ; HEX2[4]     ; 5.209 ;       ;       ; 5.209 ;
; SW[1]      ; HEX2[5]     ; 4.638 ;       ;       ; 4.638 ;
; SW[1]      ; HEX2[6]     ; 5.021 ;       ;       ; 5.021 ;
; SW[1]      ; HEX3[0]     ; 4.623 ;       ;       ; 4.623 ;
; SW[1]      ; HEX3[1]     ; 4.665 ;       ;       ; 4.665 ;
; SW[1]      ; HEX3[2]     ; 4.794 ;       ;       ; 4.794 ;
; SW[1]      ; HEX3[3]     ; 5.265 ;       ;       ; 5.265 ;
; SW[1]      ; HEX3[4]     ; 4.515 ;       ;       ; 4.515 ;
; SW[1]      ; HEX3[5]     ; 4.566 ;       ;       ; 4.566 ;
; SW[1]      ; HEX3[6]     ; 5.229 ;       ;       ; 5.229 ;
; SW[1]      ; HEX4[0]     ; 3.706 ; 3.706 ; 3.706 ; 3.706 ;
; SW[1]      ; HEX4[1]     ; 3.739 ; 3.739 ; 3.739 ; 3.739 ;
; SW[1]      ; HEX4[2]     ; 3.660 ; 3.660 ; 3.660 ; 3.660 ;
; SW[1]      ; HEX4[3]     ; 3.577 ; 3.577 ; 3.577 ; 3.577 ;
; SW[1]      ; HEX4[4]     ; 3.598 ; 3.598 ; 3.598 ; 3.598 ;
; SW[1]      ; HEX4[5]     ; 3.699 ; 3.699 ; 3.699 ; 3.699 ;
; SW[1]      ; HEX4[6]     ; 3.520 ; 3.520 ; 3.520 ; 3.520 ;
; SW[1]      ; HEX5[0]     ; 3.549 ; 3.549 ; 3.549 ; 3.549 ;
; SW[1]      ; HEX5[1]     ; 3.596 ; 3.596 ; 3.596 ; 3.596 ;
; SW[1]      ; HEX5[2]     ; 3.714 ; 3.714 ; 3.714 ; 3.714 ;
; SW[1]      ; HEX5[3]     ; 3.759 ; 3.759 ; 3.759 ; 3.759 ;
; SW[1]      ; HEX5[4]     ; 3.741 ; 3.741 ; 3.741 ; 3.741 ;
; SW[1]      ; HEX5[5]     ; 3.742 ; 3.742 ; 3.742 ; 3.742 ;
; SW[1]      ; HEX5[6]     ; 3.755 ; 3.755 ; 3.755 ; 3.755 ;
; SW[1]      ; HEX6[0]     ; 3.759 ; 3.759 ; 3.759 ; 3.759 ;
; SW[1]      ; HEX6[1]     ; 3.763 ; 3.763 ; 3.763 ; 3.763 ;
; SW[1]      ; HEX6[2]     ; 3.632 ; 3.632 ; 3.632 ; 3.632 ;
; SW[1]      ; HEX6[3]     ; 3.905 ; 3.905 ; 3.905 ; 3.905 ;
; SW[1]      ; HEX6[4]     ; 3.909 ; 3.909 ; 3.909 ; 3.909 ;
; SW[1]      ; HEX6[5]     ; 3.807 ; 3.807 ; 3.807 ; 3.807 ;
; SW[1]      ; HEX6[6]     ; 3.885 ; 3.885 ; 3.885 ; 3.885 ;
; SW[1]      ; HEX7[0]     ; 3.930 ; 3.930 ; 3.930 ; 3.930 ;
; SW[1]      ; HEX7[1]     ; 3.959 ; 3.959 ; 3.959 ; 3.959 ;
; SW[1]      ; HEX7[2]     ; 3.902 ; 3.902 ; 3.902 ; 3.902 ;
; SW[1]      ; HEX7[3]     ; 3.903 ; 3.903 ; 3.903 ; 3.903 ;
; SW[1]      ; HEX7[4]     ; 3.900 ; 3.900 ; 3.900 ; 3.900 ;
; SW[1]      ; HEX7[5]     ; 4.075 ; 4.075 ; 4.075 ; 4.075 ;
; SW[1]      ; HEX7[6]     ; 4.064 ; 4.064 ; 4.064 ; 4.064 ;
; SW[1]      ; LEDR[0]     ;       ; 5.674 ; 5.674 ;       ;
; SW[2]      ; HEX4[0]     ; 3.960 ; 3.960 ; 3.960 ; 3.960 ;
; SW[2]      ; HEX4[1]     ; 4.088 ; 4.088 ; 4.088 ; 4.088 ;
; SW[2]      ; HEX4[2]     ;       ; 3.850 ; 3.850 ;       ;
; SW[2]      ; HEX4[3]     ; 4.031 ; 4.031 ; 4.031 ; 4.031 ;
; SW[2]      ; HEX4[4]     ; 4.057 ;       ;       ; 4.057 ;
; SW[2]      ; HEX4[5]     ; 4.038 ;       ;       ; 4.038 ;
; SW[2]      ; HEX4[6]     ; 3.711 ;       ;       ; 3.711 ;
; SW[2]      ; LEDR[0]     ; 6.290 ; 6.290 ; 6.290 ; 6.290 ;
; SW[3]      ; HEX4[0]     ; 3.928 ; 3.928 ; 3.928 ; 3.928 ;
; SW[3]      ; HEX4[1]     ; 4.057 ; 4.057 ; 4.057 ; 4.057 ;
; SW[3]      ; HEX4[2]     ; 3.818 ;       ;       ; 3.818 ;
; SW[3]      ; HEX4[3]     ; 4.001 ; 4.001 ; 4.001 ; 4.001 ;
; SW[3]      ; HEX4[4]     ; 4.019 ; 4.019 ; 4.019 ; 4.019 ;
; SW[3]      ; HEX4[5]     ; 4.003 ;       ;       ; 4.003 ;
; SW[3]      ; HEX4[6]     ; 3.675 ; 3.675 ; 3.675 ; 3.675 ;
; SW[3]      ; LEDR[0]     ; 6.259 ; 6.259 ; 6.259 ; 6.259 ;
; SW[4]      ; HEX4[0]     ; 4.000 ; 4.000 ; 4.000 ; 4.000 ;
; SW[4]      ; HEX4[1]     ; 4.129 ;       ;       ; 4.129 ;
; SW[4]      ; HEX4[2]     ; 3.890 ; 3.890 ; 3.890 ; 3.890 ;
; SW[4]      ; HEX4[3]     ; 4.071 ; 4.071 ; 4.071 ; 4.071 ;
; SW[4]      ; HEX4[4]     ; 4.097 ;       ;       ; 4.097 ;
; SW[4]      ; HEX4[5]     ; 4.077 ; 4.077 ; 4.077 ; 4.077 ;
; SW[4]      ; HEX4[6]     ; 3.751 ; 3.751 ; 3.751 ; 3.751 ;
; SW[4]      ; LEDR[0]     ; 6.188 ; 6.188 ; 6.188 ; 6.188 ;
; SW[5]      ; HEX4[0]     ; 3.980 ; 3.980 ; 3.980 ; 3.980 ;
; SW[5]      ; HEX4[1]     ; 4.111 ;       ;       ; 4.111 ;
; SW[5]      ; HEX4[2]     ; 3.868 ;       ;       ; 3.868 ;
; SW[5]      ; HEX4[3]     ; 4.055 ; 4.055 ; 4.055 ; 4.055 ;
; SW[5]      ; HEX4[4]     ; 4.066 ;       ;       ; 4.066 ;
; SW[5]      ; HEX4[5]     ; 4.041 ; 4.041 ; 4.041 ; 4.041 ;
; SW[5]      ; HEX4[6]     ; 3.727 ; 3.727 ; 3.727 ; 3.727 ;
; SW[5]      ; LEDR[0]     ; 6.172 ; 6.172 ; 6.172 ; 6.172 ;
; SW[6]      ; HEX5[0]     ; 3.829 ; 3.829 ; 3.829 ; 3.829 ;
; SW[6]      ; HEX5[1]     ; 3.647 ; 3.647 ; 3.647 ; 3.647 ;
; SW[6]      ; HEX5[2]     ;       ; 3.833 ; 3.833 ;       ;
; SW[6]      ; HEX5[3]     ; 3.803 ; 3.803 ; 3.803 ; 3.803 ;
; SW[6]      ; HEX5[4]     ; 3.872 ;       ;       ; 3.872 ;
; SW[6]      ; HEX5[5]     ; 3.795 ;       ;       ; 3.795 ;
; SW[6]      ; HEX5[6]     ; 3.801 ;       ;       ; 3.801 ;
; SW[6]      ; LEDR[0]     ; 6.388 ; 6.388 ; 6.388 ; 6.388 ;
; SW[7]      ; HEX5[0]     ; 4.064 ; 4.064 ; 4.064 ; 4.064 ;
; SW[7]      ; HEX5[1]     ; 3.883 ; 3.883 ; 3.883 ; 3.883 ;
; SW[7]      ; HEX5[2]     ; 4.074 ;       ;       ; 4.074 ;
; SW[7]      ; HEX5[3]     ; 4.054 ; 4.054 ; 4.054 ; 4.054 ;
; SW[7]      ; HEX5[4]     ; 4.100 ; 4.100 ; 4.100 ; 4.100 ;
; SW[7]      ; HEX5[5]     ; 4.026 ;       ;       ; 4.026 ;
; SW[7]      ; HEX5[6]     ; 4.048 ; 4.048 ; 4.048 ; 4.048 ;
; SW[7]      ; LEDR[0]     ; 6.632 ; 6.632 ; 6.632 ; 6.632 ;
; SW[8]      ; HEX5[0]     ; 3.946 ; 3.946 ; 3.946 ; 3.946 ;
; SW[8]      ; HEX5[1]     ; 3.763 ;       ;       ; 3.763 ;
; SW[8]      ; HEX5[2]     ; 3.951 ; 3.951 ; 3.951 ; 3.951 ;
; SW[8]      ; HEX5[3]     ; 3.927 ; 3.927 ; 3.927 ; 3.927 ;
; SW[8]      ; HEX5[4]     ; 3.988 ;       ;       ; 3.988 ;
; SW[8]      ; HEX5[5]     ; 3.911 ; 3.911 ; 3.911 ; 3.911 ;
; SW[8]      ; HEX5[6]     ; 3.922 ; 3.922 ; 3.922 ; 3.922 ;
; SW[8]      ; LEDR[0]     ; 6.465 ; 6.465 ; 6.465 ; 6.465 ;
; SW[9]      ; HEX5[0]     ; 4.201 ; 4.201 ; 4.201 ; 4.201 ;
; SW[9]      ; HEX5[1]     ; 4.019 ;       ;       ; 4.019 ;
; SW[9]      ; HEX5[2]     ; 4.211 ;       ;       ; 4.211 ;
; SW[9]      ; HEX5[3]     ; 4.176 ; 4.176 ; 4.176 ; 4.176 ;
; SW[9]      ; HEX5[4]     ; 4.244 ;       ;       ; 4.244 ;
; SW[9]      ; HEX5[5]     ; 4.167 ; 4.167 ; 4.167 ; 4.167 ;
; SW[9]      ; HEX5[6]     ; 4.173 ; 4.173 ; 4.173 ; 4.173 ;
; SW[9]      ; LEDR[0]     ; 6.604 ; 6.604 ; 6.604 ; 6.604 ;
; SW[10]     ; HEX6[0]     ; 2.895 ; 2.895 ; 2.895 ; 2.895 ;
; SW[10]     ; HEX6[1]     ; 3.018 ; 3.018 ; 3.018 ; 3.018 ;
; SW[10]     ; HEX6[2]     ;       ; 3.033 ; 3.033 ;       ;
; SW[10]     ; HEX6[3]     ; 3.228 ; 3.228 ; 3.228 ; 3.228 ;
; SW[10]     ; HEX6[4]     ; 3.227 ;       ;       ; 3.227 ;
; SW[10]     ; HEX6[5]     ; 3.507 ;       ;       ; 3.507 ;
; SW[10]     ; HEX6[6]     ; 3.444 ;       ;       ; 3.444 ;
; SW[10]     ; LEDR[0]     ; 5.848 ; 5.848 ; 5.848 ; 5.848 ;
; SW[11]     ; HEX6[0]     ; 2.823 ; 2.823 ; 2.823 ; 2.823 ;
; SW[11]     ; HEX6[1]     ; 2.947 ; 2.947 ; 2.947 ; 2.947 ;
; SW[11]     ; HEX6[2]     ; 2.960 ;       ;       ; 2.960 ;
; SW[11]     ; HEX6[3]     ; 3.154 ; 3.154 ; 3.154 ; 3.154 ;
; SW[11]     ; HEX6[4]     ; 3.159 ; 3.159 ; 3.159 ; 3.159 ;
; SW[11]     ; HEX6[5]     ; 3.432 ;       ;       ; 3.432 ;
; SW[11]     ; HEX6[6]     ; 3.380 ; 3.380 ; 3.380 ; 3.380 ;
; SW[11]     ; LEDR[0]     ; 5.786 ; 5.786 ; 5.786 ; 5.786 ;
; SW[12]     ; HEX6[0]     ; 2.753 ; 2.753 ; 2.753 ; 2.753 ;
; SW[12]     ; HEX6[1]     ; 2.877 ;       ;       ; 2.877 ;
; SW[12]     ; HEX6[2]     ; 2.893 ; 2.893 ; 2.893 ; 2.893 ;
; SW[12]     ; HEX6[3]     ; 3.088 ; 3.088 ; 3.088 ; 3.088 ;
; SW[12]     ; HEX6[4]     ; 3.086 ;       ;       ; 3.086 ;
; SW[12]     ; HEX6[5]     ; 3.365 ; 3.365 ; 3.365 ; 3.365 ;
; SW[12]     ; HEX6[6]     ; 3.304 ; 3.304 ; 3.304 ; 3.304 ;
; SW[12]     ; LEDR[0]     ; 5.599 ; 5.599 ; 5.599 ; 5.599 ;
; SW[13]     ; HEX6[0]     ; 5.448 ; 5.448 ; 5.448 ; 5.448 ;
; SW[13]     ; HEX6[1]     ; 5.573 ;       ;       ; 5.573 ;
; SW[13]     ; HEX6[2]     ; 5.589 ;       ;       ; 5.589 ;
; SW[13]     ; HEX6[3]     ; 5.775 ; 5.775 ; 5.775 ; 5.775 ;
; SW[13]     ; HEX6[4]     ; 5.783 ;       ;       ; 5.783 ;
; SW[13]     ; HEX6[5]     ; 6.058 ; 6.058 ; 6.058 ; 6.058 ;
; SW[13]     ; HEX6[6]     ; 6.004 ; 6.004 ; 6.004 ; 6.004 ;
; SW[13]     ; LEDR[0]     ; 8.290 ; 8.290 ; 8.290 ; 8.290 ;
; SW[14]     ; HEX7[0]     ; 5.693 ; 5.693 ; 5.693 ; 5.693 ;
; SW[14]     ; HEX7[1]     ; 5.799 ; 5.799 ; 5.799 ; 5.799 ;
; SW[14]     ; HEX7[2]     ;       ; 5.658 ; 5.658 ;       ;
; SW[14]     ; HEX7[3]     ; 5.764 ; 5.764 ; 5.764 ; 5.764 ;
; SW[14]     ; HEX7[4]     ; 5.656 ;       ;       ; 5.656 ;
; SW[14]     ; HEX7[5]     ; 5.906 ;       ;       ; 5.906 ;
; SW[14]     ; HEX7[6]     ; 5.830 ;       ;       ; 5.830 ;
; SW[14]     ; LEDR[0]     ; 8.233 ; 8.233 ; 8.233 ; 8.233 ;
; SW[15]     ; HEX7[0]     ; 5.618 ; 5.618 ; 5.618 ; 5.618 ;
; SW[15]     ; HEX7[1]     ; 5.723 ; 5.723 ; 5.723 ; 5.723 ;
; SW[15]     ; HEX7[2]     ; 5.581 ;       ;       ; 5.581 ;
; SW[15]     ; HEX7[3]     ; 5.690 ; 5.690 ; 5.690 ; 5.690 ;
; SW[15]     ; HEX7[4]     ; 5.581 ; 5.581 ; 5.581 ; 5.581 ;
; SW[15]     ; HEX7[5]     ; 5.830 ;       ;       ; 5.830 ;
; SW[15]     ; HEX7[6]     ; 5.755 ; 5.755 ; 5.755 ; 5.755 ;
; SW[15]     ; LEDR[0]     ; 8.151 ; 8.151 ; 8.151 ; 8.151 ;
; SW[16]     ; HEX7[0]     ; 5.717 ; 5.717 ; 5.717 ; 5.717 ;
; SW[16]     ; HEX7[1]     ; 5.830 ;       ;       ; 5.830 ;
; SW[16]     ; HEX7[2]     ; 5.695 ; 5.695 ; 5.695 ; 5.695 ;
; SW[16]     ; HEX7[3]     ; 5.804 ; 5.804 ; 5.804 ; 5.804 ;
; SW[16]     ; HEX7[4]     ; 5.691 ;       ;       ; 5.691 ;
; SW[16]     ; HEX7[5]     ; 5.933 ; 5.933 ; 5.933 ; 5.933 ;
; SW[16]     ; HEX7[6]     ; 5.854 ; 5.854 ; 5.854 ; 5.854 ;
; SW[16]     ; LEDR[0]     ; 8.127 ; 8.127 ; 8.127 ; 8.127 ;
; SW[17]     ; HEX7[0]     ; 5.597 ; 5.597 ; 5.597 ; 5.597 ;
; SW[17]     ; HEX7[1]     ; 5.716 ;       ;       ; 5.716 ;
; SW[17]     ; HEX7[2]     ; 5.581 ;       ;       ; 5.581 ;
; SW[17]     ; HEX7[3]     ; 5.690 ; 5.690 ; 5.690 ; 5.690 ;
; SW[17]     ; HEX7[4]     ; 5.577 ;       ;       ; 5.577 ;
; SW[17]     ; HEX7[5]     ; 5.817 ; 5.817 ; 5.817 ; 5.817 ;
; SW[17]     ; HEX7[6]     ; 5.734 ; 5.734 ; 5.734 ; 5.734 ;
; SW[17]     ; LEDR[0]     ; 8.271 ; 8.271 ; 8.271 ; 8.271 ;
+------------+-------------+-------+-------+-------+-------+


+---------------------------------------------------------------------------------+
; Multicorner Timing Analysis Summary                                             ;
+------------------+----------+--------+----------+---------+---------------------+
; Clock            ; Setup    ; Hold   ; Recovery ; Removal ; Minimum Pulse Width ;
+------------------+----------+--------+----------+---------+---------------------+
; Worst-case Slack ; -2.864   ; -2.529 ; N/A      ; N/A     ; -1.380              ;
;  CLOCK_50        ; -2.864   ; -2.529 ; N/A      ; N/A     ; -1.380              ;
;  clock_1s        ; -1.949   ; 0.215  ; N/A      ; N/A     ; -0.500              ;
; Design-wide TNS  ; -100.473 ; -2.529 ; 0.0      ; 0.0     ; -58.38              ;
;  CLOCK_50        ; -65.507  ; -2.529 ; N/A      ; N/A     ; -34.380             ;
;  clock_1s        ; -34.966  ; 0.000  ; N/A      ; N/A     ; -24.000             ;
+------------------+----------+--------+----------+---------+---------------------+


+-------------------------------------------------------------------------+
; Clock to Output Times                                                   ;
+-----------+------------+--------+--------+------------+-----------------+
; Data Port ; Clock Port ; Rise   ; Fall   ; Clock Edge ; Clock Reference ;
+-----------+------------+--------+--------+------------+-----------------+
; HEX2[*]   ; clock_1s   ; 12.953 ; 12.953 ; Rise       ; clock_1s        ;
;  HEX2[0]  ; clock_1s   ; 12.953 ; 12.953 ; Rise       ; clock_1s        ;
;  HEX2[1]  ; clock_1s   ; 11.138 ; 11.138 ; Rise       ; clock_1s        ;
;  HEX2[2]  ; clock_1s   ; 12.225 ; 12.225 ; Rise       ; clock_1s        ;
;  HEX2[3]  ; clock_1s   ; 10.660 ; 10.660 ; Rise       ; clock_1s        ;
;  HEX2[4]  ; clock_1s   ; 11.939 ; 11.939 ; Rise       ; clock_1s        ;
;  HEX2[5]  ; clock_1s   ; 11.165 ; 11.165 ; Rise       ; clock_1s        ;
;  HEX2[6]  ; clock_1s   ; 11.648 ; 11.648 ; Rise       ; clock_1s        ;
; HEX3[*]   ; clock_1s   ; 12.966 ; 12.966 ; Rise       ; clock_1s        ;
;  HEX3[0]  ; clock_1s   ; 11.381 ; 11.381 ; Rise       ; clock_1s        ;
;  HEX3[1]  ; clock_1s   ; 11.440 ; 11.440 ; Rise       ; clock_1s        ;
;  HEX3[2]  ; clock_1s   ; 11.780 ; 11.780 ; Rise       ; clock_1s        ;
;  HEX3[3]  ; clock_1s   ; 12.966 ; 12.966 ; Rise       ; clock_1s        ;
;  HEX3[4]  ; clock_1s   ; 11.142 ; 11.142 ; Rise       ; clock_1s        ;
;  HEX3[5]  ; clock_1s   ; 11.305 ; 11.305 ; Rise       ; clock_1s        ;
;  HEX3[6]  ; clock_1s   ; 12.500 ; 12.500 ; Rise       ; clock_1s        ;
; HEX4[*]   ; clock_1s   ; 9.321  ; 9.321  ; Rise       ; clock_1s        ;
;  HEX4[0]  ; clock_1s   ; 9.074  ; 9.074  ; Rise       ; clock_1s        ;
;  HEX4[1]  ; clock_1s   ; 8.930  ; 8.930  ; Rise       ; clock_1s        ;
;  HEX4[2]  ; clock_1s   ; 9.321  ; 9.321  ; Rise       ; clock_1s        ;
;  HEX4[3]  ; clock_1s   ; 9.181  ; 9.181  ; Rise       ; clock_1s        ;
;  HEX4[4]  ; clock_1s   ; 9.059  ; 9.059  ; Rise       ; clock_1s        ;
;  HEX4[5]  ; clock_1s   ; 8.929  ; 8.929  ; Rise       ; clock_1s        ;
;  HEX4[6]  ; clock_1s   ; 8.723  ; 8.723  ; Rise       ; clock_1s        ;
; HEX5[*]   ; clock_1s   ; 9.627  ; 9.627  ; Rise       ; clock_1s        ;
;  HEX5[0]  ; clock_1s   ; 8.647  ; 8.647  ; Rise       ; clock_1s        ;
;  HEX5[1]  ; clock_1s   ; 9.281  ; 9.281  ; Rise       ; clock_1s        ;
;  HEX5[2]  ; clock_1s   ; 9.250  ; 9.250  ; Rise       ; clock_1s        ;
;  HEX5[3]  ; clock_1s   ; 9.583  ; 9.583  ; Rise       ; clock_1s        ;
;  HEX5[4]  ; clock_1s   ; 9.447  ; 9.447  ; Rise       ; clock_1s        ;
;  HEX5[5]  ; clock_1s   ; 9.601  ; 9.601  ; Rise       ; clock_1s        ;
;  HEX5[6]  ; clock_1s   ; 9.627  ; 9.627  ; Rise       ; clock_1s        ;
; HEX6[*]   ; clock_1s   ; 9.633  ; 9.633  ; Rise       ; clock_1s        ;
;  HEX6[0]  ; clock_1s   ; 8.923  ; 8.923  ; Rise       ; clock_1s        ;
;  HEX6[1]  ; clock_1s   ; 8.707  ; 8.707  ; Rise       ; clock_1s        ;
;  HEX6[2]  ; clock_1s   ; 8.936  ; 8.936  ; Rise       ; clock_1s        ;
;  HEX6[3]  ; clock_1s   ; 9.416  ; 9.416  ; Rise       ; clock_1s        ;
;  HEX6[4]  ; clock_1s   ; 9.633  ; 9.633  ; Rise       ; clock_1s        ;
;  HEX6[5]  ; clock_1s   ; 8.643  ; 8.643  ; Rise       ; clock_1s        ;
;  HEX6[6]  ; clock_1s   ; 8.972  ; 8.972  ; Rise       ; clock_1s        ;
; HEX7[*]   ; clock_1s   ; 9.823  ; 9.823  ; Rise       ; clock_1s        ;
;  HEX7[0]  ; clock_1s   ; 9.484  ; 9.484  ; Rise       ; clock_1s        ;
;  HEX7[1]  ; clock_1s   ; 9.438  ; 9.438  ; Rise       ; clock_1s        ;
;  HEX7[2]  ; clock_1s   ; 9.526  ; 9.526  ; Rise       ; clock_1s        ;
;  HEX7[3]  ; clock_1s   ; 9.353  ; 9.353  ; Rise       ; clock_1s        ;
;  HEX7[4]  ; clock_1s   ; 9.457  ; 9.457  ; Rise       ; clock_1s        ;
;  HEX7[5]  ; clock_1s   ; 9.707  ; 9.707  ; Rise       ; clock_1s        ;
;  HEX7[6]  ; clock_1s   ; 9.823  ; 9.823  ; Rise       ; clock_1s        ;
; LEDR[*]   ; clock_1s   ; 14.456 ; 14.456 ; Rise       ; clock_1s        ;
;  LEDR[0]  ; clock_1s   ; 14.456 ; 14.456 ; Rise       ; clock_1s        ;
+-----------+------------+--------+--------+------------+-----------------+


+-----------------------------------------------------------------------+
; Minimum Clock to Output Times                                         ;
+-----------+------------+-------+-------+------------+-----------------+
; Data Port ; Clock Port ; Rise  ; Fall  ; Clock Edge ; Clock Reference ;
+-----------+------------+-------+-------+------------+-----------------+
; HEX2[*]   ; clock_1s   ; 5.473 ; 5.473 ; Rise       ; clock_1s        ;
;  HEX2[0]  ; clock_1s   ; 6.425 ; 6.425 ; Rise       ; clock_1s        ;
;  HEX2[1]  ; clock_1s   ; 5.671 ; 5.671 ; Rise       ; clock_1s        ;
;  HEX2[2]  ; clock_1s   ; 6.111 ; 6.111 ; Rise       ; clock_1s        ;
;  HEX2[3]  ; clock_1s   ; 5.473 ; 5.473 ; Rise       ; clock_1s        ;
;  HEX2[4]  ; clock_1s   ; 5.976 ; 5.976 ; Rise       ; clock_1s        ;
;  HEX2[5]  ; clock_1s   ; 5.661 ; 5.661 ; Rise       ; clock_1s        ;
;  HEX2[6]  ; clock_1s   ; 5.870 ; 5.870 ; Rise       ; clock_1s        ;
; HEX3[*]   ; clock_1s   ; 5.542 ; 5.542 ; Rise       ; clock_1s        ;
;  HEX3[0]  ; clock_1s   ; 5.649 ; 5.649 ; Rise       ; clock_1s        ;
;  HEX3[1]  ; clock_1s   ; 5.681 ; 5.681 ; Rise       ; clock_1s        ;
;  HEX3[2]  ; clock_1s   ; 5.811 ; 5.811 ; Rise       ; clock_1s        ;
;  HEX3[3]  ; clock_1s   ; 6.298 ; 6.298 ; Rise       ; clock_1s        ;
;  HEX3[4]  ; clock_1s   ; 5.542 ; 5.542 ; Rise       ; clock_1s        ;
;  HEX3[5]  ; clock_1s   ; 5.592 ; 5.592 ; Rise       ; clock_1s        ;
;  HEX3[6]  ; clock_1s   ; 6.180 ; 6.180 ; Rise       ; clock_1s        ;
; HEX4[*]   ; clock_1s   ; 4.432 ; 4.432 ; Rise       ; clock_1s        ;
;  HEX4[0]  ; clock_1s   ; 4.572 ; 4.572 ; Rise       ; clock_1s        ;
;  HEX4[1]  ; clock_1s   ; 4.533 ; 4.533 ; Rise       ; clock_1s        ;
;  HEX4[2]  ; clock_1s   ; 4.691 ; 4.691 ; Rise       ; clock_1s        ;
;  HEX4[3]  ; clock_1s   ; 4.628 ; 4.628 ; Rise       ; clock_1s        ;
;  HEX4[4]  ; clock_1s   ; 4.580 ; 4.580 ; Rise       ; clock_1s        ;
;  HEX4[5]  ; clock_1s   ; 4.517 ; 4.517 ; Rise       ; clock_1s        ;
;  HEX4[6]  ; clock_1s   ; 4.432 ; 4.432 ; Rise       ; clock_1s        ;
; HEX5[*]   ; clock_1s   ; 4.400 ; 4.400 ; Rise       ; clock_1s        ;
;  HEX5[0]  ; clock_1s   ; 4.400 ; 4.400 ; Rise       ; clock_1s        ;
;  HEX5[1]  ; clock_1s   ; 4.685 ; 4.685 ; Rise       ; clock_1s        ;
;  HEX5[2]  ; clock_1s   ; 4.682 ; 4.682 ; Rise       ; clock_1s        ;
;  HEX5[3]  ; clock_1s   ; 4.847 ; 4.847 ; Rise       ; clock_1s        ;
;  HEX5[4]  ; clock_1s   ; 4.768 ; 4.768 ; Rise       ; clock_1s        ;
;  HEX5[5]  ; clock_1s   ; 4.819 ; 4.819 ; Rise       ; clock_1s        ;
;  HEX5[6]  ; clock_1s   ; 4.856 ; 4.856 ; Rise       ; clock_1s        ;
; HEX6[*]   ; clock_1s   ; 4.349 ; 4.349 ; Rise       ; clock_1s        ;
;  HEX6[0]  ; clock_1s   ; 4.439 ; 4.439 ; Rise       ; clock_1s        ;
;  HEX6[1]  ; clock_1s   ; 4.349 ; 4.349 ; Rise       ; clock_1s        ;
;  HEX6[2]  ; clock_1s   ; 4.536 ; 4.536 ; Rise       ; clock_1s        ;
;  HEX6[3]  ; clock_1s   ; 4.791 ; 4.791 ; Rise       ; clock_1s        ;
;  HEX6[4]  ; clock_1s   ; 4.868 ; 4.868 ; Rise       ; clock_1s        ;
;  HEX6[5]  ; clock_1s   ; 4.502 ; 4.502 ; Rise       ; clock_1s        ;
;  HEX6[6]  ; clock_1s   ; 4.586 ; 4.586 ; Rise       ; clock_1s        ;
; HEX7[*]   ; clock_1s   ; 4.762 ; 4.762 ; Rise       ; clock_1s        ;
;  HEX7[0]  ; clock_1s   ; 4.841 ; 4.841 ; Rise       ; clock_1s        ;
;  HEX7[1]  ; clock_1s   ; 4.816 ; 4.816 ; Rise       ; clock_1s        ;
;  HEX7[2]  ; clock_1s   ; 4.838 ; 4.838 ; Rise       ; clock_1s        ;
;  HEX7[3]  ; clock_1s   ; 4.762 ; 4.762 ; Rise       ; clock_1s        ;
;  HEX7[4]  ; clock_1s   ; 4.817 ; 4.817 ; Rise       ; clock_1s        ;
;  HEX7[5]  ; clock_1s   ; 4.927 ; 4.927 ; Rise       ; clock_1s        ;
;  HEX7[6]  ; clock_1s   ; 4.990 ; 4.990 ; Rise       ; clock_1s        ;
; LEDR[*]   ; clock_1s   ; 6.761 ; 6.761 ; Rise       ; clock_1s        ;
;  LEDR[0]  ; clock_1s   ; 6.761 ; 6.761 ; Rise       ; clock_1s        ;
+-----------+------------+-------+-------+------------+-----------------+


+--------------------------------------------------------------+
; Progagation Delay                                            ;
+------------+-------------+--------+--------+--------+--------+
; Input Port ; Output Port ; RR     ; RF     ; FR     ; FF     ;
+------------+-------------+--------+--------+--------+--------+
; SW[1]      ; HEX2[0]     ; 11.228 ;        ;        ; 11.228 ;
; SW[1]      ; HEX2[1]     ; 9.579  ;        ;        ; 9.579  ;
; SW[1]      ; HEX2[2]     ; 10.662 ;        ;        ; 10.662 ;
; SW[1]      ; HEX2[3]     ; 9.111  ;        ;        ; 9.111  ;
; SW[1]      ; HEX2[4]     ; 10.378 ;        ;        ; 10.378 ;
; SW[1]      ; HEX2[5]     ; 9.005  ;        ;        ; 9.005  ;
; SW[1]      ; HEX2[6]     ; 9.918  ;        ;        ; 9.918  ;
; SW[1]      ; HEX3[0]     ; 9.003  ;        ;        ; 9.003  ;
; SW[1]      ; HEX3[1]     ; 9.047  ;        ;        ; 9.047  ;
; SW[1]      ; HEX3[2]     ; 9.387  ;        ;        ; 9.387  ;
; SW[1]      ; HEX3[3]     ; 10.534 ;        ;        ; 10.534 ;
; SW[1]      ; HEX3[4]     ; 8.740  ;        ;        ; 8.740  ;
; SW[1]      ; HEX3[5]     ; 8.899  ;        ;        ; 8.899  ;
; SW[1]      ; HEX3[6]     ; 10.252 ;        ;        ; 10.252 ;
; SW[1]      ; HEX4[0]     ; 7.202  ; 7.202  ; 7.202  ; 7.202  ;
; SW[1]      ; HEX4[1]     ; 7.251  ; 7.251  ; 7.251  ; 7.251  ;
; SW[1]      ; HEX4[2]     ; 7.104  ; 7.104  ; 7.104  ; 7.104  ;
; SW[1]      ; HEX4[3]     ; 6.941  ; 6.941  ; 6.941  ; 6.941  ;
; SW[1]      ; HEX4[4]     ; 6.964  ; 6.964  ; 6.964  ; 6.964  ;
; SW[1]      ; HEX4[5]     ; 7.193  ; 7.193  ; 7.193  ; 7.193  ;
; SW[1]      ; HEX4[6]     ; 6.804  ; 6.804  ; 6.804  ; 6.804  ;
; SW[1]      ; HEX5[0]     ; 6.869  ; 6.869  ; 6.869  ; 6.869  ;
; SW[1]      ; HEX5[1]     ; 6.976  ; 6.976  ; 6.976  ; 6.976  ;
; SW[1]      ; HEX5[2]     ; 7.247  ; 7.247  ; 7.247  ; 7.247  ;
; SW[1]      ; HEX5[3]     ; 7.293  ; 7.293  ; 7.293  ; 7.293  ;
; SW[1]      ; HEX5[4]     ; 7.280  ; 7.280  ; 7.280  ; 7.280  ;
; SW[1]      ; HEX5[5]     ; 7.281  ; 7.281  ; 7.281  ; 7.281  ;
; SW[1]      ; HEX5[6]     ; 7.292  ; 7.292  ; 7.292  ; 7.292  ;
; SW[1]      ; HEX6[0]     ; 7.310  ; 7.310  ; 7.310  ; 7.310  ;
; SW[1]      ; HEX6[1]     ; 7.355  ; 7.355  ; 7.355  ; 7.355  ;
; SW[1]      ; HEX6[2]     ; 7.039  ; 7.039  ; 7.039  ; 7.039  ;
; SW[1]      ; HEX6[3]     ; 7.570  ; 7.570  ; 7.570  ; 7.570  ;
; SW[1]      ; HEX6[4]     ; 7.575  ; 7.575  ; 7.575  ; 7.575  ;
; SW[1]      ; HEX6[5]     ; 7.347  ; 7.347  ; 7.347  ; 7.347  ;
; SW[1]      ; HEX6[6]     ; 7.504  ; 7.504  ; 7.504  ; 7.504  ;
; SW[1]      ; HEX7[0]     ; 7.581  ; 7.581  ; 7.581  ; 7.581  ;
; SW[1]      ; HEX7[1]     ; 7.640  ; 7.640  ; 7.640  ; 7.640  ;
; SW[1]      ; HEX7[2]     ; 7.556  ; 7.556  ; 7.556  ; 7.556  ;
; SW[1]      ; HEX7[3]     ; 7.557  ; 7.557  ; 7.557  ; 7.557  ;
; SW[1]      ; HEX7[4]     ; 7.554  ; 7.554  ; 7.554  ; 7.554  ;
; SW[1]      ; HEX7[5]     ; 7.910  ; 7.910  ; 7.910  ; 7.910  ;
; SW[1]      ; HEX7[6]     ; 7.885  ; 7.885  ; 7.885  ; 7.885  ;
; SW[1]      ; LEDR[0]     ;        ; 11.005 ; 11.005 ;        ;
; SW[2]      ; HEX4[0]     ; 7.819  ; 7.819  ; 7.819  ; 7.819  ;
; SW[2]      ; HEX4[1]     ; 8.069  ; 8.069  ; 8.069  ; 8.069  ;
; SW[2]      ; HEX4[2]     ;        ; 7.539  ; 7.539  ;        ;
; SW[2]      ; HEX4[3]     ; 7.997  ; 7.997  ; 7.997  ; 7.997  ;
; SW[2]      ; HEX4[4]     ; 7.977  ;        ;        ; 7.977  ;
; SW[2]      ; HEX4[5]     ; 7.976  ;        ;        ; 7.976  ;
; SW[2]      ; HEX4[6]     ; 7.239  ;        ;        ; 7.239  ;
; SW[2]      ; LEDR[0]     ; 12.409 ; 12.409 ; 12.409 ; 12.409 ;
; SW[3]      ; HEX4[0]     ; 7.703  ; 7.703  ; 7.703  ; 7.703  ;
; SW[3]      ; HEX4[1]     ; 7.983  ; 7.983  ; 7.983  ; 7.983  ;
; SW[3]      ; HEX4[2]     ; 7.446  ;        ;        ; 7.446  ;
; SW[3]      ; HEX4[3]     ; 7.910  ; 7.910  ; 7.910  ; 7.910  ;
; SW[3]      ; HEX4[4]     ; 7.915  ; 7.915  ; 7.915  ; 7.915  ;
; SW[3]      ; HEX4[5]     ; 7.885  ;        ;        ; 7.885  ;
; SW[3]      ; HEX4[6]     ; 7.151  ; 7.151  ; 7.151  ; 7.151  ;
; SW[3]      ; LEDR[0]     ; 12.294 ; 12.294 ; 12.294 ; 12.294 ;
; SW[4]      ; HEX4[0]     ; 7.853  ; 7.853  ; 7.853  ; 7.853  ;
; SW[4]      ; HEX4[1]     ; 8.104  ;        ;        ; 8.104  ;
; SW[4]      ; HEX4[2]     ; 7.548  ; 7.548  ; 7.548  ; 7.548  ;
; SW[4]      ; HEX4[3]     ; 8.030  ; 8.030  ; 8.030  ; 8.030  ;
; SW[4]      ; HEX4[4]     ; 8.039  ;        ;        ; 8.039  ;
; SW[4]      ; HEX4[5]     ; 8.007  ; 8.007  ; 8.007  ; 8.007  ;
; SW[4]      ; HEX4[6]     ; 7.273  ; 7.273  ; 7.273  ; 7.273  ;
; SW[4]      ; LEDR[0]     ; 12.152 ; 12.152 ; 12.152 ; 12.152 ;
; SW[5]      ; HEX4[0]     ; 7.741  ; 7.741  ; 7.741  ; 7.741  ;
; SW[5]      ; HEX4[1]     ; 7.995  ;        ;        ; 7.995  ;
; SW[5]      ; HEX4[2]     ; 7.460  ;        ;        ; 7.460  ;
; SW[5]      ; HEX4[3]     ; 7.922  ; 7.922  ; 7.922  ; 7.922  ;
; SW[5]      ; HEX4[4]     ; 7.918  ;        ;        ; 7.918  ;
; SW[5]      ; HEX4[5]     ; 7.883  ; 7.883  ; 7.883  ; 7.883  ;
; SW[5]      ; HEX4[6]     ; 7.159  ; 7.159  ; 7.159  ; 7.159  ;
; SW[5]      ; LEDR[0]     ; 12.047 ; 12.047 ; 12.047 ; 12.047 ;
; SW[6]      ; HEX5[0]     ; 7.505  ; 7.505  ; 7.505  ; 7.505  ;
; SW[6]      ; HEX5[1]     ; 7.121  ; 7.121  ; 7.121  ; 7.121  ;
; SW[6]      ; HEX5[2]     ;        ; 7.532  ; 7.532  ;        ;
; SW[6]      ; HEX5[3]     ; 7.429  ; 7.429  ; 7.429  ; 7.429  ;
; SW[6]      ; HEX5[4]     ; 7.580  ;        ;        ; 7.580  ;
; SW[6]      ; HEX5[5]     ; 7.428  ;        ;        ; 7.428  ;
; SW[6]      ; HEX5[6]     ; 7.432  ;        ;        ; 7.432  ;
; SW[6]      ; LEDR[0]     ; 12.613 ; 12.613 ; 12.613 ; 12.613 ;
; SW[7]      ; HEX5[0]     ; 7.970  ; 7.970  ; 7.970  ; 7.970  ;
; SW[7]      ; HEX5[1]     ; 7.588  ; 7.588  ; 7.588  ; 7.588  ;
; SW[7]      ; HEX5[2]     ; 8.005  ;        ;        ; 8.005  ;
; SW[7]      ; HEX5[3]     ; 7.914  ; 7.914  ; 7.914  ; 7.914  ;
; SW[7]      ; HEX5[4]     ; 8.038  ; 8.038  ; 8.038  ; 8.038  ;
; SW[7]      ; HEX5[5]     ; 7.890  ;        ;        ; 7.890  ;
; SW[7]      ; HEX5[6]     ; 7.913  ; 7.913  ; 7.913  ; 7.913  ;
; SW[7]      ; LEDR[0]     ; 13.088 ; 13.088 ; 13.088 ; 13.088 ;
; SW[8]      ; HEX5[0]     ; 7.725  ; 7.725  ; 7.725  ; 7.725  ;
; SW[8]      ; HEX5[1]     ; 7.341  ;        ;        ; 7.341  ;
; SW[8]      ; HEX5[2]     ; 7.754  ; 7.754  ; 7.754  ; 7.754  ;
; SW[8]      ; HEX5[3]     ; 7.660  ; 7.660  ; 7.660  ; 7.660  ;
; SW[8]      ; HEX5[4]     ; 7.798  ;        ;        ; 7.798  ;
; SW[8]      ; HEX5[5]     ; 7.648  ; 7.648  ; 7.648  ; 7.648  ;
; SW[8]      ; HEX5[6]     ; 7.659  ; 7.659  ; 7.659  ; 7.659  ;
; SW[8]      ; LEDR[0]     ; 12.725 ; 12.725 ; 12.725 ; 12.725 ;
; SW[9]      ; HEX5[0]     ; 8.155  ; 8.155  ; 8.155  ; 8.155  ;
; SW[9]      ; HEX5[1]     ; 7.771  ;        ;        ; 7.771  ;
; SW[9]      ; HEX5[2]     ; 8.182  ;        ;        ; 8.182  ;
; SW[9]      ; HEX5[3]     ; 8.079  ; 8.079  ; 8.079  ; 8.079  ;
; SW[9]      ; HEX5[4]     ; 8.230  ;        ;        ; 8.230  ;
; SW[9]      ; HEX5[5]     ; 8.077  ; 8.077  ; 8.077  ; 8.077  ;
; SW[9]      ; HEX5[6]     ; 8.078  ; 8.078  ; 8.078  ; 8.078  ;
; SW[9]      ; LEDR[0]     ; 12.882 ; 12.882 ; 12.882 ; 12.882 ;
; SW[10]     ; HEX6[0]     ; 5.671  ; 5.671  ; 5.671  ; 5.671  ;
; SW[10]     ; HEX6[1]     ; 5.966  ; 5.966  ; 5.966  ; 5.966  ;
; SW[10]     ; HEX6[2]     ;        ; 5.986  ; 5.986  ;        ;
; SW[10]     ; HEX6[3]     ; 6.344  ; 6.344  ; 6.344  ; 6.344  ;
; SW[10]     ; HEX6[4]     ; 6.344  ;        ;        ; 6.344  ;
; SW[10]     ; HEX6[5]     ; 6.931  ;        ;        ; 6.931  ;
; SW[10]     ; HEX6[6]     ; 6.808  ;        ;        ; 6.808  ;
; SW[10]     ; LEDR[0]     ; 11.637 ; 11.637 ; 11.637 ; 11.637 ;
; SW[11]     ; HEX6[0]     ; 5.485  ; 5.485  ; 5.485  ; 5.485  ;
; SW[11]     ; HEX6[1]     ; 5.781  ; 5.781  ; 5.781  ; 5.781  ;
; SW[11]     ; HEX6[2]     ; 5.796  ;        ;        ; 5.796  ;
; SW[11]     ; HEX6[3]     ; 6.153  ; 6.153  ; 6.153  ; 6.153  ;
; SW[11]     ; HEX6[4]     ; 6.163  ; 6.163  ; 6.163  ; 6.163  ;
; SW[11]     ; HEX6[5]     ; 6.740  ;        ;        ; 6.740  ;
; SW[11]     ; HEX6[6]     ; 6.627  ; 6.627  ; 6.627  ; 6.627  ;
; SW[11]     ; LEDR[0]     ; 11.458 ; 11.458 ; 11.458 ; 11.458 ;
; SW[12]     ; HEX6[0]     ; 5.349  ; 5.349  ; 5.349  ; 5.349  ;
; SW[12]     ; HEX6[1]     ; 5.644  ;        ;        ; 5.644  ;
; SW[12]     ; HEX6[2]     ; 5.663  ; 5.663  ; 5.663  ; 5.663  ;
; SW[12]     ; HEX6[3]     ; 6.022  ; 6.022  ; 6.022  ; 6.022  ;
; SW[12]     ; HEX6[4]     ; 6.023  ;        ;        ; 6.023  ;
; SW[12]     ; HEX6[5]     ; 6.609  ; 6.609  ; 6.609  ; 6.609  ;
; SW[12]     ; HEX6[6]     ; 6.485  ; 6.485  ; 6.485  ; 6.485  ;
; SW[12]     ; LEDR[0]     ; 11.093 ; 11.093 ; 11.093 ; 11.093 ;
; SW[13]     ; HEX6[0]     ; 9.877  ; 9.877  ; 9.877  ; 9.877  ;
; SW[13]     ; HEX6[1]     ; 10.174 ;        ;        ; 10.174 ;
; SW[13]     ; HEX6[2]     ; 10.184 ;        ;        ; 10.184 ;
; SW[13]     ; HEX6[3]     ; 10.539 ; 10.539 ; 10.539 ; 10.539 ;
; SW[13]     ; HEX6[4]     ; 10.556 ;        ;        ; 10.556 ;
; SW[13]     ; HEX6[5]     ; 11.125 ; 11.125 ; 11.125 ; 11.125 ;
; SW[13]     ; HEX6[6]     ; 11.017 ; 11.017 ; 11.017 ; 11.017 ;
; SW[13]     ; LEDR[0]     ; 15.606 ; 15.606 ; 15.606 ; 15.606 ;
; SW[14]     ; HEX7[0]     ; 10.315 ; 10.315 ; 10.315 ; 10.315 ;
; SW[14]     ; HEX7[1]     ; 10.543 ; 10.543 ; 10.543 ; 10.543 ;
; SW[14]     ; HEX7[2]     ;        ; 10.258 ; 10.258 ;        ;
; SW[14]     ; HEX7[3]     ; 10.488 ; 10.488 ; 10.488 ; 10.488 ;
; SW[14]     ; HEX7[4]     ; 10.281 ;        ;        ; 10.281 ;
; SW[14]     ; HEX7[5]     ; 10.784 ;        ;        ; 10.784 ;
; SW[14]     ; HEX7[6]     ; 10.622 ;        ;        ; 10.622 ;
; SW[14]     ; LEDR[0]     ; 15.394 ; 15.394 ; 15.394 ; 15.394 ;
; SW[15]     ; HEX7[0]     ; 10.132 ; 10.132 ; 10.132 ; 10.132 ;
; SW[15]     ; HEX7[1]     ; 10.362 ; 10.362 ; 10.362 ; 10.362 ;
; SW[15]     ; HEX7[2]     ; 10.098 ;        ;        ; 10.098 ;
; SW[15]     ; HEX7[3]     ; 10.306 ; 10.306 ; 10.306 ; 10.306 ;
; SW[15]     ; HEX7[4]     ; 10.096 ; 10.096 ; 10.096 ; 10.096 ;
; SW[15]     ; HEX7[5]     ; 10.601 ;        ;        ; 10.601 ;
; SW[15]     ; HEX7[6]     ; 10.443 ; 10.443 ; 10.443 ; 10.443 ;
; SW[15]     ; LEDR[0]     ; 15.243 ; 15.243 ; 15.243 ; 15.243 ;
; SW[16]     ; HEX7[0]     ; 10.333 ; 10.333 ; 10.333 ; 10.333 ;
; SW[16]     ; HEX7[1]     ; 10.577 ;        ;        ; 10.577 ;
; SW[16]     ; HEX7[2]     ; 10.291 ; 10.291 ; 10.291 ; 10.291 ;
; SW[16]     ; HEX7[3]     ; 10.525 ; 10.525 ; 10.525 ; 10.525 ;
; SW[16]     ; HEX7[4]     ; 10.315 ;        ;        ; 10.315 ;
; SW[16]     ; HEX7[5]     ; 10.803 ; 10.803 ; 10.803 ; 10.803 ;
; SW[16]     ; HEX7[6]     ; 10.643 ; 10.643 ; 10.643 ; 10.643 ;
; SW[16]     ; LEDR[0]     ; 15.201 ; 15.201 ; 15.201 ; 15.201 ;
; SW[17]     ; HEX7[0]     ; 10.056 ; 10.056 ; 10.056 ; 10.056 ;
; SW[17]     ; HEX7[1]     ; 10.304 ;        ;        ; 10.304 ;
; SW[17]     ; HEX7[2]     ; 10.046 ;        ;        ; 10.046 ;
; SW[17]     ; HEX7[3]     ; 10.253 ; 10.253 ; 10.253 ; 10.253 ;
; SW[17]     ; HEX7[4]     ; 10.040 ;        ;        ; 10.040 ;
; SW[17]     ; HEX7[5]     ; 10.531 ; 10.531 ; 10.531 ; 10.531 ;
; SW[17]     ; HEX7[6]     ; 10.362 ; 10.362 ; 10.362 ; 10.362 ;
; SW[17]     ; LEDR[0]     ; 15.439 ; 15.439 ; 15.439 ; 15.439 ;
+------------+-------------+--------+--------+--------+--------+


+----------------------------------------------------------+
; Minimum Progagation Delay                                ;
+------------+-------------+-------+-------+-------+-------+
; Input Port ; Output Port ; RR    ; RF    ; FR    ; FF    ;
+------------+-------------+-------+-------+-------+-------+
; SW[1]      ; HEX2[0]     ; 5.595 ;       ;       ; 5.595 ;
; SW[1]      ; HEX2[1]     ; 4.899 ;       ;       ; 4.899 ;
; SW[1]      ; HEX2[2]     ; 5.345 ;       ;       ; 5.345 ;
; SW[1]      ; HEX2[3]     ; 4.713 ;       ;       ; 4.713 ;
; SW[1]      ; HEX2[4]     ; 5.209 ;       ;       ; 5.209 ;
; SW[1]      ; HEX2[5]     ; 4.638 ;       ;       ; 4.638 ;
; SW[1]      ; HEX2[6]     ; 5.021 ;       ;       ; 5.021 ;
; SW[1]      ; HEX3[0]     ; 4.623 ;       ;       ; 4.623 ;
; SW[1]      ; HEX3[1]     ; 4.665 ;       ;       ; 4.665 ;
; SW[1]      ; HEX3[2]     ; 4.794 ;       ;       ; 4.794 ;
; SW[1]      ; HEX3[3]     ; 5.265 ;       ;       ; 5.265 ;
; SW[1]      ; HEX3[4]     ; 4.515 ;       ;       ; 4.515 ;
; SW[1]      ; HEX3[5]     ; 4.566 ;       ;       ; 4.566 ;
; SW[1]      ; HEX3[6]     ; 5.229 ;       ;       ; 5.229 ;
; SW[1]      ; HEX4[0]     ; 3.706 ; 3.706 ; 3.706 ; 3.706 ;
; SW[1]      ; HEX4[1]     ; 3.739 ; 3.739 ; 3.739 ; 3.739 ;
; SW[1]      ; HEX4[2]     ; 3.660 ; 3.660 ; 3.660 ; 3.660 ;
; SW[1]      ; HEX4[3]     ; 3.577 ; 3.577 ; 3.577 ; 3.577 ;
; SW[1]      ; HEX4[4]     ; 3.598 ; 3.598 ; 3.598 ; 3.598 ;
; SW[1]      ; HEX4[5]     ; 3.699 ; 3.699 ; 3.699 ; 3.699 ;
; SW[1]      ; HEX4[6]     ; 3.520 ; 3.520 ; 3.520 ; 3.520 ;
; SW[1]      ; HEX5[0]     ; 3.549 ; 3.549 ; 3.549 ; 3.549 ;
; SW[1]      ; HEX5[1]     ; 3.596 ; 3.596 ; 3.596 ; 3.596 ;
; SW[1]      ; HEX5[2]     ; 3.714 ; 3.714 ; 3.714 ; 3.714 ;
; SW[1]      ; HEX5[3]     ; 3.759 ; 3.759 ; 3.759 ; 3.759 ;
; SW[1]      ; HEX5[4]     ; 3.741 ; 3.741 ; 3.741 ; 3.741 ;
; SW[1]      ; HEX5[5]     ; 3.742 ; 3.742 ; 3.742 ; 3.742 ;
; SW[1]      ; HEX5[6]     ; 3.755 ; 3.755 ; 3.755 ; 3.755 ;
; SW[1]      ; HEX6[0]     ; 3.759 ; 3.759 ; 3.759 ; 3.759 ;
; SW[1]      ; HEX6[1]     ; 3.763 ; 3.763 ; 3.763 ; 3.763 ;
; SW[1]      ; HEX6[2]     ; 3.632 ; 3.632 ; 3.632 ; 3.632 ;
; SW[1]      ; HEX6[3]     ; 3.905 ; 3.905 ; 3.905 ; 3.905 ;
; SW[1]      ; HEX6[4]     ; 3.909 ; 3.909 ; 3.909 ; 3.909 ;
; SW[1]      ; HEX6[5]     ; 3.807 ; 3.807 ; 3.807 ; 3.807 ;
; SW[1]      ; HEX6[6]     ; 3.885 ; 3.885 ; 3.885 ; 3.885 ;
; SW[1]      ; HEX7[0]     ; 3.930 ; 3.930 ; 3.930 ; 3.930 ;
; SW[1]      ; HEX7[1]     ; 3.959 ; 3.959 ; 3.959 ; 3.959 ;
; SW[1]      ; HEX7[2]     ; 3.902 ; 3.902 ; 3.902 ; 3.902 ;
; SW[1]      ; HEX7[3]     ; 3.903 ; 3.903 ; 3.903 ; 3.903 ;
; SW[1]      ; HEX7[4]     ; 3.900 ; 3.900 ; 3.900 ; 3.900 ;
; SW[1]      ; HEX7[5]     ; 4.075 ; 4.075 ; 4.075 ; 4.075 ;
; SW[1]      ; HEX7[6]     ; 4.064 ; 4.064 ; 4.064 ; 4.064 ;
; SW[1]      ; LEDR[0]     ;       ; 5.674 ; 5.674 ;       ;
; SW[2]      ; HEX4[0]     ; 3.960 ; 3.960 ; 3.960 ; 3.960 ;
; SW[2]      ; HEX4[1]     ; 4.088 ; 4.088 ; 4.088 ; 4.088 ;
; SW[2]      ; HEX4[2]     ;       ; 3.850 ; 3.850 ;       ;
; SW[2]      ; HEX4[3]     ; 4.031 ; 4.031 ; 4.031 ; 4.031 ;
; SW[2]      ; HEX4[4]     ; 4.057 ;       ;       ; 4.057 ;
; SW[2]      ; HEX4[5]     ; 4.038 ;       ;       ; 4.038 ;
; SW[2]      ; HEX4[6]     ; 3.711 ;       ;       ; 3.711 ;
; SW[2]      ; LEDR[0]     ; 6.290 ; 6.290 ; 6.290 ; 6.290 ;
; SW[3]      ; HEX4[0]     ; 3.928 ; 3.928 ; 3.928 ; 3.928 ;
; SW[3]      ; HEX4[1]     ; 4.057 ; 4.057 ; 4.057 ; 4.057 ;
; SW[3]      ; HEX4[2]     ; 3.818 ;       ;       ; 3.818 ;
; SW[3]      ; HEX4[3]     ; 4.001 ; 4.001 ; 4.001 ; 4.001 ;
; SW[3]      ; HEX4[4]     ; 4.019 ; 4.019 ; 4.019 ; 4.019 ;
; SW[3]      ; HEX4[5]     ; 4.003 ;       ;       ; 4.003 ;
; SW[3]      ; HEX4[6]     ; 3.675 ; 3.675 ; 3.675 ; 3.675 ;
; SW[3]      ; LEDR[0]     ; 6.259 ; 6.259 ; 6.259 ; 6.259 ;
; SW[4]      ; HEX4[0]     ; 4.000 ; 4.000 ; 4.000 ; 4.000 ;
; SW[4]      ; HEX4[1]     ; 4.129 ;       ;       ; 4.129 ;
; SW[4]      ; HEX4[2]     ; 3.890 ; 3.890 ; 3.890 ; 3.890 ;
; SW[4]      ; HEX4[3]     ; 4.071 ; 4.071 ; 4.071 ; 4.071 ;
; SW[4]      ; HEX4[4]     ; 4.097 ;       ;       ; 4.097 ;
; SW[4]      ; HEX4[5]     ; 4.077 ; 4.077 ; 4.077 ; 4.077 ;
; SW[4]      ; HEX4[6]     ; 3.751 ; 3.751 ; 3.751 ; 3.751 ;
; SW[4]      ; LEDR[0]     ; 6.188 ; 6.188 ; 6.188 ; 6.188 ;
; SW[5]      ; HEX4[0]     ; 3.980 ; 3.980 ; 3.980 ; 3.980 ;
; SW[5]      ; HEX4[1]     ; 4.111 ;       ;       ; 4.111 ;
; SW[5]      ; HEX4[2]     ; 3.868 ;       ;       ; 3.868 ;
; SW[5]      ; HEX4[3]     ; 4.055 ; 4.055 ; 4.055 ; 4.055 ;
; SW[5]      ; HEX4[4]     ; 4.066 ;       ;       ; 4.066 ;
; SW[5]      ; HEX4[5]     ; 4.041 ; 4.041 ; 4.041 ; 4.041 ;
; SW[5]      ; HEX4[6]     ; 3.727 ; 3.727 ; 3.727 ; 3.727 ;
; SW[5]      ; LEDR[0]     ; 6.172 ; 6.172 ; 6.172 ; 6.172 ;
; SW[6]      ; HEX5[0]     ; 3.829 ; 3.829 ; 3.829 ; 3.829 ;
; SW[6]      ; HEX5[1]     ; 3.647 ; 3.647 ; 3.647 ; 3.647 ;
; SW[6]      ; HEX5[2]     ;       ; 3.833 ; 3.833 ;       ;
; SW[6]      ; HEX5[3]     ; 3.803 ; 3.803 ; 3.803 ; 3.803 ;
; SW[6]      ; HEX5[4]     ; 3.872 ;       ;       ; 3.872 ;
; SW[6]      ; HEX5[5]     ; 3.795 ;       ;       ; 3.795 ;
; SW[6]      ; HEX5[6]     ; 3.801 ;       ;       ; 3.801 ;
; SW[6]      ; LEDR[0]     ; 6.388 ; 6.388 ; 6.388 ; 6.388 ;
; SW[7]      ; HEX5[0]     ; 4.064 ; 4.064 ; 4.064 ; 4.064 ;
; SW[7]      ; HEX5[1]     ; 3.883 ; 3.883 ; 3.883 ; 3.883 ;
; SW[7]      ; HEX5[2]     ; 4.074 ;       ;       ; 4.074 ;
; SW[7]      ; HEX5[3]     ; 4.054 ; 4.054 ; 4.054 ; 4.054 ;
; SW[7]      ; HEX5[4]     ; 4.100 ; 4.100 ; 4.100 ; 4.100 ;
; SW[7]      ; HEX5[5]     ; 4.026 ;       ;       ; 4.026 ;
; SW[7]      ; HEX5[6]     ; 4.048 ; 4.048 ; 4.048 ; 4.048 ;
; SW[7]      ; LEDR[0]     ; 6.632 ; 6.632 ; 6.632 ; 6.632 ;
; SW[8]      ; HEX5[0]     ; 3.946 ; 3.946 ; 3.946 ; 3.946 ;
; SW[8]      ; HEX5[1]     ; 3.763 ;       ;       ; 3.763 ;
; SW[8]      ; HEX5[2]     ; 3.951 ; 3.951 ; 3.951 ; 3.951 ;
; SW[8]      ; HEX5[3]     ; 3.927 ; 3.927 ; 3.927 ; 3.927 ;
; SW[8]      ; HEX5[4]     ; 3.988 ;       ;       ; 3.988 ;
; SW[8]      ; HEX5[5]     ; 3.911 ; 3.911 ; 3.911 ; 3.911 ;
; SW[8]      ; HEX5[6]     ; 3.922 ; 3.922 ; 3.922 ; 3.922 ;
; SW[8]      ; LEDR[0]     ; 6.465 ; 6.465 ; 6.465 ; 6.465 ;
; SW[9]      ; HEX5[0]     ; 4.201 ; 4.201 ; 4.201 ; 4.201 ;
; SW[9]      ; HEX5[1]     ; 4.019 ;       ;       ; 4.019 ;
; SW[9]      ; HEX5[2]     ; 4.211 ;       ;       ; 4.211 ;
; SW[9]      ; HEX5[3]     ; 4.176 ; 4.176 ; 4.176 ; 4.176 ;
; SW[9]      ; HEX5[4]     ; 4.244 ;       ;       ; 4.244 ;
; SW[9]      ; HEX5[5]     ; 4.167 ; 4.167 ; 4.167 ; 4.167 ;
; SW[9]      ; HEX5[6]     ; 4.173 ; 4.173 ; 4.173 ; 4.173 ;
; SW[9]      ; LEDR[0]     ; 6.604 ; 6.604 ; 6.604 ; 6.604 ;
; SW[10]     ; HEX6[0]     ; 2.895 ; 2.895 ; 2.895 ; 2.895 ;
; SW[10]     ; HEX6[1]     ; 3.018 ; 3.018 ; 3.018 ; 3.018 ;
; SW[10]     ; HEX6[2]     ;       ; 3.033 ; 3.033 ;       ;
; SW[10]     ; HEX6[3]     ; 3.228 ; 3.228 ; 3.228 ; 3.228 ;
; SW[10]     ; HEX6[4]     ; 3.227 ;       ;       ; 3.227 ;
; SW[10]     ; HEX6[5]     ; 3.507 ;       ;       ; 3.507 ;
; SW[10]     ; HEX6[6]     ; 3.444 ;       ;       ; 3.444 ;
; SW[10]     ; LEDR[0]     ; 5.848 ; 5.848 ; 5.848 ; 5.848 ;
; SW[11]     ; HEX6[0]     ; 2.823 ; 2.823 ; 2.823 ; 2.823 ;
; SW[11]     ; HEX6[1]     ; 2.947 ; 2.947 ; 2.947 ; 2.947 ;
; SW[11]     ; HEX6[2]     ; 2.960 ;       ;       ; 2.960 ;
; SW[11]     ; HEX6[3]     ; 3.154 ; 3.154 ; 3.154 ; 3.154 ;
; SW[11]     ; HEX6[4]     ; 3.159 ; 3.159 ; 3.159 ; 3.159 ;
; SW[11]     ; HEX6[5]     ; 3.432 ;       ;       ; 3.432 ;
; SW[11]     ; HEX6[6]     ; 3.380 ; 3.380 ; 3.380 ; 3.380 ;
; SW[11]     ; LEDR[0]     ; 5.786 ; 5.786 ; 5.786 ; 5.786 ;
; SW[12]     ; HEX6[0]     ; 2.753 ; 2.753 ; 2.753 ; 2.753 ;
; SW[12]     ; HEX6[1]     ; 2.877 ;       ;       ; 2.877 ;
; SW[12]     ; HEX6[2]     ; 2.893 ; 2.893 ; 2.893 ; 2.893 ;
; SW[12]     ; HEX6[3]     ; 3.088 ; 3.088 ; 3.088 ; 3.088 ;
; SW[12]     ; HEX6[4]     ; 3.086 ;       ;       ; 3.086 ;
; SW[12]     ; HEX6[5]     ; 3.365 ; 3.365 ; 3.365 ; 3.365 ;
; SW[12]     ; HEX6[6]     ; 3.304 ; 3.304 ; 3.304 ; 3.304 ;
; SW[12]     ; LEDR[0]     ; 5.599 ; 5.599 ; 5.599 ; 5.599 ;
; SW[13]     ; HEX6[0]     ; 5.448 ; 5.448 ; 5.448 ; 5.448 ;
; SW[13]     ; HEX6[1]     ; 5.573 ;       ;       ; 5.573 ;
; SW[13]     ; HEX6[2]     ; 5.589 ;       ;       ; 5.589 ;
; SW[13]     ; HEX6[3]     ; 5.775 ; 5.775 ; 5.775 ; 5.775 ;
; SW[13]     ; HEX6[4]     ; 5.783 ;       ;       ; 5.783 ;
; SW[13]     ; HEX6[5]     ; 6.058 ; 6.058 ; 6.058 ; 6.058 ;
; SW[13]     ; HEX6[6]     ; 6.004 ; 6.004 ; 6.004 ; 6.004 ;
; SW[13]     ; LEDR[0]     ; 8.290 ; 8.290 ; 8.290 ; 8.290 ;
; SW[14]     ; HEX7[0]     ; 5.693 ; 5.693 ; 5.693 ; 5.693 ;
; SW[14]     ; HEX7[1]     ; 5.799 ; 5.799 ; 5.799 ; 5.799 ;
; SW[14]     ; HEX7[2]     ;       ; 5.658 ; 5.658 ;       ;
; SW[14]     ; HEX7[3]     ; 5.764 ; 5.764 ; 5.764 ; 5.764 ;
; SW[14]     ; HEX7[4]     ; 5.656 ;       ;       ; 5.656 ;
; SW[14]     ; HEX7[5]     ; 5.906 ;       ;       ; 5.906 ;
; SW[14]     ; HEX7[6]     ; 5.830 ;       ;       ; 5.830 ;
; SW[14]     ; LEDR[0]     ; 8.233 ; 8.233 ; 8.233 ; 8.233 ;
; SW[15]     ; HEX7[0]     ; 5.618 ; 5.618 ; 5.618 ; 5.618 ;
; SW[15]     ; HEX7[1]     ; 5.723 ; 5.723 ; 5.723 ; 5.723 ;
; SW[15]     ; HEX7[2]     ; 5.581 ;       ;       ; 5.581 ;
; SW[15]     ; HEX7[3]     ; 5.690 ; 5.690 ; 5.690 ; 5.690 ;
; SW[15]     ; HEX7[4]     ; 5.581 ; 5.581 ; 5.581 ; 5.581 ;
; SW[15]     ; HEX7[5]     ; 5.830 ;       ;       ; 5.830 ;
; SW[15]     ; HEX7[6]     ; 5.755 ; 5.755 ; 5.755 ; 5.755 ;
; SW[15]     ; LEDR[0]     ; 8.151 ; 8.151 ; 8.151 ; 8.151 ;
; SW[16]     ; HEX7[0]     ; 5.717 ; 5.717 ; 5.717 ; 5.717 ;
; SW[16]     ; HEX7[1]     ; 5.830 ;       ;       ; 5.830 ;
; SW[16]     ; HEX7[2]     ; 5.695 ; 5.695 ; 5.695 ; 5.695 ;
; SW[16]     ; HEX7[3]     ; 5.804 ; 5.804 ; 5.804 ; 5.804 ;
; SW[16]     ; HEX7[4]     ; 5.691 ;       ;       ; 5.691 ;
; SW[16]     ; HEX7[5]     ; 5.933 ; 5.933 ; 5.933 ; 5.933 ;
; SW[16]     ; HEX7[6]     ; 5.854 ; 5.854 ; 5.854 ; 5.854 ;
; SW[16]     ; LEDR[0]     ; 8.127 ; 8.127 ; 8.127 ; 8.127 ;
; SW[17]     ; HEX7[0]     ; 5.597 ; 5.597 ; 5.597 ; 5.597 ;
; SW[17]     ; HEX7[1]     ; 5.716 ;       ;       ; 5.716 ;
; SW[17]     ; HEX7[2]     ; 5.581 ;       ;       ; 5.581 ;
; SW[17]     ; HEX7[3]     ; 5.690 ; 5.690 ; 5.690 ; 5.690 ;
; SW[17]     ; HEX7[4]     ; 5.577 ;       ;       ; 5.577 ;
; SW[17]     ; HEX7[5]     ; 5.817 ; 5.817 ; 5.817 ; 5.817 ;
; SW[17]     ; HEX7[6]     ; 5.734 ; 5.734 ; 5.734 ; 5.734 ;
; SW[17]     ; LEDR[0]     ; 8.271 ; 8.271 ; 8.271 ; 8.271 ;
+------------+-------------+-------+-------+-------+-------+


+-------------------------------------------------------------------+
; Setup Transfers                                                   ;
+------------+----------+----------+----------+----------+----------+
; From Clock ; To Clock ; RR Paths ; FR Paths ; RF Paths ; FF Paths ;
+------------+----------+----------+----------+----------+----------+
; clock_1s   ; clock_1s ; 366      ; 0        ; 0        ; 0        ;
; clock_1s   ; CLOCK_50 ; 1        ; 1        ; 0        ; 0        ;
; CLOCK_50   ; CLOCK_50 ; 944      ; 0        ; 0        ; 0        ;
+------------+----------+----------+----------+----------+----------+
Entries labeled "false path" only account for clock-to-clock false paths and not path-based false paths. As a result, actual path counts may be lower than reported.


+-------------------------------------------------------------------+
; Hold Transfers                                                    ;
+------------+----------+----------+----------+----------+----------+
; From Clock ; To Clock ; RR Paths ; FR Paths ; RF Paths ; FF Paths ;
+------------+----------+----------+----------+----------+----------+
; clock_1s   ; clock_1s ; 366      ; 0        ; 0        ; 0        ;
; clock_1s   ; CLOCK_50 ; 1        ; 1        ; 0        ; 0        ;
; CLOCK_50   ; CLOCK_50 ; 944      ; 0        ; 0        ; 0        ;
+------------+----------+----------+----------+----------+----------+
Entries labeled "false path" only account for clock-to-clock false paths and not path-based false paths. As a result, actual path counts may be lower than reported.


---------------
; Report TCCS ;
---------------
No dedicated SERDES Transmitter circuitry present in device or used in design


---------------
; Report RSKM ;
---------------
No dedicated SERDES Receiver circuitry present in device or used in design


+------------------------------------------------+
; Unconstrained Paths                            ;
+---------------------------------+-------+------+
; Property                        ; Setup ; Hold ;
+---------------------------------+-------+------+
; Illegal Clocks                  ; 0     ; 0    ;
; Unconstrained Clocks            ; 0     ; 0    ;
; Unconstrained Input Ports       ; 18    ; 18   ;
; Unconstrained Input Port Paths  ; 195   ; 195  ;
; Unconstrained Output Ports      ; 43    ; 43   ;
; Unconstrained Output Port Paths ; 355   ; 355  ;
+---------------------------------+-------+------+


+------------------------------------+
; TimeQuest Timing Analyzer Messages ;
+------------------------------------+
Info: *******************************************************************
Info: Running Quartus II 64-Bit TimeQuest Timing Analyzer
    Info: Version 13.0.1 Build 232 06/12/2013 Service Pack 1 SJ Web Edition
    Info: Processing started: Sat Apr 18 10:05:11 2026
Info: Command: quartus_sta bt5 -c bt5
Info: qsta_default_script.tcl version: #1
Warning (20028): Parallel compilation is not licensed and has been disabled
Info (21077): Low junction temperature is 0 degrees C
Info (21077): High junction temperature is 85 degrees C
Critical Warning (332012): Synopsys Design Constraints File file not found: 'bt5.sdc'. A Synopsys Design Constraints File is required by the TimeQuest Timing Analyzer to get proper timing constraints. Without it, the Compiler will not properly optimize the design.
Info (332142): No user constrained base clocks found in the design. Calling "derive_clocks -period 1.0"
Info (332105): Deriving Clocks
    Info (332105): create_clock -period 1.000 -name CLOCK_50 CLOCK_50
    Info (332105): create_clock -period 1.000 -name clock_1s clock_1s
Info: Found TIMEQUEST_REPORT_SCRIPT_INCLUDE_DEFAULT_ANALYSIS = ON
Info: Analyzing Slow Model
Critical Warning (332148): Timing requirements not met
Info (332146): Worst-case setup slack is -2.864
    Info (332119):     Slack End Point TNS Clock 
    Info (332119): ========= ============= =====================
    Info (332119):    -2.864       -65.507 CLOCK_50 
    Info (332119):    -1.949       -34.966 clock_1s 
Info (332146): Worst-case hold slack is -2.529
    Info (332119):     Slack End Point TNS Clock 
    Info (332119): ========= ============= =====================
    Info (332119):    -2.529        -2.529 CLOCK_50 
    Info (332119):     0.391         0.000 clock_1s 
Info (332140): No Recovery paths to report
Info (332140): No Removal paths to report
Info (332146): Worst-case minimum pulse width slack is -1.380
    Info (332119):     Slack End Point TNS Clock 
    Info (332119): ========= ============= =====================
    Info (332119):    -1.380       -34.380 CLOCK_50 
    Info (332119):    -0.500       -24.000 clock_1s 
Info (332001): The selected device family is not supported by the report_metastability command.
Info: Analyzing Fast Model
Critical Warning (332148): Timing requirements not met
Info (332146): Worst-case setup slack is -0.827
    Info (332119):     Slack End Point TNS Clock 
    Info (332119): ========= ============= =====================
    Info (332119):    -0.827       -15.355 CLOCK_50 
    Info (332119):    -0.382        -5.547 clock_1s 
Info (332146): Worst-case hold slack is -1.571
    Info (332119):     Slack End Point TNS Clock 
    Info (332119): ========= ============= =====================
    Info (332119):    -1.571        -1.571 CLOCK_50 
    Info (332119):     0.215         0.000 clock_1s 
Info (332140): No Recovery paths to report
Info (332140): No Removal paths to report
Info (332146): Worst-case minimum pulse width slack is -1.380
    Info (332119):     Slack End Point TNS Clock 
    Info (332119): ========= ============= =====================
    Info (332119):    -1.380       -34.380 CLOCK_50 
    Info (332119):    -0.500       -24.000 clock_1s 
Info (332001): The selected device family is not supported by the report_metastability command.
Info (332102): Design is not fully constrained for setup requirements
Info (332102): Design is not fully constrained for hold requirements
Info: Quartus II 64-Bit TimeQuest Timing Analyzer was successful. 0 errors, 4 warnings
    Info: Peak virtual memory: 4559 megabytes
    Info: Processing ended: Sat Apr 18 10:05:11 2026
    Info: Elapsed time: 00:00:00
    Info: Total CPU time (on all processors): 00:00:00


